ply
format ascii 1.0
element vertex 10000
property float x
property float y
property float z
property uchar red
property uchar green
property uchar blue
end_header
-0.004106 0.148855 -0.334425 76 0 153
0.562070 -0.651515 0.601658 127 0 127
0.597361 0.545323 0.611702 127 0 127
-0.557239 -0.293412 0.600692 127 0 127
0.592471 -0.653694 -0.610588 76 0 153
-0.560053 -0.654723 -0.607441 76 0 153
-0.553787 0.577191 0.272113 153 0 76
-0.041491 -0.616226 0.034240 76 0 153
0.585826 0.567904 -0.610588 153 0 76
0.600358 -0.048008 0.123351 76 153 0
-0.563656 0.569145 -0.575502 153 0 76
-0.004106 0.159560 0.511198 76 0 153
-0.563656 -0.185899 -0.082030 153 0 76
0.354613 0.577191 0.008625 153 0 76
0.017999 -0.430056 -0.559258 153 76 0
0.600358 -0.049122 -0.499184 76 153 0
0.570053 -0.654723 -0.004337 76 0 153
-0.002014 -0.492450 0.611702 127 0 127
-0.467309 -0.010799 -0.610588 204 51 127
-0.555162 -0.654723 0.180028 76 0 153
-0.172891 0.577191 -0.092382 153 0 76
0.439726 -0.115542 0.611702 127 0 127
0.020757 0.577191 -0.608742 153 0 76
0.047224 -0.118569 0.089291 76 0 153
-0.528169 0.205871 0.611702 127 0 127
-0.563656 0.297293 -0.130169 153 0 76
-0.217150 0.573983 0.599070 127 0 127
0.600358 0.312265 -0.242150 76 153 0
0.199852 0.538694 0.425575 153 0 76
-0.391167 -0.654723 -0.210947 76 0 153
0.260639 -0.654723 -0.294204 76 0 153
0.303170 0.220614 -0.610588 0 0 255
0.265913 -0.616226 0.301295 76 0 153
0.047224 0.308446 0.118548 76 0 153
0.549028 0.330389 0.265312 76 153 0
-0.512326 0.095381 0.223746 153 0 76
-0.371825 -0.649803 0.573205 127 0 127
0.600358 -0.298106 -0.185826 76 153 0
0.600358 -0.398750 0.304275 76 153 0
-0.274095 0.316217 -0.572091 204 51 127
-0.210244 -0.153037 0.573205 127 0 127
0.382288 -0.347365 -0.610588 0 0 255
-0.563656 -0.318615 -0.430607 153 0 76
0.373217 0.253414 0.611702 127 0 127
0.293902 0.577191 -0.362516 153 0 76
0.047224 -0.233494 -0.254874 76 0 153
-0.124330 -0.084559 -0.572091 153 76 0
-0.512326 -0.292346 0.245143 153 0 76
-0.192313 0.577191 0.252701 153 0 76
-0.557239 0.566857 0.609435 127 0 127
-0.004106 -0.379423 0.294164 76 0 153
-0.231317 -0.654723 -0.503487 76 0 153
0.120247 -0.189338 0.573205 127 0 127
-0.449868 0.577191 -0.263905 153 0 76
0.196322 -0.078351 -0.572091 153 76 0
-0.227230 -0.654723 0.290159 76 0 153
0.247283 -0.643258 -0.610588 76 0 153
0.311282 -0.445261 0.611702 127 0 127
-0.563656 0.234192 -0.439241 153 0 76
-0.283698 -0.363898 -0.610588 204 51 127
0.600358 0.064959 0.416391 76 153 0
0.549028 0.002740 -0.200160 76 153 0
0.600358 -0.578861 -0.315129 76 153 0
0.047224 0.434516 -0.248001 76 0 153
0.600358 0.252973 -0.572885 76 153 0
-0.042142 -0.616226 -0.266366 76 0 153
0.060009 0.463413 0.679741 0 127 127
-0.563656 -0.477901 -0.051504 153 0 76
0.282992 -0.616226 -0.004507 76 0 153
-0.255279 0.283206 0.573205 127 0 127
-0.213015 0.577191 -0.445173 153 0 76
-0.512326 -0.004063 -0.294970 153 0 76
0.600358 0.576594 -0.132169 153 0 76
0.581646 -0.358467 0.611702 127 0 127
-0.563656 0.561847 -0.010341 153 0 76
0.109968 0.577191 0.151751 153 0 76
-0.563656 -0.035484 0.463532 153 0 76
0.600358 0.575945 0.149169 153 0 76
0.549028 0.199185 0.012207 76 153 0
0.047224 0.309613 -0.555303 76 0 153
-0.563656 -0.500928 0.412295 153 0 76
0.600358 -0.317102 -0.458241 76 153 0
-0.004106 -0.064310 0.364465 76 0 153
-0.309312 -0.616226 0.039122 76 0 153
0.047224 0.122545 -0.074835 76 0 153
0.532048 -0.654723 0.298517 76 0 153
0.047224 -0.370882 -0.006149 76 0 153
0.026420 -0.654723 0.404155 76 0 153
-0.297773 -0.398099 0.611702 127 0 127
0.454994 0.577191 0.380719 153 0 76
-0.512326 0.315830 0.377828 153 0 76
0.292379 0.498247 -0.609088 0 0 255
0.214712 0.048523 0.611702 127 0 127
-0.512326 0.340853 0.117570 153 0 76
-0.004106 0.391083 0.376985 76 0 153
-0.512326 0.060317 -0.028906 153 0 76
0.549028 -0.327857 0.058296 76 153 0
-0.563656 -0.575055 -0.370123 153 0 76
0.549028 0.520849 -0.370676 76 153 0
0.354620 0.511938 0.611702 127 0 127
-0.348934 0.046247 0.573205 127 0 127
0.549028 -0.169397 0.362641 76 153 0
0.187515 -0.651515 0.590970 127 0 127
0.600358 0.322969 0.519992 76 153 0
0.031249 -0.654723 -0.494943 76 0 153
-0.004106 0.086660 0.185532 76 0 153
-0.340791 0.577191 0.074577 153 0 76
-0.361206 0.538694 0.402089 153 0 76
0.139397 0.577191 -0.096798 153 0 76
-0.110537 0.142030 -0.572091 153 76 0
0.418265 0.023818 -0.610588 0 0 255
-0.499692 -0.435293 -0.610588 204 51 127
-0.150013 -0.654723 0.560467 76 0 153
-0.563656 -0.096397 0.129174 153 0 76
0.407190 -0.616226 -0.464307 76 0 153
-0.017849 0.577191 0.509994 153 0 76
0.549028 0.147418 -0.374799 76 153 0
0.047224 -0.055514 -0.387011 76 0 153
-0.511194 0.354614 -0.610588 204 51 127
-0.351182 0.559008 -0.610588 153 0 76
-0.459825 -0.224834 -0.610588 204 51 127
0.377407 -0.616226 0.502801 76 0 153
0.549028 0.410761 -0.004428 76 153 0
-0.426508 -0.654723 0.363011 76 0 153
0.424983 -0.654723 -0.160529 76 0 153
0.157900 0.281113 0.573205 127 0 127
-0.512326 -0.362482 -0.231346 153 0 76
0.522598 0.077531 0.611702 127 0 127
0.134770 -0.654723 0.139415 76 0 153
0.047224 -0.442219 -0.352908 76 0 153
-0.021083 -0.041184 0.611702 127 0 127
-0.563656 0.436697 -0.390373 153 0 76
0.075288 0.577191 -0.397057 153 0 76
0.337713 0.538694 0.212395 153 0 76
0.095977 0.107556 -0.559258 153 76 0
0.047224 -0.221736 -0.554267 76 0 153
-0.429107 0.389457 0.611702 127 0 127
0.115512 -0.654723 -0.137473 76 0 153
-0.004106 -0.053529 -0.167827 76 0 153
-0.055704 -0.294642 0.573205 127 0 127
-0.557239 -0.571072 0.609912 127 0 127
0.403312 0.538694 -0.185606 153 0 76
-0.563656 -0.110590 -0.462094 153 0 76
-0.004106 0.475881 0.016314 76 0 153
0.600358 -0.493060 -0.132136 76 153 0
-0.201047 -0.616226 -0.141721 76 0 153
-0.309862 0.110136 -0.572091 153 76 0
0.486339 -0.172467 -0.610588 0 0 255
-0.451614 -0.120633 0.611702 127 0 127
0.600358 0.146493 0.207581 76 153 0
-0.096173 0.405474 0.573205 127 0 127
0.466634 0.404915 -0.610588 0 0 255
-0.111189 0.438917 -0.559258 153 76 0
0.600358 -0.442839 -0.609985 76 153 0
-0.512326 -0.463864 0.148107 153 0 76
-0.100922 0.577191 -0.275663 153 0 76
0.600358 -0.165424 -0.332841 76 153 0
0.214241 -0.442218 -0.559258 153 76 0
0.549028 -0.490468 0.470833 76 153 0
0.411646 -0.616226 0.142631 76 0 153
0.600358 -0.121762 -0.058998 76 153 0
-0.004106 0.309329 -0.091647 76 0 153
0.600358 -0.509531 0.120120 76 153 0
-0.163348 0.116681 0.611702 127 0 127
-0.037715 -0.616226 0.225696 76 0 153
-0.563656 -0.226959 0.416923 153 0 76
-0.420363 -0.616226 -0.486535 76 0 153
0.307486 -0.257705 0.611702 127 0 127
0.042398 0.577191 0.331886 153 0 76
0.047224 0.205035 0.320211 76 0 153
-0.529947 0.169572 -0.610588 153 0 76
-0.516626 -0.654723 -0.023457 76 0 153
-0.512326 0.138347 0.428070 153 0 76
0.600358 -0.186554 0.548291 76 153 0
-0.004106 -0.448899 -0.176205 76 0 153
-0.127048 -0.282715 -0.559258 153 76 0
-0.318308 -0.110986 -0.572091 204 51 127
-0.154273 -0.493482 -0.559258 153 76 0
-0.357113 0.577191 -0.107221 153 0 76
-0.563656 0.500182 0.436271 153 0 76
-0.563656 -0.294862 0.062965 153 0 76
-0.512326 -0.182684 -0.263713 153 0 76
0.431040 0.577191 -0.495651 153 0 76
-0.239136 -0.654723 -0.314177 76 0 153
0.600358 0.476895 0.417224 76 153 0
0.130382 -0.364543 0.611702 127 0 127
0.549028 0.336152 -0.412579 76 153 0
0.230087 -0.264111 -0.559258 153 76 0
-0.275044 0.538694 -0.263260 153 0 76
-0.425196 0.538694 -0.449585 153 0 76
-0.563656 -0.587031 -0.191169 153 0 76
-0.512326 -0.078849 0.297710 153 0 76
0.549028 -0.408989 -0.315982 76 153 0
0.425219 -0.518458 -0.610588 0 0 255
-0.316576 -0.538103 -0.610588 204 51 127
-0.563656 0.468866 -0.168870 153 0 76
-0.512326 0.186632 -0.278012 153 0 76
-0.004106 -0.203840 0.258076 76 0 153
-0.004106 0.451977 0.204966 76 0 153
0.047224 -0.408806 0.465220 76 0 153
-0.150405 0.538694 0.086435 153 0 76
-0.563656 0.064287 -0.477021 153 0 76
0.047224 -0.212808 -0.077304 76 0 153
-0.004106 0.343482 -0.386177 76 0 153
0.600358 0.159373 -0.148755 76 153 0
-0.004106 -0.467781 0.127181 76 0 153
0.549028 -0.244822 0.208778 76 153 0
0.192064 -0.616226 -0.450177 76 0 153
-0.180606 0.538694 0.436388 153 0 76
-0.388391 0.573983 0.609974 127 0 127
0.214571 0.356853 -0.559258 153 76 0
0.190020 0.573983 0.590211 127 0 127
-0.364445 -0.616226 0.201976 76 0 153
0.549028 0.035722 -0.024460 76 153 0
-0.545480 0.039392 0.611702 127 0 127
-0.460641 -0.433410 0.611702 127 0 127
0.549028 -0.530190 -0.478050 76 153 0
-0.087992 -0.649563 -0.610588 76 0 153
0.487080 0.413093 0.611702 127 0 127
-0.372858 0.577191 0.236542 153 0 76
0.018376 -0.651515 0.581118 127 0 127
-0.347477 -0.240621 0.573205 127 0 127
0.600358 0.092959 -0.601383 76 153 0
-0.171527 -0.654723 0.137633 76 0 153
0.270878 0.070061 -0.559258 153 76 0
0.167487 0.577191 -0.540263 153 0 76
-0.162178 -0.493953 0.573205 127 0 127
-0.004106 -0.245495 0.428299 76 0 153
0.600358 0.222189 0.380321 76 153 0
0.030969 -0.040948 -0.572091 153 76 0
0.472948 -0.507904 0.611702 127 0 127
0.047224 -0.288189 -0.406160 76 0 153
0.549028 -0.010983 0.284245 76 153 0
-0.289996 -0.616226 0.437459 76 0 153
0.600358 -0.649787 -0.164581 76 0 153
-0.014074 0.538694 -0.143612 153 0 76
-0.563656 0.368349 0.528362 153 0 76
0.167080 0.538694 -0.248667 153 0 76
-0.563656 -0.041106 -0.146053 153 0 76
0.600358 0.309176 0.117844 76 153 0
-0.512326 0.193577 0.054896 153 0 76
-0.004106 -0.311915 0.143286 76 0 153
0.262669 -0.112699 0.573205 127 0 127
0.523495 0.577191 0.004232 153 0 76
0.600358 -0.306040 0.429858 76 153 0
0.450604 0.187247 -0.572091 153 76 0
0.357806 0.096300 0.573205 127 0 127
0.212910 0.421488 0.611702 127 0 127
-0.291898 0.464825 0.680766 0 127 127
-0.178363 0.577191 -0.596547 153 0 76
-0.013813 0.279890 0.611702 127 0 127
-0.052200 -0.654723 -0.116771 76 0 153
-0.485949 0.538694 0.120848 153 0 76
-0.563656 0.400804 -0.014754 153 0 76
-0.563656 -0.647582 0.459293 76 0 153
0.109926 -0.654723 -0.323522 76 0 153
-0.092033 -0.616226 -0.412590 76 0 153
0.585105 -0.289522 -0.610588 76 153 0
0.047224 0.267724 -0.252829 76 0 153
0.549028 0.452002 -0.208029 76 153 0
0.549028 -0.004159 -0.358339 76 153 0
-0.512326 0.430966 0.264468 153 0 76
-0.004106 -0.002503 -0.005080 76 0 153
0.428207 -0.356022 0.573205 127 0 127
0.344594 -0.133294 -0.572091 0 0 255
0.179256 -0.616226 0.443760 76 0 153
0.407282 -0.616226 -0.305979 76 0 153
-0.119832 -0.616226 0.399504 76 0 153
0.600358 0.461139 -0.499706 76 153 0
-0.512326 -0.544367 0.277285 153 0 76
0.600358 -0.035728 0.549463 76 153 0
-0.395876 0.238315 -0.610588 204 51 127
0.590064 -0.654723 0.153073 76 0 153
-0.004106 -0.517399 0.356199 76 0 153
0.115953 -0.616226 0.292138 76 0 153
0.192377 0.538694 0.277493 153 0 76
0.600358 0.303672 -0.093080 76 153 0
0.532103 -0.654723 0.446512 76 0 153
-0.004106 0.196004 -0.475699 76 0 153
0.549028 0.492234 0.279997 76 153 0
0.461550 0.577191 0.534819 153 0 76
0.171882 -0.505465 0.611702 127 0 127
0.600358 0.201916 0.604781 127 0 127
-0.048747 0.577191 -0.479772 153 0 76
0.047224 0.067557 0.401997 76 0 153
-0.381895 0.202669 0.611702 127 0 127
-0.512326 0.245410 0.228331 153 0 76
0.101258 0.151374 0.611702 127 0 127
0.047224 0.299881 0.481257 76 0 153
-0.563656 -0.474708 -0.486820 153 0 76
0.549028 -0.178424 0.080329 76 153 0
-0.004106 0.170639 0.067907 76 0 153
0.113237 -0.544622 -0.572091 153 76 0
-0.388095 0.409682 -0.559258 153 76 0
0.198808 0.538694 0.045131 153 0 76
-0.559416 0.577191 -0.359565 153 0 76
-0.512326 0.363500 -0.251947 153 0 76
0.074936 0.449007 -0.572091 153 76 0
-0.563656 0.120946 -0.147138 153 0 76
0.047224 -0.065367 0.221289 76 0 153
-0.562649 -0.115633 -0.610588 153 0 76
-0.563656 -0.326886 -0.096152 153 0 76
-0.370723 -0.616226 -0.349615 76 0 153
0.047224 -0.512415 -0.003391 76 0 153
-0.119604 0.298287 -0.572091 153 76 0
0.600358 -0.654666 -0.434835 76 0 153
0.549028 -0.460060 -0.001989 76 153 0
0.270765 -0.616226 0.149055 76 0 153
0.284260 0.577191 -0.113451 153 0 76
-0.512326 -0.371864 0.388694 153 0 76
0.549028 0.445088 0.142502 76 153 0
0.447193 0.577191 0.122327 153 0 76
-0.287805 -0.544891 0.611702 127 0 127
0.424866 -0.654723 -0.020861 76 0 153
0.404292 -0.616226 0.336705 76 0 153
0.549028 -0.135397 -0.189477 76 153 0
-0.004106 0.080743 -0.201418 76 0 153
-0.563656 0.059845 0.100332 153 0 76
-0.253996 0.452990 -0.572091 153 76 0
0.327038 0.577191 0.463168 153 0 76
0.549028 -0.259396 -0.061300 76 153 0
-0.054524 0.577191 0.178287 153 0 76
-0.512326 -0.450001 -0.345535 153 0 76
0.600358 -0.544453 0.355514 76 153 0
-0.563656 -0.561558 0.066608 153 0 76
0.047224 -0.039136 0.489158 76 0 153
-0.153577 -0.014297 0.573205 127 0 127
0.047224 -0.548662 0.487798 76 0 153
-0.192320 -0.282684 0.611702 127 0 127
-0.004106 0.310151 0.244644 76 0 153
-0.258684 -0.227148 -0.610588 204 51 127
-0.563656 -0.151671 0.534326 153 0 76
0.350413 0.355895 -0.559258 153 76 0
-0.460063 0.577191 0.486613 153 0 76
0.244559 -0.616226 -0.152369 76 0 153
0.457267 -0.654723 -0.583575 76 0 153
-0.319615 -0.079447 0.611702 127 0 127
0.047224 0.459626 0.502333 76 0 153
-0.563656 -0.297288 -0.566541 153 0 76
-0.128813 0.471192 0.685393 0 127 127
0.179382 0.220064 -0.559258 153 76 0
0.144284 -0.616226 0.011555 76 0 153
0.238367 0.181404 0.611702 127 0 127
0.549028 -0.193987 -0.454523 76 153 0
-0.360071 -0.654723 -0.077901 76 0 153
-0.171482 -0.616226 0.006581 76 0 153
-0.455047 -0.560152 -0.610588 204 51 127
-0.089686 0.577191 0.341943 153 0 76
-0.500091 0.577191 -0.126933 153 0 76
0.114114 -0.340001 -0.572091 153 76 0
-0.404675 -0.333538 -0.559258 153 76 0
0.549028 -0.384082 0.183583 76 153 0
0.301284 -0.576642 0.611702 127 0 127
-0.563656 0.036563 0.334130 153 0 76
0.293610 0.577191 -0.503289 153 0 76
-0.004106 -0.311829 -0.146803 76 0 153
-0.563656 -0.419248 0.515204 153 0 76
0.425159 0.577191 -0.358500 153 0 76
0.111496 -0.064155 0.611702 127 0 127
-0.512326 0.349442 -0.475332 153 0 76
-0.551776 -0.654723 -0.476499 76 0 153
-0.004106 0.478161 -0.364560 76 0 153
0.523532 0.577191 -0.237751 153 0 76
0.527780 -0.047226 -0.610588 0 0 255
0.549028 0.092891 0.100517 76 153 0
-0.004106 -0.355306 -0.270626 76 0 153
-0.004106 -0.161185 0.547504 76 0 153
-0.512326 -0.106676 0.007318 153 0 76
-0.004106 0.040881 -0.477599 76 0 153
0.076524 0.577191 0.022665 153 0 76
-0.505769 0.469222 0.679189 0 127 127
0.549028 -0.052180 0.430765 76 153 0
-0.232769 -0.016011 -0.559258 153 76 0
0.549028 0.067893 -0.475063 76 153 0
0.600358 -0.514805 0.601895 127 0 127
0.549028 0.144755 0.503229 76 153 0
0.301007 0.577191 0.338730 153 0 76
0.455747 0.577191 0.249002 153 0 76
0.600358 0.354775 0.382953 76 153 0
0.600358 0.095182 -0.269797 76 153 0
-0.509707 -0.654723 -0.283419 76 0 153
0.485638 -0.250420 0.611702 127 0 127
-0.133485 0.240188 0.611702 127 0 127
0.047224 0.424273 -0.087577 76 0 153
-0.456584 -0.654723 0.101701 76 0 153
0.549028 -0.513443 0.235016 76 153 0
-0.004106 -0.111222 -0.286494 76 0 153
-0.231216 0.441397 0.573205 127 0 127
0.489668 -0.387350 -0.559258 153 76 0
0.047224 -0.242747 0.052466 76 0 153
0.345001 -0.026689 0.611702 127 0 127
-0.563656 0.242486 0.497571 153 0 76
0.432201 -0.643525 0.611702 127 0 127
-0.320134 0.538694 -0.379724 153 0 76
-0.563656 -0.403193 0.269584 153 0 76
0.600358 0.381561 -0.595427 76 153 0
0.049317 0.577191 -0.275620 153 0 76
-0.563656 0.458591 -0.519560 153 0 76
0.301392 -0.538807 -0.572091 153 76 0
-0.341174 -0.654723 -0.573487 76 0 153
0.580218 0.577191 0.493477 153 0 76
0.047224 -0.558625 -0.200014 76 0 153
-0.004106 -0.163575 -0.416919 76 0 153
0.190840 0.538694 -0.417934 153 0 76
-0.563656 0.099715 -0.348375 153 0 76
-0.435427 0.538694 0.006718 153 0 76
0.600358 -0.133687 0.257974 76 153 0
-0.563656 0.209611 0.343636 153 0 76
-0.004106 -0.496381 -0.459567 76 0 153
-0.283813 0.577191 0.488116 153 0 76
0.600358 -0.368047 -0.079828 76 153 0
0.047224 0.003262 0.113482 76 0 153
-0.224384 0.205292 -0.572091 153 76 0
0.405292 0.548266 -0.610588 153 0 76
-0.563656 -0.472252 -0.236218 153 0 76
0.488189 0.235315 0.573205 127 0 127
-0.044373 0.093753 0.611702 127 0 127
-0.004106 0.436905 -0.478272 76 0 153
-0.563656 -0.210379 -0.369667 153 0 76
-0.460207 0.505845 -0.572091 204 51 127
0.293565 0.538694 -0.235751 153 0 76
0.046355 0.571285 0.611702 127 0 127
0.600358 0.404232 -0.327609 76 153 0
-0.428604 0.130518 -0.559258 153 76 0
-0.250856 0.538694 0.152188 153 0 76
0.587760 0.577191 -0.471974 153 0 76
-0.563656 0.200775 -0.058058 153 0 76
-0.563656 0.447972 0.131573 153 0 76
-0.094302 0.558381 0.611702 127 0 127
-0.563656 -0.647404 0.308197 76 0 153
-0.563656 -0.194208 0.302442 153 0 76
0.492897 -0.654723 -0.383714 76 0 153
-0.512326 -0.214665 -0.488111 153 0 76
0.600358 0.448702 0.542536 76 153 0
0.342759 0.393674 0.611702 127 0 127
-0.512326 0.473670 0.547681 153 0 76
0.306891 -0.654723 -0.413950 76 0 153
-0.563656 0.574763 -0.230641 153 0 76
-0.063177 0.577191 0.000009 153 0 76
-0.272560 0.166197 0.573205 127 0 127
-0.512326 -0.304856 0.489596 153 0 76
0.600358 0.233881 -0.456189 76 153 0
0.600358 0.573731 0.348553 153 0 76
-0.382121 -0.454279 -0.559258 153 76 0
-0.512326 0.477549 -0.281598 153 0 76
0.071890 0.039705 0.573205 127 0 127
-0.115036 0.538694 -0.390552 153 0 76
-0.563656 -0.411158 0.045350 153 0 76
0.031370 -0.634807 -0.610588 76 0 153
0.300772 -0.616226 0.413283 76 0 153
0.092197 0.577191 0.469696 153 0 76
-0.004106 -0.326276 -0.504071 76 0 153
-0.049942 -0.544617 -0.572091 153 76 0
-0.286420 0.538694 0.310249 153 0 76
0.486018 0.577191 -0.108929 153 0 76
-0.004106 -0.116846 -0.028009 76 0 153
0.600358 -0.169984 -0.586429 76 153 0
-0.079077 0.029778 -0.572091 153 76 0
-0.352447 0.001681 -0.572091 204 51 127
-0.004106 -0.490938 0.241292 76 0 153
-0.452434 0.110083 0.611702 127 0 127
-0.512326 0.318858 -0.363037 153 0 76
-0.251145 0.538694 -0.015432 153 0 76
0.549028 -0.402019 -0.188682 76 153 0
-0.084342 -0.574144 0.611702 127 0 127
0.549028 -0.512287 -0.235362 76 153 0
0.037527 -0.654723 -0.041276 76 0 153
-0.563656 -0.209039 0.156337 153 0 76
-0.435624 -0.539781 0.573205 127 0 127
0.047224 0.019963 -0.299295 76 0 153
-0.488485 -0.654723 0.569177 76 0 153
-0.004106 0.197060 -0.177055 76 0 153
0.080664 0.372339 0.611702 127 0 127
-0.475399 0.577191 0.372099 153 0 76
0.218452 0.538694 0.161090 153 0 76
0.391298 -0.238103 -0.559258 153 76 0
0.600358 -0.306269 -0.327404 76 153 0
0.047224 0.205713 0.170807 76 0 153
0.295851 -0.035154 -0.610588 0 0 255
0.600358 0.419400 -0.110312 76 153 0
-0.321406 0.577191 -0.488155 153 0 76
0.525271 -0.654723 -0.272433 76 0 153
0.270012 0.313506 0.573205 127 0 127
0.052089 -0.280457 0.611702 127 0 127
-0.355229 0.470488 0.573205 127 0 127
0.047224 0.232071 -0.024310 76 0 153
-0.475794 -0.654723 -0.130032 76 0 153
0.600358 -0.424065 -0.497617 76 153 0
-0.124595 -0.393563 0.611702 127 0 127
0.343340 -0.654723 0.227659 76 0 153
-0.198000 -0.616226 -0.604934 76 0 153
0.011688 -0.616226 -0.366271 76 0 153
-0.437573 -0.616226 0.469133 76 0 153
-0.563656 -0.356029 0.158485 153 0 76
-0.446095 -0.115043 -0.572091 153 76 0
-0.461084 -0.235121 0.611702 127 0 127
-0.447725 -0.014583 0.573205 127 0 127
0.021030 -0.389092 0.573205 127 0 127
0.549028 -0.543051 -0.606318 76 153 0
0.549028 0.146645 0.307832 76 153 0
-0.004106 0.363386 0.018932 76 0 153
0.047224 0.242658 -0.369323 76 0 153
0.054670 0.538694 -0.507355 153 0 76
-0.004106 0.106150 0.306068 76 0 153
0.472729 0.297291 -0.572091 0 0 255
0.549028 -0.300725 0.322009 76 153 0
0.047224 -0.594374 0.104234 76 0 153
-0.563656 0.332649 0.277800 153 0 76
0.203292 -0.268474 0.573205 127 0 127
0.600358 0.493261 0.055910 76 153 0
-0.056168 -0.654723 0.498670 76 0 153
0.502810 -0.616226 -0.091435 76 0 153
-0.512326 -0.417663 -0.133607 153 0 76
0.154533 -0.184231 -0.572091 153 76 0
-0.157387 -0.654723 -0.235840 76 0 153
-0.563656 -0.250147 -0.192851 153 0 76
-0.263579 -0.651515 0.595895 127 0 127
-0.512326 0.260726 -0.541037 153 0 76
-0.025228 -0.135941 -0.572091 153 76 0
0.471366 -0.017094 0.573205 127 0 127
0.600358 -0.386267 0.506772 76 153 0
-0.563656 -0.107549 -0.325523 153 0 76
-0.247194 0.029921 0.611702 127 0 127
0.314271 0.577191 0.112212 153 0 76
0.047224 -0.148696 0.421599 76 0 153
-0.413195 -0.334503 0.611702 127 0 127
-0.286939 -0.616226 -0.223283 76 0 153
-0.512326 -0.132232 0.397887 153 0 76
0.329470 -0.433883 -0.559258 153 76 0
0.047224 -0.326588 0.376051 76 0 153
0.196748 0.473683 -0.559258 153 76 0
-0.563656 0.121022 0.541568 153 0 76
-0.563656 0.068547 -0.586907 153 0 76
0.498278 0.506888 -0.572091 153 76 0
0.276403 -0.654723 0.515134 76 0 153
-0.191056 0.577191 -0.199381 153 0 76
0.600358 -0.596780 0.516144 76 153 0
-0.354258 -0.228800 -0.559258 153 76 0
0.600358 -0.494997 -0.383642 76 153 0
0.019589 0.538693 0.106318 76 0 153
0.138039 -0.651834 -0.610588 76 0 153
-0.004106 0.218754 0.414190 76 0 153
-0.185278 -0.385266 -0.572091 153 76 0
0.549028 0.259822 -0.336451 76 153 0
-0.111464 -0.172356 0.611702 127 0 127
0.500757 -0.616226 0.082101 76 0 153
-0.119556 -0.654723 0.293269 76 0 153
-0.321879 -0.654723 -0.437550 76 0 153
-0.004106 -0.564673 -0.083283 76 0 153
-0.512326 -0.374526 -0.512433 153 0 76
0.121310 0.491288 0.573205 127 0 127
0.334413 -0.654723 -0.090209 76 0 153
-0.563656 0.303165 0.028806 153 0 76
0.549028 -0.395708 0.402514 76 153 0
-0.324872 0.367189 0.611702 127 0 127
0.171008 0.031872 -0.559258 153 76 0
0.047224 0.357519 -0.174388 76 0 153
-0.512326 0.429452 0.370980 153 0 76
0.498177 -0.616226 0.204452 76 0 153
-0.004106 -0.519040 -0.300344 76 0 153
0.156937 -0.616226 -0.236459 76 0 153
-0.072876 0.538694 -0.576876 153 0 76
0.252283 -0.354367 0.611702 127 0 127
-0.563656 -0.031059 -0.532202 153 0 76
0.600358 0.056493 -0.114849 76 153 0
-0.273622 -0.616226 0.147496 76 0 153
0.047224 -0.116565 -0.497481 76 0 153
-0.512326 0.158982 -0.501356 153 0 76
-0.465126 0.281411 0.573205 127 0 127
-0.079426 -0.391338 -0.572091 153 76 0
-0.512326 0.079619 -0.229644 153 0 76
0.047224 0.476274 0.301305 76 0 153
-0.563656 -0.014459 0.195178 153 0 76
0.337010 -0.616226 -0.203456 76 0 153
0.549028 0.209102 0.116913 76 153 0
-0.450009 -0.654723 0.248999 76 0 153
0.367517 0.108854 -0.572091 0 0 255
0.600358 -0.555497 0.011214 76 153 0
0.047224 0.020360 -0.097969 76 0 153
0.047224 0.121925 -0.421631 76 0 153
0.329490 -0.654723 -0.523005 76 0 153
-0.563656 0.152992 0.148022 153 0 76
-0.004106 -0.156929 -0.183909 76 0 153
0.501356 -0.654723 -0.488778 76 0 153
0.047224 0.010312 0.312393 76 0 153
0.549028 0.225433 -0.214969 76 153 0
0.549028 0.303533 0.016965 76 153 0
-0.512326 -0.131212 -0.158118 153 0 76
-0.512326 -0.280762 -0.299262 153 0 76
0.481111 -0.297160 -0.610588 0 0 255
-0.401854 0.463657 0.679918 0 127 127
0.426006 -0.081165 -0.610588 0 0 255
0.047224 -0.207584 0.167770 76 0 153
0.549028 -0.062533 0.009442 76 153 0
-0.201954 -0.152403 -0.559258 153 76 0
0.600358 0.509555 -0.046693 76 153 0
0.047224 -0.303300 0.497572 76 0 153
-0.512326 -0.138144 0.212044 153 0 76
-0.332393 -0.654723 0.292830 76 0 153
0.600358 0.517160 -0.273170 76 153 0
-0.004106 0.518438 0.425753 76 0 153
-0.563656 0.557044 -0.461041 153 0 76
-0.512326 -0.208997 0.022202 153 0 76
0.549028 -0.096386 -0.420590 76 153 0
-0.563656 0.275404 -0.235216 153 0 76
0.549028 0.232458 0.232853 76 153 0
-0.512326 -0.560279 -0.085651 153 0 76
-0.544605 -0.063362 0.611702 127 0 127
-0.217800 0.577191 -0.342559 153 0 76
0.539673 -0.092018 0.611702 127 0 127
0.556895 0.337075 0.611702 127 0 127
0.047224 0.409547 0.101918 76 0 153
0.600358 0.039341 0.176840 76 153 0
0.047224 0.298020 0.362880 76 0 153
0.549028 -0.147641 0.467503 76 153 0
-0.193574 0.078426 -0.559258 153 76 0
0.358849 0.538694 -0.434363 153 0 76
0.600358 0.333863 -0.500766 76 153 0
-0.035358 0.240752 -0.572091 153 76 0
-0.190264 -0.654723 0.466788 76 0 153
-0.512326 0.381617 -0.104773 153 0 76
0.197009 -0.616226 0.226444 76 0 153
-0.512326 -0.034268 -0.418625 153 0 76
0.047224 -0.307089 0.244585 76 0 153
-0.015431 0.461639 0.611702 127 0 127
-0.462169 -0.616226 -0.393936 76 0 153
0.091469 -0.654723 0.482012 76 0 153
-0.410978 -0.654723 0.011253 76 0 153
-0.272108 0.538694 -0.152528 153 0 76
0.426535 0.330273 0.573205 127 0 127
-0.512326 0.489073 -0.079021 153 0 76
0.097735 -0.567227 0.573205 127 0 127
0.017929 -0.654723 -0.189264 76 0 153
0.509609 0.044152 -0.572091 0 0 255
0.470560 0.512691 0.611702 127 0 127
0.549028 -0.221311 -0.242119 76 153 0
-0.032040 -0.654723 0.132888 76 0 153
0.383543 0.457957 -0.572091 153 76 0
-0.563656 -0.575013 -0.546270 153 0 76
0.047224 0.093291 0.029591 76 0 153
-0.563656 -0.544528 0.513361 153 0 76
-0.367537 0.538694 -0.221557 153 0 76
0.549028 -0.029618 -0.105327 76 153 0
-0.371311 -0.457170 0.573205 127 0 127
0.549028 0.130686 -0.060728 76 153 0
-0.473667 0.538694 0.220147 153 0 76
0.389339 -0.214972 0.573205 127 0 127
-0.004106 0.379185 0.544487 76 0 153
-0.252947 -0.616226 -0.056337 76 0 153
-0.563656 -0.026816 0.037968 153 0 76
-0.012079 0.388002 -0.572091 153 76 0
-0.260985 -0.453007 -0.572091 204 51 127
0.549028 -0.391271 -0.415980 76 153 0
0.357207 -0.654723 0.052140 76 0 153
0.368568 -0.616226 -0.607018 0 0 255
0.077425 0.577191 -0.180223 153 0 76
0.549028 -0.303972 0.528463 76 153 0
0.549028 -0.087106 -0.299633 76 153 0
-0.004106 -0.382589 -0.413189 76 0 153
-0.004106 -0.447276 -0.077329 76 0 153
-0.158281 0.335850 0.611702 127 0 127
-0.025366 0.577191 -0.374973 153 0 76
0.047224 -0.211700 0.345820 76 0 153
0.001094 -0.616226 0.317332 76 0 153
0.047224 0.153520 -0.250789 76 0 153
0.549028 -0.139700 0.170548 76 153 0
0.416299 0.165218 0.611702 127 0 127
0.392323 -0.549554 0.573205 127 0 127
0.279406 0.538694 0.539756 153 0 76
-0.004106 -0.284870 -0.019600 76 0 153
-0.008304 0.097479 -0.572091 153 76 0
-0.141298 0.538694 -0.506838 153 0 76
0.055150 0.577191 0.234880 153 0 76
0.600358 -0.400172 0.099430 76 153 0
0.600358 -0.643522 0.377490 76 0 153
0.380126 0.577191 -0.085692 153 0 76
-0.512326 -0.272719 0.340843 153 0 76
0.047224 0.301526 -0.457885 76 0 153
0.600358 0.055429 0.513499 76 153 0
0.433780 -0.654723 0.421280 76 0 153
0.051681 0.196846 -0.572091 153 76 0
0.600358 0.232111 0.477295 76 153 0
-0.556210 0.577191 0.502517 153 0 76
-0.563656 0.263886 0.147446 153 0 76
0.047224 -0.435969 0.371987 76 0 153
-0.412463 0.538694 -0.349706 153 0 76
0.229166 -0.654723 0.070240 76 0 153
0.063115 -0.654723 0.204883 76 0 153
0.019739 0.577191 -0.055862 153 0 76
-0.004106 0.054134 0.514854 76 0 153
-0.512326 0.196997 -0.178189 153 0 76
-0.142882 -0.616226 -0.494955 76 0 153
-0.531662 0.452096 -0.610588 153 0 76
-0.004106 -0.236942 -0.342233 76 0 153
-0.512326 0.479170 0.049393 153 0 76
0.047224 -0.128106 0.294545 76 0 153
-0.472883 -0.654723 -0.566479 76 0 153
0.399288 -0.450244 0.573205 127 0 127
-0.512326 -0.298630 -0.020481 153 0 76
-0.119079 0.577191 0.521395 153 0 76
-0.004106 0.345973 -0.271902 76 0 153
0.119688 -0.439822 -0.572091 153 76 0
0.587371 -0.263199 0.611702 127 0 127
-0.366534 0.329051 -0.610588 204 51 127
0.549028 0.401513 0.448291 76 153 0
-0.512326 -0.545579 -0.268765 153 0 76
-0.206056 -0.616226 -0.420144 76 0 153
0.218403 0.577191 -0.043756 153 0 76
-0.563656 0.514506 0.201216 153 0 76
-0.563656 0.237525 -0.339628 153 0 76
0.556666 0.577191 0.238245 153 0 76
0.600358 -0.251536 0.129177 76 153 0
-0.557239 0.312184 0.604578 127 0 127
0.600358 -0.206685 -0.001413 76 153 0
-0.512326 0.283758 -0.051584 153 0 76
0.600358 -0.197064 -0.116511 76 153 0
0.501428 -0.616226 0.537980 76 0 153
-0.512326 -0.555756 0.170603 153 0 76
-0.512326 -0.039391 -0.059053 153 0 76
0.582519 -0.616226 -0.524417 76 0 153
0.207926 -0.540159 -0.559258 153 76 0
0.597672 -0.616226 0.242722 76 0 153
0.549028 -0.570616 -0.159739 76 153 0
0.552983 -0.437812 0.569996 76 153 0
-0.563656 -0.092480 -0.226729 153 0 76
0.266440 -0.364031 -0.559258 153 76 0
0.152994 0.577191 0.353780 153 0 76
-0.512326 -0.570541 0.375595 153 0 76
0.549028 0.429128 0.349492 76 153 0
0.535975 0.192810 -0.610588 0 0 255
-0.139970 -0.616226 -0.319577 76 0 153
-0.401962 0.577191 0.145534 153 0 76
0.229146 0.571931 -0.610588 153 0 76
-0.512326 -0.400820 -0.032268 153 0 76
0.600358 -0.607036 -0.081305 76 153 0
0.549028 -0.244803 -0.375864 76 153 0
0.194649 -0.654723 -0.363266 76 0 153
-0.512326 0.412029 0.463447 153 0 76
-0.004106 0.031695 -0.384716 76 0 153
0.161173 0.577191 -0.338268 153 0 76
-0.141434 0.487659 0.573205 127 0 127
-0.538321 0.411059 0.611702 127 0 127
0.600358 0.391523 0.070908 76 153 0
-0.559503 -0.215297 -0.610588 153 0 76
-0.488247 0.577191 -0.511841 153 0 76
0.083809 -0.445899 0.611702 127 0 127
-0.004106 -0.393943 0.067832 76 0 153
-0.004106 -0.127744 0.175589 76 0 153
-0.012921 0.180952 0.611702 127 0 127
0.383467 0.249855 -0.559258 153 76 0
-0.193432 0.538694 0.336926 153 0 76
-0.086422 0.538694 0.257838 153 0 76
-0.512326 0.113431 0.333035 153 0 76
-0.563656 -0.502007 -0.609801 153 0 76
0.600358 -0.011376 0.364384 76 153 0
0.311288 -0.288420 -0.610588 0 0 255
-0.095732 0.577191 -0.162545 153 0 76
0.184004 -0.616226 -0.082857 76 0 153
0.047224 -0.430332 -0.255631 76 0 153
0.047224 -0.107626 -0.103933 76 0 153
-0.512326 0.048531 0.448490 153 0 76
-0.150528 0.577191 0.170625 153 0 76
0.047224 -0.556130 0.201365 76 0 153
0.047224 0.397990 -0.332597 76 0 153
0.219758 -0.431400 0.573205 127 0 127
-0.316321 0.204169 -0.572091 153 76 0
-0.377077 0.538694 0.495755 153 0 76
0.433344 0.538694 -0.021443 153 0 76
0.499088 0.538694 0.451475 153 0 76
-0.512326 0.234830 0.420974 153 0 76
-0.365951 -0.654723 0.115968 76 0 153
0.047224 -0.532542 -0.378531 76 0 153
-0.040840 -0.254146 -0.572091 153 76 0
-0.198767 0.379764 -0.572091 153 76 0
0.549028 0.354531 -0.149504 76 153 0
0.600358 0.477628 -0.607010 76 153 0
0.600358 0.150522 -0.493866 76 153 0
-0.188864 -0.589767 0.611702 127 0 127
0.600358 0.014510 0.048085 76 153 0
0.600358 0.431489 0.216714 76 153 0
0.184418 -0.616226 0.352259 76 0 153
-0.395845 0.538694 0.315840 153 0 76
0.102709 -0.616226 -0.432691 76 0 153
0.148070 0.478359 0.662274 0 127 127
0.279007 0.421097 -0.559258 153 76 0
-0.478077 -0.317841 -0.610588 204 51 127
-0.512326 -0.530350 -0.430325 153 0 76
0.320300 0.188210 0.573205 127 0 127
-0.512326 -0.035665 0.377450 153 0 76
0.600358 0.184969 -0.282211 76 153 0
0.549028 -0.231446 0.431960 76 153 0
0.549028 -0.467569 0.347427 76 153 0
-0.467109 0.529274 0.611702 127 0 127
-0.091422 0.538694 -0.076922 153 0 76
-0.563656 0.168333 0.238957 153 0 76
0.549028 -0.130112 -0.523587 76 153 0
0.047224 0.378614 0.193121 76 0 153
-0.272666 0.577191 0.398500 153 0 76
-0.439835 0.316974 -0.559258 153 76 0
0.549028 -0.251975 -0.523520 76 153 0
-0.128126 -0.654723 -0.062399 76 0 153
0.125263 0.540014 -0.610588 153 0 76
0.408537 0.538694 0.473076 153 0 76
0.424239 0.049300 0.611702 127 0 127
-0.545827 -0.654723 0.090128 76 0 153
0.214345 -0.187921 0.611702 127 0 127
0.243443 -0.175192 -0.559258 153 76 0
-0.004106 0.259861 0.056946 76 0 153
0.549028 0.298858 0.431073 76 153 0
-0.258716 0.538693 -0.607858 204 51 127
-0.004106 -0.479442 0.444329 76 0 153
-0.512326 -0.490564 0.047032 153 0 76
0.136446 0.300800 -0.559258 153 76 0
-0.557239 -0.387120 0.598674 127 0 127
0.549028 -0.057472 0.206007 76 153 0
-0.091256 0.538694 0.425967 153 0 76
-0.004106 0.429462 -0.160525 76 0 153
0.437263 -0.654723 0.257277 76 0 153
0.493954 -0.476313 -0.572091 153 76 0
0.180790 -0.654723 -0.529941 76 0 153
0.597645 0.028080 0.611702 127 0 127
-0.512326 0.009916 0.263898 153 0 76
0.549028 0.214422 -0.101125 76 153 0
0.063594 0.258596 0.573205 127 0 127
-0.563656 -0.423486 -0.413171 153 0 76
-0.202766 -0.616226 0.211487 76 0 153
-0.563656 0.042490 -0.105473 153 0 76
-0.525860 -0.487617 0.569996 153 0 76
-0.563656 -0.240581 0.529710 153 0 76
-0.004106 0.179216 0.238102 76 0 153
-0.512326 -0.362709 -0.360909 153 0 76
-0.563656 -0.504615 -0.153749 153 0 76
0.182224 0.123154 -0.572091 153 76 0
-0.004106 -0.278555 0.318679 76 0 153
-0.004106 -0.568714 0.556938 76 0 153
-0.004106 0.506219 -0.253830 76 0 153
0.439778 0.577191 -0.265711 153 0 76
-0.279771 -0.294441 0.611702 127 0 127
-0.512326 0.161173 -0.385316 153 0 76
0.600358 -0.310132 0.251104 76 153 0
0.340111 -0.351168 0.611702 127 0 127
-0.430783 -0.616226 -0.283681 76 0 153
-0.512326 0.506035 -0.406538 153 0 76
0.092968 -0.110103 -0.572091 153 76 0
-0.563656 0.129407 -0.007213 153 0 76
-0.563656 0.362809 0.195534 153 0 76
-0.174240 0.577191 0.001253 153 0 76
-0.259039 0.049920 -0.610588 204 51 127
0.047224 -0.377995 -0.173744 76 0 153
0.000360 0.493019 -0.559258 76 0 153
0.047224 0.265809 -0.159884 76 0 153
0.600358 -0.617388 0.074658 76 0 153
0.350168 0.538694 -0.307755 153 0 76
0.596804 0.120488 0.573205 127 0 127
-0.202424 -0.383594 0.573205 127 0 127
0.378455 0.538694 0.363544 153 0 76
-0.103613 -0.174513 -0.572091 153 76 0
0.047224 -0.203764 0.491242 76 0 153
0.549028 0.422700 -0.423308 76 153 0
-0.563656 0.522714 0.339357 153 0 76
0.549028 0.065353 0.242172 76 153 0
0.363206 0.577191 0.554720 153 0 76
0.535844 0.427379 -0.559258 153 76 0
0.047224 -0.138642 -0.351166 76 0 153
0.237358 -0.038988 0.611702 127 0 127
-0.004106 -0.386280 0.207602 76 0 153
0.549028 0.066977 0.346453 76 153 0
0.549028 0.260197 0.316295 76 153 0
-0.060039 -0.440753 0.573205 127 0 127
0.600358 -0.110829 0.062915 76 153 0
0.488057 0.538694 -0.443213 153 0 76
0.600358 -0.371637 -0.251262 76 153 0
-0.306860 0.573983 0.581250 127 0 127
-0.004106 0.132444 0.427025 76 0 153
-0.242017 -0.072680 0.573205 127 0 127
-0.393279 0.310069 0.611702 127 0 127
-0.357929 0.577191 -0.020884 153 0 76
0.248784 0.271424 -0.559258 153 76 0
0.047224 -0.393277 -0.486444 76 0 153
-0.069781 0.018651 0.573205 127 0 127
-0.249620 -0.555609 -0.559258 153 76 0
0.258266 0.168087 -0.559258 153 76 0
-0.280694 -0.654723 -0.128065 76 0 153
0.576605 -0.654723 -0.347937 76 0 153
0.182534 0.577191 -0.171187 153 0 76
-0.388854 -0.579598 -0.559258 153 76 0
0.549028 0.507877 -0.126396 76 153 0
-0.512326 -0.262295 -0.120032 153 0 76
0.168076 0.109499 0.573205 127 0 127
-0.166261 -0.089900 0.611702 127 0 127
0.549028 0.162068 0.413621 76 153 0
0.600358 0.047171 -0.409538 76 153 0
-0.512326 -0.156683 0.090125 153 0 76
0.271117 0.492588 0.611702 127 0 127
-0.364727 -0.141098 0.573205 127 0 127
0.047224 0.020016 0.226187 76 0 153
-0.258444 -0.463562 0.573205 127 0 127
0.600358 -0.453677 0.184846 76 153 0
-0.287778 -0.295653 -0.559258 153 76 0
-0.563656 -0.483116 0.213534 153 0 76
-0.563656 -0.628340 -0.089612 76 0 153
-0.512326 -0.482111 0.346938 153 0 76
0.102053 -0.616226 -0.522538 76 0 153
0.047224 0.354383 0.299063 76 0 153
0.250722 -0.510696 0.573205 127 0 127
-0.435148 0.538694 -0.087631 153 0 76
-0.004106 0.513852 -0.441939 76 0 153
0.549028 0.312760 -0.606426 76 153 0
-0.210318 -0.654723 0.373516 76 0 153
0.549028 -0.592042 -0.408964 76 153 0
0.509098 -0.654723 -0.189011 76 0 153
0.045450 -0.616226 -0.262455 76 0 153
-0.563656 -0.380011 -0.602138 153 0 76
-0.563656 0.346047 0.438403 153 0 76
0.600358 -0.069408 -0.204558 76 153 0
-0.512326 -0.031917 0.108743 153 0 76
0.047224 -0.326492 0.068520 76 0 153
0.549028 -0.563797 0.428364 76 153 0
-0.004106 0.005034 0.438271 76 0 153
0.176160 0.577191 0.506778 153 0 76
-0.004106 -0.112109 0.478001 76 0 153
0.083663 -0.654723 0.057507 76 0 153
-0.314692 -0.616226 0.518207 76 0 153
-0.555538 -0.209742 0.611702 127 0 127
0.348959 0.005434 -0.559258 153 76 0
-0.004106 -0.579798 -0.448381 76 0 153
0.353546 -0.651515 0.583041 127 0 127
0.504356 0.577191 -0.327348 153 0 76
0.103921 -0.654723 0.372036 76 0 153
0.534176 0.577191 -0.543943 153 0 76
0.495277 0.538694 0.185980 153 0 76
0.170499 -0.109464 0.573205 127 0 127
-0.216335 0.538694 0.519436 153 0 76
-0.240007 0.577191 0.058000 153 0 76
-0.398656 0.577191 -0.544225 153 0 76
0.047224 -0.403377 0.143896 76 0 153
-0.563656 0.348784 -0.545786 153 0 76
0.505699 -0.168381 0.611702 127 0 127
-0.563656 -0.392846 -0.289868 153 0 76
-0.365485 -0.654723 0.419992 76 0 153
0.600358 -0.086953 -0.594961 76 153 0
0.549028 0.313551 0.183627 76 153 0
0.049073 -0.160106 0.611702 127 0 127
0.252145 0.577191 0.234087 153 0 76
-0.004106 0.521820 0.254282 76 0 153
0.600358 0.156307 0.078218 76 153 0
0.485374 -0.568345 -0.559258 153 76 0
0.496041 -0.616226 -0.001951 76 0 153
0.047224 -0.475890 0.527917 76 0 153
-0.004106 0.149739 -0.015576 76 0 153
-0.486962 -0.616226 -0.213618 76 0 153
-0.555926 0.577191 0.143046 153 0 76
-0.322551 0.479133 -0.610588 204 51 127
-0.004106 -0.046184 0.065290 76 0 153
0.030672 -0.569825 -0.559258 76 0 153
0.549028 -0.197668 0.276840 76 153 0
-0.512326 -0.086939 0.538366 153 0 76
-0.455789 0.416028 -0.610588 204 51 127
0.473801 0.107994 -0.610588 0 0 255
-0.004106 -0.198538 -0.014050 76 0 153
0.147095 0.404512 -0.559258 153 76 0
0.600358 0.392753 0.295975 76 153 0
0.600358 0.239920 -0.040614 76 153 0
-0.191732 0.538694 -0.272407 153 0 76
0.549028 0.105967 0.018786 76 153 0
0.047224 0.453928 0.391698 76 0 153
0.600358 -0.611185 -0.239298 76 153 0
-0.210716 0.479081 0.679851 0 127 127
0.282467 0.018238 0.573205 127 0 127
-0.563656 0.022264 0.522309 153 0 76
0.047224 -0.222828 -0.159070 76 0 153
0.355343 -0.108381 0.611702 127 0 127
-0.563656 0.384583 -0.169090 153 0 76
0.592623 0.577191 -0.329410 153 0 76
0.549028 -0.008905 -0.441117 76 153 0
0.535613 -0.574228 0.611702 127 0 127
0.342232 0.538694 -0.557349 153 0 76
0.047224 -0.095612 -0.216183 76 0 153
0.409793 -0.445085 -0.572091 153 76 0
-0.287636 -0.616226 0.235798 76 0 153
-0.004106 -0.179301 0.109484 76 0 153
0.098294 -0.651515 0.599627 127 0 127
0.047224 -0.022899 -0.481976 76 0 153
0.269217 -0.651515 0.602391 127 0 127
0.600358 0.022628 -0.538773 76 153 0
-0.183164 0.494113 -0.572091 153 76 0
0.406915 0.538694 0.062315 153 0 76
0.412904 0.447700 0.611702 127 0 127
-0.512326 -0.292806 0.126688 153 0 76
-0.443615 -0.616226 0.177065 76 0 153
0.600358 -0.024293 -0.288909 76 153 0
0.047224 -0.003427 -0.207189 76 0 153
0.047224 0.415064 -0.418489 76 0 153
-0.546994 -0.654723 -0.377639 76 0 153
0.526562 0.538694 0.351112 153 0 76
0.379583 -0.616226 -0.387383 76 0 153
0.600358 -0.227830 0.337557 76 153 0
-0.062373 -0.616226 -0.508845 76 0 153
-0.117823 -0.616226 0.209977 76 0 153
0.256887 -0.654723 -0.485713 76 0 153
0.161889 0.357841 0.611702 127 0 127
-0.563656 0.025388 -0.193299 153 0 76
-0.471524 -0.498962 -0.559258 153 76 0
-0.097499 -0.654723 0.084287 76 0 153
-0.358297 0.134875 0.573205 127 0 127
-0.478449 0.067394 -0.572091 153 76 0
-0.201794 0.206397 0.573205 127 0 127
-0.563656 -0.317135 0.420215 153 0 76
-0.563656 -0.018123 -0.357641 153 0 76
-0.512326 -0.123493 -0.072976 153 0 76
-0.056387 0.577191 0.081002 153 0 76
0.258585 0.112739 0.573205 127 0 127
0.549028 -0.508525 -0.071091 76 153 0
0.535319 0.538694 0.115314 153 0 76
-0.512326 -0.185427 0.481277 153 0 76
-0.512326 0.047951 -0.383944 153 0 76
-0.073712 0.327551 0.573205 127 0 127
0.047224 0.502231 -0.186833 76 0 153
-0.093015 -0.068146 0.573205 127 0 127
0.549028 -0.342741 -0.021262 76 153 0
-0.335650 0.256698 0.573205 127 0 127
-0.512326 -0.553867 -0.003211 153 0 76
-0.460276 0.577191 -0.609958 153 0 76
0.047224 0.130701 -0.155169 76 0 153
-0.192744 -0.235897 -0.559258 153 76 0
-0.074054 -0.654723 -0.194410 76 0 153
-0.233966 -0.654723 0.039981 76 0 153
-0.004106 -0.218694 -0.492181 76 0 153
0.047224 0.383061 0.477140 76 0 153
0.127107 0.538694 -0.467271 153 0 76
0.047224 -0.295649 -0.080770 76 0 153
-0.004106 -0.524358 0.069812 76 0 153
-0.105876 0.157987 0.573205 127 0 127
-0.004106 0.180702 -0.096241 76 0 153
-0.563656 -0.155988 -0.528466 153 0 76
-0.555063 -0.015408 -0.610588 153 0 76
0.112905 -0.022158 -0.572091 153 76 0
0.047224 -0.497540 -0.521385 76 0 153
0.132015 -0.272832 0.611702 127 0 127
0.069387 0.538694 0.400679 153 0 76
-0.372753 0.156704 -0.610588 204 51 127
0.600358 -0.148199 -0.249791 76 153 0
0.009175 0.515082 0.557164 76 0 153
-0.231956 0.371132 0.611702 127 0 127
0.494250 -0.402731 0.611702 127 0 127
0.454047 -0.026413 -0.559258 153 76 0
0.600358 -0.500182 -0.300352 76 153 0
-0.537711 -0.654723 0.383567 76 0 153
-0.512326 -0.422137 0.453863 153 0 76
0.495972 0.157703 0.611702 127 0 127
-0.293973 -0.195262 0.611702 127 0 127
-0.004106 0.414565 0.287103 76 0 153
-0.563656 -0.502945 -0.314772 153 0 76
-0.383081 -0.084408 -0.610588 204 51 127
0.100051 0.538694 0.292185 153 0 76
-0.065786 -0.651515 0.577901 127 0 127
0.047224 -0.485591 -0.127251 76 0 153
-0.021443 -0.205367 0.611702 127 0 127
0.418232 -0.161335 -0.559258 153 76 0
0.600358 -0.449935 -0.226549 76 153 0
0.276954 0.577191 0.026830 153 0 76
-0.455880 -0.616226 -0.057896 76 0 153
0.047224 0.502754 -0.063405 76 0 153
-0.004106 0.266074 0.162542 76 0 153
0.449571 -0.654723 -0.241938 76 0 153
0.310818 0.538694 -0.045606 153 0 76
0.549028 -0.526056 0.542024 76 153 0
0.290629 0.573983 0.610183 127 0 127
-0.563656 -0.636464 0.538078 76 0 153
0.600358 0.391201 -0.232868 76 153 0
0.047224 0.114554 0.246054 76 0 153
0.600358 -0.023759 -0.045021 76 153 0
0.317493 -0.181166 0.573205 127 0 127
-0.551682 0.577191 0.395812 153 0 76
-0.563656 -0.598660 0.235521 153 0 76
-0.563656 -0.361593 -0.167419 153 0 76
0.600358 0.504543 -0.433448 76 153 0
0.600358 -0.475361 0.407102 76 153 0
0.236330 0.577191 -0.274423 153 0 76
-0.374518 0.577191 -0.290244 153 0 76
-0.004106 -0.067488 0.285482 76 0 153
-0.400923 -0.172213 -0.610588 204 51 127
-0.004106 -0.050509 -0.070823 76 0 153
-0.303371 -0.616226 0.359671 76 0 153
-0.514835 0.577191 0.049710 153 0 76
0.600358 0.356389 -0.034401 76 153 0
-0.563656 0.371214 0.355109 153 0 76
0.047224 -0.437833 0.281470 76 0 153
-0.563656 0.125311 -0.273954 153 0 76
-0.512326 0.144177 -0.076341 153 0 76
0.154104 0.202668 0.573205 127 0 127
-0.512326 -0.147825 -0.369146 153 0 76
-0.004106 0.348012 -0.494729 76 0 153
0.549028 -0.362781 -0.514323 76 153 0
0.600358 -0.113733 0.342324 76 153 0
-0.512326 0.300964 0.506969 153 0 76
0.549028 -0.459313 0.088776 76 153 0
-0.563656 0.374412 -0.342601 153 0 76
-0.408205 -0.616226 -0.139208 76 0 153
-0.004106 -0.380359 0.413350 76 0 153
-0.004106 0.515911 0.346533 76 0 153
0.334319 0.299007 -0.610588 0 0 255
-0.275212 -0.627879 -0.610588 76 0 153
0.040720 -0.312752 -0.572091 153 76 0
0.549028 0.530648 0.551900 76 153 0
-0.512326 0.427192 -0.466494 153 0 76
-0.512326 -0.292885 -0.486358 153 0 76
0.047224 -0.303050 -0.219105 76 0 153
0.376964 0.538694 0.285388 153 0 76
0.600358 0.083136 -0.192585 76 153 0
-0.485948 0.577191 -0.042481 153 0 76
-0.129853 -0.566528 -0.572091 153 76 0
-0.324368 0.577191 0.175358 153 0 76
0.047224 0.135971 0.135779 76 0 153
0.372863 0.185519 -0.610588 0 0 255
0.581026 0.411263 0.611702 127 0 127
0.600358 0.318522 -0.334910 76 153 0
0.010515 -0.616226 0.474791 76 0 153
-0.004106 0.251535 -0.311293 76 0 153
-0.563656 0.342201 -0.416890 153 0 76
0.047224 0.344187 -0.044464 76 0 153
-0.512326 0.111398 0.048589 153 0 76
0.549028 0.220403 -0.524175 76 153 0
0.215929 -0.654723 -0.013769 76 0 153
0.600358 0.558845 0.013926 153 0 76
-0.004106 -0.040538 -0.319023 76 0 153
0.549028 0.067602 -0.328280 76 153 0
0.040815 -0.616226 -0.125647 76 0 153
0.600358 0.370171 0.166089 76 153 0
-0.512326 -0.500452 0.470662 153 0 76
-0.487270 -0.313136 0.573205 127 0 127
-0.004106 0.227876 0.548167 76 0 153
0.549028 0.455153 -0.299255 76 153 0
-0.493597 0.538694 0.307172 153 0 76
-0.258648 0.538694 0.229382 153 0 76
-0.195376 0.277165 -0.572091 153 76 0
-0.511147 -0.071714 -0.572091 153 76 0
0.549028 0.363901 -0.283998 76 153 0
-0.411794 -0.391045 -0.610588 204 51 127
0.326772 -0.654723 0.329658 76 0 153
0.045090 -0.052455 0.573205 127 0 127
0.481855 0.571939 -0.610588 153 0 76
-0.004106 0.077538 -0.111173 76 0 153
-0.277632 0.577191 -0.077050 153 0 76
0.549028 -0.425786 -0.082420 76 153 0
-0.047828 -0.654723 0.363138 76 0 153
0.146700 0.011836 0.611702 127 0 127
0.600358 -0.406812 0.020375 76 153 0
-0.512326 -0.341316 0.304889 153 0 76
-0.409515 -0.653645 -0.610588 76 0 153
0.549028 -0.073838 0.506198 76 153 0
-0.341550 -0.616226 -0.501463 76 0 153
-0.232930 -0.229654 0.573205 127 0 127
-0.512326 -0.381125 0.210238 153 0 76
0.415307 -0.281973 0.611702 127 0 127
-0.394709 -0.062128 0.611702 127 0 127
0.047224 0.134496 0.363841 76 0 153
0.568497 -0.364734 -0.610588 76 153 0
-0.512326 0.402443 0.043161 153 0 76
-0.563656 -0.429047 0.384343 153 0 76
-0.012656 0.577191 -0.225372 153 0 76
-0.004106 0.441431 0.448012 76 0 153
-0.489765 0.538694 -0.322419 153 0 76
-0.292433 0.398686 -0.610588 204 51 127
0.248821 -0.654723 0.368659 76 0 153
0.047224 -0.450510 0.059845 76 0 153
-0.440509 0.577191 -0.175303 153 0 76
-0.050315 -0.654723 -0.031491 76 0 153
0.600358 -0.487496 -0.547710 76 153 0
0.047224 0.520201 0.184275 76 0 153
-0.424607 0.577191 0.071992 153 0 76
0.549028 0.118298 -0.540458 76 153 0
0.356472 -0.483987 -0.610588 0 0 255
-0.004106 0.261186 0.313112 76 0 153
-0.072333 -0.467372 -0.572091 153 76 0
-0.004106 -0.041613 0.169995 76 0 153
0.174016 -0.571306 0.573205 127 0 127
0.091437 0.577191 0.545955 153 0 76
-0.395943 0.051094 -0.610588 204 51 127
-0.563656 -0.294037 -0.354050 153 0 76
-0.563656 0.516885 0.097098 153 0 76
0.600358 -0.276263 0.029561 76 153 0
-0.448511 -0.604199 0.611702 127 0 127
-0.563656 -0.243361 -0.032112 153 0 76
-0.489048 0.281824 -0.610588 204 51 127
0.227716 0.263341 0.611702 127 0 127
-0.004106 0.058273 0.102323 76 0 153
0.575435 0.020295 -0.610588 76 153 0
-0.009030 -0.654723 -0.428482 76 0 153
-0.229165 -0.616226 0.538012 76 0 153
-0.512326 0.274810 0.298429 153 0 76
0.042284 0.033110 -0.559258 153 76 0
0.326724 -0.510922 0.573205 127 0 127
0.314272 -0.202976 -0.572091 0 0 255
-0.004106 -0.434173 -0.002494 76 0 153
0.549028 -0.439946 0.266490 76 153 0
-0.563656 0.504323 -0.338874 153 0 76
-0.308311 -0.616226 -0.306481 76 0 153
-0.243590 0.577191 -0.514600 153 0 76
0.549028 -0.325831 0.134117 76 153 0
0.406422 -0.571029 -0.559258 153 76 0
0.018281 0.122067 0.573205 127 0 127
0.047224 -0.322874 -0.316058 76 0 153
0.047224 -0.538170 0.407999 76 0 153
-0.159594 0.424943 0.611702 127 0 127
0.600358 0.231917 0.057336 76 153 0
-0.262671 -0.063050 -0.610588 204 51 127
0.549028 -0.087648 0.289357 76 153 0
-0.563656 -0.102159 0.348313 153 0 76
-0.472113 0.199729 -0.572091 204 51 127
0.600358 0.508824 -0.197900 76 153 0
0.098415 -0.616226 -0.074570 76 0 153
0.549028 -0.550426 0.082442 76 153 0
0.549028 -0.295071 -0.258950 76 153 0
-0.487044 0.577191 -0.410456 153 0 76
-0.352616 -0.550417 0.573205 127 0 127
0.342392 -0.654723 -0.302269 76 0 153
0.600358 0.047354 0.294475 76 153 0
0.162868 -0.654723 0.506519 76 0 153
-0.145924 -0.002703 -0.559258 153 76 0
-0.004106 0.074963 -0.293970 76 0 153
-0.512326 0.046048 0.166753 153 0 76
0.047224 0.518167 -0.322407 76 0 153
-0.346428 0.271997 -0.559258 153 76 0
0.487092 -0.102543 -0.572091 0 0 255
-0.512326 0.268972 -0.294397 153 0 76
0.143171 0.577191 -0.012294 153 0 76
0.415457 -0.616226 -0.084785 76 0 153
0.047224 -0.553198 0.276518 76 0 153
-0.563656 0.131452 -0.431531 153 0 76
0.414009 0.562221 0.611702 127 0 127
0.401987 0.538694 0.173452 153 0 76
-0.512326 0.330556 -0.178628 153 0 76
-0.512326 -0.385663 0.093769 153 0 76
-0.304960 0.098803 0.611702 127 0 127
0.600358 -0.172728 0.417035 76 153 0
-0.013270 -0.115639 0.611702 127 0 127
0.248177 -0.654723 -0.082801 76 0 153
-0.039210 -0.063531 -0.559258 153 76 0
0.047224 0.077757 -0.355777 76 0 153
-0.123840 -0.616226 -0.154111 76 0 153
0.347735 -0.654723 0.146009 76 0 153
-0.444587 0.189978 0.573205 127 0 127
-0.004106 -0.378813 -0.106978 76 0 153
-0.502901 -0.163966 -0.610588 204 51 127
-0.004106 -0.061922 -0.440699 76 0 153
-0.563656 0.428391 -0.231454 153 0 76
-0.512326 0.270538 0.092998 153 0 76
-0.563656 0.542884 -0.160560 153 0 76
-0.356002 -0.362613 0.573205 127 0 127
-0.495428 -0.265338 -0.559258 153 76 0
0.138242 0.577191 0.241275 153 0 76
-0.496675 0.538694 0.434588 153 0 76
-0.048883 0.538694 -0.312165 153 0 76
0.600358 0.553191 0.426149 153 0 76
-0.004106 -0.356816 0.500939 76 0 153
-0.214993 -0.305534 -0.572091 153 76 0
-0.125677 -0.250076 0.611702 127 0 127
0.340004 0.577191 -0.189371 153 0 76
0.530218 -0.654723 -0.570336 76 0 153
0.600358 -0.186467 0.196477 76 153 0
0.145690 -0.428843 0.573205 127 0 127
-0.295074 0.438355 0.611702 127 0 127
0.274544 -0.616226 -0.359623 76 0 153
0.600358 0.255137 0.549547 76 153 0
0.139811 -0.270632 -0.572091 153 76 0
-0.036099 0.577191 0.392815 153 0 76
-0.404269 -0.280423 -0.610588 204 51 127
-0.563656 0.163178 0.480927 153 0 76
0.047224 0.210862 0.466679 76 0 153
0.047224 0.106236 0.504937 76 0 153
-0.024951 0.577191 0.298351 153 0 76
0.047224 -0.605556 0.012816 76 0 153
0.549028 0.008799 0.472206 76 153 0
-0.445367 0.456447 0.573205 127 0 127
-0.081947 0.368377 -0.559258 153 76 0
0.047224 0.430016 -0.009928 76 0 153
0.474408 -0.654723 0.140193 76 0 153
0.549028 0.282587 -0.165325 76 153 0
0.549028 0.128501 -0.228811 76 153 0
-0.275486 0.538694 -0.439116 153 0 76
0.403057 0.352559 -0.610588 0 0 255
0.549028 -0.276975 -0.137494 76 153 0
0.183306 0.577191 0.109165 153 0 76
-0.004106 0.210831 -0.250030 76 0 153
0.047224 0.198541 -0.308914 76 0 153
-0.053830 -0.654723 -0.362990 76 0 153
-0.004106 -0.254661 0.517536 76 0 153
-0.408450 -0.499668 -0.610588 204 51 127
-0.512326 -0.057913 0.227408 153 0 76
0.549028 -0.233488 0.508222 76 153 0
0.471444 -0.235540 -0.572091 153 76 0
-0.512326 -0.368467 0.527722 153 0 76
0.047224 0.302833 -0.321321 76 0 153
0.208915 -0.654723 0.156687 76 0 153
0.600358 0.491953 0.345561 76 153 0
-0.027808 0.573983 0.582459 127 0 127
0.533336 -0.011186 0.611702 127 0 127
0.219647 0.538694 -0.485189 153 0 76
0.600358 -0.071037 -0.375099 76 153 0
-0.563656 0.052285 -0.277553 153 0 76
0.600358 0.496989 0.146612 76 153 0
0.600358 0.284464 0.235258 76 153 0
0.077885 0.375849 -0.559258 153 76 0
-0.563656 0.195175 -0.538737 153 0 76
-0.277574 0.254195 -0.610588 204 51 127
-0.563656 -0.605494 -0.281703 153 0 76
-0.512326 -0.103916 0.465229 153 0 76
0.505588 0.538694 -0.176315 153 0 76
-0.392961 -0.616226 0.310885 76 0 153
0.297886 -0.616226 0.069980 76 0 153
-0.114395 0.076340 0.573205 127 0 127
0.293956 0.371539 -0.610588 0 0 255
-0.330818 -0.404130 -0.572091 153 76 0
0.600358 0.142609 0.365694 76 153 0
-0.512326 0.198603 0.524798 153 0 76
0.600358 -0.111106 0.541944 76 153 0
-0.563656 -0.432068 -0.551250 153 0 76
-0.324670 -0.186513 -0.610588 204 51 127
-0.512326 -0.613435 0.038545 153 0 76
-0.004106 -0.251624 -0.201787 76 0 153
0.549028 -0.598727 0.352397 76 153 0
-0.495904 0.366499 0.573205 127 0 127
0.600358 0.225827 -0.374745 76 153 0
0.505961 0.361324 -0.559258 153 76 0
0.254155 -0.654723 -0.213045 76 0 153
-0.368891 0.577191 -0.425042 153 0 76
-0.070663 0.241674 0.573205 127 0 127
-0.004106 -0.237960 -0.415580 76 0 153
-0.284628 -0.616226 -0.388838 76 0 153
-0.004106 0.307698 0.533011 76 0 153
0.272111 0.405695 0.573205 127 0 127
-0.563656 -0.406361 -0.082893 153 0 76
0.600358 -0.143395 -0.448715 76 153 0
-0.242813 0.501486 0.611702 127 0 127
0.257718 0.577191 0.396575 153 0 76
-0.563656 0.343607 -0.058890 153 0 76
-0.004106 -0.161718 0.354986 76 0 153
-0.442566 0.577191 0.272689 153 0 76
0.047224 -0.110647 0.528716 76 0 153
-0.231493 -0.654723 -0.194576 76 0 153
-0.512326 -0.071731 -0.494526 153 0 76
-0.489654 0.577191 0.552331 153 0 76
0.047224 0.124090 -0.508845 76 0 153
-0.538192 -0.139857 0.611702 127 0 127
0.600358 -0.370156 -0.360611 76 153 0
-0.418070 0.577191 0.423717 153 0 76
-0.563656 0.225355 -0.131131 153 0 76
-0.563656 -0.096148 0.057161 153 0 76
-0.004106 -0.037586 -0.247155 76 0 153
-0.512326 0.023373 0.041671 153 0 76
0.278710 -0.107639 -0.559258 153 76 0
-0.472169 -0.654723 0.419291 76 0 153
-0.563656 -0.105274 0.254940 153 0 76
-0.332627 -0.616226 -0.159374 76 0 153
0.245315 -0.654723 0.440389 76 0 153
-0.540516 0.489887 0.611702 127 0 127
0.549028 -0.585884 0.163873 76 153 0
-0.472871 -0.380223 -0.572091 153 76 0
0.556556 0.265340 0.611702 127 0 127
0.477157 -0.616226 -0.322000 76 0 153
0.549028 -0.574661 -0.043215 76 153 0
-0.008932 0.577191 -0.539338 153 0 76
0.549028 0.381664 -0.077608 76 153 0
-0.563656 0.539958 -0.078513 153 0 76
-0.004106 -0.573972 0.154749 76 0 153
-0.563656 0.013394 0.411229 153 0 76
-0.170996 0.045510 0.611702 127 0 127
0.047224 -0.275575 -0.507100 76 0 153
0.494111 -0.654723 0.359181 76 0 153
0.010802 0.347053 0.611702 127 0 127
-0.004106 -0.018009 0.534358 76 0 153
0.600358 -0.195908 -0.196506 76 153 0
0.490206 -0.321787 0.611702 127 0 127
0.192471 -0.375323 -0.572091 153 76 0
-0.512326 0.249315 -0.391815 153 0 76
0.535738 0.451006 0.573205 127 0 127
0.600358 -0.541408 0.276164 76 153 0
0.600358 -0.322331 -0.543197 76 153 0
-0.272202 -0.179365 -0.559258 153 76 0
-0.004106 0.260483 -0.506355 76 0 153
-0.512326 -0.512509 -0.202718 153 0 76
0.310346 -0.387073 -0.610588 0 0 255
-0.563656 0.103709 0.392671 153 0 76
-0.563656 -0.578270 0.442485 153 0 76
0.047224 -0.163592 0.223901 76 0 153
0.047224 -0.077408 0.423059 76 0 153
0.047224 0.321725 0.045626 76 0 153
0.047224 -0.012805 0.379805 76 0 153
-0.074107 0.538694 -0.222037 153 0 76
-0.130861 -0.616226 0.474740 76 0 153
-0.101681 0.218286 -0.559258 153 76 0
0.600358 -0.344480 0.350336 76 153 0
-0.320202 -0.611426 0.611702 127 0 127
0.233824 -0.017883 -0.572091 153 76 0
0.549028 0.026884 -0.267079 76 153 0
0.429180 -0.654723 0.085289 76 0 153
-0.405567 -0.654723 -0.413109 76 0 153
-0.004106 0.382557 0.143009 76 0 153
0.343021 -0.654723 -0.019677 76 0 153
-0.544602 -0.645248 0.611702 127 0 127
-0.563656 0.425014 -0.081531 153 0 76
0.047224 -0.507290 -0.252720 76 0 153
-0.172298 -0.654723 -0.371016 76 0 153
0.600358 0.134961 -0.422121 76 153 0
0.581709 0.577191 -0.056888 153 0 76
-0.342116 -0.024312 0.573205 127 0 127
-0.563656 0.088842 0.272153 153 0 76
-0.512326 -0.044639 -0.236586 153 0 76
-0.163840 -0.616226 0.336441 76 0 153
-0.384658 -0.654723 0.496152 76 0 153
-0.280135 -0.132285 0.573205 127 0 127
-0.004106 0.438507 -0.305630 76 0 153
0.487729 0.322272 0.611702 127 0 127
0.243262 0.577191 0.484415 153 0 76
0.549028 0.505274 0.001735 76 153 0
0.253795 0.577191 -0.191920 153 0 76
0.047224 0.530037 0.497715 76 0 153
0.600358 -0.609591 0.444054 76 153 0
-0.356278 -0.333482 -0.610588 204 51 127
0.047224 -0.269336 0.117774 76 0 153
-0.512326 -0.346040 0.035469 153 0 76
0.458055 -0.654723 0.497929 76 0 153
0.549028 -0.349292 0.455497 76 153 0
0.474754 0.577191 0.057520 153 0 76
-0.485733 -0.168675 0.573205 127 0 127
-0.377304 0.500812 -0.572091 204 51 127
0.047224 0.266473 0.224511 76 0 153
0.547288 -0.427667 -0.559258 153 76 0
0.600358 0.110714 0.145142 76 153 0
0.188178 -0.654723 -0.169076 76 0 153
-0.512326 -0.242116 -0.405673 153 0 76
0.088781 -0.654723 -0.222723 76 0 153
-0.512326 0.196265 0.297548 153 0 76
0.121235 -0.616226 0.213656 76 0 153
-0.512326 -0.548518 -0.498185 153 0 76
0.121297 0.429638 0.611702 127 0 127
0.600358 0.312542 0.309801 76 153 0
-0.563656 -0.557218 0.329564 153 0 76
0.363850 -0.654723 0.427549 76 0 153
-0.044393 -0.384165 0.611702 127 0 127
0.355638 -0.307565 -0.559258 153 76 0
-0.173839 -0.616226 0.076717 76 0 153
-0.085302 0.467535 0.611702 127 0 127
-0.178139 -0.654723 -0.549190 76 0 153
0.339973 0.317730 0.573205 127 0 127
-0.004106 -0.376638 -0.337362 76 0 153
0.600358 0.152144 0.005001 76 153 0
0.549028 0.473002 0.501658 76 153 0
0.308209 0.040638 -0.610588 0 0 255
-0.563656 -0.215493 0.069248 153 0 76
0.600358 0.184198 0.529606 76 153 0
0.047224 -0.524371 0.117249 76 0 153
0.013112 -0.654723 0.254304 76 0 153
0.600358 -0.208403 -0.406262 76 153 0
-0.502210 -0.616226 0.296556 76 0 153
0.549028 0.030003 0.553516 76 153 0
0.549028 0.272653 0.087645 76 153 0
-0.092964 -0.503155 0.573205 127 0 127
-0.512326 0.474768 0.170587 153 0 76
0.440686 0.074199 -0.559258 153 76 0
0.549028 -0.159630 0.013105 76 153 0
0.580283 0.577191 0.078341 153 0 76
0.106906 0.538694 -0.292779 153 0 76
0.549028 -0.272034 -0.444465 76 153 0
0.600358 0.457103 -0.382427 76 153 0
-0.406451 0.057801 0.611702 127 0 127
0.600358 0.082901 -0.050447 76 153 0
0.062346 -0.654723 0.314255 76 0 153
0.549028 -0.448466 -0.457455 76 153 0
-0.346240 0.577191 0.346107 153 0 76
-0.558511 -0.654723 -0.153778 76 0 153
-0.004106 0.012166 -0.144984 76 0 153
-0.563656 0.361454 0.075413 153 0 76
0.047224 -0.130584 0.020813 76 0 153
0.363761 -0.066478 -0.572091 0 0 255
0.047224 -0.478364 0.172818 76 0 153
0.472047 0.538694 0.308014 153 0 76
0.297517 0.577191 -0.599321 153 0 76
-0.512326 -0.591324 0.515374 153 0 76
-0.512326 0.412359 -0.305642 153 0 76
-0.563656 0.443437 0.326290 153 0 76
0.018298 0.538694 0.035573 153 0 76
0.600358 -0.152975 0.119504 76 153 0
-0.004106 -0.174639 -0.104235 76 0 153
-0.512326 -0.595762 -0.594237 153 0 76
-0.410294 -0.207755 0.573205 127 0 127
-0.122652 0.577191 -0.447727 153 0 76
-0.563656 0.231398 -0.597852 153 0 76
-0.563656 0.310434 -0.315903 153 0 76
-0.529889 0.136590 0.611702 127 0 127
0.187874 -0.360801 0.573205 127 0 127
0.047224 0.249550 -0.092534 76 0 153
0.549028 0.001501 0.092762 76 153 0
-0.563656 -0.185209 -0.151261 153 0 76
0.549028 -0.025129 -0.548520 76 153 0
0.443419 -0.383070 -0.610588 0 0 255
0.600358 -0.078349 -0.135931 76 153 0
-0.512326 0.316504 0.192367 153 0 76
-0.328546 -0.616226 -0.029848 76 0 153
-0.290348 0.221375 0.611702 127 0 127
-0.512326 0.170059 0.192670 153 0 76
0.571358 0.577191 -0.403874 153 0 76
0.600358 -0.297293 0.183260 76 153 0
0.014375 -0.314738 0.557164 76 0 153
-0.563656 -0.163581 0.014753 153 0 76
-0.469734 0.055616 0.573205 127 0 127
-0.004106 0.349585 0.445658 76 0 153
-0.512326 -0.076869 -0.359711 153 0 76
-0.004106 -0.567672 -0.014482 76 0 153
-0.563656 -0.478574 0.282211 153 0 76
-0.300454 0.577191 0.016964 153 0 76
-0.004106 -0.432992 0.511882 76 0 153
0.311932 -0.654723 -0.590082 76 0 153
-0.512326 0.455974 -0.015359 153 0 76
0.182669 -0.616226 0.106110 76 0 153
-0.361201 -0.616226 -0.259408 76 0 153
-0.512326 0.504321 -0.520122 153 0 76
0.600358 0.174449 -0.074002 76 153 0
-0.004106 -0.517305 -0.169595 76 0 153
0.265196 -0.298268 0.573205 127 0 127
0.196988 -0.654723 0.283325 76 0 153
0.047224 -0.047038 0.004815 76 0 153
-0.450975 -0.376974 0.573205 127 0 127
-0.490398 -0.654723 0.490111 76 0 153
0.549028 -0.524876 -0.338647 76 153 0
0.050681 0.182562 0.573205 127 0 127
-0.563656 -0.424046 0.126096 153 0 76
-0.512326 0.385567 -0.403149 153 0 76
-0.563656 -0.160603 -0.219272 153 0 76
0.047224 -0.173326 -0.292065 76 0 153
-0.512326 0.052972 -0.149635 153 0 76
0.203865 0.505703 0.611702 127 0 127
-0.204951 0.577191 0.116848 153 0 76
0.600358 0.375918 -0.446705 76 153 0
0.190217 -0.654723 -0.282289 76 0 153
0.600358 0.169711 -0.608032 76 153 0
-0.563656 -0.486560 -0.386643 153 0 76
-0.512326 -0.235455 0.207123 153 0 76
-0.004106 -0.462135 -0.393525 76 0 153
-0.052619 0.305696 -0.559258 153 76 0
0.247160 0.577191 -0.413113 153 0 76
-0.512326 -0.436546 -0.278444 153 0 76
0.062622 -0.654723 -0.392889 76 0 153
0.600358 0.540460 -0.528211 153 0 76
0.467412 -0.578589 0.611702 127 0 127
0.098062 -0.317918 0.573205 127 0 127
-0.512326 -0.185718 0.346722 153 0 76
-0.563656 -0.521769 0.122123 153 0 76
-0.004106 -0.250620 0.208371 76 0 153
-0.418086 -0.040232 -0.572091 153 76 0
0.549028 0.208794 -0.418843 76 153 0
-0.231463 -0.545705 0.573205 127 0 127
-0.563656 -0.596118 -0.435014 153 0 76
-0.004106 0.388397 -0.052359 76 0 153
-0.031544 -0.616226 -0.591885 76 0 153
0.249481 0.577191 0.091066 153 0 76
-0.512326 0.278076 -0.453597 153 0 76
-0.563656 -0.075353 -0.032372 153 0 76
0.481453 0.234206 -0.610588 0 0 255
-0.426302 -0.616226 0.548452 76 0 153
0.549028 0.361296 0.103911 76 153 0
0.600358 -0.242987 -0.302247 76 153 0
0.058635 0.462651 0.611702 127 0 127
0.252950 -0.654723 0.230628 76 0 153
0.317224 0.538694 0.407950 153 0 76
-0.563656 0.012186 -0.044587 153 0 76
0.549028 0.098015 0.453835 76 153 0
-0.563656 -0.236684 -0.306017 153 0 76
-0.158985 -0.327703 0.573205 127 0 127
-0.255677 -0.133584 -0.606606 204 51 127
-0.521391 -0.015065 0.569996 153 0 76
0.047224 0.424801 0.242891 76 0 153
-0.351640 -0.305868 0.611702 127 0 127
0.549028 0.114957 -0.149148 76 153 0
-0.526477 -0.654723 0.244521 76 0 153
-0.267997 0.170352 -0.610588 204 51 127
0.600358 0.174202 -0.215228 76 153 0
0.288917 0.326098 -0.559258 153 76 0
0.600358 -0.462787 0.528421 76 153 0
0.112502 0.226789 -0.572091 153 76 0
0.600358 -0.630816 0.310946 76 0 153
0.549028 0.292683 -0.464541 76 153 0
0.600358 -0.533934 -0.186136 76 153 0
-0.405684 0.577191 0.543552 153 0 76
0.047224 0.204131 -0.424995 76 0 153
-0.235326 0.139770 -0.559258 153 76 0
-0.512326 -0.600069 0.111742 153 0 76
0.600358 0.504182 0.213875 76 153 0
-0.563656 -0.205213 -0.445098 153 0 76
0.047224 -0.067806 -0.279389 76 0 153
0.396536 -0.654723 -0.531514 76 0 153
0.600358 0.161075 0.457558 76 153 0
0.549028 -0.213786 -0.583526 76 153 0
0.600358 -0.176481 -0.519207 76 153 0
0.549028 -0.103115 -0.099698 76 153 0
-0.004106 0.052970 -0.048279 76 0 153
0.212070 0.538694 -0.098827 153 0 76
-0.563656 -0.348946 -0.032375 153 0 76
0.549028 -0.128294 -0.609313 76 153 0
0.549028 -0.289557 0.389329 76 153 0
-0.499262 0.538694 -0.182286 153 0 76
-0.512326 -0.417135 0.328938 153 0 76
0.600358 -0.397882 -0.145175 76 153 0
0.047224 -0.403245 -0.065264 76 0 153
-0.512326 0.367106 0.242938 153 0 76
0.011961 -0.654723 0.048469 76 0 153
-0.004106 -0.271171 -0.276888 76 0 153
0.009809 -0.654723 -0.304697 76 0 153
0.496101 0.573983 0.600470 127 0 127
0.377611 -0.654723 -0.244878 76 0 153
0.600358 -0.093123 0.467127 76 153 0
-0.512326 -0.198872 -0.553559 153 0 76
0.299631 -0.654723 -0.156266 76 0 153
-0.512326 0.066952 0.513208 153 0 76
-0.179768 0.285021 0.573205 127 0 127
-0.563656 0.506999 -0.249596 153 0 76
0.047224 -0.541833 -0.469425 76 0 153
0.600358 -0.545305 0.473001 76 153 0
0.600358 -0.273480 0.491613 76 153 0
-0.563656 0.272494 -0.499378 153 0 76
-0.004106 -0.450942 -0.310576 76 0 153
-0.512326 0.112676 0.132475 153 0 76
0.579746 -0.193803 0.611702 127 0 127
0.600358 0.214922 0.272273 76 153 0
-0.563656 -0.337143 0.258092 153 0 76
0.166980 -0.593233 -0.559258 153 76 0
0.047224 -0.561873 -0.304305 76 0 153
0.044772 -0.215281 0.557164 76 0 153
-0.004106 0.277643 -0.007613 76 0 153
0.047224 0.193263 0.030250 76 0 153
0.600358 0.442629 -0.044887 76 153 0
-0.004106 0.283777 0.430130 76 0 153
-0.004106 -0.508016 -0.046130 76 0 153
-0.004106 0.317141 -0.159747 76 0 153
0.103011 0.296560 0.611702 127 0 127
0.600358 -0.472154 0.304803 76 153 0
-0.004106 0.205470 0.127959 76 0 153
0.339015 0.448214 0.573205 127 0 127
0.598750 0.538694 0.273103 153 0 76
-0.092331 -0.616226 0.148188 76 0 153
-0.563656 -0.545209 -0.045121 153 0 76
-0.102868 -0.654723 0.009786 76 0 153
0.549028 -0.583412 0.284076 76 153 0
-0.230571 -0.092055 -0.559258 153 76 0
0.088936 0.577191 -0.568651 153 0 76
-0.563656 -0.430397 -0.174370 153 0 76
0.600358 0.235983 0.150079 76 153 0
0.600358 -0.596937 0.598151 127 0 127
0.600358 -0.222000 0.068396 76 153 0
0.434745 -0.616226 0.550873 76 0 153
-0.021759 -0.336082 -0.572091 153 76 0
0.030333 -0.552688 0.611702 127 0 127
0.047224 -0.485823 0.327702 76 0 153
0.549028 0.175623 0.174467 76 153 0
0.047224 0.026207 0.026119 76 0 153
0.600358 -0.006173 0.432551 76 153 0
-0.004106 -0.125473 0.242417 76 0 153
-0.512326 -0.347590 -0.296153 153 0 76
-0.512326 0.022519 -0.453201 153 0 76
-0.563656 0.276325 0.362919 153 0 76
-0.181301 -0.213369 0.611702 127 0 127
0.340888 -0.616226 -0.468184 76 0 153
0.138991 0.577191 0.059698 153 0 76
-0.330926 0.351426 -0.559258 153 76 0
-0.512326 0.001895 -0.558119 153 0 76
0.549028 0.428240 0.258507 76 153 0
0.549028 0.168890 0.568623 76 153 0
-0.563656 0.240485 0.274446 153 0 76
0.600358 -0.104401 0.193030 76 153 0
0.462259 -0.200272 0.573205 127 0 127
0.330832 0.041972 0.611702 127 0 127
0.600358 0.356552 0.232734 76 153 0
0.600358 0.326714 0.051726 76 153 0
0.256842 0.523421 -0.559258 153 76 0
-0.004106 0.457690 -0.062600 76 0 153
0.549028 -0.371462 0.272796 76 153 0
-0.512326 -0.378819 -0.425022 153 0 76
-0.563656 -0.104811 -0.125918 153 0 76
0.235321 -0.572671 0.611702 127 0 127
-0.004106 -0.564025 -0.251979 76 0 153
-0.563656 0.485224 0.507816 153 0 76
0.600358 0.429997 0.479263 76 153 0
-0.282545 0.538694 0.090547 153 0 76
-0.563656 0.417371 0.410591 153 0 76
0.481423 0.538694 -0.513786 153 0 76
0.086843 0.538694 -0.127540 153 0 76
-0.004106 -0.290709 0.047767 76 0 153
0.549028 -0.003540 0.168119 76 153 0
0.549028 0.394019 -0.503969 76 153 0
0.600358 -0.476729 0.035810 76 153 0
-0.512326 -0.538308 -0.351496 153 0 76
-0.563656 0.131257 0.084642 153 0 76
0.600358 -0.542549 -0.438793 76 153 0
-0.337448 -0.499269 0.611702 127 0 127
0.047224 0.416943 0.329677 76 0 153
0.256989 -0.587320 -0.572091 153 76 0
0.555078 -0.654723 -0.080936 76 0 153
-0.478882 -0.508657 0.611702 127 0 127
-0.527117 0.256678 0.569996 153 0 76
0.520722 -0.307973 -0.559258 153 76 0
0.308691 0.240925 0.611702 127 0 127
-0.105502 -0.313442 0.611702 127 0 127
-0.004106 0.174893 0.357404 76 0 153
-0.040751 -0.616226 0.433831 76 0 153
0.100791 -0.126670 0.573205 127 0 127
-0.563656 0.224892 0.028656 153 0 76
-0.360624 -0.516236 -0.559258 153 76 0
-0.516591 0.538694 -0.609426 153 0 76
0.047224 0.033224 0.479931 76 0 153
0.549028 -0.133587 -0.357939 76 153 0
-0.004106 0.202505 -0.374850 76 0 153
-0.488630 -0.654723 -0.503003 76 0 153
0.420783 -0.265873 -0.610588 0 0 255
-0.160755 0.550039 0.569996 153 0 76
-0.328462 0.538694 -0.550789 153 0 76
-0.158344 0.538694 -0.157900 153 0 76
0.549028 -0.460748 -0.355889 76 153 0
-0.292861 0.577191 -0.334501 153 0 76
-0.512326 0.429272 -0.160792 153 0 76
0.549028 0.268396 0.495072 76 153 0
0.600358 0.361380 0.452578 76 153 0
-0.004106 0.393784 -0.215195 76 0 153
-0.234386 -0.321244 0.573205 127 0 127
-0.563656 -0.100189 0.422311 153 0 76
-0.478391 0.382709 -0.559258 153 76 0
0.397094 -0.616226 0.206220 76 0 153
0.154211 0.538694 0.180310 153 0 76
-0.333740 0.518554 0.611702 127 0 127
-0.004106 0.448284 0.112725 76 0 153
0.600358 0.122671 0.275548 76 153 0
0.600358 -0.448844 -0.049485 76 153 0
0.292379 -0.151102 -0.606834 0 0 255
0.600358 -0.296969 -0.075569 76 153 0
0.458833 0.577191 -0.200315 153 0 76
0.577909 -0.654723 0.535648 76 0 153
-0.070446 0.538694 0.548185 153 0 76
0.047224 0.473811 -0.493799 76 0 153
-0.512326 -0.243408 -0.232312 153 0 76
-0.129117 -0.434835 -0.572091 153 76 0
0.600358 -0.591194 -0.581791 76 153 0
0.435056 -0.598971 -0.610588 0 0 255
-0.373087 0.538694 -0.497235 153 0 76
0.277572 -0.400312 0.573205 127 0 127
0.047224 -0.065573 0.138002 76 0 153
0.091500 -0.616226 0.429629 76 0 153
0.549028 -0.470519 -0.185616 76 153 0
0.026784 0.577191 0.160762 153 0 76
0.459294 -0.654723 -0.439311 76 0 153
-0.516233 -0.251269 0.573205 127 0 127
-0.512326 -0.483479 -0.120133 153 0 76
-0.004106 -0.514362 0.518188 76 0 153
0.047224 0.046955 -0.166309 76 0 153
-0.563656 0.093116 0.456674 153 0 76
-0.004106 0.090095 0.369387 76 0 153
-0.494672 -0.566579 0.573205 127 0 127
0.486835 -0.616226 0.420571 76 0 153
0.122415 0.577191 0.410951 153 0 76
0.229733 0.474451 0.662274 0 127 127
0.047224 0.053857 0.163344 76 0 153
-0.201213 0.538694 0.199391 153 0 76
0.441025 0.277382 0.611702 127 0 127
0.424346 0.101380 0.573205 127 0 127
-0.563656 0.098438 0.184392 153 0 76
0.549028 0.487028 -0.469910 76 153 0
0.421734 -0.346358 -0.559258 153 76 0
0.549028 -0.197369 -0.039665 76 153 0
0.571584 0.577191 -0.194493 153 0 76
-0.235325 0.577191 0.301074 153 0 76
0.484610 -0.089479 0.573205 127 0 127
-0.563656 0.467387 0.245428 153 0 76
0.600358 0.001394 -0.160970 76 153 0
0.370440 0.538694 -0.246426 153 0 76
0.600358 -0.303008 0.088624 76 153 0
-0.512326 0.130118 -0.185251 153 0 76
0.047224 0.449914 0.051490 76 0 153
0.600358 -0.026520 0.248338 76 153 0
0.600358 0.222855 -0.160315 76 153 0
0.209067 0.538694 -0.318648 153 0 76
-0.512326 0.344116 0.315134 153 0 76
-0.004106 -0.078245 -0.504919 76 0 153
-0.106531 -0.616226 -0.263112 76 0 153
0.295037 0.577191 0.183206 153 0 76
-0.516143 0.577191 -0.277958 153 0 76
0.135959 0.502533 -0.559258 153 76 0
-0.563656 -0.568985 -0.123628 153 0 76
-0.512326 -0.237651 0.279209 153 0 76
-0.004106 -0.309368 -0.441904 76 0 153
-0.299388 -0.000290 -0.610588 204 51 127
-0.196261 -0.616226 -0.285406 76 0 153
-0.512326 -0.142949 0.291446 153 0 76
0.600358 -0.523119 0.197445 76 153 0
0.047224 -0.583679 0.348178 76 0 153
-0.512326 -0.100110 -0.287465 153 0 76
-0.512326 -0.232126 0.105409 153 0 76
0.549028 -0.078867 0.359081 76 153 0
-0.004106 -0.012097 0.247726 76 0 153
0.554004 0.577191 0.302446 153 0 76
-0.308824 0.577191 0.241829 153 0 76
-0.563656 -0.287348 0.305074 153 0 76
-0.004106 -0.551924 0.449301 76 0 153
-0.315218 -0.589518 -0.572091 153 76 0
0.419884 0.394153 0.573205 127 0 127
-0.092997 -0.654723 -0.467591 76 0 153
-0.004106 0.251247 0.488399 76 0 153
-0.004106 0.160166 0.176820 76 0 153
-0.512326 -0.009340 -0.176663 153 0 76
-0.496032 0.538694 -0.461111 153 0 76
-0.563656 0.196413 0.423089 153 0 76
0.139959 0.539083 0.611702 127 0 127
0.549028 0.270259 -0.399737 76 153 0
0.047224 -0.123862 0.361759 76 0 153
-0.382215 -0.616226 0.053730 76 0 153
-0.563656 -0.288778 0.164933 153 0 76
-0.495001 0.577191 0.173540 153 0 76
0.549028 0.336923 0.482636 76 153 0
0.047224 0.178232 0.410660 76 0 153
0.090139 -0.516621 0.611702 127 0 127
0.425719 0.538694 -0.108920 153 0 76
-0.563656 -0.322216 -0.217909 153 0 76
-0.512326 0.181533 0.122523 153 0 76
0.036264 -0.148275 -0.559258 76 0 153
-0.563656 0.441291 0.054692 153 0 76
0.532430 0.259438 -0.572091 153 76 0
-0.563656 0.492016 -0.036135 153 0 76
-0.512326 0.073390 -0.320728 153 0 76
-0.512326 0.266628 -0.180795 153 0 76
0.047224 -0.160465 -0.221886 76 0 153
-0.344048 -0.456523 -0.610588 204 51 127
0.600358 -0.242683 0.275369 76 153 0
-0.004106 0.407596 -0.369476 76 0 153
-0.563656 -0.368603 -0.474818 153 0 76
-0.004106 0.326677 0.182910 76 0 153
0.549028 -0.043326 -0.253133 76 153 0
-0.054081 0.577191 -0.112097 153 0 76
-0.512326 -0.444013 -0.210901 153 0 76
0.536224 -0.605570 -0.610588 0 0 255
-0.054159 -0.654723 0.299639 76 0 153
-0.004106 -0.154308 -0.500806 76 0 153
0.600358 -0.366127 0.216938 76 153 0
-0.505148 -0.616226 -0.450406 76 0 153
-0.512326 -0.461217 -0.415622 153 0 76
-0.173553 0.169021 -0.559258 153 76 0
-0.563656 -0.647958 0.019037 76 0 153
-0.132441 -0.352050 -0.559258 153 76 0
0.318190 0.120812 -0.610588 0 0 255
-0.314004 0.429629 -0.559258 153 76 0
-0.512326 0.093761 -0.432792 153 0 76
-0.512326 -0.136136 -0.496420 153 0 76
0.549028 -0.331011 -0.091493 76 153 0
-0.512326 -0.339410 -0.137125 153 0 76
0.549028 -0.528219 -0.541576 76 153 0
-0.563656 0.063019 0.036878 153 0 76
0.047224 -0.353526 0.189607 76 0 153
-0.004106 0.067404 0.452776 76 0 153
0.549028 0.167910 0.238166 76 153 0
0.062606 -0.360492 0.611702 127 0 127
0.377510 0.577191 0.103315 153 0 76
-0.015458 -0.492428 -0.559258 153 76 0
0.047224 0.366679 0.405209 76 0 153
-0.512326 0.400479 0.139272 153 0 76
-0.216612 0.538694 -0.117508 153 0 76
-0.563656 -0.498367 0.010612 153 0 76
-0.004106 -0.112745 0.411423 76 0 153
0.600358 -0.330788 0.554250 76 153 0
-0.512326 0.464471 0.425923 153 0 76
-0.352788 0.421298 -0.610588 204 51 127
0.549028 -0.214613 0.133350 76 153 0
0.600358 -0.049787 -0.434785 76 153 0
-0.471592 -0.654723 -0.334009 76 0 153
-0.153572 -0.654723 -0.431521 76 0 153
-0.312230 -0.267850 -0.610588 204 51 127
0.549028 -0.409603 0.478098 76 153 0
0.278061 0.538694 -0.314886 153 0 76
-0.512326 -0.263444 0.403415 153 0 76
0.445187 -0.616226 0.035629 76 0 153
0.047224 0.070653 0.293552 76 0 153
0.047224 -0.372305 0.330364 76 0 153
0.549028 0.272389 -0.073549 76 153 0
-0.512326 -0.092760 0.165871 153 0 76
0.087441 0.538694 0.106976 153 0 76
0.549028 -0.512888 0.299525 76 153 0
-0.563656 0.086715 -0.054621 153 0 76
0.047224 -0.373424 0.257813 76 0 153
-0.004106 -0.095968 -0.387478 76 0 153
0.549028 0.426509 -0.360247 76 153 0
0.599575 -0.654723 -0.285036 76 0 153
-0.004106 -0.324948 0.443595 76 0 153
-0.563656 0.100606 -0.532527 153 0 76
-0.004106 -0.191748 -0.260298 76 0 153
-0.307127 0.320444 0.573205 127 0 127
0.600358 -0.446122 0.463011 76 153 0
0.047224 0.474951 0.140311 76 0 153
-0.019487 0.538694 -0.024917 153 0 76
-0.563656 -0.009256 -0.246086 153 0 76
0.257678 -0.486095 -0.572091 153 76 0
-0.004106 0.158540 -0.422230 76 0 153
0.600358 0.398240 -0.169667 76 153 0
-0.004106 -0.403116 -0.219501 76 0 153
0.302800 0.141498 0.611702 127 0 127
-0.563656 -0.143071 0.175867 153 0 76
0.549028 -0.463552 -0.275251 76 153 0
0.549028 -0.369716 0.559020 76 153 0
-0.563656 0.173462 -0.206062 153 0 76
-0.176080 -0.616226 -0.075911 76 0 153
-0.004106 0.033007 -0.247027 76 0 153
-0.009206 0.577191 0.224757 153 0 76
0.600358 -0.247826 -0.565985 76 153 0
0.549028 0.083238 -0.404724 76 153 0
-0.563656 -0.017223 0.301488 153 0 76
-0.435073 -0.278062 0.573205 127 0 127
0.047224 0.367291 -0.242493 76 0 153
0.435738 0.493015 -0.572091 153 76 0
-0.563656 -0.654300 -0.242077 76 0 153
-0.253054 0.577191 -0.394602 153 0 76
-0.004106 0.329695 0.081020 76 0 153
-0.351447 -0.291571 -0.559258 153 76 0
0.549028 -0.218503 -0.160479 76 153 0
-0.563656 0.180290 0.562290 153 0 76
0.444134 -0.616226 -0.517711 76 0 153
0.600358 -0.223300 -0.475463 76 153 0
0.600358 -0.262980 -0.242617 76 153 0
0.600358 0.455368 0.292967 76 153 0
0.493463 -0.462903 0.573205 127 0 127
0.415956 0.404320 -0.572091 153 76 0
-0.160987 0.577191 -0.372344 153 0 76
0.124327 0.538694 -0.391107 153 0 76
-0.492546 0.127049 -0.559258 153 76 0
0.549028 -0.569650 -0.260434 76 153 0
0.600358 0.512608 -0.335584 76 153 0
0.116182 0.538694 -0.210691 153 0 76
-0.004106 -0.565892 0.241472 76 0 153
-0.563656 0.205267 0.186563 153 0 76
-0.406953 0.512350 0.611702 127 0 127
-0.282525 0.577191 -0.200614 153 0 76
0.551764 0.577191 0.393329 153 0 76
0.511793 -0.426129 -0.610588 0 0 255
-0.004106 -0.577866 -0.145814 76 0 153
0.028562 0.538694 -0.378288 153 0 76
0.070751 0.511245 -0.572091 153 76 0
0.013607 0.577191 -0.478368 153 0 76
0.554648 0.496285 0.611702 127 0 127
0.047224 0.236348 0.083417 76 0 153
0.600358 0.075292 0.069799 76 153 0
0.600358 0.078166 -0.510480 76 153 0
-0.326928 0.064194 -0.610588 204 51 127
0.600358 0.011958 -0.469608 76 153 0
0.322861 -0.616226 0.532840 76 0 153
0.223095 -0.616226 0.487952 76 0 153
-0.563656 0.215182 -0.257440 153 0 76
0.376491 -0.503321 0.611702 127 0 127
0.174881 -0.047457 0.573205 127 0 127
0.347647 0.402861 -0.610588 0 0 255
-0.563656 -0.642857 -0.536337 76 0 153
-0.563656 -0.579890 0.145233 153 0 76
-0.512326 0.208648 -0.023963 153 0 76
0.419641 0.240353 -0.610588 0 0 255
0.033670 0.433805 0.557164 76 0 153
-0.512326 0.472739 -0.219726 153 0 76
-0.004106 -0.234308 0.145400 76 0 153
-0.390819 -0.616226 -0.033022 76 0 153
-0.195034 -0.446715 -0.559258 153 76 0
0.130462 0.078658 0.611702 127 0 127
0.549028 -0.607854 0.030438 76 153 0
-0.111427 0.538694 0.006076 153 0 76
0.359220 -0.269171 0.573205 127 0 127
0.549028 0.491369 -0.540072 76 153 0
-0.563656 -0.146778 -0.403852 153 0 76
-0.383790 -0.410316 0.611702 127 0 127
-0.379211 0.081376 -0.559258 153 76 0
0.549028 0.173676 -0.314883 76 153 0
0.600358 0.037257 -0.348482 76 153 0
0.600358 0.257887 -0.301996 76 153 0
-0.168978 -0.436602 0.611702 127 0 127
0.210235 0.538694 0.541111 153 0 76
-0.563656 0.314805 -0.597416 153 0 76
0.600358 -0.572841 -0.380414 76 153 0
-0.108439 0.577191 0.125397 153 0 76
0.600358 0.456328 -0.262413 76 153 0
0.600358 0.328929 -0.563084 76 153 0
0.600358 0.501300 0.473972 76 153 0
0.600358 0.037472 -0.234447 76 153 0
0.027631 0.577191 -0.117091 153 0 76
0.047224 -0.237644 0.263839 76 0 153
0.047224 -0.462285 -0.456093 76 0 153
-0.372675 0.577191 -0.166922 153 0 76
-0.059445 -0.129480 0.573205 127 0 127
0.549028 0.302564 -0.525422 76 153 0
0.107925 0.216391 0.611702 127 0 127
-0.412283 0.207247 -0.559258 153 76 0
-0.512326 -0.314490 0.187401 153 0 76
0.047224 -0.245181 -0.024839 76 0 153
0.047224 -0.350043 -0.402906 76 0 153
-0.082071 0.577191 -0.350854 153 0 76
-0.512326 0.074840 -0.509422 153 0 76
0.549028 -0.330195 -0.424076 76 153 0
0.098771 0.538694 0.213789 153 0 76
-0.512326 0.534040 0.505088 153 0 76
-0.512326 0.257384 -0.119567 153 0 76
0.047224 -0.053647 0.332147 76 0 153
-0.048115 0.406178 0.611702 127 0 127
-0.512326 0.366882 -0.034106 153 0 76
0.549028 -0.176063 -0.300551 76 153 0
0.549028 -0.516756 0.021966 76 153 0
-0.018285 -0.328431 0.611702 127 0 127
-0.397246 0.538694 0.193320 153 0 76
-0.373454 0.426087 0.611702 127 0 127
0.047224 -0.158976 -0.150060 76 0 153
0.369666 -0.412501 0.611702 127 0 127
-0.004106 -0.078786 0.543854 76 0 153
-0.440719 -0.431068 -0.559258 153 76 0
0.052647 -0.005096 0.611702 127 0 127
-0.512326 -0.218341 -0.072316 153 0 76
-0.381584 -0.144433 -0.559258 153 76 0
-0.512326 0.209739 -0.462641 153 0 76
0.549028 -0.056108 -0.173452 76 153 0
-0.563656 -0.166794 0.453052 153 0 76
0.047224 -0.278497 0.414316 76 0 153
-0.563656 -0.295051 -0.150892 153 0 76
-0.004106 0.388363 -0.113797 76 0 153
0.313206 0.577191 0.278537 153 0 76
-0.276145 -0.654723 -0.555360 76 0 153
0.549028 -0.073721 0.146788 76 153 0
0.543641 -0.654723 0.112927 76 0 153
-0.015867 0.019962 0.611702 127 0 127
-0.512326 0.005577 0.493109 153 0 76
0.047224 -0.001169 -0.415512 76 0 153
-0.512326 0.505456 0.254293 153 0 76
-0.004106 -0.263195 -0.109397 76 0 153
0.348588 -0.546174 -0.610588 0 0 255
-0.004106 0.261886 -0.193222 76 0 153
-0.563656 0.262858 -0.077795 153 0 76
-0.102960 -0.021491 0.611702 127 0 127
0.372877 0.577191 -0.520791 153 0 76
-0.086411 -0.654723 -0.311067 76 0 153
-0.298204 -0.654723 0.106630 76 0 153
0.430489 -0.654723 -0.347630 76 0 153
0.521989 0.577191 0.512572 153 0 76
0.153148 -0.124331 -0.559258 153 76 0
0.535290 -0.654723 -0.427952 76 0 153
0.047224 -0.243874 -0.454668 76 0 153
0.469260 0.538694 -0.376589 153 0 76
0.600358 0.140149 -0.323959 76 153 0
0.368464 0.577191 -0.381665 153 0 76
-0.220529 0.577191 -0.051903 153 0 76
0.549028 0.442804 -0.080963 76 153 0
-0.068974 -0.202806 0.573205 127 0 127
-0.360164 0.538694 0.557397 153 0 76
0.122122 -0.616226 0.085478 76 0 153
-0.166434 0.577191 0.391024 153 0 76
-0.512326 -0.071350 -0.132232 153 0 76
0.424080 0.143588 -0.610588 0 0 255
0.549028 -0.269856 0.086372 76 153 0
-0.563656 0.195765 -0.384291 153 0 76
0.090313 0.105167 0.573205 127 0 127
0.310508 -0.059315 0.573205 127 0 127
-0.004106 0.448246 -0.417908 76 0 153
-0.137991 -0.132989 0.573205 127 0 127
-0.035025 0.179645 -0.572091 153 76 0
-0.294427 -0.053545 -0.559258 153 76 0
-0.004106 -0.447625 0.198204 76 0 153
-0.166575 -0.654723 -0.174700 76 0 153
0.012112 -0.654723 -0.556142 76 0 153
0.600358 -0.140412 -0.139293 76 153 0
-0.563656 -0.041399 -0.472029 153 0 76
-0.080989 -0.616226 -0.079138 76 0 153
0.549028 0.359764 0.040713 76 153 0
-0.418684 0.528642 -0.610588 204 51 127
-0.563656 -0.201030 0.216819 153 0 76
-0.004106 0.414649 0.052006 76 0 153
-0.004106 0.057762 0.035660 76 0 153
-0.129279 0.538694 0.214427 153 0 76
-0.068957 0.461695 0.678493 0 127 127
0.449425 0.538694 -0.312017 153 0 76
0.549028 0.499683 0.440973 76 153 0
0.600358 -0.125242 0.003670 76 153 0
-0.563656 -0.052761 -0.298769 153 0 76
-0.563656 0.267234 0.441852 153 0 76
-0.563656 -0.380982 0.467752 153 0 76
0.180061 -0.310315 0.611702 127 0 127
-0.004106 -0.326913 -0.070805 76 0 153
0.549028 0.386951 0.194272 76 153 0
-0.527997 -0.616226 -0.329895 76 0 153
0.047224 -0.422264 -0.123115 76 0 153
-0.294941 -0.023436 0.611702 127 0 127
-0.563656 -0.395328 -0.357934 153 0 76
-0.563656 0.472163 0.382231 153 0 76
0.047224 -0.230914 -0.383647 76 0 153
-0.094147 -0.654723 0.439027 76 0 153
-0.512326 0.524184 0.372007 153 0 76
0.549028 0.474844 0.089426 76 153 0
-0.155757 -0.654723 0.237908 76 0 153
-0.004106 -0.286475 0.378997 76 0 153
-0.512326 0.472792 0.312020 153 0 76
-0.256655 0.538694 0.442787 153 0 76
0.336127 0.538694 -0.142457 153 0 76
0.047224 -0.184503 0.077298 76 0 153
-0.512326 0.428123 -0.537265 153 0 76
0.600358 -0.334494 0.012079 76 153 0
-0.272746 0.538694 0.542011 153 0 76
-0.321791 0.169401 0.611702 127 0 127
0.076175 -0.616226 -0.177493 76 0 153
-0.512326 0.529438 -0.009566 153 0 76
-0.362154 0.577191 0.451253 153 0 76
-0.357881 -0.654723 0.359767 76 0 153
-0.563656 0.475202 -0.437285 153 0 76
0.003168 0.577191 -0.321412 153 0 76
-0.136113 0.538694 -0.306604 153 0 76
0.090582 0.577191 -0.338373 153 0 76
-0.512326 -0.451266 0.510997 153 0 76
-0.512326 -0.447759 -0.071126 153 0 76
0.166250 0.442743 0.573205 127 0 127
0.047224 -0.364803 -0.541822 76 0 153
-0.212526 0.577191 0.472859 153 0 76
-0.032821 -0.613645 0.611702 127 0 127
-0.453202 0.326567 0.611702 127 0 127
-0.004106 0.330027 0.361419 76 0 153
-0.563656 -0.533807 0.246570 153 0 76
0.479611 0.059414 0.573205 127 0 127
0.454171 0.577191 -0.551569 153 0 76
-0.563656 -0.176417 -0.301587 153 0 76
-0.512326 -0.056885 0.048458 153 0 76
0.360236 -0.231112 -0.610588 0 0 255
-0.004106 0.237857 -0.122146 76 0 153
0.047224 0.009589 -0.034515 76 0 153
-0.004106 -0.304414 -0.341970 76 0 153
0.549028 0.064694 -0.084176 76 153 0
0.065024 -0.616226 -0.335532 76 0 153
-0.257809 -0.524400 -0.610588 204 51 127
0.549028 -0.601779 -0.337059 76 153 0
-0.525442 0.081294 0.573205 127 0 127
0.047224 -0.345228 -0.115124 76 0 153
0.221537 0.538694 0.367477 153 0 76
-0.444826 0.356732 -0.610588 204 51 127
-0.512326 -0.123067 -0.433056 153 0 76
-0.004106 0.391344 0.222044 76 0 153
-0.207968 0.129240 0.573205 127 0 127
-0.004106 -0.353012 0.358824 76 0 153
0.352576 0.496461 -0.610588 0 0 255
-0.563656 0.174477 -0.308763 153 0 76
0.445315 0.577191 0.189654 153 0 76
-0.058221 0.538694 -0.433256 153 0 76
0.549028 -0.223120 0.037047 76 153 0
0.600358 -0.478227 0.244957 76 153 0
0.600358 -0.579384 0.133272 76 153 0
-0.004106 -0.439752 0.340945 76 0 153
-0.046619 0.538694 0.126090 153 0 76
-0.512326 -0.528332 -0.592158 204 51 127
0.047224 0.347556 0.525601 76 0 153
0.081471 -0.228060 0.611702 127 0 127
-0.512326 0.414647 0.523455 153 0 76
-0.136319 0.538694 -0.577631 153 0 76
-0.512326 -0.434584 0.024782 153 0 76
0.549028 -0.142220 0.540882 76 153 0
-0.512326 -0.606472 0.457285 153 0 76
0.549028 0.034398 0.410604 76 153 0
-0.450639 -0.616226 0.034582 76 0 153
0.600358 -0.268296 -0.413667 76 153 0
-0.327339 -0.654723 0.473991 76 0 153
-0.563656 -0.334052 0.557059 153 0 76
-0.563656 -0.409859 0.184901 153 0 76
0.299174 0.538694 -0.428496 153 0 76
-0.114851 0.282174 0.573205 127 0 127
-0.269735 -0.616226 -0.478416 76 0 153
0.600358 -0.035300 0.181875 76 153 0
0.549028 0.285560 0.554617 76 153 0
-0.092186 -0.616226 -0.560756 153 76 0
0.450067 -0.289957 -0.559258 153 76 0
0.070641 -0.616226 0.154797 76 0 153
0.549028 0.395176 0.507805 76 153 0
0.047224 0.331956 -0.112498 76 0 153
0.506108 0.155523 -0.559258 153 76 0
0.296403 -0.654723 0.189496 76 0 153
0.019954 0.406173 0.611702 127 0 127
0.227023 -0.616226 -0.529143 76 0 153
-0.232757 -0.013525 0.573205 127 0 127
-0.129316 -0.582686 0.573205 127 0 127
0.126690 0.538694 0.499776 153 0 76
0.549028 0.351141 -0.225579 76 153 0
0.549028 -0.256278 0.566347 76 153 0
0.549028 0.295918 -0.288793 76 153 0
-0.434106 0.097100 -0.610588 204 51 127
-0.005114 -0.199051 -0.572091 153 76 0
0.316594 0.170223 -0.572091 153 76 0
-0.512326 0.027696 0.104602 153 0 76
0.479361 -0.009248 -0.610588 0 0 255
-0.538089 0.577191 0.337631 153 0 76
0.430999 0.489830 0.573205 127 0 127
0.006684 -0.447601 0.573205 127 0 127
-0.428527 -0.261838 -0.559258 153 76 0
-0.463151 0.467666 0.637361 0 127 127
0.600358 -0.415062 0.607853 127 0 127
0.357383 -0.616226 -0.129683 76 0 153
0.542944 0.497375 -0.610588 0 0 255
-0.512326 0.333420 0.024907 153 0 76
-0.004106 0.092519 -0.382453 76 0 153
0.362563 0.577191 0.412968 153 0 76
0.305106 0.538694 0.067536 153 0 76
0.047224 -0.307118 0.308214 76 0 153
0.600358 -0.548086 -0.072096 76 153 0
-0.512326 -0.134050 -0.559849 153 76 0
0.147188 -0.492754 -0.572091 153 76 0
-0.383606 -0.654723 0.262248 76 0 153
0.402436 -0.010602 0.611702 127 0 127
0.549028 0.203579 0.487718 76 153 0
-0.441029 -0.076327 0.573205 127 0 127
0.135690 -0.616226 0.564901 76 0 153
-0.512326 0.363793 0.413227 153 0 76
0.047224 0.484797 -0.433339 76 0 153
0.047224 -0.264626 -0.328704 76 0 153
0.077524 -0.654723 0.539960 76 0 153
0.600358 -0.365942 0.408027 76 153 0
0.600358 -0.421353 -0.418325 76 153 0
-0.004106 -0.532099 0.298071 76 0 153
-0.563656 -0.290526 -0.270737 153 0 76
-0.512326 -0.277825 -0.180964 153 0 76
-0.512326 -0.491308 -0.514589 153 0 76
-0.004106 0.291762 -0.356731 76 0 153
0.011673 -0.654723 0.173269 76 0 153
0.089485 -0.654723 -0.476100 76 0 153
0.047224 -0.597916 -0.508448 76 0 153
0.549028 -0.484310 -0.593064 76 153 0
-0.239040 -0.654723 -0.389057 76 0 153
0.511919 0.577191 -0.402242 153 0 76
-0.563656 -0.299238 0.363321 153 0 76
0.070884 -0.654723 -0.570892 76 0 153
-0.563656 0.423511 0.205340 153 0 76
-0.337659 0.538694 0.280143 153 0 76
0.552733 -0.616226 -0.201019 76 153 0
-0.524322 -0.273118 -0.610588 153 0 76
-0.512326 -0.541696 -0.150968 153 0 76
-0.033336 0.522570 0.611702 127 0 127
-0.562878 -0.569228 -0.610588 153 0 76
-0.217880 0.313449 0.611702 127 0 127
-0.512326 -0.010398 -0.007160 153 0 76
0.600358 0.296063 0.467101 76 153 0
0.305541 0.250268 -0.559258 153 76 0
-0.004106 -0.187736 0.200979 76 0 153
-0.563656 0.489938 -0.569925 153 0 76
-0.367053 -0.654723 -0.304635 76 0 153
-0.563656 -0.003799 0.099126 153 0 76
0.407538 0.538694 0.532363 153 0 76
0.047224 0.404064 -0.517074 76 0 153
-0.264628 -0.654723 0.336163 76 0 153
-0.231454 -0.654723 0.176705 76 0 153
0.129356 0.156550 -0.559258 153 76 0
0.600358 -0.556533 -0.131331 76 153 0
0.244677 0.538694 -0.368102 153 0 76
-0.512326 -0.311171 -0.401994 153 0 76
-0.512326 -0.188352 -0.180624 153 0 76
0.600358 0.444747 0.112975 76 153 0
-0.228940 0.538694 0.387943 153 0 76
-0.131406 0.577191 0.446247 153 0 76
0.600358 0.425053 -0.555314 76 153 0
-0.250583 -0.654723 0.498535 76 0 153
0.444890 -0.616226 -0.396778 76 0 153
0.259029 -0.239447 0.573205 127 0 127
-0.181546 -0.048132 -0.572091 153 76 0
0.600358 0.313365 -0.443722 76 153 0
0.530190 0.538694 -0.079616 153 0 76
-0.004106 -0.191281 0.451820 76 0 153
0.524243 0.388011 0.573205 127 0 127
0.549028 0.516506 0.175598 76 153 0
-0.512326 0.184860 0.359120 153 0 76
0.196647 0.577191 0.213935 153 0 76
0.369476 -0.170507 -0.610588 0 0 255
0.549028 0.149411 0.117582 76 153 0
0.047224 -0.134448 -0.415514 76 0 153
0.423868 -0.177281 0.611702 127 0 127
0.431279 0.219677 0.573205 127 0 127
0.104054 -0.223731 -0.572091 153 76 0
-0.563656 0.543068 0.550036 153 0 76
0.298123 -0.467128 -0.610588 0 0 255
0.478500 0.538694 -0.243451 153 0 76
0.213933 0.112074 0.611702 127 0 127
0.549028 -0.452697 0.425197 76 153 0
-0.512326 -0.022414 0.166910 153 0 76
-0.563656 -0.088378 -0.545740 153 0 76
-0.004106 0.251519 -0.063763 76 0 153
0.047224 0.052686 -0.226103 76 0 153
0.028411 0.249315 -0.559258 153 76 0
-0.264318 -0.654723 0.396811 76 0 153
-0.563656 -0.132679 -0.045492 153 0 76
-0.219947 -0.616226 0.113186 76 0 153
0.464073 -0.616226 0.326452 76 0 153
0.564276 -0.654723 -0.481232 76 0 153
0.047224 0.453876 -0.145566 76 0 153
-0.563656 0.367898 -0.280240 153 0 76
0.549028 -0.054650 -0.048787 76 153 0
-0.450338 -0.181484 -0.572091 204 51 127
0.047224 -0.470663 -0.206804 76 0 153
-0.133823 -0.223214 -0.559258 153 76 0
0.492285 0.538694 -0.027262 153 0 76
-0.563656 0.443702 -0.332078 153 0 76
-0.004106 0.099542 -0.494540 76 0 153
-0.264472 0.372650 -0.559258 153 76 0
-0.563656 0.202057 0.082683 153 0 76
-0.004106 0.130482 -0.234216 76 0 153
-0.512326 -0.322304 -0.539120 153 0 76
-0.281684 -0.589714 0.573205 127 0 127
0.212344 -0.002376 0.573205 127 0 127
0.600358 0.426229 0.377644 76 153 0
0.600358 0.178504 0.138640 76 153 0
-0.563656 -0.453268 -0.117996 153 0 76
-0.448916 0.010626 -0.559258 153 76 0
0.549028 0.416584 -0.148242 76 153 0
-0.563656 -0.477372 0.083928 153 0 76
-0.117791 0.577191 0.056738 153 0 76
-0.563656 -0.232371 -0.510003 153 0 76
-0.004106 -0.026831 -0.385647 76 0 153
0.549028 -0.173397 0.221336 76 153 0
0.415407 0.538694 0.231348 153 0 76
0.600358 -0.051306 0.605808 127 0 127
0.600358 0.084606 0.221876 76 153 0
0.351343 0.577191 0.167517 153 0 76
0.047224 -0.546426 -0.104424 76 0 153
0.235837 -0.616226 -0.411466 76 0 153
-0.512326 -0.530670 0.420657 153 0 76
0.549028 0.066408 0.183595 76 153 0
0.549028 -0.354854 -0.294061 76 153 0
-0.563656 0.057962 -0.409948 153 0 76
-0.512326 0.009117 0.338903 153 0 76
-0.512326 0.075871 0.391938 153 0 76
-0.398470 0.353666 0.573205 127 0 127
-0.004106 0.522864 -0.082630 76 0 153
-0.123713 0.538694 0.369661 153 0 76
0.312992 -0.654723 0.456192 76 0 153
-0.004106 -0.211222 0.315970 76 0 153
-0.138785 0.365367 -0.572091 153 76 0
-0.004106 -0.333445 0.236130 76 0 153
-0.322033 0.538694 -0.301824 153 0 76
-0.096132 -0.360301 0.573205 127 0 127
0.208581 0.223398 0.573205 127 0 127
-0.161094 -0.538547 0.611702 127 0 127
0.047224 -0.593137 -0.424322 76 0 153
0.583881 0.577191 -0.251395 153 0 76
-0.126136 -0.444970 0.573205 127 0 127
0.146871 -0.654723 0.248966 76 0 153
-0.004106 0.117272 0.044741 76 0 153
0.457613 -0.654723 -0.112369 76 0 153
0.549028 0.065277 -0.213303 76 153 0
0.549028 -0.606170 0.490459 76 153 0
0.549028 0.502227 -0.250300 76 153 0
0.530805 -0.654723 0.169629 76 0 153
-0.224935 -0.616226 0.415430 76 0 153
-0.357254 0.538694 0.114908 153 0 76
0.558363 -0.616226 -0.124922 76 153 0
-0.563656 0.390040 0.287044 153 0 76
0.402392 0.577191 -0.433661 153 0 76
-0.004106 -0.613017 -0.051052 76 0 153
0.296578 -0.143059 0.611702 127 0 127
-0.435791 -0.469061 0.573205 127 0 127
-0.512326 0.065083 0.285237 153 0 76
0.401112 0.157958 -0.559258 153 76 0
0.549028 -0.172561 -0.104970 76 153 0
-0.227003 -0.493500 0.611702 127 0 127
0.435416 -0.398807 0.611702 127 0 127
-0.117751 0.072994 -0.572091 153 76 0
-0.512326 -0.180998 -0.430578 153 0 76
-0.004106 0.327573 0.301916 76 0 153
0.600358 -0.162319 0.495621 76 153 0
0.043970 0.538694 -0.231789 153 0 76
-0.186361 0.577191 -0.505346 153 0 76
0.600358 0.251764 -0.220668 76 153 0
-0.004106 -0.213043 0.042064 76 0 153
-0.004106 0.026973 0.164553 76 0 153
-0.320500 -0.343442 -0.559258 153 76 0
-0.512431 -0.616226 0.186779 153 0 76
-0.512326 0.487323 0.114082 153 0 76
0.198898 0.380609 0.573205 127 0 127
0.047224 -0.407687 -0.422357 76 0 153
0.085528 0.577191 -0.455582 153 0 76
-0.067271 0.577191 0.479952 153 0 76
0.600358 0.506546 0.531560 76 153 0
-0.563130 0.538694 -0.402548 153 0 76
-0.056550 0.482834 -0.559258 153 76 0
-0.537248 0.577191 0.212996 153 0 76
0.549028 -0.514805 -0.401357 76 153 0
0.552513 0.538693 -0.442636 76 153 0
-0.004106 0.127087 0.110785 76 0 153
0.047224 -0.129315 0.146052 76 0 153
-0.004106 -0.439133 0.398710 76 0 153
-0.290479 0.577191 -0.578790 153 0 76
-0.319116 -0.465370 -0.559258 153 76 0
0.186212 0.538694 -0.012460 153 0 76
-0.563656 0.028166 -0.522039 153 0 76
-0.563656 0.036069 0.248810 153 0 76
0.197951 -0.654723 0.395902 76 0 153
0.451563 -0.519428 -0.559258 153 76 0
0.549028 -0.402258 0.073171 76 153 0
0.549028 -0.284765 0.266567 76 153 0
-0.030362 0.001658 -0.559258 153 76 0
-0.100539 -0.616226 0.331782 76 0 153
-0.386425 -0.576906 0.611702 127 0 127
-0.400836 0.538694 -0.039434 153 0 76
-0.004106 -0.526406 0.195830 76 0 153
0.482407 0.444818 -0.572091 153 76 0
-0.240029 -0.357448 -0.572091 153 76 0
0.600358 0.200387 -0.549308 76 153 0
0.170111 -0.224858 0.611702 127 0 127
0.283127 -0.616226 -0.451805 76 0 153
0.047224 0.359827 -0.434893 76 0 153
-0.485779 0.149687 0.573205 127 0 127
0.102176 0.577191 -0.512589 153 0 76
0.220932 0.414084 -0.559258 153 76 0
0.243663 -0.616226 -0.254553 76 0 153
0.047224 -0.346402 0.132499 76 0 153
0.549028 0.519206 -0.310411 76 153 0
-0.334018 -0.654723 0.233060 76 0 153
0.047224 0.202175 0.250296 76 0 153
-0.512326 0.137817 -0.332737 153 0 76
-0.311835 0.538694 -0.051416 153 0 76
-0.563656 -0.049720 0.552122 153 0 76
-0.207561 -0.616226 -0.346968 76 0 153
0.358492 0.243145 -0.610588 0 0 255
-0.297573 -0.333219 0.573205 127 0 127
-0.563656 -0.541745 -0.473263 153 0 76
0.547966 0.071243 -0.610588 0 0 255
-0.045952 -0.616226 -0.162382 76 0 153
0.368910 -0.654723 -0.172882 76 0 153
0.026987 0.517200 0.611702 127 0 127
0.239592 0.538694 0.310131 153 0 76
0.043700 -0.512272 0.573205 127 0 127
0.351102 -0.616226 0.269511 76 0 153
-0.427335 -0.537025 -0.559258 153 76 0
0.047224 -0.398690 -0.303486 76 0 153
0.549028 0.347049 -0.338836 76 153 0
-0.563656 -0.236689 -0.120906 153 0 76
0.047224 0.219382 -0.193585 76 0 153
-0.512326 -0.541237 0.105488 153 0 76
0.600358 -0.446557 -0.320694 76 153 0
0.549028 -0.583153 0.221160 76 153 0
0.549028 0.327695 0.381501 76 153 0
-0.512326 -0.098398 0.103695 153 0 76
-0.470329 -0.654723 0.324644 76 0 153
0.354535 -0.383946 -0.572091 0 0 255
0.527896 -0.654723 0.234800 76 0 153
0.404253 -0.616226 0.452161 76 0 153
-0.423507 0.288515 -0.610588 204 51 127
0.314410 -0.594606 -0.572091 153 76 0
-0.106242 0.359775 0.611702 127 0 127
0.549028 -0.506767 0.389112 76 153 0
0.171730 -0.323565 -0.559258 153 76 0
0.600358 0.112662 0.488001 76 153 0
-0.004106 -0.463239 -0.506156 76 0 153
-0.512326 -0.186407 0.416146 153 0 76
-0.563656 0.123437 -0.609053 153 0 76
0.549028 -0.185223 -0.382447 76 153 0
0.047224 0.139963 0.062563 76 0 153
0.138143 -0.654723 0.434265 76 0 153
-0.414514 -0.616226 0.416885 76 0 153
0.544648 0.577191 0.161652 153 0 76
-0.487559 -0.107358 -0.610588 204 51 127
0.549028 0.257453 0.162904 76 153 0
0.364873 0.066771 -0.610588 0 0 255
-0.512326 -0.588798 -0.391011 153 0 76
-0.004106 -0.524008 -0.402011 76 0 153
0.047224 -0.480130 -0.310230 76 0 153
-0.557239 -0.444102 0.589452 127 0 127
0.047224 0.224022 0.374020 76 0 153
-0.563656 0.137955 0.337432 153 0 76
-0.512326 0.242323 0.364414 153 0 76
-0.004106 -0.150017 -0.329043 76 0 153
-0.480294 0.419699 0.611702 127 0 127
-0.563656 -0.387288 -0.232597 153 0 76
0.600358 -0.060709 0.034159 76 153 0
0.404293 0.538694 -0.548699 153 0 76
0.549028 0.052453 0.060286 76 153 0
-0.070446 0.103630 -0.559258 153 76 0
-0.563656 0.173956 -0.481703 153 0 76
-0.266047 -0.616226 0.079666 76 0 153
0.600358 -0.041979 0.303139 76 153 0
0.549028 0.492505 0.375675 76 153 0
0.600358 -0.276601 -0.509306 76 153 0
-0.512326 -0.262268 0.042230 153 0 76
-0.188444 -0.616226 0.274348 76 0 153
-0.391445 0.346877 -0.559258 153 76 0
0.027243 0.577191 0.472981 153 0 76
0.600358 0.113908 -0.114616 76 153 0
-0.563656 0.301465 0.211610 153 0 76
0.047224 0.194784 -0.500075 76 0 153
-0.563656 -0.241618 0.472926 153 0 76
0.600358 -0.015214 -0.385466 76 153 0
-0.050288 -0.528719 0.611702 127 0 127
-0.038031 0.538694 0.042583 153 0 76
0.355846 -0.616226 0.366219 76 0 153
0.288788 -0.297193 -0.559258 153 76 0
0.549028 -0.530047 0.153871 76 153 0
-0.563656 0.273148 -0.398040 153 0 76
0.549028 0.401009 -0.609605 76 153 0
0.600358 0.087487 -0.454561 76 153 0
0.047224 -0.154781 -0.030453 76 0 153
0.600358 -0.135705 0.593015 127 0 127
-0.512326 0.060312 -0.089385 153 0 76
0.385470 0.577191 -0.285797 153 0 76
-0.004106 -0.560557 0.392908 76 0 153
-0.315328 -0.616226 -0.084933 76 0 153
-0.004106 -0.094617 0.094664 76 0 153
0.581107 0.577191 0.555326 153 0 76
0.515362 0.538694 0.242570 153 0 76
0.428831 -0.139902 -0.610588 0 0 255
-0.004106 0.527512 -0.512601 76 0 153
-0.039451 -0.616226 -0.322925 76 0 153
-0.440956 0.577191 0.194580 153 0 76
-0.404268 0.270045 0.573205 127 0 127
-0.398971 0.143065 0.611702 127 0 127
-0.004106 -0.122792 -0.138765 76 0 153
-0.563656 -0.509520 -0.531437 153 0 76
0.047224 -0.486850 -0.057037 76 0 153
0.600358 0.456298 -0.153202 76 153 0
0.047224 -0.271857 0.352449 76 0 153
-0.274825 -0.654723 -0.021164 76 0 153
-0.512326 0.314691 -0.114068 153 0 76
0.549028 0.222681 0.551234 76 153 0
0.600358 -0.390407 -0.571592 76 153 0
-0.512326 0.305223 0.450620 153 0 76
-0.004106 -0.609332 0.085958 76 0 153
0.364100 -0.579759 0.611702 127 0 127
-0.512326 0.456910 -0.378299 153 0 76
0.070939 -0.616226 0.245450 76 0 153
-0.010746 -0.616226 0.381335 76 0 153
-0.145414 0.577191 0.332894 153 0 76
0.270554 0.538694 0.439701 153 0 76
-0.004106 0.463272 0.527319 76 0 153
-0.004106 -0.343264 0.092682 76 0 153
0.548484 -0.082897 -0.572091 153 76 0
0.549028 -0.112132 0.219904 76 153 0
0.192742 0.297670 -0.559258 153 76 0
0.549028 0.213904 0.358557 76 153 0
0.148974 -0.654723 -0.061273 76 0 153
0.222467 -0.121405 0.611702 127 0 127
0.404196 -0.071842 0.611702 127 0 127
0.047224 -0.069560 0.061545 76 0 153
-0.040860 -0.654723 0.077268 76 0 153
0.219136 0.462101 0.573205 127 0 127
-0.563656 0.434435 0.468951 153 0 76
-0.563656 -0.244458 0.350458 153 0 76
-0.004106 0.365237 -0.332439 76 0 153
-0.211685 0.538694 0.024617 153 0 76
-0.239838 -0.654723 0.232288 76 0 153
-0.280252 0.484885 0.573205 127 0 127
0.600358 0.223876 0.211654 76 153 0
0.600358 -0.520508 -0.609934 76 153 0
0.061335 0.538694 -0.022608 153 0 76
0.553202 0.538693 0.047689 76 153 0
-0.004106 0.496102 0.148775 76 0 153
-0.563656 -0.251728 0.117002 153 0 76
0.600358 0.506682 -0.103658 76 153 0
0.025650 -0.654723 0.102905 76 0 153
0.047224 -0.206124 0.434636 76 0 153
0.047224 0.077999 -0.024388 76 0 153
0.400374 -0.029349 -0.610588 0 0 255
-0.512326 0.140818 0.524594 153 0 76
-0.563656 -0.175816 0.367045 153 0 76
0.491303 -0.545563 0.573205 127 0 127
0.047224 0.263524 0.420249 76 0 153
0.549028 0.167677 -0.456947 76 153 0
0.600358 0.168894 0.311364 76 153 0
0.187625 0.535675 -0.572091 153 76 0
-0.334290 0.253079 -0.610588 204 51 127
0.600358 -0.519519 -0.497826 76 153 0
0.114121 -0.483722 0.573205 127 0 127
-0.223335 0.171854 0.611702 127 0 127
0.153965 -0.616226 -0.362938 76 0 153
-0.563656 0.559138 0.447460 153 0 76
0.227861 -0.477058 0.611702 127 0 127
-0.421510 0.186850 -0.610588 204 51 127
0.549028 -0.445514 0.205595 76 153 0
0.549028 -0.071381 -0.500049 76 153 0
-0.216249 -0.510697 -0.559258 153 76 0
-0.004106 -0.499294 -0.109703 76 0 153
-0.512659 0.523455 0.573205 127 0 127
0.047224 -0.052588 -0.092956 76 0 153
0.047224 0.212156 0.525865 76 0 153
0.458726 0.577191 0.455674 153 0 76
-0.512326 -0.412488 0.562196 153 0 76
-0.390679 -0.557522 -0.610588 204 51 127
-0.167087 0.230704 -0.559258 153 76 0
0.047224 -0.461102 0.432113 76 0 153
0.600358 -0.445855 0.359700 76 153 0
0.600358 0.295010 0.171853 76 153 0
-0.004106 0.030495 0.321038 76 0 153
0.398254 0.037948 -0.559258 153 76 0
0.327979 0.464434 -0.572091 153 76 0
-0.495066 0.538694 -0.243520 153 0 76
0.549028 0.042062 -0.528829 76 153 0
-0.433543 0.441958 -0.559258 153 76 0
0.047224 0.484398 -0.278062 76 0 153
0.549028 -0.352679 -0.162766 76 153 0
-0.327159 -0.654723 -0.225686 76 0 153
0.549028 -0.280085 -0.197889 76 153 0
0.549028 -0.226443 0.376463 76 153 0
-0.345620 -0.043186 -0.610588 204 51 127
-0.004106 -0.605344 -0.534144 76 0 153
0.153503 -0.616226 -0.500358 76 0 153
-0.563656 0.326385 -0.485333 153 0 76
0.549028 -0.516686 -0.126173 76 153 0
0.600358 -0.596223 -0.453617 76 153 0
-0.233983 0.230527 0.611702 127 0 127
-0.188096 -0.616226 -0.209854 76 0 153
0.549028 -0.003523 0.339420 76 153 0
-0.513789 0.048222 -0.610588 153 0 76
-0.475990 0.538694 0.059998 153 0 76
-0.563656 0.093399 -0.213166 153 0 76
0.231676 -0.622638 0.573205 127 0 127
-0.512326 0.296184 -0.227927 153 0 76
-0.512326 0.217378 -0.332307 153 0 76
-0.149741 -0.654723 -0.121688 76 0 153
-0.004106 0.484420 -0.151971 76 0 153
0.097612 -0.009605 0.573205 127 0 127
-0.512326 -0.503240 -0.067333 153 0 76
-0.054680 0.132528 0.573205 127 0 127
0.260990 0.538694 -0.070279 153 0 76
-0.238459 -0.428789 0.611702 127 0 127
0.362400 -0.163522 0.611702 127 0 127
-0.421589 0.577191 -0.489516 153 0 76
0.069233 -0.459070 -0.559258 153 76 0
-0.140426 0.538694 0.485201 153 0 76
-0.431632 -0.654723 -0.096414 76 0 153
0.374481 0.337902 0.611702 127 0 127
0.600358 0.294573 0.588581 127 0 127
-0.512326 -0.489789 -0.008635 153 0 76
-0.223101 -0.654723 -0.255843 76 0 153
-0.004106 0.227627 -0.430136 76 0 153
-0.512326 -0.429570 -0.505646 153 0 76
0.548017 -0.499314 0.611702 127 0 127
-0.004106 -0.115888 -0.453460 76 0 153
-0.516848 -0.351452 0.611702 127 0 127
0.214763 0.318022 0.573205 127 0 127
-0.269569 0.067986 -0.559258 153 76 0
0.047224 0.043436 -0.498308 76 0 153
0.047224 -0.190217 0.292452 76 0 153
-0.563656 -0.592520 0.020699 153 0 76
-0.512326 -0.486448 0.262997 153 0 76
0.548206 -0.048093 0.573205 127 0 127
-0.563656 -0.501680 0.353793 153 0 76
-0.370302 0.012726 0.611702 127 0 127
-0.407058 0.577191 -0.225820 153 0 76
0.248011 -0.166798 0.573205 127 0 127
0.549028 0.318299 -0.107706 76 153 0
0.451552 0.577191 -0.065674 153 0 76
-0.431763 -0.616226 -0.210161 76 0 153
0.506913 -0.654723 0.036237 76 0 153
-0.387472 -0.654723 -0.508772 76 0 153
-0.004106 0.462223 0.316288 76 0 153
-0.095848 0.113850 0.611702 127 0 127
0.549028 0.477001 -0.413076 76 153 0
-0.235698 -0.122652 0.611702 127 0 127
-0.170346 -0.654723 0.411658 76 0 153
-0.563656 -0.277193 -0.473305 153 0 76
-0.361651 0.133745 -0.559258 153 76 0
-0.563656 0.420750 -0.447171 153 0 76
0.600358 0.266762 0.007634 76 153 0
-0.437830 0.538694 0.389458 153 0 76
-0.004106 0.246978 0.230059 76 0 153
0.047224 0.166132 -0.027454 76 0 153
0.047224 0.001001 -0.351071 76 0 153
-0.191845 -0.023975 0.611702 127 0 127
0.476689 -0.616226 0.255560 76 0 153
0.207876 0.070794 -0.572091 153 76 0
-0.496219 0.577191 0.260045 153 0 76
-0.307911 0.538694 0.361000 153 0 76
-0.245547 0.085010 0.611702 127 0 127
-0.004106 -0.490199 -0.242339 76 0 153
-0.512326 -0.373477 0.148810 153 0 76
0.481935 0.538694 0.096232 153 0 76
-0.255677 0.116742 -0.608123 204 51 127
-0.563656 -0.049227 -0.405484 153 0 76
0.600358 -0.167312 0.329662 76 153 0
0.549028 0.203426 0.288504 76 153 0
-0.512326 0.309773 -0.569283 153 76 0
0.550432 0.573983 0.610192 127 0 127
0.359456 0.191468 0.611702 127 0 127
-0.563656 -0.293798 0.505980 153 0 76
-0.512326 -0.183800 -0.319898 153 0 76
-0.004106 0.164721 0.291149 76 0 153
-0.561279 0.538694 -0.529791 153 0 76
-0.512326 0.386138 -0.194851 153 0 76
0.591445 -0.654723 0.474122 76 0 153
-0.512326 -0.371740 -0.092685 153 0 76
-0.259850 -0.616226 -0.280568 76 0 153
0.518165 0.210040 0.611702 127 0 127
0.600358 0.324239 -0.389866 76 153 0
-0.166560 -0.160454 0.611702 127 0 127
0.363296 -0.533285 -0.559258 153 76 0
0.396617 -0.654723 0.294222 76 0 153
0.549028 -0.305925 -0.346916 76 153 0
0.549028 0.121203 0.187026 76 153 0
0.549028 0.060990 0.494858 76 153 0
-0.291035 0.502299 -0.572091 153 76 0
0.081576 -0.273790 -0.572091 153 76 0
-0.307545 -0.439072 0.573205 127 0 127
0.047224 0.479719 0.221313 76 0 153
-0.465034 -0.616226 0.380851 76 0 153
-0.512326 -0.098362 -0.202055 153 0 76
-0.192846 -0.654723 0.523578 76 0 153
0.047224 -0.098345 -0.157997 76 0 153
0.038771 0.143965 -0.559258 76 0 153
0.479338 -0.654723 -0.060247 76 0 153
0.437925 -0.455797 0.611702 127 0 127
-0.266215 -0.616226 0.288523 76 0 153
-0.004106 -0.155623 0.020030 76 0 153
-0.235145 0.538694 -0.552656 153 0 76
-0.354675 0.538694 0.017919 153 0 76
-0.337441 0.411295 0.573205 127 0 127
0.421884 0.350016 -0.559258 153 76 0
0.284485 -0.616226 0.353188 76 0 153
0.600358 -0.395315 0.168349 76 153 0
0.372987 0.302980 -0.572091 0 0 255
0.549028 0.421968 -0.253741 76 153 0
-0.307541 0.538694 0.422764 153 0 76
0.093011 -0.164786 -0.572091 153 76 0
-0.172134 0.538694 -0.053568 153 0 76
-0.240758 -0.609556 -0.559258 153 76 0
0.047224 0.004797 0.539119 76 0 153
-0.563656 -0.548560 -0.230003 153 0 76
0.047224 0.049900 0.350060 76 0 153
-0.004106 0.169727 -0.523609 76 0 153
0.205483 0.577191 0.328543 153 0 76
0.240444 0.577191 -0.517891 153 0 76
-0.174647 0.577191 0.055875 153 0 76
-0.512326 -0.243790 0.511315 153 0 76
0.113178 -0.616226 -0.577469 76 0 153
-0.512326 -0.012287 -0.122127 153 0 76
-0.255677 0.356140 -0.610566 204 51 127
-0.004106 -0.284380 -0.545308 76 0 153
-0.438575 0.538694 0.563889 153 0 76
-0.475110 -0.576607 -0.559258 153 76 0
0.549028 -0.472111 0.141792 76 153 0
0.600358 0.050716 -0.006430 76 153 0
-0.563656 0.028763 0.160464 153 0 76
-0.292485 -0.654723 0.549778 76 0 153
-0.454079 -0.465135 -0.610588 204 51 127
0.600358 -0.319689 -0.381180 76 153 0
0.047224 -0.163444 -0.461624 76 0 153
0.361475 -0.616226 0.090431 76 0 153
0.549028 0.043249 -0.163505 76 153 0
-0.004106 -0.426160 0.248233 76 0 153
0.047224 -0.355684 0.453360 76 0 153
-0.004106 -0.014726 0.111768 76 0 153
-0.243485 0.538694 -0.307565 153 0 76
0.600358 0.484468 0.584694 127 0 127
0.017144 -0.616226 0.211302 76 0 153
0.425668 -0.099134 -0.559258 153 76 0
0.549028 0.006641 0.021488 76 153 0
-0.018313 -0.616226 -0.209193 76 0 153
-0.512326 0.428551 -0.063996 153 0 76
0.120439 0.538694 0.026105 153 0 76
-0.512326 0.150249 0.243284 153 0 76
-0.512326 0.143373 -0.021997 153 0 76
-0.512326 -0.420811 0.272445 153 0 76
0.549028 0.174090 -0.138674 76 153 0
-0.004106 -0.381189 0.009564 76 0 153
0.600358 0.320313 -0.188411 76 153 0
0.453129 0.538694 -0.162166 153 0 76
-0.082836 -0.654723 0.225661 76 0 153
-0.397298 0.030153 -0.559258 153 76 0
0.307102 -0.616226 -0.053173 76 0 153
0.047224 -0.353220 0.518942 76 0 153
-0.332517 0.538694 -0.436936 153 0 76
-0.504098 0.577191 -0.563751 153 0 76
0.047224 -0.499924 0.256443 76 0 153
0.047224 0.084501 0.083140 76 0 153
-0.424336 -0.654723 -0.360685 76 0 153
0.547627 -0.616226 0.411601 76 0 153
0.068255 0.577191 -0.080106 153 0 76
-0.090335 0.538694 0.165035 153 0 76
0.060056 -0.616226 0.503629 76 0 153
-0.374510 0.577191 -0.346175 153 0 76
-0.512326 0.253521 0.174777 153 0 76
-0.463164 -0.616226 -0.604029 204 51 127
0.047224 -0.259382 0.193550 76 0 153
-0.072335 0.175959 0.611702 127 0 127
-0.244825 0.259290 -0.559258 153 76 0
0.161547 0.577191 0.448331 153 0 76
0.472559 -0.647844 0.573205 127 0 127
-0.004106 0.389276 -0.420366 76 0 153
-0.563656 -0.083056 0.489260 153 0 76
-0.314369 0.577191 -0.140348 153 0 76
0.299692 -0.654723 -0.256805 76 0 153
-0.155130 0.190642 0.611702 127 0 127
0.549028 -0.117371 -0.020618 76 153 0
-0.160548 0.538694 -0.449590 153 0 76
0.227647 0.538694 -0.237488 153 0 76
-0.563656 -0.370688 0.101469 153 0 76
-0.120015 -0.616226 0.043566 76 0 153
0.600358 0.127958 -0.554207 76 153 0
-0.007802 -0.275453 0.611702 127 0 127
-0.563656 -0.396419 0.323161 153 0 76
-0.495443 -0.085708 0.611702 127 0 127
-0.512326 -0.487249 -0.306462 153 0 76
-0.366500 -0.082590 -0.559258 153 76 0
0.588490 0.350295 0.569996 76 153 0
0.386115 -0.415593 -0.610588 0 0 255
0.517919 0.139005 -0.610588 0 0 255
0.540167 -0.203537 0.573205 127 0 127
0.549028 0.142393 0.064125 76 153 0
0.496966 -0.616226 -0.441638 76 0 153
-0.004106 -0.143193 0.304360 76 0 153
-0.004106 0.514569 -0.197685 76 0 153
0.394114 -0.616226 -0.200926 76 0 153
-0.563656 -0.327793 -0.522128 153 0 76
-0.004106 -0.217445 0.369489 76 0 153
0.047224 0.471101 -0.381231 76 0 153
0.600358 -0.497937 -0.013713 76 153 0
-0.082430 0.538694 -0.496670 153 0 76
0.297106 0.538694 -0.182007 153 0 76
0.502784 -0.616226 -0.541802 76 0 153
0.446613 0.362133 0.611702 127 0 127
-0.396016 -0.394873 -0.559258 153 76 0
-0.520890 -0.616226 -0.153514 153 0 76
-0.004106 0.514174 0.494452 76 0 153
0.378357 0.146030 0.573205 127 0 127
-0.512011 -0.367513 -0.610588 204 51 127
0.500981 -0.165776 -0.559258 153 76 0
-0.004106 -0.318683 -0.222917 76 0 153
-0.004106 0.194780 0.466223 76 0 153
-0.563656 -0.233260 -0.244737 153 0 76
-0.383403 -0.181568 0.611702 127 0 127
-0.047375 0.577191 -0.604415 153 0 76
0.549028 -0.414758 0.139428 76 153 0
-0.406100 -0.654723 0.176450 76 0 153
0.135902 -0.616226 -0.186999 76 0 153
-0.563656 -0.530952 0.565362 153 0 76
0.600358 -0.178984 -0.047465 76 153 0
0.600358 0.275612 0.386154 76 153 0
-0.563656 0.550658 0.042209 153 0 76
0.047224 -0.387378 0.082265 76 0 153
-0.512326 -0.615044 -0.081049 153 0 76
0.549028 -0.579643 0.545472 76 153 0
0.270131 0.538694 -0.009979 153 0 76
-0.563656 0.329870 -0.194380 153 0 76
-0.224403 -0.654723 -0.080554 76 0 153
0.297173 -0.317700 0.611702 127 0 127
0.168860 0.538694 -0.063262 153 0 76
0.549028 -0.396816 -0.472822 76 153 0
0.047224 0.325565 0.241787 76 0 153
0.294255 -0.616226 -0.510525 76 0 153
0.001088 -0.654723 -0.110498 76 0 153
0.549028 -0.265424 0.150524 76 153 0
0.600358 0.034167 -0.294950 76 153 0
-0.563656 -0.140123 0.306671 153 0 76
-0.004106 -0.048143 0.445074 76 0 153
-0.206058 -0.447249 0.573205 127 0 127
0.459965 0.577191 -0.415224 153 0 76
-0.563656 0.354649 0.014072 153 0 76
0.161908 -0.609317 0.611702 127 0 127
0.311926 0.342172 0.611702 127 0 127
-0.551020 -0.099974 0.573205 127 0 127
0.600358 -0.443471 -0.173188 76 153 0
-0.004106 0.506869 -0.312385 76 0 153
-0.563656 -0.439080 -0.604294 153 0 76
-0.563656 0.392100 0.126833 153 0 76
-0.224223 0.577191 -0.153827 153 0 76
-0.137451 0.577191 -0.195982 153 0 76
-0.209940 0.034806 0.573205 127 0 127
0.047224 0.281749 0.006695 76 0 153
-0.080172 -0.022090 -0.559258 153 76 0
0.047224 0.117634 0.427730 76 0 153
0.368152 -0.104755 -0.610588 0 0 255
0.120269 0.042460 -0.572091 153 76 0
-0.340494 0.479519 0.664283 0 127 127
0.047224 0.148384 -0.375283 76 0 153
-0.511169 0.286220 0.611702 127 0 127
-0.449123 0.470601 -0.610588 204 51 127
0.074828 -0.654723 0.004889 76 0 153
-0.427272 0.538694 -0.140388 153 0 76
0.047224 -0.007269 -0.143586 76 0 153
-0.512326 0.216280 0.470975 153 0 76
-0.394682 0.092777 0.573205 127 0 127
-0.004106 0.465404 0.382913 76 0 153
-0.512326 -0.599813 -0.268418 153 0 76
0.294261 -0.654723 0.277690 76 0 153
0.600358 -0.291293 0.346705 76 153 0
-0.190110 0.328753 -0.559258 153 76 0
-0.563656 -0.360213 0.380333 153 0 76
0.264443 -0.417287 -0.559258 153 76 0
0.140855 -0.065672 -0.559258 153 76 0
0.549028 -0.391242 0.000776 76 153 0
0.600358 0.368751 0.019001 76 153 0
0.549028 -0.417697 -0.248149 76 153 0
0.096186 -0.264397 0.573205 127 0 127
0.549028 -0.278476 0.456949 76 153 0
-0.563656 -0.120791 -0.271832 153 0 76
-0.004106 -0.401833 -0.475175 76 0 153
0.549028 0.328728 0.318527 76 153 0
-0.136786 -0.628274 -0.610588 76 0 153
0.174519 -0.451650 0.611702 127 0 127
-0.563656 -0.411093 -0.022661 153 0 76
0.047224 0.415151 0.434683 76 0 153
0.472842 0.245643 -0.559258 153 76 0
-0.179756 0.577191 0.516032 153 0 76
0.549028 0.110586 0.551986 76 153 0
-0.563656 -0.654670 -0.320971 76 0 153
-0.512326 0.130086 -0.246403 153 0 76
0.047224 -0.274573 -0.171292 76 0 153
-0.004106 0.051231 -0.540664 76 0 153
0.600358 0.233309 -0.108194 76 153 0
0.600358 -0.227798 0.418628 76 153 0
-0.162280 0.424245 -0.559258 153 76 0
0.464997 0.538694 0.021260 153 0 76
0.387565 0.577191 0.207523 153 0 76
-0.061970 0.577191 -0.536043 153 0 76
0.324378 0.538694 0.511508 153 0 76
0.047224 0.507303 0.357085 76 0 153
0.047224 0.294110 -0.063665 76 0 153
-0.512326 0.476930 -0.566076 153 76 0
-0.563656 -0.606505 0.349297 153 0 76
-0.321773 0.538694 0.520728 153 0 76
0.047224 0.188980 -0.085504 76 0 153
0.029546 0.212810 0.611702 127 0 127
0.047224 -0.100091 0.471741 76 0 153
-0.038041 -0.616226 -0.395960 76 0 153
-0.512326 0.324478 -0.310249 153 0 76
0.549028 -0.099759 0.070702 76 153 0
-0.353567 -0.654723 -0.394985 76 0 153
0.144722 -0.654723 0.314633 76 0 153
-0.563656 -0.361024 0.027968 153 0 76
0.047224 -0.355369 -0.227946 76 0 153
0.525894 -0.654723 -0.033750 76 0 153
-0.512326 -0.434116 0.207680 153 0 76
0.304849 -0.025211 -0.559258 153 76 0
-0.004106 0.297059 -0.445274 76 0 153
0.563107 -0.616226 -0.286178 76 153 0
0.258074 0.577191 0.143402 153 0 76
-0.400168 -0.227550 -0.610588 204 51 127
-0.254213 0.342253 0.573205 127 0 127
0.047224 -0.350567 -0.059284 76 0 153
0.027730 0.577191 0.280947 153 0 76
0.600358 -0.369131 -0.468379 76 153 0
0.338379 0.264085 0.573205 127 0 127
0.284344 -0.524685 0.611702 127 0 127
0.484757 -0.616226 -0.251316 76 0 153
-0.512326 -0.321497 0.361528 153 0 76
0.600358 0.376670 -0.533776 76 153 0
-0.417713 -0.333791 -0.610588 204 51 127
-0.004106 0.010266 -0.089749 76 0 153
0.600358 -0.393675 -0.198605 76 153 0
0.025170 0.064547 0.573205 127 0 127
-0.255677 -0.287388 -0.600646 204 51 127
0.334183 0.577191 -0.247819 153 0 76
0.600358 -0.076471 -0.306720 76 153 0
-0.476619 0.577191 0.009582 153 0 76
0.360231 0.577191 -0.588838 153 0 76
0.316020 -0.627687 0.611702 127 0 127
0.176264 -0.019164 -0.572091 153 76 0
0.047224 -0.423337 0.522031 76 0 153
0.044644 0.376457 0.573205 127 0 127
0.082637 0.270425 -0.572091 153 76 0
-0.270032 -0.414949 -0.610588 204 51 127
0.081541 -0.405582 -0.559258 153 76 0
-0.563656 -0.553751 -0.292429 153 0 76
0.600358 0.395895 0.540621 76 153 0
0.320851 -0.491397 -0.559258 153 76 0
-0.077395 -0.616226 0.271915 76 0 153
-0.372049 -0.654723 -0.139883 76 0 153
-0.061428 -0.085728 0.611702 127 0 127
0.170492 -0.654723 0.036453 76 0 153
0.549028 -0.406812 0.313644 76 153 0
-0.456722 0.538694 -0.529479 153 0 76
0.600358 -0.217710 0.505680 76 153 0
0.549028 0.248141 0.416487 76 153 0
-0.149624 -0.642115 0.611702 127 0 127
0.419505 -0.213138 -0.610588 0 0 255
-0.042794 0.577191 -0.165413 153 0 76
-0.512326 -0.460229 0.394904 153 0 76
0.189670 -0.616226 -0.318295 76 0 153
-0.519079 0.577191 0.102243 153 0 76
-0.453330 -0.654723 -0.177707 76 0 153
0.047224 0.266084 0.150605 76 0 153
-0.195022 0.538694 -0.384036 153 0 76
-0.563656 0.272056 -0.013729 153 0 76
-0.512326 0.357261 0.523990 153 0 76
-0.451295 0.538694 -0.403833 153 0 76
0.297617 -0.654723 -0.332067 76 0 153
0.549028 -0.056777 -0.360129 76 153 0
-0.004106 0.326100 -0.558476 76 0 153
-0.016421 0.538694 0.177139 153 0 76
-0.084727 -0.116755 -0.559258 153 76 0
0.594042 -0.654723 0.205544 76 0 153
-0.226842 0.538694 -0.189606 153 0 76
0.549028 -0.341358 0.361461 76 153 0
-0.512326 0.012079 0.399751 153 0 76
-0.563656 -0.010077 -0.103287 153 0 76
0.600358 0.067941 0.577495 127 0 127
0.047224 -0.391633 0.411227 76 0 153
0.047224 0.122826 -0.207167 76 0 153
0.600358 0.260733 -0.520877 76 153 0
0.142431 0.577191 0.293691 153 0 76
-0.004106 -0.572643 0.048303 76 0 153
-0.244749 -0.243454 -0.559258 153 76 0
-0.004106 -0.406455 0.154685 76 0 153
-0.563656 -0.163257 0.127359 153 0 76
-0.004106 -0.374258 -0.048028 76 0 153
0.047224 0.257999 0.302390 76 0 153
0.549028 0.380156 0.383932 76 153 0
-0.563656 -0.196676 0.561381 153 0 76
-0.272058 0.549108 0.611702 127 0 127
-0.006671 0.472609 0.662274 0 127 127
-0.341131 -0.616226 -0.609160 204 51 127
0.226300 -0.119474 -0.559258 153 76 0
-0.200468 -0.575374 -0.572091 153 76 0
-0.414948 0.270789 -0.559258 153 76 0
-0.021666 -0.616226 0.543282 76 0 153
0.358560 -0.616226 -0.553779 76 0 153
0.549028 -0.023027 0.527139 76 153 0
0.047224 -0.159442 -0.095811 76 0 153
0.047224 -0.066549 0.274759 76 0 153
0.212851 -0.654723 -0.122809 76 0 153
0.549028 -0.596056 0.112436 76 153 0
-0.004106 0.040780 0.215118 76 0 153
-0.563656 0.576926 -0.115626 153 0 76
-0.004106 0.130742 -0.068372 76 0 153
0.047224 0.155462 0.303316 76 0 153
0.600358 -0.532145 -0.238472 76 153 0
0.045305 0.289014 0.611702 127 0 127
-0.266799 0.538694 0.034534 153 0 76
-0.512326 -0.151150 0.034921 153 0 76
-0.563656 -0.289446 -0.056856 153 0 76
-0.213661 0.031867 -0.572091 153 76 0
0.159758 -0.654723 0.185358 76 0 153
0.292379 -0.339021 -0.600427 0 0 255
0.549028 0.118171 -0.280077 76 153 0
0.002397 -0.241570 0.573205 127 0 127
-0.563656 -0.513007 0.471646 153 0 76
0.530895 0.538694 -0.490227 153 0 76
-0.069126 -0.261936 0.611702 127 0 127
0.278784 0.259727 0.573205 127 0 127
0.549028 0.351103 0.430860 76 153 0
-0.096603 0.045829 0.611702 127 0 127
-0.512326 -0.199574 0.540536 153 0 76
0.376842 0.577191 0.488637 153 0 76
-0.330988 -0.616226 0.120871 76 0 153
0.600358 0.536637 -0.388342 76 153 0
0.533906 0.562346 -0.610588 153 0 76
0.600358 0.257827 0.307088 76 153 0
0.600358 -0.533683 0.547627 76 153 0
0.038025 0.577191 0.384595 153 0 76
0.493602 0.577191 0.338629 153 0 76
0.282436 -0.616226 -0.192021 76 0 153
0.047224 0.503490 -0.115576 76 0 153
0.549028 0.244568 -0.029419 76 153 0
0.271033 0.163395 0.573205 127 0 127
-0.292397 0.157573 -0.559258 153 76 0
-0.563656 -0.521939 -0.101121 153 0 76
-0.512326 0.010913 0.207017 153 0 76
-0.563656 0.540248 -0.301077 153 0 76
0.314025 0.493979 0.573205 127 0 127
0.549028 -0.473425 0.532128 76 153 0
0.600358 0.021004 0.554406 76 153 0
-0.004106 0.240681 0.366906 76 0 153
0.549028 -0.143213 -0.473148 76 153 0
0.600358 -0.394862 -0.314134 76 153 0
-0.563656 -0.274836 0.009416 153 0 76
-0.512326 -0.162777 0.141870 153 0 76
0.600358 -0.093994 -0.472732 76 153 0
-0.552983 0.442931 0.573205 127 0 127
-0.563656 0.313736 0.096262 153 0 76
-0.004106 0.003709 -0.202113 76 0 153
-0.436067 -0.654723 -0.527470 76 0 153
-0.004106 0.305020 -0.306394 76 0 153
0.047224 -0.485494 -0.400793 76 0 153
0.137989 -0.654723 -0.457270 76 0 153
-0.280448 -0.654723 0.199762 76 0 153
-0.004106 0.096202 -0.002819 76 0 153
-0.004106 0.005895 0.064013 76 0 153
-0.563656 0.318346 0.327802 153 0 76
0.370193 0.577191 0.329571 153 0 76
0.047224 -0.612991 0.553917 76 0 153
0.549028 -0.540770 0.483998 76 153 0
-0.512326 -0.345299 0.253046 153 0 76
0.325608 -0.654723 0.388745 76 0 153
0.600358 -0.342537 0.122362 76 153 0
-0.089590 -0.616226 0.508749 76 0 153
0.597009 -0.616226 -0.030276 76 0 153
0.600358 -0.543124 0.061652 76 153 0
-0.004106 0.134343 -0.148215 76 0 153
0.459330 -0.616226 -0.154697 76 0 153
-0.563656 0.501319 -0.490072 153 0 76
-0.563656 -0.055767 0.089787 153 0 76
0.156287 0.577191 -0.422244 153 0 76
-0.185753 -0.058259 0.573205 127 0 127
0.047224 0.318228 -0.264807 76 0 153
-0.004106 0.115109 0.238502 76 0 153
-0.237623 -0.654723 -0.451989 76 0 153
0.047224 0.135307 0.187641 76 0 153
0.047224 -0.294052 -0.007472 76 0 153
-0.563656 0.266247 -0.173381 153 0 76
0.335614 -0.315344 0.573205 127 0 127
-0.279561 0.407271 0.573205 127 0 127
-0.512326 0.235862 -0.592007 153 0 76
0.016383 -0.654723 -0.243437 76 0 153
-0.563656 -0.001115 -0.303342 153 0 76
0.549028 0.398046 -0.203510 76 153 0
0.549028 -0.311690 -0.505576 76 153 0
0.549028 -0.150684 -0.421090 76 153 0
0.047224 -0.427521 -0.005014 76 0 153
0.600358 -0.279188 0.559014 76 153 0
0.047224 0.079275 -0.104305 76 0 153
0.600358 0.266474 -0.406853 76 153 0
-0.213956 -0.616226 0.322172 76 0 153
0.317995 -0.616226 0.127798 76 0 153
0.180617 -0.241452 -0.559258 153 76 0
0.549028 0.179021 -0.190209 76 153 0
0.047224 0.339437 -0.380902 76 0 153
-0.425003 -0.616226 -0.569068 153 76 0
-0.563656 -0.053711 0.232496 153 0 76
0.270395 0.080234 0.611702 127 0 127
0.314854 0.115241 -0.559258 153 76 0
-0.550663 -0.616226 -0.029480 153 0 76
-0.129143 0.577191 -0.024087 153 0 76
-0.389175 -0.499358 0.611702 127 0 127
0.600358 -0.453118 0.087535 76 153 0
0.549028 -0.164254 0.414095 76 153 0
0.414233 0.577191 0.414852 153 0 76
0.600358 -0.082694 0.249424 76 153 0
-0.104758 0.562969 -0.610588 153 0 76
0.320618 0.538694 -0.475520 153 0 76
0.600358 -0.451427 -0.101529 76 153 0
0.131069 -0.616226 0.493257 76 0 153
0.075907 -0.063058 -0.559258 153 76 0
0.200384 -0.654723 -0.414583 76 0 153
0.155556 0.577191 -0.215205 153 0 76
0.241039 -0.616226 0.191266 76 0 153
0.566793 0.242155 -0.610588 76 153 0
0.549028 -0.375619 -0.360789 76 153 0
-0.096078 -0.525355 -0.559258 153 76 0
-0.004106 0.443292 -0.546183 76 0 153
0.600358 -0.348326 -0.165656 76 153 0
-0.563656 -0.593057 0.292454 153 0 76
0.472746 0.114614 -0.559258 153 76 0
-0.447442 0.538694 -0.223694 153 0 76
0.549028 0.490111 -0.047570 76 153 0
-0.563656 0.308854 0.474144 153 0 76
0.405509 -0.118365 0.573205 127 0 127
-0.215612 -0.633871 0.611702 127 0 127
-0.155668 -0.125528 -0.572091 153 76 0
-0.162378 0.153363 0.573205 127 0 127
-0.261405 0.577191 0.195176 153 0 76
-0.224384 0.538694 0.268551 153 0 76
0.277712 -0.081860 0.611702 127 0 127
-0.512326 -0.537316 0.218753 153 0 76
-0.211086 0.577191 0.420666 153 0 76
0.549028 -0.544326 0.350865 76 153 0
-0.004106 0.343136 -0.204247 76 0 153
0.549028 0.115052 0.255797 76 153 0
-0.512326 0.050818 -0.272370 153 0 76
-0.398948 0.538694 -0.266261 153 0 76
-0.511645 -0.411616 -0.559258 153 76 0
0.047224 0.079315 -0.537043 76 0 153
-0.474160 -0.654723 0.161648 76 0 153
0.549028 -0.247060 -0.303296 76 153 0
-0.254177 0.538694 -0.357936 153 0 76
0.047224 -0.493762 0.479632 76 0 153
-0.441734 0.224047 0.611702 127 0 127
0.600358 -0.278136 -0.133753 76 153 0
0.099506 -0.654723 -0.273115 76 0 153
0.425928 0.538694 -0.231840 153 0 76
0.047224 0.263955 -0.513649 76 0 153
-0.563656 0.389071 -0.513764 153 0 76
0.269809 -0.231392 -0.559258 153 76 0
-0.287305 0.538694 -0.490013 153 0 76
0.209462 -0.387249 0.611702 127 0 127
0.047224 -0.251113 0.517065 76 0 153
-0.051161 0.538694 0.220368 153 0 76
-0.157616 0.577191 -0.272520 153 0 76
-0.004106 0.264554 -0.251849 76 0 153
-0.563656 0.138776 0.431302 153 0 76
0.600358 -0.026685 -0.105761 76 153 0
0.047224 -0.185826 -0.414212 76 0 153
0.305254 -0.654723 0.565760 76 0 153
0.257866 0.222500 -0.572091 153 76 0
-0.179338 0.538694 -0.541378 153 0 76
0.600358 -0.575674 0.396309 76 153 0
-0.004106 -0.452335 0.058913 76 0 153
-0.004106 -0.097048 -0.214759 76 0 153
-0.512326 -0.013643 -0.345436 153 0 76
0.288917 0.577191 -0.282673 153 0 76
0.005772 -0.088294 -0.559258 153 76 0
-0.348432 0.196841 0.573205 127 0 127
0.052150 0.577191 0.096712 153 0 76
-0.004106 0.372082 0.327478 76 0 153
-0.563656 0.256358 -0.288079 153 0 76
-0.512326 -0.413363 -0.381469 153 0 76
-0.518491 0.577191 0.463816 153 0 76
0.294556 -0.616226 -0.294452 76 0 153
0.600358 -0.359064 0.068729 76 153 0
0.549028 -0.096190 0.460024 76 153 0
0.317901 0.538694 0.145918 153 0 76
-0.512326 -0.608374 -0.500568 153 0 76
-0.117974 0.512905 0.611702 127 0 127
-0.004106 -0.304747 0.506637 76 0 153
0.549028 0.183819 -0.561841 76 153 0
0.047224 -0.331247 -0.503084 76 0 153
0.600358 -0.418870 0.222449 76 153 0
-0.322337 0.165852 -0.610588 204 51 127
-0.474344 0.006270 0.611702 127 0 127
-0.248914 -0.581396 0.611702 127 0 127
0.549028 0.173304 -0.032290 76 153 0
0.487577 -0.616226 -0.598560 0 0 255
-0.563656 0.169976 -0.132286 153 0 76
-0.563656 -0.617166 0.406802 76 0 153
0.549028 0.444541 0.420526 76 153 0
0.161371 0.538694 -0.122409 153 0 76
0.309992 -0.616226 0.222520 76 0 153
0.253776 -0.616226 0.044051 76 0 153
0.425726 0.281686 -0.559258 153 76 0
0.393099 0.538694 -0.335569 153 0 76
-0.349966 -0.616226 0.263898 76 0 153
0.142149 -0.616226 -0.112257 76 0 153
-0.452737 0.577191 0.115312 153 0 76
-0.427646 -0.654723 0.294984 76 0 153
0.475447 -0.060200 -0.610588 0 0 255
-0.087715 -0.459788 0.611702 127 0 127
0.148308 -0.327062 0.573205 127 0 127
0.376471 -0.291227 -0.610588 0 0 255
0.299680 0.025572 -0.559258 153 76 0
-0.531112 -0.654723 -0.429217 76 0 153
-0.512326 0.421752 0.320555 153 0 76
0.600358 -0.118634 0.422969 76 153 0
0.197878 -0.654723 -0.219132 76 0 153
0.600358 0.539462 0.113567 153 0 76
-0.416601 -0.616226 0.248781 76 0 153
0.047224 -0.534204 -0.153902 76 0 153
-0.563656 0.320112 0.388978 153 0 76
0.415580 -0.654723 0.175776 76 0 153
-0.404779 0.538694 -0.186103 153 0 76
0.600358 -0.000095 0.140653 76 153 0
-0.024784 0.577191 0.442481 153 0 76
0.047224 0.142869 -0.300589 76 0 153
0.600358 0.257595 0.101313 76 153 0
-0.402600 0.020849 0.573205 127 0 127
0.600358 0.359664 -0.303019 76 153 0
0.600358 -0.215790 -0.345269 76 153 0
0.047224 0.527133 0.299869 76 0 153
0.549028 -0.289573 -0.020337 76 153 0
0.460846 0.540157 0.569996 153 0 76
-0.036186 -0.414856 -0.559258 153 76 0
-0.325248 0.538694 0.208587 153 0 76
-0.183129 -0.616226 0.563236 76 0 153
-0.512326 0.525215 0.176886 153 0 76
0.088610 0.577191 0.353038 153 0 76
-0.512326 -0.268195 -0.062518 153 0 76
-0.563656 -0.099891 0.202631 153 0 76
0.242225 0.577191 -0.335064 153 0 76
-0.512326 -0.587609 0.250647 153 0 76
0.600358 -0.121609 -0.379701 76 153 0
-0.512326 -0.110408 0.352036 153 0 76
0.549028 0.300366 -0.225424 76 153 0
-0.512326 -0.332939 0.095590 153 0 76
0.047224 -0.487367 0.388675 76 0 153
0.140780 -0.616226 -0.284577 76 0 153
0.600358 0.185879 -0.439726 76 153 0
-0.406441 -0.441509 -0.610588 204 51 127
0.600358 -0.440458 -0.371317 76 153 0
-0.327417 0.294348 0.611702 127 0 127
0.581806 -0.654723 0.423362 76 0 153
-0.154470 0.108076 -0.572091 153 76 0
-0.563656 -0.036729 0.348300 153 0 76
-0.004106 -0.061182 0.494077 76 0 153
0.478612 0.538694 0.506570 153 0 76
-0.004106 0.042360 0.386489 76 0 153
0.563704 0.146563 0.611702 127 0 127
-0.512326 -0.170907 -0.090873 153 0 76
-0.512326 -0.149974 -0.213720 153 0 76
0.492702 0.577191 -0.475828 153 0 76
0.600358 0.033918 0.463531 76 153 0
-0.115363 -0.616226 -0.020684 76 0 153
0.431448 0.538694 0.338312 153 0 76
0.028214 0.538693 -0.570551 153 76 0
0.600358 0.508815 0.006037 76 153 0
-0.263636 0.577191 0.121867 153 0 76
0.326195 -0.250492 -0.559258 153 76 0
0.396757 0.538694 -0.498182 153 0 76
0.185269 -0.633638 -0.610588 76 0 153
0.251705 0.379950 0.611702 127 0 127
0.060762 -0.529157 -0.559258 153 76 0
-0.088532 0.538694 0.074385 153 0 76
0.023933 -0.127837 0.573205 127 0 127
0.047224 0.497867 0.067588 76 0 153
-0.563656 -0.452389 -0.313201 153 0 76
-0.061729 -0.654723 -0.548620 76 0 153
0.279885 -0.454695 0.573205 127 0 127
0.600358 -0.246380 -0.193492 76 153 0
0.171148 0.577191 -0.281189 153 0 76
-0.563656 -0.425580 -0.498747 153 0 76
0.284194 0.538694 0.263327 153 0 76
0.549028 -0.596356 -0.562568 153 76 0
-0.563656 -0.067372 0.295175 153 0 76
-0.004106 0.367953 -0.160229 76 0 153
-0.512326 0.385309 0.091075 153 0 76
-0.307645 0.577191 -0.260428 153 0 76
0.047224 0.163529 0.512152 76 0 153
0.212497 0.538694 -0.184326 153 0 76
0.047224 -0.171036 -0.515507 76 0 153
0.385070 -0.604867 0.573205 127 0 127
-0.512326 -0.060262 0.439900 153 0 76
-0.512326 0.367428 0.359872 153 0 76
0.246892 -0.616226 0.407863 76 0 153
-0.028875 -0.616226 0.166675 76 0 153
-0.563656 -0.247037 0.274833 153 0 76
0.557321 -0.654723 0.046983 76 0 153
-0.040632 0.441126 0.573205 127 0 127
0.047224 -0.433561 -0.172736 76 0 153
0.600358 0.000543 -0.000291 76 153 0
0.600358 0.283152 -0.154445 76 153 0
0.600358 -0.130605 -0.539930 76 153 0
0.398407 -0.654723 -0.413791 76 0 153
-0.512326 -0.181754 0.259397 153 0 76
-0.133543 -0.654723 0.370129 76 0 153
0.517898 -0.254890 -0.572091 0 0 255
-0.211176 0.577191 -0.246477 153 0 76
0.047224 -0.192641 0.027638 76 0 153
0.600358 -0.654109 -0.552323 76 0 153
-0.126022 -0.654723 -0.348805 76 0 153
0.549028 0.234512 -0.264427 76 153 0
0.549028 0.368071 -0.451421 76 153 0
0.070726 -0.654723 -0.091261 76 0 153
-0.563656 -0.590095 0.491338 153 0 76
-0.512326 -0.435762 0.097781 153 0 76
0.502232 -0.225808 -0.610588 0 0 255
0.261944 -0.654723 -0.563928 76 0 153
0.164337 0.357122 -0.559258 153 76 0
0.047224 0.395290 -0.046577 76 0 153
-0.563656 0.158510 -0.573032 153 0 76
-0.563656 -0.533171 -0.405294 153 0 76
0.060976 0.538694 -0.425914 153 0 76
0.485281 -0.139659 0.573205 127 0 127
0.569689 -0.654723 0.262564 76 0 153
0.454564 -0.422439 -0.572091 0 0 255
0.600358 -0.281281 -0.027917 76 153 0
-0.004106 0.361973 0.262712 76 0 153
-0.433700 -0.651515 0.604169 127 0 127
-0.466185 -0.286076 0.611702 127 0 127
-0.327379 0.362732 -0.610588 204 51 127
0.549028 -0.372189 -0.563563 153 76 0
-0.447817 0.538694 0.445780 153 0 76
-0.512326 -0.249291 -0.011647 153 0 76
-0.449203 0.538694 0.330444 153 0 76
-0.181580 -0.654723 -0.023876 76 0 153
-0.279294 -0.616226 -0.173763 76 0 153
-0.563656 -0.206156 -0.552701 153 0 76
-0.083600 0.577191 0.289733 153 0 76
0.600358 -0.344064 0.462436 76 153 0
-0.428783 0.538694 0.493428 153 0 76
0.549028 -0.056760 0.099682 76 153 0
0.097039 -0.654723 -0.039949 76 0 153
0.119206 0.538694 -0.072024 153 0 76
-0.016033 0.577191 0.110567 153 0 76
-0.102611 0.577191 0.194506 153 0 76
0.078295 0.516794 0.573205 127 0 127
-0.297430 0.067808 0.573205 127 0 127
0.041393 -0.616226 -0.075664 76 0 153
0.153795 -0.616226 -0.412918 76 0 153
0.194348 -0.163099 0.573205 127 0 127
0.454472 0.111779 0.611702 127 0 127
0.549028 -0.239893 -0.013430 76 153 0
-0.097671 -0.633153 0.611702 127 0 127
0.251264 -0.654723 0.123882 76 0 153
-0.164970 0.538694 -0.217601 153 0 76
0.600358 -0.043009 -0.571226 76 153 0
0.600358 -0.380403 0.559887 76 153 0
-0.140923 0.383325 0.573205 127 0 127
0.091425 0.440470 0.573205 127 0 127
0.047224 -0.500168 0.064874 76 0 153
0.282360 -0.616226 0.483954 76 0 153
0.047224 0.404381 -0.139285 76 0 153
0.035068 0.404286 -0.572091 153 76 0
0.600358 0.418794 -0.473355 76 153 0
-0.090362 0.538694 -0.131298 153 0 76
0.047224 -0.024718 0.192407 76 0 153
0.600358 -0.593619 0.344149 76 153 0
-0.004106 -0.268411 0.254949 76 0 153
0.043668 -0.084108 0.611702 127 0 127
0.291705 -0.654723 0.038907 76 0 153
-0.138481 -0.188894 0.573205 127 0 127
0.600358 0.178518 0.410857 76 153 0
0.349373 0.577191 0.241838 153 0 76
-0.512326 0.353640 -0.525002 153 0 76
-0.004106 0.494657 0.094451 76 0 153
-0.280118 -0.245695 0.573205 127 0 127
0.047224 -0.107513 -0.312255 76 0 153
-0.563656 -0.468987 0.512667 153 0 76
-0.521853 0.538694 -0.370166 153 0 76
-0.416268 0.538694 0.239347 153 0 76
0.346626 0.538694 0.095027 153 0 76
0.047224 0.504956 0.011174 76 0 153
-0.083676 -0.342059 -0.559258 153 76 0
0.549028 -0.233440 0.311441 76 153 0
0.197533 -0.158003 -0.572091 153 76 0
-0.004106 -0.566303 -0.202268 76 0 153
-0.136894 -0.616226 0.263175 76 0 153
-0.563656 0.071799 -0.154915 153 0 76
0.189874 0.577191 -0.495528 153 0 76
0.048104 0.577191 -0.538097 153 0 76
0.442022 -0.298517 0.573205 127 0 127
0.600358 -0.022196 -0.220043 76 153 0
-0.514080 0.538693 -0.075495 153 0 76
0.504667 0.538694 -0.295956 153 0 76
0.452110 -0.654723 0.209884 76 0 153
-0.512326 0.384499 0.186278 153 0 76
-0.563656 -0.608387 0.090216 153 0 76
-0.563656 0.227947 0.545034 153 0 76
-0.367448 0.187590 -0.572091 204 51 127
-0.205725 -0.616226 -0.521561 76 0 153
-0.322491 0.306167 -0.610588 204 51 127
-0.132389 -0.654723 -0.568821 76 0 153
0.372913 0.538694 -0.055214 153 0 76
0.390229 -0.388882 0.573205 127 0 127
-0.311917 -0.654723 -0.486161 76 0 153
0.600358 -0.312956 0.302071 76 153 0
0.562891 -0.654723 0.346974 76 0 153
0.409849 -0.498706 0.573205 127 0 127
0.414774 0.456318 -0.610588 0 0 255
0.029844 0.577191 0.565308 153 0 76
-0.563656 0.068461 0.540338 153 0 76
0.600358 0.373855 -0.080809 76 153 0
-0.512326 0.495959 -0.333507 153 0 76
0.128594 -0.562377 0.611702 127 0 127
-0.512326 0.034479 0.550659 153 0 76
0.326214 0.538694 0.022691 153 0 76
0.365334 -0.616226 -0.273564 76 0 153
-0.514653 0.317219 0.573205 127 0 127
-0.512326 0.166760 0.469331 153 0 76
-0.563656 -0.462387 0.443409 153 0 76
0.425123 0.308225 -0.610588 0 0 255
0.456146 0.027165 -0.559258 153 76 0
0.447413 0.164664 0.573205 127 0 127
-0.341227 -0.616226 0.391559 76 0 153
-0.512326 -0.227646 -0.595164 204 51 127
-0.512326 -0.475527 -0.584690 153 0 76
-0.308929 0.017119 0.573205 127 0 127
-0.563656 0.020559 -0.574849 153 0 76
-0.452513 0.538694 -0.041302 153 0 76
-0.182681 0.234982 0.611702 127 0 127
-0.480700 0.577191 -0.207188 153 0 76
0.600358 0.175615 -0.358417 76 153 0
0.416493 0.019257 0.573205 127 0 127
-0.004106 0.429102 -0.022265 76 0 153
-0.563656 -0.334171 -0.293951 153 0 76
0.497128 0.204545 -0.572091 153 76 0
-0.070015 -0.208425 -0.559258 153 76 0
-0.512326 0.441984 0.216286 153 0 76
0.047224 0.186384 -0.156790 76 0 153
0.476954 0.484424 -0.610588 0 0 255
0.600358 -0.582016 0.207176 76 153 0
-0.004106 0.403748 -0.514900 76 0 153
-0.512326 0.103718 -0.112981 153 0 76
0.234298 -0.300270 0.611702 127 0 127
-0.512326 0.398533 -0.355479 153 0 76
0.513764 -0.616226 -0.158404 76 0 153
0.600358 0.464339 -0.325087 76 153 0
-0.004106 -0.339100 0.184519 76 0 153
-0.053811 0.375783 0.573205 127 0 127
0.549028 0.351947 0.152396 76 153 0
-0.004106 -0.205936 0.525501 76 0 153
0.047224 0.150445 -0.461911 76 0 153
-0.512326 -0.399086 -0.190492 153 0 76
-0.141968 0.035012 0.573205 127 0 127
0.136496 0.538694 0.548122 153 0 76
0.384641 -0.654723 -0.085648 76 0 153
0.068952 0.070374 0.611702 127 0 127
-0.447157 -0.654723 0.525804 76 0 153
0.424842 -0.322487 -0.610588 0 0 255
0.365128 -0.469739 -0.559258 153 76 0
-0.061776 -0.160143 0.611702 127 0 127
-0.512326 0.205644 -0.073140 153 0 76
0.047224 0.348219 0.154360 76 0 153
0.317978 -0.107984 0.573205 127 0 127
-0.349952 0.345306 0.573205 127 0 127
0.334630 0.061608 -0.572091 153 76 0
-0.273131 0.577191 0.349278 153 0 76
-0.512326 0.434520 -0.257693 153 0 76
0.550071 0.538693 0.487877 76 153 0
0.165800 -0.616226 0.152338 76 0 153
0.600358 -0.323213 -0.242523 76 153 0
-0.398544 0.538694 0.088150 153 0 76
-0.563656 -0.077744 -0.178883 153 0 76
0.168442 -0.416280 -0.559258 153 76 0
0.047224 -0.596383 0.437645 76 0 153
-0.563656 0.364516 -0.229276 153 0 76
0.277290 0.435846 0.611702 127 0 127
-0.046221 -0.353680 0.573205 127 0 127
0.600358 0.530276 -0.479381 76 153 0
0.337115 0.577191 -0.335311 153 0 76
-0.064966 -0.654723 -0.426530 76 0 153
0.502271 -0.570134 -0.610588 0 0 255
-0.536852 0.403308 -0.610588 153 0 76
-0.168752 -0.654723 -0.478174 76 0 153
-0.405247 0.577191 -0.093141 153 0 76
0.405655 0.208036 -0.572091 0 0 255
0.145779 0.451830 -0.572091 153 76 0
-0.144310 0.538694 0.135086 153 0 76
0.524917 -0.654723 -0.346587 76 0 153
0.401966 -0.561617 -0.610588 0 0 255
-0.105726 0.207442 0.573205 127 0 127
0.531265 -0.332879 -0.610588 0 0 255
0.340928 -0.207553 0.611702 127 0 127
-0.004106 -0.154806 -0.058966 76 0 153
0.506097 -0.024366 -0.572091 0 0 255
0.379410 0.494550 0.573205 127 0 127
-0.563656 -0.080998 -0.368212 153 0 76
0.496152 0.127431 0.573205 127 0 127
-0.004106 0.102491 0.534300 76 0 153
0.475895 0.282716 0.573205 127 0 127
-0.288482 -0.467241 0.611702 127 0 127
0.047224 0.523509 0.441605 76 0 153
-0.210278 0.433859 -0.559258 153 76 0
0.600358 0.304470 -0.023566 76 153 0
-0.395715 -0.616226 0.121163 76 0 153
0.192440 -0.082763 0.611702 127 0 127
-0.400412 -0.212539 -0.559258 153 76 0
0.549028 -0.057076 -0.449728 76 153 0
0.549028 0.407715 0.050462 76 153 0
0.336929 0.348153 -0.610588 0 0 255
-0.512326 -0.020806 -0.475920 153 0 76
0.549028 -0.185057 0.515131 76 153 0
0.001312 0.577191 -0.003046 153 0 76
-0.512326 -0.341338 0.426910 153 0 76
-0.512326 -0.319888 -0.207403 153 0 76
0.600358 0.215374 -0.326083 76 153 0
0.478239 -0.654723 0.449407 76 0 153
0.549028 -0.574175 -0.456809 76 153 0
0.433326 -0.543619 0.611702 127 0 127
-0.229812 -0.616226 0.476844 76 0 153
0.600358 -0.494061 -0.444509 76 153 0
-0.563656 -0.587713 0.540647 153 0 76
0.600358 0.059670 0.132459 76 153 0
0.027569 -0.616226 -0.465196 76 0 153
-0.116698 0.577191 0.241631 153 0 76
0.549028 0.379633 -0.390465 76 153 0
0.576194 -0.654723 -0.219641 76 0 153
-0.358176 0.101633 -0.610588 204 51 127
-0.563656 -0.137692 0.082700 153 0 76
-0.004106 -0.084369 0.146542 76 0 153
-0.563656 0.455425 -0.003917 153 0 76
-0.067261 0.417779 -0.559258 153 76 0
0.351375 0.214118 -0.572091 153 76 0
0.090974 0.551709 0.611702 127 0 127
-0.512326 -0.031963 0.310961 153 0 76
0.058118 -0.654723 -0.153706 76 0 153
-0.563656 -0.365434 0.519801 153 0 76
0.378251 0.052098 0.573205 127 0 127
0.360972 0.538694 0.442747 153 0 76
0.549028 -0.011767 0.235556 76 153 0
-0.336837 -0.654723 -0.001207 76 0 153
-0.068960 0.577191 -0.057314 153 0 76
-0.096347 -0.244738 0.573205 127 0 127
-0.207871 0.538694 -0.600398 153 0 76
-0.522681 -0.654723 -0.215848 76 0 153
-0.168863 0.476150 0.611702 127 0 127
-0.218149 0.538694 0.090199 153 0 76
0.503077 -0.524091 -0.572091 153 76 0
0.149459 -0.529323 0.573205 127 0 127
-0.035951 0.577191 -0.285413 153 0 76
-0.512326 -0.060624 0.497484 153 0 76
0.385490 0.538694 0.018676 153 0 76
0.410126 -0.654723 0.534284 76 0 153
0.361583 -0.616226 -0.342229 76 0 153
-0.409243 0.402092 -0.610588 204 51 127
-0.201063 0.538694 0.146235 153 0 76
0.549028 0.000516 -0.057928 76 153 0
-0.004106 0.297155 0.125214 76 0 153
-0.522655 -0.529685 0.611702 127 0 127
0.047224 0.427036 -0.474291 76 0 153
0.228362 0.577191 0.003769 153 0 76
0.076548 -0.616226 0.383219 76 0 153
0.292379 -0.231146 -0.604998 0 0 255
-0.143093 -0.616226 0.129581 76 0 153
0.445845 -0.654723 0.364242 76 0 153
0.600358 -0.202259 0.242364 76 153 0
0.595960 -0.616226 -0.401699 76 0 153
0.600358 0.258640 0.431613 76 153 0
-0.107366 0.577191 0.394264 153 0 76
0.047224 -0.205463 -0.328404 76 0 153
0.007333 -0.616226 0.133844 76 0 153
0.294359 -0.160329 -0.559258 153 76 0
-0.407938 -0.266531 0.611702 127 0 127
-0.004106 0.004764 0.491561 76 0 153
-0.563656 -0.642792 0.133594 76 0 153
-0.105524 0.485308 -0.572091 153 76 0
-0.512326 0.285666 0.033160 153 0 76
-0.512326 0.110127 -0.600131 204 51 127
-0.563656 -0.360232 0.206740 153 0 76
-0.032804 0.066746 0.573205 127 0 127
-0.004106 -0.573948 -0.348726 76 0 153
0.396320 0.577191 0.263301 153 0 76
0.580113 -0.463063 0.611702 127 0 127
0.412120 -0.654723 0.482646 76 0 153
-0.432843 -0.143190 0.573205 127 0 127
0.179464 0.187912 0.611702 127 0 127
-0.004106 -0.256288 -0.058661 76 0 153
-0.050362 -0.042079 0.573205 127 0 127
0.041668 -0.616226 0.291034 76 0 153
-0.432257 -0.616226 -0.439671 76 0 153
0.047224 -0.238195 -0.204903 76 0 153
-0.512326 0.192766 -0.535926 153 0 76
-0.335530 -0.141142 0.611702 127 0 127
0.250728 -0.616226 0.092266 76 0 153
0.549028 0.036344 0.293887 76 153 0
0.600358 -0.148048 -0.190006 76 153 0
-0.512326 0.303851 -0.412751 153 0 76
-0.563656 0.386639 0.475774 153 0 76
-0.516417 -0.616226 0.347426 153 0 76
0.252201 0.114560 -0.559258 153 76 0
-0.400160 0.538694 -0.396368 153 0 76
0.390690 0.399269 0.611702 127 0 127
-0.455136 0.577191 -0.454832 153 0 76
-0.542422 0.379302 0.573205 127 0 127
-0.019240 -0.567348 0.611702 127 0 127
-0.004106 0.233111 0.010951 76 0 153
-0.163661 0.577191 -0.420506 153 0 76
0.269011 -0.616226 -0.110790 76 0 153
0.600358 -0.523585 0.406174 76 153 0
0.047224 -0.568996 -0.252839 76 0 153
-0.218760 -0.616226 -0.022320 76 0 153
0.047224 -0.442068 0.115110 76 0 153
-0.301760 0.127668 0.573205 127 0 127
0.180670 0.577191 0.022466 153 0 76
-0.205763 -0.354763 0.611702 127 0 127
0.246014 0.573983 0.591932 127 0 127
-0.314065 -0.616226 0.195489 76 0 153
0.452811 -0.430904 0.573205 127 0 127
-0.024440 -0.616226 -0.472520 76 0 153
0.397685 -0.616226 0.043774 76 0 153
0.228027 -0.654723 0.516513 76 0 153
0.549028 0.246555 0.021043 76 153 0
0.200933 -0.654723 0.462994 76 0 153
-0.563656 0.169909 0.382867 153 0 76
0.373913 -0.025258 0.573205 127 0 127
0.317171 0.380151 0.573205 127 0 127
0.106319 -0.380530 0.573205 127 0 127
-0.472740 -0.654723 -0.252655 76 0 153
-0.004106 -0.487235 0.318749 76 0 153
0.549028 0.239286 -0.144500 76 153 0
0.481537 -0.616226 0.481341 76 0 153
-0.494991 0.577191 -0.350651 153 0 76
0.331652 -0.003148 -0.610588 0 0 255
0.502080 0.577191 0.267993 153 0 76
-0.420788 -0.616226 -0.332244 76 0 153
-0.467941 0.577191 0.419509 153 0 76
-0.004106 0.136681 -0.281799 76 0 153
0.329251 0.094608 0.611702 127 0 127
-0.563656 -0.165749 0.263841 153 0 76
0.047224 -0.057059 -0.339081 76 0 153
-0.563656 0.388743 -0.390426 153 0 76
-0.211585 0.577191 -0.295014 153 0 76
0.330434 0.544201 -0.610588 153 0 76
0.127476 0.318165 0.573205 127 0 127
0.600358 -0.501686 0.492881 76 153 0
-0.004106 -0.371480 -0.545016 76 0 153
-0.004106 0.470225 -0.222180 76 0 153
-0.563656 0.325651 -0.361348 153 0 76
-0.328805 -0.353956 0.611702 127 0 127
-0.313468 -0.654723 0.421223 76 0 153
-0.470169 -0.654723 0.055746 76 0 153
0.538151 -0.654723 0.494045 76 0 153
-0.563656 -0.047939 -0.071666 153 0 76
0.181286 -0.654723 -0.477782 76 0 153
0.353663 -0.616226 -0.069168 76 0 153
-0.004106 0.114766 -0.449115 76 0 153
-0.051104 0.310175 0.611702 127 0 127
0.273397 -0.582581 0.573205 127 0 127
0.395542 0.103648 -0.610588 0 0 255
0.549028 -0.562252 0.006985 76 153 0
-0.404495 -0.616226 -0.087718 76 0 153
0.583054 0.538693 0.320872 76 153 0
-0.375735 0.538694 -0.128772 153 0 76
-0.563656 -0.049847 -0.576250 153 0 76
-0.563656 -0.475671 -0.433274 153 0 76
0.047224 -0.180926 0.386194 76 0 153
-0.280840 -0.494631 -0.559258 153 76 0
-0.563656 0.061047 0.415712 153 0 76
-0.486908 -0.654723 -0.379928 76 0 153
0.465005 -0.654723 0.296264 76 0 153
0.600358 -0.052248 0.419640 76 153 0
0.549258 -0.148583 0.611702 127 0 127
0.251230 0.054467 0.573205 127 0 127
0.338518 0.419578 -0.559258 153 76 0
0.516841 0.577191 0.426009 153 0 76
-0.430250 0.538694 0.147717 153 0 76
-0.563656 0.248785 0.072564 153 0 76
0.413614 -0.329733 0.611702 127 0 127
-0.563656 -0.150689 -0.575961 153 0 76
-0.516867 -0.409121 0.611702 127 0 127
-0.512326 -0.236854 0.464043 153 0 76
-0.354343 -0.654723 0.049041 76 0 153
0.600358 0.526571 -0.153566 76 153 0
-0.512326 0.486415 0.501588 153 0 76
0.047224 -0.456823 0.215437 76 0 153
-0.540329 -0.654723 0.500332 76 0 153
0.126598 0.401910 0.573205 127 0 127
-0.490160 -0.616226 -0.013643 76 0 153
-0.563656 -0.492267 0.166686 153 0 76
-0.135146 0.538694 -0.114793 153 0 76
0.541888 -0.405608 0.611702 127 0 127
0.483297 0.360194 -0.610588 0 0 255
-0.512326 0.264073 0.476710 153 0 76
0.101699 -0.616226 -0.009949 76 0 153
-0.154743 -0.384672 0.573205 127 0 127
-0.557239 -0.488733 0.606261 127 0 127
0.303798 -0.654723 -0.477139 76 0 153
0.549028 -0.360768 0.096673 76 153 0
0.439372 0.577191 0.009673 153 0 76
-0.004106 -0.018354 0.351784 76 0 153
0.600358 0.037623 -0.065359 76 153 0
0.305311 -0.566632 -0.610588 0 0 255
0.523678 -0.651515 0.573436 127 0 127
0.336438 0.577191 -0.104688 153 0 76
-0.004106 0.229731 0.274461 76 0 153
-0.052198 0.538694 0.503602 153 0 76
0.459759 -0.185886 -0.572091 0 0 255
0.047224 -0.585125 -0.377381 76 0 153
0.600358 -0.209730 -0.268167 76 153 0
0.549028 -0.012487 0.386185 76 153 0
-0.054835 0.577191 0.248141 153 0 76
0.151604 0.078305 -0.572091 153 76 0
0.118575 0.538694 -0.339049 153 0 76
-0.344700 -0.409318 0.573205 127 0 127
0.405542 -0.616226 0.384285 76 0 153
-0.178055 -0.338460 -0.559258 153 76 0
-0.492188 0.224517 0.573205 127 0 127
0.549028 0.020383 -0.399111 76 153 0
0.249627 -0.066935 0.573205 127 0 127
-0.004106 -0.323825 0.282725 76 0 153
0.047224 0.052610 -0.396162 76 0 153
-0.512326 0.237554 -0.218436 153 0 76
0.142725 0.538694 0.391781 153 0 76
0.183119 0.577191 0.403214 153 0 76
0.368784 -0.654723 -0.467017 76 0 153
-0.069710 -0.616226 0.081602 76 0 153
-0.004106 -0.167349 0.410732 76 0 153
-0.517217 -0.456906 0.611702 127 0 127
0.600358 -0.228108 0.582380 127 0 127
0.346892 -0.616226 0.007935 76 0 153
0.493012 -0.277302 0.573205 127 0 127
-0.329717 -0.375776 -0.610588 204 51 127
0.158162 0.538694 -0.305846 153 0 76
0.196588 0.175765 -0.559258 153 76 0
0.549028 -0.170323 -0.564345 153 76 0
0.506232 0.481339 0.611702 127 0 127
-0.335595 -0.654723 -0.351029 76 0 153
-0.265865 0.577191 0.264710 153 0 76
-0.563656 -0.304060 0.119971 153 0 76
-0.327341 -0.283628 0.573205 127 0 127
0.600358 -0.103602 0.294710 76 153 0
-0.512326 -0.081613 -0.037367 153 0 76
-0.338561 -0.616226 0.327841 76 0 153
0.600358 0.005493 0.509563 76 153 0
0.435466 -0.616226 0.288601 76 0 153
-0.513749 -0.044113 -0.610588 153 0 76
0.398787 -0.616226 -0.011509 76 0 153
-0.563656 -0.293113 0.240460 153 0 76
0.600358 0.522527 -0.591740 76 153 0
-0.279434 0.320248 0.611702 127 0 127
-0.331186 0.577191 0.494689 153 0 76
0.413448 -0.616226 -0.571736 153 76 0
0.047224 -0.180388 0.124525 76 0 153
-0.280170 -0.616226 0.485735 76 0 153
-0.159535 -0.601144 -0.559258 153 76 0
-0.563656 0.265722 0.316755 153 0 76
0.314317 -0.654723 0.092108 76 0 153
-0.367489 0.247770 0.611702 127 0 127
0.600358 0.549879 0.201532 153 0 76
0.549028 0.519970 -0.177705 76 153 0
-0.253752 0.131616 0.611702 127 0 127
0.600358 -0.384854 -0.524082 76 153 0
0.047224 0.375959 -0.288997 76 0 153
0.195436 0.538694 0.472672 153 0 76
-0.004106 0.480097 -0.497522 76 0 153
-0.392891 0.577191 -0.597714 153 0 76
0.239179 0.577191 -0.086957 153 0 76
-0.563656 -0.385502 -0.543051 153 0 76
-0.512326 -0.294608 0.297549 153 0 76
-0.227996 -0.654723 -0.146739 76 0 153
0.549028 -0.331223 0.181056 76 153 0
0.528266 0.017565 -0.610588 0 0 255
0.406139 0.577191 -0.024594 153 0 76
-0.495661 -0.601245 0.611702 127 0 127
0.275091 -0.654723 0.327470 76 0 153
-0.563656 -0.446632 0.317014 153 0 76
0.600358 0.422865 0.432567 76 153 0
0.080644 -0.624900 -0.610588 76 0 153
-0.512326 0.117160 0.276983 153 0 76
-0.158353 -0.654723 0.182982 76 0 153
-0.452597 0.240747 -0.559258 153 76 0
-0.467749 -0.032649 -0.559258 153 76 0
0.600358 0.453821 0.030001 76 153 0
-0.291846 0.255450 -0.559258 153 76 0
0.188052 0.577191 -0.116931 153 0 76
-0.004106 0.206131 -0.324022 76 0 153
-0.260916 0.022758 -0.572091 153 76 0
0.262150 -0.654723 -0.434468 76 0 153
0.549028 0.007457 -0.310030 76 153 0
-0.408277 0.577191 0.005267 153 0 76
0.475882 0.032483 0.611702 127 0 127
0.124835 0.538694 -0.531170 153 0 76
0.085183 -0.616226 0.328973 76 0 153
-0.498922 0.075422 0.611702 127 0 127
-0.379840 0.473806 -0.610588 204 51 127
-0.004106 0.501242 0.202886 76 0 153
0.549028 -0.370673 -0.245790 76 153 0
-0.512326 0.105061 0.461365 153 0 76
0.047224 0.220727 -0.250046 76 0 153
0.249187 0.332940 0.611702 127 0 127
-0.563656 -0.107140 0.011386 153 0 76
-0.004106 -0.184849 -0.374927 76 0 153
-0.467334 -0.223458 -0.559258 153 76 0
-0.355826 0.538694 -0.080188 153 0 76
-0.080611 -0.290231 -0.559258 153 76 0
-0.098082 -0.654723 -0.145908 76 0 153
-0.040452 0.056605 -0.572091 153 76 0
-0.081002 0.577191 -0.418755 153 0 76
0.431061 -0.654723 -0.293185 76 0 153
-0.563656 0.221884 0.126311 153 0 76
0.292197 -0.190583 0.611702 127 0 127
0.312991 0.577191 0.535978 153 0 76
-0.293662 -0.616226 -0.437948 76 0 153
0.457390 -0.616226 0.161099 76 0 153
0.355159 -0.654723 0.476939 76 0 153
-0.157225 0.538694 0.035320 153 0 76
0.600358 -0.092580 0.106214 76 153 0
0.022382 0.538694 -0.276072 153 0 76
-0.154334 -0.182939 -0.572091 153 76 0
-0.512326 0.002548 -0.248453 153 0 76
-0.028571 0.538694 -0.561278 153 0 76
-0.349751 -0.178971 -0.559258 153 76 0
-0.563656 0.504323 0.051845 153 0 76
-0.004106 -0.574872 -0.297669 76 0 153
-0.004106 0.356946 0.492034 76 0 153
0.209113 0.138523 0.573205 127 0 127
-0.269371 0.577191 -0.469997 153 0 76
0.055161 -0.466413 0.573205 127 0 127
-0.560600 0.024083 0.569996 153 0 76
0.549028 0.248260 -0.486408 76 153 0
0.600358 0.059238 0.339872 76 153 0
-0.146136 -0.616226 -0.376908 76 0 153
-0.399457 0.222929 0.573205 127 0 127
0.000615 0.211525 -0.559258 153 76 0
-0.512326 0.019263 -0.066682 153 0 76
-0.436786 0.577191 -0.338447 153 0 76
-0.474369 -0.616226 -0.159507 76 0 153
-0.013104 -0.616226 0.272631 76 0 153
-0.563656 0.112917 0.228998 153 0 76
-0.185604 0.418562 0.573205 127 0 127
-0.563656 -0.604573 0.185087 153 0 76
0.549028 0.264272 0.267263 76 153 0
-0.563656 0.512311 0.293667 153 0 76
0.047224 -0.322296 -0.269221 76 0 153
-0.164342 0.573983 0.610093 127 0 127
0.488620 0.357599 0.573205 127 0 127
-0.090276 -0.654723 -0.241954 76 0 153
-0.004106 0.005955 -0.324673 76 0 153
-0.418534 -0.654723 0.074430 76 0 153
-0.425356 0.067610 -0.559258 153 76 0
0.229609 -0.232156 0.611702 127 0 127
0.579770 0.538694 0.386710 153 0 76
0.307241 0.538694 -0.100080 153 0 76
0.510053 0.009216 0.573205 127 0 127
0.585053 -0.226371 -0.610588 76 153 0
-0.344545 -0.088642 0.573205 127 0 127
-0.093025 0.577191 0.568895 153 0 76
-0.004106 -0.268489 0.472887 76 0 153
-0.372342 0.577191 0.184292 153 0 76
-0.370210 -0.616226 -0.415591 76 0 153
0.225348 0.577191 0.432707 153 0 76
-0.563656 -0.139491 0.397048 153 0 76
0.384847 -0.024466 -0.559258 153 76 0
0.125388 0.136016 0.573205 127 0 127
0.600358 -0.440827 -0.549169 76 153 0
0.292700 0.197061 0.611702 127 0 127
-0.517045 -0.616226 0.409219 153 0 76
0.481619 -0.499647 -0.610588 0 0 255
0.549028 0.114356 -0.479430 76 153 0
-0.118692 -0.654723 0.148644 76 0 153
-0.563656 0.232265 0.393227 153 0 76
-0.367846 0.456963 -0.559258 153 76 0
0.397742 0.263074 0.573205 127 0 127
-0.278549 0.462543 -0.610588 204 51 127
0.047224 -0.169006 0.522350 76 0 153
0.549028 0.095616 0.309646 76 153 0
-0.017951 -0.654723 0.420685 76 0 153
0.549028 0.372675 0.284971 76 153 0
0.462510 -0.654723 -0.191021 76 0 153
0.549028 0.127858 -0.418225 76 153 0
-0.307161 0.543696 -0.610588 153 0 76
0.600358 -0.168208 -0.380522 76 153 0
-0.004106 0.064792 -0.419909 76 0 153
0.330157 0.577191 0.059685 153 0 76
0.548978 -0.616226 -0.021248 76 0 153
0.018262 0.269356 0.573205 127 0 127
0.047224 -0.399845 -0.372263 76 0 153
-0.563656 0.028873 0.476196 153 0 76
-0.512326 0.521259 -0.141116 153 0 76
-0.327176 -0.654723 -0.125087 76 0 153
-0.428352 -0.073467 -0.610588 204 51 127
0.000004 -0.616226 0.013092 76 0 153
0.600358 0.093954 -0.318095 76 153 0
0.056812 0.137545 0.611702 127 0 127
-0.185755 0.501855 0.573205 127 0 127
-0.513572 -0.654723 -0.605209 76 0 153
0.557400 0.577191 -0.096556 153 0 76
-0.138447 0.577191 -0.141014 153 0 76
-0.285081 -0.654723 -0.287218 76 0 153
0.600358 0.248367 0.602541 127 0 127
-0.512326 0.137745 0.372668 153 0 76
0.090498 -0.616226 -0.130157 76 0 153
0.505146 -0.375567 0.573205 127 0 127
-0.512326 -0.458848 0.306710 153 0 76
-0.000113 0.070673 0.611702 127 0 127
-0.476363 0.174076 -0.610588 204 51 127
0.549028 0.288039 0.353481 76 153 0
0.515522 0.311821 0.573205 127 0 127
-0.393207 -0.032699 -0.610588 204 51 127
0.600358 0.366495 0.503779 76 153 0
0.034741 -0.654723 0.465483 76 0 153
-0.563656 0.194285 0.278939 153 0 76
0.047224 -0.016776 -0.535953 76 0 153
-0.563656 0.219664 -0.499318 153 0 76
0.454723 0.538694 -0.475831 153 0 76
0.143308 -0.654723 -0.214427 76 0 153
0.179796 -0.477012 0.573205 127 0 127
0.600358 0.129341 -0.203437 76 153 0
-0.008750 0.541457 -0.610588 153 0 76
0.600358 -0.445470 0.139201 76 153 0
0.049782 -0.654723 0.364098 76 0 153
0.600358 -0.341367 -0.286374 76 153 0
0.592513 -0.482102 0.569996 76 153 0
0.366095 -0.084915 0.573205 127 0 127
-0.427367 0.577191 -0.417724 153 0 76
0.470917 -0.654723 0.003955 76 0 153
0.549028 -0.565336 -0.365665 76 153 0
0.047224 0.512149 0.254398 76 0 153
0.542542 -0.174140 -0.610588 0 0 255
-0.119522 -0.291851 0.573205 127 0 127
0.523855 -0.353596 0.611702 127 0 127
0.115212 0.351649 -0.572091 153 76 0
-0.545599 0.577191 -0.185852 153 0 76
-0.307281 0.577191 -0.432154 153 0 76
-0.264366 -0.365448 0.573205 127 0 127
0.540134 0.538694 -0.568919 153 0 76
0.327055 0.295553 0.611702 127 0 127
0.407765 -0.388546 -0.572091 153 76 0
0.600358 0.226545 -0.261945 76 153 0
0.452110 -0.616226 0.096749 76 0 153
0.600358 0.363012 -0.349141 76 153 0
-0.004106 -0.523292 0.023589 76 0 153
0.157895 0.538694 0.314099 153 0 76
0.464296 0.538694 0.151677 153 0 76
0.110593 0.538694 0.433623 153 0 76
0.514617 0.277767 -0.610588 0 0 255
0.245673 0.538694 -0.130535 153 0 76
0.549028 -0.437475 -0.127117 76 153 0
0.301816 -0.080963 -0.610588 0 0 255
0.163099 -0.616226 0.268668 76 0 153
-0.179048 -0.616226 0.443861 76 0 153
-0.327285 0.472822 0.611702 127 0 127
-0.171253 0.538694 0.296419 153 0 76
0.600358 -0.245272 -0.101308 76 153 0
0.511552 0.088463 -0.559258 153 76 0
0.363668 0.409180 0.573205 127 0 127
0.290481 -0.005920 0.611702 127 0 127
0.600358 -0.009919 0.095574 76 153 0
-0.563656 0.287211 0.255457 153 0 76
0.047224 0.311090 0.314915 76 0 153
0.266558 0.538694 0.494408 153 0 76
0.600358 -0.166581 0.075469 76 153 0
0.421615 -0.654723 -0.485137 76 0 153
-0.004106 0.055944 -0.345528 76 0 153
-0.563656 -0.452524 0.006087 153 0 76
-0.258808 0.538694 -0.093939 153 0 76
-0.521868 0.341433 0.611702 127 0 127
-0.394742 -0.654723 -0.457866 76 0 153
-0.042057 -0.483140 0.573205 127 0 127
0.293890 0.577191 0.425049 153 0 76
0.329911 -0.462251 0.573205 127 0 127
0.345441 -0.616226 0.171103 76 0 153
0.549028 -0.289314 0.220796 76 153 0
-0.250920 -0.616226 0.208099 76 0 153
0.469035 -0.348303 -0.572091 0 0 255
0.600358 0.121606 0.406605 76 153 0
-0.517287 -0.616226 0.553712 76 0 153
-0.181547 0.345381 0.573205 127 0 127
0.587207 -0.654723 0.098043 76 0 153
0.033343 0.538694 -0.162516 153 0 76
-0.093110 -0.654723 -0.386873 76 0 153
0.182088 0.268925 0.611702 127 0 127
-0.142845 0.008415 0.611702 127 0 127
-0.004106 -0.064227 0.023015 76 0 153
0.529414 -0.457291 0.611702 127 0 127
-0.563656 0.513661 -0.196026 153 0 76
0.316406 0.577191 -0.450799 153 0 76
0.461749 0.451414 0.611702 127 0 127
-0.367945 0.538694 -0.321986 153 0 76
-0.004106 -0.117012 0.344427 76 0 153
0.390130 -0.161641 0.573205 127 0 127
0.270173 0.538694 0.186134 153 0 76
0.555191 0.577191 -0.287217 153 0 76
0.047224 0.070048 0.533343 76 0 153
-0.210601 0.538694 -0.470021 153 0 76
0.600358 -0.469061 -0.482984 76 153 0
-0.404710 -0.654723 -0.278424 76 0 153
-0.563656 0.087957 -0.111602 153 0 76
0.384630 -0.247896 0.611702 127 0 127
-0.042769 -0.654723 -0.493512 76 0 153
-0.369943 0.090093 0.611702 127 0 127
-0.240390 -0.654723 -0.597638 76 0 153
0.549028 0.189191 0.075641 76 153 0
-0.004106 -0.192396 -0.146472 76 0 153
-0.384549 -0.261142 -0.572091 153 76 0
0.600358 -0.093352 -0.420602 76 153 0
-0.246372 -0.402819 -0.572091 153 76 0
-0.139568 -0.654723 0.451496 76 0 153
-0.563656 -0.339831 -0.354474 153 0 76
0.542267 0.577191 -0.159317 153 0 76
0.549028 0.479710 -0.337900 76 153 0
-0.401487 -0.654723 -0.561279 76 0 153
-0.428826 0.273233 0.611702 127 0 127
-0.563656 0.487203 -0.126936 153 0 76
-0.458747 -0.616226 0.126350 76 0 153
0.078744 -0.086576 0.573205 127 0 127
0.549028 0.048144 0.110044 76 153 0
0.549028 0.347563 -0.552279 76 153 0
0.181754 -0.616226 -0.037165 76 0 153
-0.004106 0.444034 -0.106257 76 0 153
0.455169 -0.616226 -0.463651 76 0 153
0.241046 0.316495 -0.559258 153 76 0
0.350720 -0.616226 0.448418 76 0 153
-0.168496 0.577191 0.213698 153 0 76
-0.508391 0.548869 0.611702 127 0 127
-0.469475 -0.516827 -0.610588 204 51 127
-0.316741 0.577191 0.292995 153 0 76
-0.336853 0.064348 -0.559258 153 76 0
0.225115 -0.616226 -0.063027 76 0 153
-0.477717 -0.616226 0.242516 76 0 153
-0.004106 -0.032623 -0.505840 76 0 153
0.100387 -0.492408 -0.559258 153 76 0
-0.181094 -0.616226 0.160174 76 0 153
-0.349714 -0.559662 -0.572091 153 76 0
-0.163847 -0.538084 -0.559258 153 76 0
0.286276 0.371636 -0.559258 153 76 0
-0.512326 -0.296592 0.435748 153 0 76
0.301134 0.577191 -0.068062 153 0 76
-0.021594 0.320285 0.573205 127 0 127
-0.155354 0.283927 0.611702 127 0 127
-0.096067 0.577191 -0.566306 153 0 76
-0.065699 0.538694 -0.388295 153 0 76
-0.464308 -0.616226 -0.504909 76 0 153
-0.004106 0.126266 0.480079 76 0 153
-0.229733 0.541227 0.569996 153 0 76
-0.563656 -0.205052 0.501176 153 0 76
0.549028 0.449459 0.218182 76 153 0
-0.563656 -0.155866 -0.116294 153 0 76
-0.347362 -0.616226 -0.549944 76 0 153
-0.456828 0.218654 -0.610588 204 51 127
-0.309211 -0.654723 -0.051021 76 0 153
0.187746 -0.548149 0.611702 127 0 127
0.401972 0.577191 0.141707 153 0 76
0.047224 0.281449 0.077247 76 0 153
-0.509301 -0.028721 0.611702 127 0 127
-0.512326 -0.215733 -0.117759 153 0 76
-0.399256 -0.094406 0.573205 127 0 127
-0.563656 0.131092 -0.497015 153 0 76
-0.267186 -0.616226 -0.107887 76 0 153
0.047224 -0.592195 0.058787 76 0 153
-0.139467 0.196279 -0.572091 153 76 0
-0.424700 -0.654723 0.448604 76 0 153
-0.330933 -0.445371 0.611702 127 0 127
-0.425022 0.577191 0.329091 153 0 76
-0.469877 -0.336697 -0.559258 153 76 0
-0.175963 -0.654723 0.295085 76 0 153
0.246716 -0.654723 -0.337493 76 0 153
-0.440480 -0.616226 -0.009737 76 0 153
-0.096498 -0.654723 -0.097687 76 0 153
0.600358 -0.028671 -0.342047 76 153 0
0.549028 0.219112 -0.315777 76 153 0
0.511625 0.364931 0.611702 127 0 127
-0.563656 0.438317 -0.135231 153 0 76
0.184927 0.538694 -0.519148 153 0 76
-0.004106 -0.409834 -0.368370 76 0 153
-0.563656 -0.388659 0.415739 153 0 76
0.551242 -0.105752 0.569996 76 153 0
0.047224 0.307559 0.436504 76 0 153
0.172181 -0.133471 0.611702 127 0 127
0.175472 0.084585 0.611702 127 0 127
-0.293686 -0.319627 -0.610588 204 51 127
0.275580 -0.616226 0.252079 76 0 153
-0.512326 -0.251247 -0.361238 153 0 76
0.108937 -0.654723 0.193063 76 0 153
-0.004106 -0.500080 0.403973 76 0 153
0.600358 0.538804 -0.231893 153 0 76
0.600358 -0.346853 -0.120358 76 153 0
0.549028 -0.256800 -0.604971 0 0 255
-0.170576 0.037555 -0.559258 153 76 0
0.216724 -0.616226 0.320505 76 0 153
-0.563656 0.217226 0.235575 153 0 76
-0.563656 -0.281470 0.451399 153 0 76
-0.074954 -0.616226 0.393396 76 0 153
0.294490 -0.654723 0.144248 76 0 153
0.047224 0.100035 0.334460 76 0 153
0.080090 0.008202 -0.559258 153 76 0
-0.415821 -0.616226 -0.391612 76 0 153
-0.512326 -0.523342 0.328253 153 0 76
0.577257 0.577191 -0.557838 153 0 76
0.549028 0.095529 0.408638 76 153 0
-0.512326 0.151607 0.027821 153 0 76
-0.303654 0.538694 0.475033 153 0 76
-0.099107 0.577191 -0.107712 153 0 76
0.509466 0.538694 0.059248 153 0 76
0.047224 -0.022532 -0.248174 76 0 153
-0.064156 -0.616226 -0.450903 76 0 153
0.600358 -0.106145 -0.272622 76 153 0
-0.445103 -0.616226 0.310987 76 0 153
-0.237434 -0.036730 0.611702 127 0 127
-0.289940 -0.654723 0.052716 76 0 153
-0.269564 -0.654723 -0.081743 76 0 153
0.488430 -0.112807 0.611702 127 0 127
-0.563656 -0.067496 0.163893 153 0 76
-0.563656 0.010913 -0.143266 153 0 76
0.513486 0.577191 0.219065 153 0 76
0.047224 -0.557024 0.003420 76 0 153
-0.512326 0.326697 0.074724 153 0 76
-0.563656 -0.517038 0.059274 153 0 76
0.026670 -0.324579 0.611702 127 0 127
-0.262330 0.573983 0.573997 127 0 127
0.026276 0.577191 0.059752 153 0 76
0.490627 0.577191 -0.153808 153 0 76
-0.512326 -0.488653 0.092100 153 0 76
0.369133 0.557669 0.611702 127 0 127
0.600358 0.211347 0.097474 76 153 0
0.534389 0.355208 -0.610588 0 0 255
0.600358 0.138725 -0.258077 76 153 0
-0.004106 0.309494 0.040709 76 0 153
-0.097241 0.538694 0.505585 153 0 76
-0.489019 -0.654723 0.012189 76 0 153
-0.205727 0.577191 -0.560726 153 0 76
0.331974 0.470503 0.611702 127 0 127
-0.421150 0.381917 -0.572091 153 76 0
0.470723 0.538694 0.416506 153 0 76
-0.004106 -0.443428 -0.131522 76 0 153
0.416309 0.112043 -0.559258 153 76 0
-0.160761 -0.354244 0.611702 127 0 127
0.093657 0.195918 0.573205 127 0 127
0.179110 0.533774 0.573205 127 0 127
-0.304464 -0.245930 -0.572091 153 76 0
0.549028 -0.465821 -0.046572 76 153 0
-0.004106 -0.347562 0.047935 76 0 153
-0.423306 -0.119449 -0.610588 204 51 127
-0.512326 -0.392163 -0.290353 153 0 76
0.410997 0.311705 0.611702 127 0 127
0.549028 -0.121011 0.343488 76 153 0
-0.563656 -0.448142 -0.363337 153 0 76
0.269053 -0.065683 -0.572091 153 76 0
0.047224 0.346411 0.094531 76 0 153
-0.443583 0.577191 -0.548541 153 0 76
-0.369431 -0.405974 -0.610588 204 51 127
0.047224 0.461073 -0.046691 76 0 153
-0.171921 0.577191 -0.328789 153 0 76
0.549028 -0.069347 -0.216541 76 153 0
0.407835 0.538694 -0.411203 153 0 76
0.549028 -0.122312 -0.146527 76 153 0
-0.563656 0.053100 -0.365313 153 0 76
0.549028 0.361471 -0.004144 76 153 0
-0.208201 0.442952 0.611702 127 0 127
-0.047393 0.538694 -0.085600 153 0 76
0.047224 0.179007 0.358157 76 0 153
-0.537168 0.577191 -0.491136 153 0 76
0.234056 0.538694 0.073941 153 0 76
0.362461 0.577191 -0.141215 153 0 76
-0.386773 -0.632322 0.611702 127 0 127
0.549028 -0.342340 -0.472843 76 153 0
-0.376227 -0.616226 0.440320 76 0 153
0.600358 -0.257031 0.375630 76 153 0
-0.012065 0.124842 0.611702 127 0 127
0.158762 0.577191 0.553781 153 0 76
0.047224 -0.026644 0.254350 76 0 153
-0.253799 -0.654723 0.135941 76 0 153
-0.317618 0.538694 0.062666 153 0 76
0.549028 0.467130 0.025241 76 153 0
0.260894 -0.616226 0.539851 76 0 153
0.511574 -0.209974 -0.559258 153 76 0
0.564728 0.142693 -0.610588 76 153 0
-0.557239 0.101857 0.604631 127 0 127
0.600358 -0.586736 -0.201801 76 153 0
0.574893 -0.616226 0.193104 76 0 153
0.260454 0.512769 0.573205 127 0 127
0.005447 -0.532866 -0.559258 153 76 0
-0.327318 -0.225099 0.611702 127 0 127
0.543910 0.538694 0.414698 153 0 76
0.549028 0.148998 0.005252 76 153 0
0.464489 0.410323 0.573205 127 0 127
-0.190393 -0.112966 0.573205 127 0 127
0.077347 -0.424087 0.573205 127 0 127
0.226046 0.026151 -0.572091 153 76 0
-0.347396 -0.654723 0.536090 76 0 153
-0.088029 -0.616226 -0.212330 76 0 153
0.541916 0.577191 0.463019 153 0 76
-0.004106 -0.264738 -0.159052 76 0 153
0.600358 0.188122 0.184825 76 153 0
0.549028 0.463481 -0.120591 76 153 0
0.012788 -0.654723 -0.389473 76 0 153
-0.536772 0.577191 -0.074649 153 0 76
0.146606 0.577191 -0.597967 153 0 76
-0.289140 -0.616226 -0.003567 76 0 153
-0.512326 -0.242866 -0.524532 153 0 76
-0.563656 0.339133 0.562165 153 0 76
0.132119 0.262669 0.611702 127 0 127
-0.478490 -0.654723 0.214597 76 0 153
-0.304488 -0.529606 0.573205 127 0 127
-0.004106 -0.398086 -0.283426 76 0 153
0.409131 0.495636 0.611702 127 0 127
0.306987 0.538694 -0.380973 153 0 76
-0.270925 0.232973 0.573205 127 0 127
-0.512326 -0.077196 -0.406362 153 0 76
-0.004106 -0.336360 -0.406346 76 0 153
0.147105 -0.370076 -0.572091 153 76 0
0.412334 -0.057208 -0.572091 153 76 0
0.054445 0.538694 0.137033 153 0 76
0.595631 0.538694 0.061788 153 0 76
0.560755 -0.616226 -0.444587 76 153 0
0.600358 -0.317134 0.596735 127 0 127
0.482227 0.260264 0.611702 127 0 127
-0.563656 0.496319 0.160480 153 0 76
0.572325 -0.049469 -0.610588 76 153 0
-0.042327 0.538694 0.349571 153 0 76
-0.306112 0.538694 0.162179 153 0 76
0.047224 0.264568 -0.208353 76 0 153
-0.078312 -0.654723 0.129739 76 0 153
0.231800 0.538694 0.243677 153 0 76
-0.380664 -0.226069 0.611702 127 0 127
0.018265 -0.654723 0.331857 76 0 153
0.213925 -0.211829 -0.559258 153 76 0
0.129502 -0.168884 0.611702 127 0 127
0.103463 -0.654723 0.273486 76 0 153
-0.337172 -0.651515 0.601165 127 0 127
0.541608 0.577191 -0.462239 153 0 76
-0.551207 -0.616226 -0.222441 76 0 153
-0.042960 -0.549913 0.573205 127 0 127
-0.563656 0.490848 0.552009 153 0 76
-0.055608 0.538694 0.289998 153 0 76
0.600358 0.338767 -0.120500 76 153 0
0.468132 0.538693 -0.580023 0 0 255
-0.563656 0.315452 -0.023688 153 0 76
0.505098 0.577191 -0.045597 153 0 76
-0.563656 0.173785 -0.010682 153 0 76
0.600358 -0.540096 -0.337002 76 153 0
-0.174295 -0.556539 0.573205 127 0 127
-0.512326 0.069687 0.089907 153 0 76
-0.491961 0.501665 -0.610588 204 51 127
-0.430563 -0.561494 0.611702 127 0 127
-0.291627 0.032079 0.611702 127 0 127
-0.254747 -0.138447 -0.559258 153 76 0
0.511457 -0.652148 -0.610588 76 0 153
-0.281440 -0.461852 -0.610588 204 51 127
-0.512326 -0.032943 -0.518711 153 0 76
0.549028 0.325317 -0.188607 76 153 0
-0.512326 0.127075 0.181270 153 0 76
-0.474878 0.253692 0.611702 127 0 127
-0.330142 -0.654723 0.143106 76 0 153
-0.085946 0.259871 -0.559258 153 76 0
-0.494606 -0.654723 0.372692 76 0 153
0.508396 -0.616226 0.329841 76 0 153
0.398861 0.577191 0.036421 153 0 76
0.463525 -0.140217 -0.572091 0 0 255
-0.340427 0.573983 0.610368 127 0 127
-0.242643 0.495949 -0.572091 153 76 0
0.047224 0.502654 0.537872 76 0 153
0.326354 -0.343143 -0.572091 0 0 255
-0.563656 -0.519073 0.300480 153 0 76
-0.004106 0.251875 -0.376295 76 0 153
0.549028 0.395951 0.131705 76 153 0
-0.512326 -0.563381 -0.314827 153 0 76
-0.353510 0.577191 -0.238716 153 0 76
0.315516 0.538694 -0.521864 153 0 76
-0.390297 -0.253142 0.573205 127 0 127
0.047224 -0.410586 0.040397 76 0 153
-0.522587 -0.654723 -0.548310 76 0 153
0.593162 0.167643 0.573205 127 0 127
0.047224 0.360677 -0.526446 76 0 153
-0.304458 0.538694 -0.230019 153 0 76
0.047224 0.038365 -0.454212 76 0 153
-0.233137 0.577191 0.533700 153 0 76
0.600358 -0.053303 0.079312 76 153 0
0.297229 0.528438 0.611702 127 0 127
-0.332043 -0.592874 0.573205 127 0 127
0.472527 0.185400 -0.610588 0 0 255
0.448931 0.538694 0.269912 153 0 76
0.549028 -0.153817 0.270297 76 153 0
-0.169909 -0.654723 -0.326748 76 0 153
-0.454857 -0.654723 -0.414667 76 0 153
0.597751 -0.654723 -0.052245 76 0 153
0.590607 0.094378 0.611702 127 0 127
-0.411518 -0.356794 0.573205 127 0 127
0.054709 -0.615155 -0.559258 153 76 0
0.600358 0.360101 0.325898 76 153 0
0.509763 -0.610181 0.611702 127 0 127
-0.512326 -0.322901 -0.259398 153 0 76
0.506339 0.577191 0.139460 153 0 76
-0.030751 -0.654723 0.204996 76 0 153
-0.563656 0.305118 -0.554231 153 0 76
0.296594 -0.618628 -0.610588 76 0 153
-0.512326 -0.361119 -0.560363 153 0 76
-0.434921 0.314670 0.573205 127 0 127
0.549028 -0.484590 -0.534223 76 153 0
0.549028 -0.111307 0.389161 76 153 0
0.215266 0.242530 -0.572091 153 76 0
0.192408 -0.283404 -0.572091 153 76 0
-0.514391 -0.654723 0.056668 76 0 153
0.386368 0.538694 0.123211 153 0 76
0.202577 0.577191 0.066562 153 0 76
0.047224 -0.054673 -0.164909 76 0 153
-0.019920 -0.412288 0.573205 127 0 127
-0.185454 -0.092169 -0.572091 153 76 0
-0.334304 0.577191 -0.397168 153 0 76
0.600358 0.283861 -0.362335 76 153 0
-0.281832 0.377228 0.611702 127 0 127
0.368193 0.071323 0.611702 127 0 127
0.600358 0.292578 -0.592485 76 153 0
0.416794 0.577191 -0.128660 153 0 76
-0.170294 -0.654723 0.028207 76 0 153
0.260687 0.577191 0.305286 153 0 76
-0.469269 -0.616226 0.538260 76 0 153
-0.512326 -0.232971 0.371462 153 0 76
0.600358 -0.488930 0.350021 76 153 0
-0.483362 -0.616226 -0.352125 76 0 153
0.594010 0.527302 0.569996 76 153 0
0.320656 0.577191 -0.558108 153 0 76
-0.557239 -0.610794 0.587200 127 0 127
0.549028 -0.142406 0.105819 76 153 0
0.142883 -0.017074 0.573205 127 0 127
0.153059 -0.654723 -0.341410 76 0 153
-0.512326 -0.301884 0.064260 153 0 76
0.211762 0.538694 0.117490 153 0 76
0.394190 0.538694 -0.139759 153 0 76
-0.532588 0.538693 0.119553 153 0 76
0.026710 -0.490952 -0.572091 153 76 0
-0.450234 0.385392 0.573205 127 0 127
0.599657 -0.077022 0.569996 76 153 0
0.337792 -0.654723 -0.224938 76 0 153
0.600358 0.493016 0.099984 76 153 0
0.472638 0.538694 0.368522 153 0 76
-0.300298 -0.654723 0.261398 76 0 153
0.600358 0.348183 0.097391 76 153 0
0.549028 0.318422 0.093910 76 153 0
0.212123 -0.486189 -0.559258 153 76 0
0.549028 0.154343 0.370283 76 153 0
-0.004106 0.193738 -0.014180 76 0 153
0.600358 0.078483 0.458277 76 153 0
-0.517478 0.188641 0.569996 153 0 76
0.455677 0.184868 0.611702 127 0 127
-0.071037 -0.616226 -0.026588 76 0 153
0.527392 -0.616226 -0.240475 76 0 153
0.160958 -0.654723 -0.122216 76 0 153
0.600358 -0.487831 -0.076841 76 153 0
-0.563656 0.022054 -0.464744 153 0 76
0.549028 -0.400318 0.358788 76 153 0
0.532684 -0.310459 0.611702 127 0 127
0.173635 0.538694 0.358736 153 0 76
0.166952 -0.027179 0.611702 127 0 127
0.324314 0.124769 0.573205 127 0 127
-0.027820 -0.654723 -0.250745 76 0 153
0.179625 -0.616226 0.564824 76 0 153
-0.004106 0.011805 -0.521295 76 0 153
0.549028 0.535176 0.289194 76 153 0
-0.512326 -0.575872 0.061292 153 0 76
-0.393386 0.163442 0.573205 127 0 127
-0.252521 -0.180764 0.611702 127 0 127
-0.557239 0.268488 0.600355 127 0 127
0.476957 -0.616226 -0.365897 76 0 153
0.549028 -0.209611 -0.536383 76 153 0
0.553306 -0.411887 -0.610588 76 153 0
0.600358 0.560039 -0.433606 153 0 76
0.104961 -0.654723 0.107225 76 0 153
0.574013 0.538694 -0.081510 153 0 76
0.292379 0.174402 -0.608425 0 0 255
0.453012 -0.514571 0.573205 127 0 127
-0.004106 -0.512395 0.112011 76 0 153
-0.316248 0.450381 0.573205 127 0 127
0.292379 0.294877 -0.598432 0 0 255
0.405056 0.109617 0.611702 127 0 127
-0.135623 0.538694 -0.351849 153 0 76
0.325488 -0.616226 -0.423630 76 0 153
0.181963 -0.616226 0.054000 76 0 153
0.600358 0.004169 0.286954 76 153 0
0.047224 0.457294 -0.312511 76 0 153
-0.563656 -0.190045 -0.252056 153 0 76
-0.515988 -0.283501 0.611702 127 0 127
-0.056883 0.538694 0.453159 153 0 76
-0.294541 0.538694 -0.009325 153 0 76
-0.512326 0.488290 0.213977 153 0 76
0.600358 0.279019 -0.470921 76 153 0
0.600358 -0.000114 0.213389 76 153 0
-0.512326 0.209756 0.172947 153 0 76
0.047224 -0.058237 -0.456094 76 0 153
0.047224 0.166443 0.218437 76 0 153
0.124874 -0.427307 0.611702 127 0 127
-0.563656 0.077008 0.140616 153 0 76
0.181115 -0.207131 0.573205 127 0 127
-0.437380 -0.307407 -0.572091 153 76 0
0.134273 -0.478348 0.611702 127 0 127
0.107194 -0.616226 0.034796 76 0 153
-0.195996 0.538694 -0.016882 153 0 76
-0.004106 -0.241934 -0.534669 76 0 153
-0.563656 0.127036 0.041089 153 0 76
-0.512326 0.530814 -0.282947 153 0 76
0.363337 0.211897 0.573205 127 0 127
0.047224 0.431525 0.286123 76 0 153
-0.220301 -0.646231 0.569996 76 0 153
0.170129 -0.408129 0.611702 127 0 127
-0.512326 0.072148 0.347485 153 0 76
-0.380583 0.538694 0.362878 153 0 76
-0.126730 0.577191 -0.491264 153 0 76
-0.266134 -0.616226 -0.524289 76 0 153
-0.004106 -0.243818 -0.004582 76 0 153
0.524795 -0.616226 0.268364 76 0 153
-0.512326 0.166132 -0.570586 153 76 0
0.257345 0.538694 0.033449 153 0 76
-0.032987 0.186022 0.573205 127 0 127
0.207660 0.577191 -0.232218 153 0 76
-0.004106 0.008262 -0.448539 76 0 153
-0.261133 -0.254937 0.611702 127 0 127
0.375666 -0.654723 -0.569883 76 0 153
-0.357082 -0.616226 -0.195552 76 0 153
0.456373 0.067958 -0.610588 0 0 255
-0.020613 -0.654723 -0.609339 76 0 153
0.039483 -0.216109 0.611702 127 0 127
0.185194 0.463636 0.679903 0 127 127
0.600358 -0.266293 0.447912 76 153 0
-0.001011 0.157789 0.557164 76 0 153
-0.349464 0.091963 0.573205 127 0 127
0.600358 -0.613681 -0.140064 76 153 0
-0.563656 0.130200 -0.058259 153 0 76
-0.195124 -0.654723 -0.112907 76 0 153
-0.401059 -0.616226 -0.525665 76 0 153
0.159155 -0.654723 -0.018865 76 0 153
-0.004106 -0.024153 0.290299 76 0 153
0.313413 0.450064 -0.610588 0 0 255
-0.314437 -0.266746 0.611702 127 0 127
-0.281608 -0.654723 -0.409041 76 0 153
0.265007 0.538694 0.345529 153 0 76
0.054308 -0.307905 0.573205 127 0 127
0.395140 0.577191 0.375277 153 0 76
0.078922 0.059340 -0.559258 153 76 0
0.236605 -0.616226 -0.483794 76 0 153
0.130780 0.538694 0.111289 153 0 76
0.456780 -0.616226 -0.559384 76 0 153
0.130109 -0.072405 0.573205 127 0 127
-0.107157 -0.616226 -0.357503 76 0 153
0.401574 0.560951 0.569996 153 0 76
0.347713 0.538694 0.317627 153 0 76
0.600358 -0.485906 -0.182887 76 153 0
-0.427673 -0.654723 0.134239 76 0 153
-0.512326 -0.073812 0.398410 153 0 76
-0.512326 0.424228 -0.580609 204 51 127
-0.361604 0.230711 -0.572091 204 51 127
-0.007429 -0.512000 0.573205 127 0 127
0.127083 -0.654723 0.054925 76 0 153
0.082246 0.538694 0.333832 153 0 76
0.161132 0.577191 0.161311 153 0 76
-0.512326 0.299312 0.130422 153 0 76
-0.563656 -0.347349 -0.563905 153 0 76
-0.563656 -0.255246 -0.546979 153 0 76
-0.387848 -0.043120 0.573205 127 0 127
-0.478732 -0.616226 -0.110057 76 0 153
0.502051 0.577191 0.385135 153 0 76
-0.004106 0.209319 0.206777 76 0 153
-0.563656 0.496699 -0.082429 153 0 76
-0.475345 0.277749 -0.559258 153 76 0
0.231297 -0.361054 0.573205 127 0 127
0.549028 0.382180 0.340557 76 153 0
0.201766 -0.616226 -0.571355 76 0 153
-0.389273 -0.616226 -0.601924 204 51 127
0.105868 0.504110 0.611702 127 0 127
-0.303931 -0.148372 -0.610588 204 51 127
-0.512326 0.494492 -0.035947 153 0 76
-0.432065 -0.027110 0.611702 127 0 127
0.047224 -0.056167 0.378012 76 0 153
0.547641 0.577191 -0.330455 153 0 76
-0.512326 -0.190879 -0.363750 153 0 76
0.369861 -0.654723 0.384580 76 0 153
0.560371 -0.309329 0.569996 76 153 0
0.313377 -0.012200 0.573205 127 0 127
0.069220 0.577191 0.293611 153 0 76
-0.004831 0.145024 -0.559258 153 76 0
-0.408976 0.007706 -0.610588 204 51 127
-0.319232 0.577191 -0.531473 153 0 76
-0.563656 -0.548379 -0.171503 153 0 76
0.549028 0.197375 0.438793 76 153 0
-0.314295 0.577191 0.379900 153 0 76
0.209872 -0.654723 0.241665 76 0 153
-0.392028 -0.654723 0.217449 76 0 153
0.480451 -0.654723 0.401717 76 0 153
0.123421 -0.616226 0.368076 76 0 153
-0.146386 -0.089117 0.573205 127 0 127
0.549028 -0.446920 0.047261 76 153 0
-0.525955 0.538694 -0.554845 153 0 76
0.036173 -0.654723 -0.447345 76 0 153
0.549028 0.028090 0.218656 76 153 0
0.494291 -0.616226 -0.047271 76 0 153
0.047224 0.188249 0.131205 76 0 153
0.469938 -0.604571 0.573205 127 0 127
0.600358 0.316203 0.363329 76 153 0
0.250875 0.226783 0.611702 127 0 127
0.087999 0.538694 -0.243529 153 0 76
0.047224 0.349672 0.446447 76 0 153
-0.004106 -0.507681 0.156826 76 0 153
0.045582 -0.425646 0.611702 127 0 127
0.433119 -0.616226 -0.231066 76 0 153
-0.365016 0.309413 -0.572091 204 51 127
0.549028 -0.437829 -0.517263 76 153 0
-0.043583 0.353106 -0.572091 153 76 0
0.514159 -0.102759 -0.610588 0 0 255
-0.465377 0.573983 0.587955 127 0 127
0.549028 0.289166 0.133535 76 153 0
0.425648 0.453005 -0.559258 153 76 0
0.318861 -0.616226 -0.152455 76 0 153
-0.524604 -0.654723 0.427299 76 0 153
0.530571 -0.608875 0.573205 127 0 127
0.539908 -0.654723 -0.131433 76 0 153
-0.217253 0.384039 0.573205 127 0 127
0.353305 -0.455201 0.611702 127 0 127
-0.512326 -0.222629 -0.280102 153 0 76
-0.517626 -0.370962 0.573205 127 0 127
0.600358 0.337637 0.271531 76 153 0
-0.412989 0.538694 -0.557458 153 0 76
-0.554570 -0.616226 -0.496541 153 0 76
-0.464334 -0.616226 0.083557 76 0 153
0.488570 0.577191 -0.263051 153 0 76
0.087161 0.254218 0.611702 127 0 127
-0.438652 -0.654723 -0.479788 76 0 153
-0.027002 -0.616226 -0.123615 76 0 153
-0.229719 -0.616226 0.248941 76 0 153
0.600358 0.185039 0.357883 76 153 0
0.594911 -0.616226 0.012810 76 0 153
-0.527618 -0.136802 0.569996 153 0 76
-0.331401 -0.616226 -0.396768 76 0 153
0.004973 0.577191 -0.186008 153 0 76
0.600358 0.113636 -0.157746 76 153 0
0.052705 -0.101475 -0.559258 153 76 0
0.157097 0.538694 0.066753 153 0 76
0.599727 0.342066 0.611702 127 0 127
-0.563656 0.130751 0.282306 153 0 76
0.070562 -0.616226 -0.461895 76 0 153
-0.299376 0.538694 -0.185916 153 0 76
-0.512326 0.178725 -0.106798 153 0 76
0.549028 0.025334 -0.481852 76 153 0
0.400887 0.182745 0.573205 127 0 127
0.371408 0.356980 0.573205 127 0 127
0.002250 -0.616226 0.431398 76 0 153
-0.004106 -0.292936 0.090770 76 0 153
0.047224 -0.022226 0.421820 76 0 153
-0.515560 0.538693 0.076950 153 0 76
0.549028 -0.054551 -0.406759 76 153 0
-0.512326 -0.407151 -0.338890 153 0 76
-0.380604 0.577191 0.058268 153 0 76
-0.004106 0.462664 -0.264532 76 0 153
0.362835 0.121495 0.611702 127 0 127
-0.305504 0.577191 0.131756 153 0 76
-0.512326 -0.278319 -0.429766 153 0 76
0.549028 0.315125 -0.367670 76 153 0
0.128406 -0.616226 -0.043757 76 0 153
0.046637 0.478158 0.573205 127 0 127
-0.042033 0.505509 0.573205 127 0 127
0.039134 0.361489 -0.572091 153 76 0
0.549028 0.020515 -0.095979 76 153 0
0.506253 -0.332133 0.573205 127 0 127
-0.004106 0.281499 0.353493 76 0 153
0.339429 -0.551958 0.573205 127 0 127
0.600358 0.285509 0.063813 76 153 0
0.531139 -0.483498 0.573205 127 0 127
0.047224 -0.100295 -0.389493 76 0 153
0.549028 -0.284303 -0.392689 76 153 0
0.303135 0.538693 -0.575056 0 0 255
0.468898 0.468983 0.573205 127 0 127
0.315509 -0.616226 0.314405 76 0 153
0.549028 0.208068 -0.057443 76 153 0
-0.186140 -0.616226 -0.458151 76 0 153
0.149773 0.538694 0.271969 153 0 76
0.265813 0.538694 -0.520179 153 0 76
0.479014 -0.654723 -0.525407 76 0 153
0.101097 -0.616226 -0.254289 76 0 153
-0.512326 -0.463595 -0.479545 153 0 76
-0.512326 0.190280 -0.235286 153 0 76
0.041630 -0.265196 0.557164 76 0 153
0.384765 -0.654723 -0.308690 76 0 153
0.207246 0.577191 0.265937 153 0 76
-0.513474 -0.201606 0.611702 127 0 127
-0.563656 0.532240 0.240216 153 0 76
0.205856 0.538694 -0.275930 153 0 76
0.599310 0.214268 -0.610588 76 153 0
0.437991 -0.164948 0.573205 127 0 127
-0.516225 -0.654723 -0.344485 76 0 153
0.154086 -0.544657 -0.559258 153 76 0
0.116894 0.065732 0.573205 127 0 127
0.259296 -0.404432 0.611702 127 0 127
-0.410478 0.577191 -0.378385 153 0 76
0.363010 0.431928 0.611702 127 0 127
-0.330616 -0.544905 0.611702 127 0 127
-0.440299 -0.654723 -0.047518 76 0 153
0.476190 -0.654723 -0.344303 76 0 153
0.058058 -0.616226 -0.036238 76 0 153
0.047224 -0.415152 -0.531765 76 0 153
-0.387917 -0.595545 0.573205 127 0 127
0.582617 -0.616226 0.564319 76 0 153
-0.512326 -0.573881 -0.041035 153 0 76
-0.004106 0.391818 0.452519 76 0 153
0.363123 0.577191 -0.452536 153 0 76
-0.243933 -0.616226 -0.369491 76 0 153
-0.120441 -0.616226 -0.095671 76 0 153
0.549028 -0.427670 -0.393533 76 153 0
0.409436 -0.616226 0.099939 76 0 153
-0.521947 0.577191 0.007565 153 0 76
-0.005954 0.577191 0.362526 153 0 76
-0.563656 -0.432739 0.084264 153 0 76
-0.290258 -0.552740 -0.572091 153 76 0
-0.004106 0.308206 -0.510214 76 0 153
-0.282077 0.577191 0.072060 153 0 76
-0.145593 -0.616226 -0.221606 76 0 153
0.474187 0.538694 0.223114 153 0 76
0.123777 0.577191 0.201095 153 0 76
-0.254786 0.538694 0.351457 153 0 76
-0.004106 -0.032602 -0.548539 76 0 153
0.484828 0.401740 -0.572091 153 76 0
0.047224 -0.197407 -0.032852 76 0 153
-0.512326 0.462692 -0.510692 153 0 76
0.569820 0.538694 -0.014776 153 0 76
0.469101 0.538694 -0.071305 153 0 76
0.360128 -0.313481 0.611702 127 0 127
0.204269 0.577191 0.149354 153 0 76
-0.448477 0.577191 -0.074942 153 0 76
0.123401 0.577191 -0.136351 153 0 76
0.044200 0.577191 -0.445022 153 0 76
-0.255677 -0.572379 -0.598009 204 51 127
0.343680 0.274768 -0.559258 153 76 0
0.068976 0.180940 0.611702 127 0 127
-0.310537 0.291577 -0.572091 153 76 0
0.365610 0.010913 0.611702 127 0 127
-0.386703 -0.654723 0.328134 76 0 153
0.549028 0.533935 0.214505 76 153 0
0.117252 0.350476 0.611702 127 0 127
-0.563656 -0.057827 0.417624 153 0 76
-0.512326 0.418429 0.421310 153 0 76
0.047224 0.081132 -0.191761 76 0 153
0.425584 -0.586679 0.611702 127 0 127
-0.455020 0.137211 -0.610588 204 51 127
0.047224 0.389803 0.369441 76 0 153
-0.512326 0.217863 -0.420523 153 0 76
-0.128986 0.538694 0.325057 153 0 76
-0.540749 -0.652930 0.569996 76 0 153
0.522010 0.538694 -0.255882 153 0 76
0.047224 0.402060 -0.181801 76 0 153
-0.003747 0.538694 0.310567 153 0 76
0.012429 0.538693 0.460870 76 0 153
-0.512326 0.217830 0.260761 153 0 76
-0.497651 0.425084 0.573205 127 0 127
-0.004106 0.407103 0.512357 76 0 153
0.448101 -0.478994 -0.572091 0 0 255
0.437744 -0.043184 0.573205 127 0 127
-0.257770 -0.009157 -0.610588 204 51 127
0.541104 0.577191 0.094934 153 0 76
-0.512326 0.108785 -0.283228 153 0 76
-0.563656 -0.556467 0.372098 153 0 76
0.047224 -0.164006 0.170673 76 0 153
0.044129 0.577191 0.426692 153 0 76
-0.181717 -0.654723 0.339100 76 0 153
-0.563656 0.212285 0.462530 153 0 76
-0.442953 0.034931 0.611702 127 0 127
0.047224 -0.357319 0.039254 76 0 153
-0.512326 -0.280561 -0.255683 153 0 76
-0.434881 -0.161069 0.611702 127 0 127
-0.318198 -0.520182 -0.572091 204 51 127
-0.512326 -0.194137 0.070058 153 0 76
-0.302326 0.043178 -0.572091 153 76 0
-0.512326 0.052968 0.221410 153 0 76
0.600358 0.500179 -0.541683 76 153 0
-0.538900 0.538693 0.419666 153 0 76
-0.512326 -0.001232 -0.386046 153 0 76
0.047224 -0.582332 0.235895 76 0 153
0.033439 0.466414 -0.559258 153 76 0
-0.303575 0.205854 0.573205 127 0 127
0.115372 0.577191 -0.277041 153 0 76
-0.563656 -0.496655 -0.201495 153 0 76
-0.191808 0.538694 0.484801 153 0 76
0.047224 0.509512 -0.467836 76 0 153
0.200366 -0.616226 -0.267626 76 0 153
0.481357 -0.443150 0.611702 127 0 127
-0.336085 -0.109779 -0.610588 204 51 127
-0.512326 -0.232549 0.321305 153 0 76
0.324791 -0.426939 -0.610588 0 0 255
-0.563656 0.372724 0.248345 153 0 76
0.560754 0.491739 0.569996 76 153 0
0.600358 -0.385567 0.360750 76 153 0
0.522922 0.465646 -0.572091 153 76 0
0.549028 -0.211403 0.472057 76 153 0
-0.532096 0.538693 -0.209149 153 0 76
-0.498481 -0.654723 0.279269 76 0 153
-0.275870 0.577191 -0.017534 153 0 76
-0.141438 -0.616226 0.545013 76 0 153
-0.512326 -0.100170 -0.244366 153 0 76
-0.004106 -0.147723 0.500914 76 0 153
-0.048010 0.051586 0.611702 127 0 127
0.030469 0.577191 -0.220523 153 0 76
-0.302949 0.577191 0.539232 153 0 76
0.600358 -0.193695 0.131017 76 153 0
0.549028 0.461939 -0.509670 76 153 0
0.153766 0.577191 -0.054287 153 0 76
0.417947 0.002764 -0.572091 0 0 255
-0.512326 -0.410932 0.413062 153 0 76
0.076607 0.145197 0.573205 127 0 127
-0.484633 -0.444294 -0.572091 153 76 0
0.511572 -0.468432 -0.610588 0 0 255
-0.102414 0.526794 0.573205 127 0 127
-0.451517 0.538694 0.287749 153 0 76
0.221455 -0.347325 -0.559258 153 76 0
0.079904 -0.654723 -0.529577 76 0 153
-0.512326 -0.539497 0.036558 153 0 76
-0.216654 -0.616226 -0.096230 76 0 153
-0.512326 -0.520381 0.546957 153 0 76
-0.241278 0.577191 -0.607088 153 0 76
-0.563656 0.070171 -0.318149 153 0 76
0.549028 0.411085 0.547912 76 153 0
-0.468617 0.031446 -0.610588 204 51 127
0.047224 0.290709 -0.361798 76 0 153
-0.563656 -0.195709 -0.195758 153 0 76
0.600358 0.143398 0.516987 76 153 0
0.597542 0.538693 0.494945 76 153 0
0.388244 -0.342339 0.573205 127 0 127
-0.004106 0.429453 0.407510 76 0 153
0.206394 0.577191 -0.357415 153 0 76
-0.200272 -0.517240 0.573205 127 0 127
0.354100 -0.208641 -0.559258 153 76 0
0.600358 -0.404167 0.458261 76 153 0
0.496600 0.538694 -0.344421 153 0 76
-0.558948 -0.616226 -0.135247 76 0 153
-0.563656 0.272244 0.527508 153 0 76
-0.512326 0.384541 -0.445346 153 0 76
0.513310 -0.616226 -0.284939 76 0 153
0.553852 0.538694 -0.525643 153 0 76
-0.336140 0.057864 0.611702 127 0 127
-0.471472 0.455270 -0.572091 153 76 0
0.549028 -0.462792 0.301959 76 153 0
0.342232 -0.654723 -0.344454 76 0 153
0.415635 0.538694 0.397681 153 0 76
-0.360244 0.577191 0.139352 153 0 76
0.047224 -0.122809 -0.057951 76 0 153
0.600358 -0.052742 0.479258 76 153 0
-0.017630 -0.654723 -0.341371 76 0 153
-0.004106 -0.133511 -0.250706 76 0 153
-0.004106 0.490667 -0.036343 76 0 153
-0.466391 0.157512 -0.572091 153 76 0
-0.004106 -0.115036 -0.072907 76 0 153
0.359933 -0.432679 0.573205 127 0 127
-0.563656 -0.052073 -0.238671 153 0 76
-0.006978 -0.616226 -0.290226 76 0 153
-0.371719 0.577191 -0.067658 153 0 76
0.337869 0.026422 0.573205 127 0 127
0.529897 0.121456 0.611702 127 0 127
-0.004106 0.475719 0.477296 76 0 153
0.396334 -0.646563 0.573205 127 0 127
0.300028 -0.654723 -0.002351 76 0 153
0.395290 -0.313409 -0.572091 153 76 0
-0.405481 0.538694 0.458396 153 0 76
-0.360787 -0.349847 -0.572091 204 51 127
-0.512326 -0.552236 -0.216572 153 0 76
0.341763 -0.358674 -0.610588 0 0 255
-0.563656 0.239015 -0.536676 153 0 76
-0.197892 -0.266674 0.573205 127 0 127
0.190463 -0.616226 -0.392308 76 0 153
-0.563656 -0.425093 -0.262863 153 0 76
0.008080 -0.616226 -0.427933 76 0 153
0.243352 -0.654723 0.030655 76 0 153
0.505785 0.546674 0.569996 153 0 76
-0.450648 -0.164597 -0.610588 204 51 127
-0.563656 0.056244 0.192269 153 0 76
0.504629 0.532186 -0.610588 0 0 255
0.047224 0.061801 0.221665 76 0 153
-0.512326 0.109762 -0.052216 153 0 76
0.067365 0.538694 -0.362158 153 0 76
-0.257376 0.426246 -0.610588 204 51 127
0.269496 0.547975 -0.610588 153 0 76
-0.210072 0.112533 0.611702 127 0 127
0.227382 0.538694 -0.443895 153 0 76
0.161208 0.225748 0.611702 127 0 127
-0.512326 0.259025 0.530747 153 0 76
0.449987 -0.211751 0.611702 127 0 127
0.517404 -0.616226 -0.395596 76 0 153
-0.162807 -0.616226 -0.259910 76 0 153
-0.053291 0.538694 -0.178488 153 0 76
0.358525 0.168129 -0.572091 153 76 0
0.265575 -0.259991 0.611702 127 0 127
0.467324 0.577191 0.291982 153 0 76
0.240791 -0.616226 -0.197176 76 0 153
0.279362 0.483337 -0.572091 153 76 0
-0.441962 0.097092 0.573205 127 0 127
0.590023 -0.616226 -0.338035 76 0 153
-0.334526 0.538694 -0.120920 153 0 76
0.549028 -0.357683 -0.205903 76 153 0
0.047224 -0.127392 0.202706 76 0 153
0.111986 -0.114330 0.611702 127 0 127
-0.451871 -0.419252 0.573205 127 0 127
0.047224 -0.526643 0.171538 76 0 153
-0.486743 0.538694 -0.569715 153 0 76
-0.512326 0.312717 0.280493 153 0 76
0.226680 -0.616226 0.371120 76 0 153
-0.046834 0.209248 0.611702 127 0 127
0.310160 0.538694 0.453476 153 0 76
0.252044 -0.654723 0.292134 76 0 153
0.454997 -0.014436 0.611702 127 0 127
0.249694 0.003716 0.611702 127 0 127
-0.563656 -0.594344 -0.327442 153 0 76
0.448009 0.577191 0.338300 153 0 76
-0.178341 0.577191 -0.159452 153 0 76
0.600358 0.494533 0.278073 76 153 0
0.195542 0.332880 0.611702 127 0 127
0.487836 -0.654723 -0.291248 76 0 153
0.600358 -0.528864 -0.554330 76 153 0
0.327625 -0.391155 0.611702 127 0 127
0.057846 -0.482709 0.611702 127 0 127
-0.512326 -0.490097 -0.161487 153 0 76
0.047224 -0.552917 -0.524702 76 0 153
-0.002572 -0.382139 0.611702 127 0 127
-0.512326 0.065231 0.041333 153 0 76
-0.152655 0.577191 0.266096 153 0 76
0.527477 0.251052 0.573205 127 0 127
0.013682 -0.192308 0.573205 127 0 127
0.047224 -0.579384 -0.144443 76 0 153
-0.512326 0.327448 -0.074207 153 0 76
-0.520882 0.577191 0.297976 153 0 76
-0.512326 0.338293 0.476268 153 0 76
-0.375199 -0.616226 0.509568 76 0 153
0.047224 0.204154 -0.352927 76 0 153
-0.004106 0.306339 -0.253840 76 0 153
-0.208487 -0.195710 0.573205 127 0 127
-0.148228 0.577191 0.102621 153 0 76
-0.080792 -0.354698 0.611702 127 0 127
0.423409 0.538694 -0.062061 153 0 76
0.259471 -0.616226 0.448501 76 0 153
-0.334609 -0.616226 0.459392 76 0 153
-0.258084 -0.616226 0.381743 76 0 153
0.111635 0.577191 -0.376410 153 0 76
0.460012 -0.156298 0.611702 127 0 127
-0.004106 0.212472 0.086757 76 0 153
0.578492 -0.654723 -0.399221 76 0 153
-0.562523 -0.290052 -0.610588 153 0 76
-0.228324 0.577191 0.371710 153 0 76
-0.004106 -0.384371 0.119228 76 0 153
0.047224 -0.088525 0.186528 76 0 153
0.467117 -0.068182 -0.559258 153 76 0
0.237361 0.538694 0.406126 153 0 76
0.600358 0.472418 0.507495 76 153 0
-0.123636 -0.616226 -0.533295 76 0 153
-0.521879 0.538694 -0.496307 153 0 76
-0.512326 0.205445 0.216304 153 0 76
0.243750 0.577191 -0.571852 153 0 76
-0.004106 -0.119465 0.534555 76 0 153
0.047224 -0.113592 -0.455859 76 0 153
0.402678 -0.200073 -0.572091 0 0 255
0.204290 -0.654723 0.552912 76 0 153
-0.512326 -0.512341 -0.553631 153 0 76
-0.237156 0.538694 -0.396647 153 0 76
-0.172969 -0.654723 -0.590566 76 0 153
-0.005200 0.473902 0.573205 127 0 127
-0.004106 -0.178316 0.160380 76 0 153
0.441485 -0.616226 -0.281101 76 0 153
0.126345 -0.235642 0.573205 127 0 127
0.221023 -0.616226 0.122401 76 0 153
-0.563656 0.176464 -0.440114 153 0 76
-0.534297 0.129121 0.569996 153 0 76
-0.563656 -0.029519 -0.186071 153 0 76
0.140128 -0.616226 0.418493 76 0 153
-0.278209 -0.052070 0.573205 127 0 127
0.352250 0.538694 -0.103105 153 0 76
0.549028 -0.215200 0.179512 76 153 0
0.549028 -0.406107 0.219021 76 153 0
0.549028 0.185980 -0.231248 76 153 0
-0.178979 -0.396198 0.611702 127 0 127
-0.415888 0.477396 -0.572091 204 51 127
0.247306 0.538694 -0.285808 153 0 76
-0.342324 0.577191 -0.319793 153 0 76
0.248582 0.577191 -0.454696 153 0 76
0.600358 -0.371911 -0.006116 76 153 0
-0.244568 -0.502785 0.573205 127 0 127
-0.466251 -0.373061 0.611702 127 0 127
0.600358 -0.154720 0.035598 76 153 0
0.140962 0.133761 0.611702 127 0 127
0.047224 0.356682 0.340587 76 0 153
0.549028 0.053517 -0.436048 76 153 0
0.044678 0.577191 -0.319171 153 0 76
0.549028 -0.227426 0.246530 76 153 0
0.549028 -0.575395 -0.118452 76 153 0
0.383068 0.538694 -0.376071 153 0 76
0.183214 -0.654723 0.121711 76 0 153
-0.114294 -0.637769 0.573205 127 0 127
-0.563656 -0.103825 -0.507180 153 0 76
0.047224 0.123620 -0.341933 76 0 153
0.600358 0.416601 -0.391636 76 153 0
0.549028 -0.350319 0.237050 76 153 0
-0.357226 -0.097668 0.611702 127 0 127
-0.265474 0.109308 -0.559258 153 76 0
-0.004106 -0.053074 0.324420 76 0 153
0.217133 -0.616226 -0.349423 76 0 153
0.047224 0.277016 -0.424388 76 0 153
-0.457645 0.538694 -0.296132 153 0 76
-0.109489 0.461162 0.573205 127 0 127
0.055408 -0.654723 0.151959 76 0 153
0.600358 0.426547 0.257910 76 153 0
0.600358 0.463062 -0.433760 76 153 0
-0.004106 0.465791 0.064664 76 0 153
0.600358 -0.637213 -0.491790 76 0 153
-0.319093 -0.496713 -0.610588 204 51 127
-0.147790 -0.400109 -0.559258 153 76 0
0.047224 0.220983 -0.467944 76 0 153
0.549028 -0.220750 -0.076301 76 153 0
0.600358 0.192445 0.044672 76 153 0
-0.372939 -0.616226 0.356742 76 0 153
0.428841 -0.250080 -0.572091 153 76 0
0.600358 -0.109097 -0.216494 76 153 0
0.549028 -0.519591 0.113770 76 153 0
-0.004106 -0.114205 -0.525495 76 0 153
0.410919 -0.616226 -0.360305 76 0 153
0.481501 0.194445 0.573205 127 0 127
-0.004106 -0.446499 -0.431873 76 0 153
0.549028 -0.172121 -0.342774 76 153 0
0.253669 -0.314986 -0.572091 153 76 0
0.464291 0.577191 -0.315322 153 0 76
0.600358 0.396815 -0.025506 76 153 0
-0.383944 -0.395110 0.573205 127 0 127
-0.563656 -0.651076 0.351531 76 0 153
-0.529499 -0.061873 0.573205 127 0 127
-0.563656 -0.566808 0.201955 153 0 76
0.549028 0.104551 0.368277 76 153 0
0.549028 -0.144886 -0.273379 76 153 0
0.549028 -0.274505 0.498096 76 153 0
0.600358 0.417805 0.337186 76 153 0
-0.512326 0.280862 0.399850 153 0 76
0.374378 -0.104292 -0.559258 153 76 0
-0.315505 0.538694 0.120644 153 0 76
0.047224 0.145595 -0.109101 76 0 153
0.547689 0.577191 -0.503082 153 0 76
-0.490754 -0.466112 0.573205 127 0 127
0.526762 -0.136193 -0.572091 0 0 255
0.040180 -0.563893 0.573205 127 0 127
-0.302203 0.383423 -0.572091 204 51 127
-0.512326 -0.426689 0.370836 153 0 76
-0.511900 -0.654723 -0.092430 76 0 153
-0.004106 0.336354 0.138141 76 0 153
0.392726 0.304041 0.573205 127 0 127
0.520128 -0.385707 -0.610588 0 0 255
-0.352296 0.538694 0.177421 153 0 76
-0.106613 -0.074087 0.611702 127 0 127
0.164017 -0.654723 -0.395098 76 0 153
-0.532009 -0.088006 -0.610588 153 0 76
0.121189 0.573983 0.594603 127 0 127
-0.004106 -0.071670 0.407666 76 0 153
0.549028 -0.063267 0.246842 76 153 0
0.258457 0.444599 0.573205 127 0 127
0.047224 -0.385563 -0.102501 76 0 153
-0.187749 -0.007386 -0.572091 153 76 0
0.282996 0.577191 0.564241 153 0 76
0.047224 -0.093497 0.316921 76 0 153
-0.563656 0.295005 0.567671 153 0 76
0.047224 -0.368552 -0.266991 76 0 153
-0.419350 -0.466398 -0.572091 153 76 0
0.600358 0.263581 -0.074341 76 153 0
-0.387573 0.577191 0.349976 153 0 76
-0.087781 0.327594 -0.559258 153 76 0
-0.481110 0.538694 -0.364100 153 0 76
-0.345931 0.577191 0.553918 153 0 76
-0.350382 -0.036406 0.611702 127 0 127
0.549028 0.101314 -0.103020 76 153 0
0.079341 -0.568009 -0.572091 153 76 0
0.106101 0.018726 0.611702 127 0 127
-0.192795 -0.654723 -0.444032 76 0 153
-0.248553 -0.616226 0.039604 76 0 153
0.396462 -0.464546 0.611702 127 0 127
0.394993 0.498779 -0.572091 0 0 255
-0.512326 0.312525 -0.526673 153 0 76
0.553093 -0.654723 -0.536145 76 0 153
-0.512326 0.453184 -0.099122 153 0 76
-0.045279 -0.654723 0.020280 76 0 153
0.200147 0.466714 0.634783 0 127 127
0.175843 -0.616226 0.512877 76 0 153
-0.145693 -0.654723 -0.275260 76 0 153
-0.563656 0.387764 -0.098938 153 0 76
0.555088 0.191951 0.611702 127 0 127
0.080139 -0.616226 0.092859 76 0 153
-0.512326 -0.171946 -0.000544 153 0 76
0.087953 0.177493 -0.572091 153 76 0
-0.512326 -0.462918 0.448678 153 0 76
-0.563656 -0.198710 -0.486422 153 0 76
0.549028 0.453634 0.294112 76 153 0
0.047224 -0.313454 0.435912 76 0 153
0.367772 -0.654723 0.326972 76 0 153
-0.557239 0.177562 0.605260 127 0 127
0.371462 -0.616226 -0.440742 76 0 153
-0.242939 -0.531365 0.611702 127 0 127
-0.332413 -0.034183 -0.572091 204 51 127
-0.563656 0.298796 -0.430130 153 0 76
0.066663 -0.050069 0.611702 127 0 127
-0.138142 -0.654723 -0.011266 76 0 153
0.264166 -0.654723 0.554342 76 0 153
-0.004106 0.278064 0.275668 76 0 153
0.549028 0.331023 0.224252 76 153 0
-0.551764 -0.616226 -0.565244 153 0 76
0.600358 -0.320779 0.051605 76 153 0
-0.512326 0.432487 -0.201721 153 0 76
0.099623 0.461555 0.669123 0 127 127
-0.004106 0.087899 -0.160996 76 0 153
-0.512326 -0.034258 0.534863 153 0 76
0.047224 -0.027397 -0.288924 76 0 153
0.306679 0.544173 0.569996 153 0 76
0.356877 -0.616226 0.407846 76 0 153
0.221940 -0.654723 -0.507220 76 0 153
-0.563656 -0.469080 0.043630 153 0 76
0.261389 -0.529694 -0.572091 153 76 0
-0.512326 0.454150 0.465617 153 0 76
0.600358 0.079343 0.262549 76 153 0
-0.479984 -0.325247 0.611702 127 0 127
0.047224 -0.037400 -0.054864 76 0 153
0.115098 -0.654723 0.562361 76 0 153
-0.038816 -0.373368 -0.572091 153 76 0
0.296644 0.577191 -0.222001 153 0 76
0.234851 -0.654723 -0.392392 76 0 153
0.047224 0.378319 -0.107654 76 0 153
0.594199 -0.654723 -0.124367 76 0 153
0.575421 -0.560118 0.569996 76 153 0
0.281265 0.305134 0.611702 127 0 127
-0.069372 0.577191 0.137738 153 0 76
-0.090132 -0.241726 -0.572091 153 76 0
0.258693 0.577191 -0.036335 153 0 76
-0.004106 -0.216968 -0.450742 76 0 153
-0.563656 -0.531002 -0.364402 153 0 76
0.298184 -0.393912 -0.572091 0 0 255
-0.359466 0.538694 -0.034740 153 0 76
0.047224 0.120055 0.543471 76 0 153
-0.512326 0.162403 -0.156302 153 0 76
-0.004106 -0.021165 -0.042284 76 0 153
-0.077468 0.518798 0.611702 127 0 127
0.399748 -0.274902 0.573205 127 0 127
0.136501 -0.287873 0.573205 127 0 127
-0.512326 -0.180612 -0.051113 153 0 76
-0.454391 -0.077083 -0.559258 153 76 0
-0.004106 0.409335 0.100190 76 0 153
0.240148 -0.519652 0.611702 127 0 127
0.369860 -0.620260 0.611702 127 0 127
-0.559490 -0.246340 0.569996 153 0 76
-0.312102 0.256418 0.611702 127 0 127
-0.076676 0.577191 -0.242728 153 0 76
0.600358 -0.436936 0.560113 76 153 0
0.549028 0.403849 0.091176 76 153 0
0.047224 0.442618 -0.351886 76 0 153
0.295891 -0.654723 -0.045136 76 0 153
0.026613 -0.625649 0.611702 127 0 127
0.486639 -0.654723 0.187985 76 0 153
-0.159871 0.376701 0.611702 127 0 127
0.549028 -0.222021 -0.495703 76 153 0
0.047224 -0.531471 -0.337673 76 0 153
-0.563656 0.140124 -0.104375 153 0 76
-0.563656 0.040371 -0.231320 153 0 76
-0.512326 -0.303554 -0.586098 153 0 76
0.549028 -0.101210 -0.261285 76 153 0
-0.563656 0.421507 -0.488919 153 0 76
0.068004 0.577191 -0.123306 153 0 76
0.549028 0.229854 0.071758 76 153 0
0.047224 -0.511398 -0.209647 76 0 153
-0.165945 0.577191 -0.543729 153 0 76
-0.004106 -0.072209 -0.036241 76 0 153
0.381415 -0.654723 0.212924 76 0 153
-0.288595 -0.013139 -0.559258 153 76 0
0.549028 0.479523 -0.172175 76 153 0
0.380327 -0.654723 -0.045056 76 0 153
-0.174671 -0.299172 -0.572091 153 76 0
0.292379 0.411414 -0.596586 0 0 255
-0.410728 -0.616226 -0.245137 76 0 153
-0.004106 -0.102603 -0.174326 76 0 153
-0.004106 0.097351 0.138731 76 0 153
-0.004106 0.479925 0.237678 76 0 153
-0.527489 -0.616226 0.146004 153 0 76
-0.004106 0.199129 -0.134983 76 0 153
-0.074327 0.577191 -0.306603 153 0 76
0.528439 0.304919 -0.572091 153 76 0
-0.512326 -0.230565 -0.450546 153 0 76
-0.397435 0.502829 0.573205 127 0 127
0.600358 0.137394 -0.033021 76 153 0
-0.563656 -0.232235 0.190564 153 0 76
-0.563656 -0.202533 0.030582 153 0 76
-0.004106 -0.443879 0.284950 76 0 153
0.549028 -0.174810 -0.145672 76 153 0
0.047224 -0.279923 0.069183 76 0 153
-0.069324 0.538694 -0.011885 153 0 76
-0.155562 -0.255203 -0.572091 153 76 0
0.600358 -0.182841 -0.157910 76 153 0
-0.223226 0.577191 -0.105915 153 0 76
0.500638 0.427360 -0.610588 0 0 255
-0.294109 -0.654723 0.306764 76 0 153
0.350707 -0.063846 -0.610588 0 0 255
0.376330 -0.654723 0.003770 76 0 153
0.047224 0.153494 0.262632 76 0 153
0.600358 -0.084793 -0.095714 76 153 0
-0.512326 0.340287 -0.430942 153 0 76
0.549028 -0.183399 -0.256981 76 153 0
-0.168723 0.577191 0.476836 153 0 76
0.032194 0.021220 0.573205 127 0 127
0.268873 -0.462052 0.611702 127 0 127
0.103547 0.577191 -0.059834 153 0 76
0.438408 0.571916 -0.610588 153 0 76
0.036849 -0.654723 0.538813 76 0 153
-0.546696 -0.163685 -0.610588 153 0 76
-0.264505 0.043916 0.573205 127 0 127
0.437241 -0.616226 0.510272 76 0 153
0.297076 0.208983 -0.572091 0 0 255
-0.191807 -0.654723 0.219084 76 0 153
0.301742 0.577191 0.495003 153 0 76
0.010563 -0.173151 0.611702 127 0 127
-0.004106 0.390928 -0.460992 76 0 153
-0.563656 -0.020552 0.256025 153 0 76
0.543348 0.577191 0.341672 153 0 76
-0.004106 -0.491812 -0.008854 76 0 153
-0.514414 -0.654723 0.167270 76 0 153
-0.159403 -0.654723 0.098840 76 0 153
0.020464 0.538693 -0.421182 76 0 153
0.469379 0.335692 -0.559258 153 76 0
-0.563656 -0.261462 -0.086297 153 0 76
0.549028 0.352869 0.560728 76 153 0
0.047224 -0.141777 -0.257947 76 0 153
0.390777 -0.375955 0.611702 127 0 127
-0.512326 -0.167142 -0.522650 153 0 76
0.543881 0.022362 -0.572091 0 0 255
-0.512326 -0.106453 -0.530068 153 0 76
0.232745 -0.636296 0.611702 127 0 127
-0.417462 0.577191 -0.131861 153 0 76
-0.284485 -0.192262 -0.610588 204 51 127
-0.154705 -0.616226 -0.030639 76 0 153
-0.212868 0.538694 -0.062189 153 0 76
0.263485 -0.616226 -0.049834 76 0 153
0.163421 -0.616226 -0.146806 76 0 153
-0.079391 0.577191 0.529788 153 0 76
-0.184649 0.066521 0.573205 127 0 127
0.216833 0.269981 0.573205 127 0 127
-0.279650 -0.616226 -0.568586 153 76 0
-0.004106 -0.232243 -0.261991 76 0 153
-0.003797 0.538693 0.069543 76 0 153
0.227769 -0.616226 -0.304531 76 0 153
-0.346877 0.129627 0.611702 127 0 127
0.329509 -0.357906 0.573205 127 0 127
-0.382847 0.577191 0.098700 153 0 76
-0.524671 -0.654723 -0.130858 76 0 153
0.082051 -0.627944 0.569996 76 0 153
0.314229 -0.615267 0.573205 127 0 127
-0.563656 0.446837 0.520693 153 0 76
-0.563656 -0.523481 -0.265547 153 0 76
0.600358 -0.612199 0.156961 76 153 0
-0.361607 0.538694 0.057793 153 0 76
-0.211977 -0.654723 0.122790 76 0 153
0.405612 0.204250 0.611702 127 0 127
0.132060 0.577191 -0.455834 153 0 76
-0.205103 0.577191 0.187551 153 0 76
0.012718 0.538694 0.375428 153 0 76
-0.563656 -0.443454 0.221491 153 0 76
-0.004106 -0.189923 -0.322415 76 0 153
0.140623 -0.654723 -0.534734 76 0 153
-0.077796 -0.616226 -0.302131 76 0 153
0.600358 0.115714 0.071066 76 153 0
-0.004106 0.019983 0.548221 76 0 153
-0.276245 -0.087308 -0.572091 204 51 127
-0.128286 0.137994 0.611702 127 0 127
0.600358 -0.241784 -0.376234 76 153 0
0.215302 0.544472 0.611702 127 0 127
0.549028 -0.048698 0.474550 76 153 0
-0.408239 0.103001 0.611702 127 0 127
0.126376 -0.616226 0.161217 76 0 153
-0.004106 -0.081657 -0.138828 76 0 153
-0.512326 0.412695 0.004088 153 0 76
0.508306 -0.438253 -0.559258 153 76 0
-0.563656 -0.312957 0.197288 153 0 76
0.599578 -0.560884 -0.610588 76 153 0
-0.512326 0.367604 -0.142649 153 0 76
-0.544886 -0.616226 -0.405459 76 0 153
-0.418395 0.538694 -0.501252 153 0 76
0.072451 0.577191 0.510326 153 0 76
0.600358 -0.156134 0.380232 76 153 0
0.600358 -0.134304 -0.307140 76 153 0
-0.562728 -0.654723 -0.030519 76 0 153
-0.079713 0.538694 0.387301 153 0 76
-0.152040 0.538694 0.407886 153 0 76
-0.277487 0.538694 -0.397739 153 0 76
0.172948 0.538694 -0.208753 153 0 76
-0.233848 0.493461 0.573205 127 0 127
0.323261 0.384519 -0.572091 153 76 0
0.154612 0.348001 0.573205 127 0 127
0.549028 -0.197796 0.330303 76 153 0
-0.000509 0.577191 -0.266179 153 0 76
0.470327 -0.616226 0.383789 76 0 153
-0.128843 0.538694 -0.187670 153 0 76
-0.516787 0.538693 0.029413 153 0 76
-0.550962 0.538693 -0.116748 153 0 76
0.260679 0.538694 0.104193 153 0 76
-0.004106 0.088626 -0.240923 76 0 153
-0.117960 -0.596338 0.611702 127 0 127
0.101818 0.108060 0.611702 127 0 127
0.549028 -0.468776 -0.225855 76 153 0
0.047224 0.383007 0.233157 76 0 153
0.347280 -0.217524 0.573205 127 0 127
0.156716 0.317911 0.611702 127 0 127
0.389325 0.373698 -0.559258 153 76 0
0.600358 -0.238492 -0.026095 76 153 0
0.439990 -0.654723 -0.076174 76 0 153
0.527645 0.057853 0.573205 127 0 127
-0.010122 -0.654723 0.303319 76 0 153
0.017163 -0.616226 -0.231719 76 0 153
-0.126353 -0.134523 0.611702 127 0 127
0.047224 0.262579 0.496366 76 0 153
0.581525 0.577191 -0.016529 153 0 76
-0.435312 0.538694 0.067373 153 0 76
-0.004106 -0.413773 -0.513585 76 0 153
-0.004106 -0.579029 0.479268 76 0 153
0.600358 -0.353443 -0.587433 76 153 0
0.016252 0.538694 -0.340006 153 0 76
0.047224 -0.480627 0.021227 76 0 153
0.481615 -0.616226 0.129029 76 0 153
0.600358 0.046496 0.234633 76 153 0
-0.512326 0.027888 -0.493028 153 0 76
0.600358 -0.471578 -0.272125 76 153 0
-0.563656 -0.325989 0.008288 153 0 76
-0.157890 -0.616226 -0.129796 76 0 153
0.578568 0.422487 0.573205 127 0 127
-0.563656 0.467949 -0.259029 153 0 76
0.404609 0.577191 -0.174240 153 0 76
0.145728 0.577191 0.123325 153 0 76
0.047224 -0.263070 -0.545258 76 0 153
0.047224 0.318186 -0.166347 76 0 153
0.307727 0.538694 0.329551 153 0 76
-0.563656 0.232814 -0.022132 153 0 76
0.549028 -0.313924 0.421212 76 153 0
-0.286000 -0.409128 -0.572091 204 51 127
0.464734 -0.372632 0.573205 127 0 127
-0.113872 -0.024408 0.573205 127 0 127
0.600358 0.379351 0.596915 127 0 127
-0.187741 0.130486 -0.572091 153 76 0
0.575485 -0.163774 0.569996 76 153 0
0.544483 -0.616226 -0.084705 76 0 153
-0.481195 -0.231757 0.573205 127 0 127
0.549028 0.074485 -0.556502 76 153 0
-0.197279 -0.654723 -0.296553 76 0 153
-0.036472 0.450609 -0.572091 153 76 0
0.041513 0.538694 0.555412 153 0 76
0.563955 0.538694 -0.257600 153 0 76
0.058025 0.106643 -0.572091 153 76 0
-0.523315 -0.291843 0.573205 127 0 127
-0.004106 -0.399793 0.489457 76 0 153
-0.563656 -0.568093 -0.012241 153 0 76
0.600358 -0.206310 0.452434 76 153 0
-0.563656 -0.563228 0.106621 153 0 76
0.600358 -0.490964 0.074446 76 153 0
0.170337 0.538694 0.516128 153 0 76
0.316247 0.538694 -0.329011 153 0 76
-0.512326 -0.472275 0.195595 153 0 76
0.600358 -0.340025 -0.051250 76 153 0
-0.512326 0.440205 0.134432 153 0 76
0.028482 -0.616226 -0.192121 76 0 153
-0.058057 -0.654723 0.259819 76 0 153
-0.432371 -0.654723 0.488635 76 0 153
-0.467330 0.577191 0.228963 153 0 76
-0.231078 0.161882 0.573205 127 0 127
-0.414868 0.577191 0.504627 153 0 76
0.099667 0.538694 -0.436029 153 0 76
0.565253 -0.616226 0.528297 76 153 0
0.223625 0.538694 -0.053214 153 0 76
0.549028 0.053502 0.455585 76 153 0
0.047224 0.493820 0.394719 76 0 153
0.404595 -0.654723 0.347467 76 0 153
-0.563656 0.525359 0.005982 153 0 76
0.047224 0.390946 0.066540 76 0 153
-0.250397 0.177810 -0.559258 153 76 0
-0.534003 0.502748 -0.610588 153 0 76
-0.375055 0.538694 -0.433792 153 0 76
0.549028 0.190511 -0.497677 76 153 0
-0.363227 0.538694 0.241097 153 0 76
-0.415790 -0.089045 -0.572091 204 51 127
0.549028 0.055741 -0.375776 76 153 0
-0.359031 0.035896 -0.610588 204 51 127
0.530760 -0.616226 0.141638 76 0 153
-0.441895 -0.293740 -0.610588 204 51 127
0.091728 0.577191 0.091558 153 0 76
0.498195 0.431696 0.573205 127 0 127
-0.470502 -0.103235 0.573205 127 0 127
0.600358 -0.531524 -0.035261 76 153 0
0.538666 -0.190865 0.611702 127 0 127
0.554152 -0.616226 -0.483934 76 0 153
0.245270 0.371692 0.573205 127 0 127
-0.563656 0.431448 0.095261 153 0 76
-0.004106 0.043866 -0.186199 76 0 153
-0.186160 0.538694 0.244247 153 0 76
0.418817 -0.438434 -0.610588 0 0 255
-0.064497 -0.616226 0.184615 76 0 153
0.042556 -0.186365 -0.572091 153 76 0
0.047224 -0.291960 -0.357739 76 0 153
-0.004106 0.359488 -0.024899 76 0 153
-0.233913 0.412478 0.611702 127 0 127
-0.481744 -0.616226 -0.561079 76 0 153
0.549028 -0.542104 0.207301 76 153 0
-0.563656 -0.135216 -0.365696 153 0 76
-0.393439 0.577191 0.392369 153 0 76
0.047224 0.114870 -0.260531 76 0 153
-0.083823 -0.616226 0.439207 76 0 153
0.091260 0.309338 -0.572091 153 76 0
-0.512326 0.423501 0.077000 153 0 76
0.549028 -0.260430 -0.101140 76 153 0
-0.232298 -0.616226 -0.460799 76 0 153
0.600358 -0.214664 -0.075792 76 153 0
-0.020569 -0.654723 0.480767 76 0 153
0.250320 -0.027100 0.573205 127 0 127
-0.512326 0.271412 -0.502656 153 0 76
0.389899 0.577191 -0.482033 153 0 76
-0.563656 0.451705 0.287323 153 0 76
-0.411125 -0.171977 -0.572091 153 76 0
-0.232387 0.538694 0.310827 153 0 76
0.047224 0.155414 0.010895 76 0 153
0.082348 -0.201536 0.573205 127 0 127
-0.340514 -0.654723 -0.165765 76 0 153
-0.037400 0.577191 0.032470 153 0 76
-0.476929 0.358526 0.611702 127 0 127
0.015260 -0.452937 0.611702 127 0 127
-0.462764 -0.498326 0.573205 127 0 127
-0.088245 -0.516784 0.611702 127 0 127
0.014849 0.337845 0.573205 127 0 127
-0.512326 -0.165043 -0.130225 153 0 76
-0.373018 0.577191 -0.513803 153 0 76
0.296680 0.538694 -0.276386 153 0 76
0.047224 0.095723 0.183831 76 0 153
-0.362935 0.538694 -0.382377 153 0 76
-0.563656 0.072091 0.490396 153 0 76
-0.198636 0.250048 0.573205 127 0 127
0.549028 -0.228172 -0.338258 76 153 0
0.047224 0.197041 0.089239 76 0 153
0.047224 -0.604015 -0.302181 76 0 153
-0.486381 0.577191 -0.164218 153 0 76
0.478515 -0.404440 -0.610588 0 0 255
-0.338357 0.493028 -0.572091 204 51 127
-0.004106 0.340322 0.407045 76 0 153
0.377933 -0.420833 -0.572091 153 76 0
0.332679 -0.518595 0.611702 127 0 127
0.230433 0.538694 -0.009607 153 0 76
0.513073 -0.616226 -0.202760 76 0 153
0.600358 0.405596 0.148179 76 153 0
0.327970 0.553551 0.611702 127 0 127
0.403113 -0.654723 -0.197367 76 0 153
-0.100290 0.538694 -0.289508 153 0 76
0.497466 -0.654723 0.493242 76 0 153
0.376551 0.409050 -0.572091 0 0 255
0.183973 -0.349807 0.611702 127 0 127
-0.563656 0.032653 0.071431 153 0 76
-0.512326 0.200550 -0.380407 153 0 76
-0.236124 0.577191 -0.015419 153 0 76
0.549028 -0.597536 0.068738 76 153 0
0.600358 -0.538892 -0.291704 76 153 0
-0.309104 -0.616226 -0.524253 76 0 153
-0.303975 -0.654723 -0.193532 76 0 153
0.047224 0.416119 0.180306 76 0 153
-0.004106 0.177767 -0.211667 76 0 153
0.004408 0.538693 -0.227938 76 0 153
-0.036019 -0.654723 0.532781 76 0 153
-0.512326 0.252621 -0.258313 153 0 76
-0.512326 -0.249973 0.140775 153 0 76
-0.512326 0.174948 -0.346542 153 0 76
0.047224 -0.443689 -0.294697 76 0 153
-0.248962 0.577191 -0.258359 153 0 76
-0.063500 -0.505983 -0.572091 153 76 0
0.089138 0.308223 0.573205 127 0 127
-0.366724 0.538693 -0.560937 153 76 0
-0.526784 0.538694 0.211181 153 0 76
0.458076 -0.616226 0.202903 76 0 153
-0.080316 0.538694 -0.336210 153 0 76
0.514102 -0.233313 0.573205 127 0 127
-0.380649 -0.616226 0.396416 76 0 153
-0.375909 0.196145 -0.610588 204 51 127
-0.563656 -0.646013 0.234200 76 0 153
0.394640 -0.654723 0.064924 76 0 153
0.223388 -0.108129 0.573205 127 0 127
-0.501399 -0.654723 -0.458626 76 0 153
-0.110736 0.577191 -0.059080 153 0 76
0.549028 0.113797 0.134757 76 153 0
0.549028 0.118366 -0.319613 76 153 0
-0.326774 0.577191 -0.081876 153 0 76
0.549028 -0.582657 -0.302460 76 153 0
0.543873 0.389668 -0.572091 0 0 255
0.108335 0.527722 -0.572091 153 76 0
0.600358 -0.005291 -0.423723 76 153 0
-0.004106 0.129486 0.366174 76 0 153
-0.476095 -0.403589 -0.610588 204 51 127
0.600358 0.101305 0.183527 76 153 0
-0.279802 -0.401830 0.573205 127 0 127
-0.441924 0.488936 0.611702 127 0 127
-0.017344 -0.020374 0.573205 127 0 127
-0.512326 0.230369 0.009043 153 0 76
0.047224 -0.516409 0.302691 76 0 153
0.047224 0.465450 0.463258 76 0 153
0.017044 -0.022216 0.611702 127 0 127
0.047224 -0.560250 0.133776 76 0 153
-0.056193 0.538694 -0.526195 153 0 76
0.549028 -0.552270 -0.413869 76 153 0
-0.005340 0.577191 0.183721 153 0 76
0.017632 0.250455 0.611702 127 0 127
-0.563656 0.303727 -0.277005 153 0 76
-0.004106 -0.562996 -0.412666 76 0 153
-0.468676 0.482570 0.677317 0 127 127
0.047224 0.244605 0.191663 76 0 153
-0.004106 -0.341859 -0.318726 76 0 153
-0.483889 0.025407 -0.572091 204 51 127
-0.454831 -0.477380 0.611702 127 0 127
0.150136 -0.072090 0.611702 127 0 127
-0.004106 0.176948 -0.270226 76 0 153
-0.512326 -0.136061 0.442372 153 0 76
0.549028 -0.096794 -0.181398 76 153 0
-0.563656 -0.064395 -0.507991 153 0 76
0.395398 -0.204571 0.611702 127 0 127
-0.528063 0.538693 0.333606 153 0 76
0.451150 0.573983 0.605631 127 0 127
-0.407391 0.577191 -0.265371 153 0 76
-0.298255 -0.128310 0.611702 127 0 127
0.047224 -0.072033 0.520789 76 0 153
0.522892 -0.151447 0.573205 127 0 127
-0.296311 -0.654723 0.498288 76 0 153
0.133632 0.119536 -0.572091 153 76 0
-0.029543 -0.651515 0.593374 127 0 127
0.047224 -0.125854 -0.186208 76 0 153
0.600358 -0.082645 0.001442 76 153 0
0.369793 0.532744 0.573205 127 0 127
0.135557 -0.616226 -0.328134 76 0 153
-0.004106 -0.375496 0.254989 76 0 153
-0.139668 0.538694 0.252404 153 0 76
-0.004106 -0.334787 0.393723 76 0 153
0.224018 0.505886 -0.572091 153 76 0
-0.278444 0.220740 -0.572091 153 76 0
-0.215614 -0.654723 -0.348346 76 0 153
0.337378 0.313742 -0.559258 153 76 0
-0.004106 0.476529 -0.458335 76 0 153
0.047224 0.460827 -0.102140 76 0 153
-0.316714 -0.069882 -0.610588 204 51 127
0.509875 -0.063529 -0.572091 0 0 255
-0.563656 -0.561240 -0.509416 153 0 76
0.114231 0.229447 0.573205 127 0 127
-0.389355 -0.654723 -0.342694 76 0 153
0.277221 -0.616226 -0.231009 76 0 153
0.477746 -0.616226 -0.497290 76 0 153
-0.258429 -0.654723 0.076250 76 0 153
-0.415834 0.168084 -0.559258 153 76 0
-0.256640 -0.616226 0.336026 76 0 153
0.549028 -0.222550 -0.427506 76 153 0
-0.049099 -0.654723 -0.283795 76 0 153
0.026599 0.577191 -0.385952 153 0 76
-0.563656 0.175708 0.111835 153 0 76
0.345462 0.499837 -0.572091 153 76 0
-0.401537 0.538694 0.536862 153 0 76
0.223702 -0.616226 -0.014956 76 0 153
0.375056 -0.654723 -0.380965 76 0 153
-0.563656 0.442549 0.170484 153 0 76
0.600358 0.132973 -0.593163 76 153 0
0.345944 0.538694 -0.184388 153 0 76
0.549028 -0.053805 0.389305 76 153 0
-0.323327 -0.632068 0.569996 76 0 153
0.549028 -0.527666 -0.015749 76 153 0
-0.557290 0.577191 -0.320365 153 0 76
0.600358 -0.449431 0.272791 76 153 0
0.047224 0.011244 0.176672 76 0 153
0.600358 -0.016770 0.583833 127 0 127
-0.512326 -0.120046 -0.341418 153 0 76
0.087712 -0.523859 0.573205 127 0 127
0.229584 0.538694 -0.404330 153 0 76
-0.305239 -0.162515 -0.572091 204 51 127
0.549028 -0.177074 0.144787 76 153 0
0.345034 0.577191 -0.493138 153 0 76
0.520781 0.538694 0.011327 153 0 76
0.009699 0.538694 0.144289 153 0 76
0.069604 -0.654723 0.252899 76 0 153
-0.525369 0.538693 0.466939 153 0 76
-0.563656 0.550284 0.303525 153 0 76
0.076764 0.538694 -0.599468 153 0 76
0.274426 -0.654723 -0.116031 76 0 153
-0.355401 0.340106 0.611702 127 0 127
0.549028 0.237872 -0.445164 76 153 0
0.032437 -0.616226 0.163979 76 0 153
-0.299954 0.577191 0.426668 153 0 76
-0.522519 -0.616226 -0.539115 76 0 153
-0.552559 0.538694 -0.040921 153 0 76
-0.210100 0.577191 0.017310 153 0 76
-0.004106 -0.020469 0.209416 76 0 153
0.047224 -0.235093 0.098669 76 0 153
-0.449178 -0.357189 -0.610588 204 51 127
0.306437 -0.265078 0.573205 127 0 127
0.507894 -0.353477 -0.572091 0 0 255
-0.335597 0.504419 0.573205 127 0 127
-0.049124 -0.616226 0.500817 76 0 153
0.451408 -0.654723 -0.400169 76 0 153
-0.058843 0.138793 -0.572091 153 76 0
0.047224 0.396018 -0.371735 76 0 153
-0.563656 -0.158293 -0.441303 153 0 76
-0.316836 0.538694 0.246957 153 0 76
0.600358 -0.416715 -0.083369 76 153 0
-0.007061 0.577191 -0.141806 153 0 76
-0.295001 0.340695 -0.610588 204 51 127
0.047224 0.232580 -0.289543 76 0 153
0.297289 0.331781 -0.610588 0 0 255
-0.503220 0.577191 -0.461269 153 0 76
-0.563656 -0.029523 0.154319 153 0 76
-0.374328 -0.135887 0.611702 127 0 127
0.549028 0.301742 0.518968 76 153 0
0.288059 -0.465002 -0.559258 153 76 0
-0.563656 0.147017 -0.535610 153 0 76
0.549028 -0.028638 -0.509533 76 153 0
-0.563656 -0.354719 0.293069 153 0 76
0.321519 0.081644 0.573205 127 0 127
0.600358 0.455818 0.150510 76 153 0
0.027127 -0.654723 -0.078986 76 0 153
-0.221564 0.307618 0.573205 127 0 127
-0.397960 0.360519 0.611702 127 0 127
0.600358 -0.551937 0.099751 76 153 0
-0.563656 0.524308 0.515733 153 0 76
-0.517732 0.577191 0.376422 153 0 76
-0.230450 0.080446 -0.572091 153 76 0
-0.004106 -0.335593 -0.115757 76 0 153
0.600358 -0.288133 0.142914 76 153 0
-0.563656 0.559776 0.108694 153 0 76
-0.033906 0.246128 0.611702 127 0 127
0.259093 -0.654723 0.162169 76 0 153
0.351295 -0.581714 -0.572091 153 76 0
-0.553430 -0.616226 -0.606864 153 0 76
0.475884 0.577191 -0.376247 153 0 76
-0.563656 -0.469252 -0.170375 153 0 76
-0.512326 0.166381 0.324708 153 0 76
0.047224 -0.502119 0.441480 76 0 153
0.600358 -0.119362 0.503770 76 153 0
0.317762 0.256837 -0.610588 0 0 255
0.600358 -0.284060 -0.550954 76 153 0
0.127275 -0.616226 -0.463042 76 0 153
0.098937 0.538694 0.537454 153 0 76
-0.552866 -0.616226 0.053522 153 0 76
0.461238 -0.280894 0.611702 127 0 127
-0.233230 -0.616226 -0.311548 76 0 153
0.104050 0.577191 -0.208768 153 0 76
-0.004106 -0.344278 0.315969 76 0 153
-0.004106 -0.444467 -0.350371 76 0 153
0.549028 0.187824 0.523428 76 153 0
0.478734 0.068022 -0.572091 153 76 0
-0.297449 -0.231736 -0.610588 204 51 127
-0.210146 0.241403 -0.559258 153 76 0
0.241392 -0.654723 0.479211 76 0 153
-0.528607 -0.547422 0.569996 153 0 76
0.144675 0.538694 -0.006290 153 0 76
-0.241931 0.538694 -0.493228 153 0 76
-0.233952 -0.281490 0.573205 127 0 127
0.600358 0.122777 0.450290 76 153 0
-0.105810 0.577191 0.008511 153 0 76
0.149439 0.538694 -0.579303 153 0 76
0.543526 0.577191 -0.029204 153 0 76
-0.172812 0.577191 0.302235 153 0 76
0.138116 -0.616226 0.121002 76 0 153
-0.186062 0.538694 0.061509 153 0 76
0.437717 0.538694 -0.528695 153 0 76
0.213018 0.577191 0.546353 153 0 76
0.565524 -0.579793 -0.610588 76 153 0
0.087535 0.414457 -0.559258 153 76 0
0.371503 -0.506302 0.573205 127 0 127
-0.159979 0.474321 0.662274 0 127 127
-0.557239 0.228058 0.598360 127 0 127
-0.559239 0.538693 -0.599346 153 0 76
-0.563656 -0.121040 0.497770 153 0 76
-0.004106 0.179859 0.415730 76 0 153
0.496008 -0.548851 0.611702 127 0 127
-0.349870 -0.391226 0.611702 127 0 127
-0.058365 -0.217666 0.611702 127 0 127
-0.351367 0.410242 -0.572091 153 76 0
0.587246 -0.616226 0.480080 76 153 0
-0.512326 0.503376 0.425912 153 0 76
-0.194107 0.280525 0.611702 127 0 127
0.558782 -0.040610 0.611702 127 0 127
-0.444832 -0.072250 0.611702 127 0 127
0.170283 0.538694 -0.483112 153 0 76
0.423186 0.577191 0.091728 153 0 76
-0.563656 -0.147005 -0.327032 153 0 76
0.360181 0.538694 -0.484981 153 0 76
0.109012 -0.616226 -0.394329 76 0 153
-0.543056 -0.616226 0.512058 76 0 153
-0.257927 0.538694 0.506080 153 0 76
0.317666 -0.121828 -0.610588 0 0 255
-0.512326 -0.227217 -0.180576 153 0 76
-0.064141 0.473560 0.573205 127 0 127
-0.563656 0.529708 0.472824 153 0 76
-0.377602 0.429281 0.573205 127 0 127
0.600358 -0.297313 0.392002 76 153 0
-0.012534 -0.576929 -0.559258 153 76 0
0.519793 -0.654723 -0.097179 76 0 153
-0.512326 0.060613 0.127676 153 0 76
0.595304 -0.616226 0.406120 76 153 0
0.600358 -0.509472 0.317059 76 153 0
0.435930 0.276756 0.573205 127 0 127
0.047224 -0.212524 -0.116137 76 0 153
-0.512326 -0.112047 -0.384226 153 0 76
-0.004106 -0.447372 -0.214999 76 0 153
0.054286 0.538694 0.050117 153 0 76
-0.488816 0.481432 0.611702 127 0 127
-0.118328 -0.654723 0.048177 76 0 153
0.330675 0.577191 0.207839 153 0 76
-0.080166 -0.654723 -0.056277 76 0 153
-0.128812 0.538694 -0.066561 153 0 76
0.047224 0.359380 -0.336422 76 0 153
-0.253111 -0.616226 -0.411458 76 0 153
-0.044738 -0.487103 0.611702 127 0 127
-0.563656 0.276256 -0.337436 153 0 76
0.505443 -0.038140 0.611702 127 0 127
0.549028 -0.289925 0.050201 76 153 0
0.336806 -0.654723 -0.445076 76 0 153
0.600358 -0.179456 -0.434448 76 153 0
-0.512326 0.166682 0.086706 153 0 76
-0.208583 0.577191 0.329144 153 0 76
0.549028 -0.129937 0.038029 76 153 0
0.293083 0.577191 0.376675 153 0 76
-0.450377 0.577191 -0.386530 153 0 76
-0.234909 -0.616226 -0.250897 76 0 153
-0.512326 -0.297793 -0.135586 153 0 76
-0.402278 -0.616226 0.174181 76 0 153
0.123760 -0.602505 0.611702 127 0 127
0.373158 -0.172811 -0.572091 0 0 255
0.600358 0.136817 -0.083192 76 153 0
-0.167014 0.114506 0.573205 127 0 127
0.047224 -0.446593 0.473710 76 0 153
0.443021 0.151510 -0.559258 153 76 0
0.047224 0.110748 0.297251 76 0 153
-0.348785 -0.654723 0.197268 76 0 153
-0.247233 0.480419 0.667053 0 127 127
0.047224 0.180280 -0.537394 76 0 153
-0.563656 -0.442468 0.160133 153 0 76
0.600358 -0.237670 -0.439538 76 153 0
-0.369903 -0.453558 0.611702 127 0 127
-0.130825 -0.616226 0.307710 76 0 153
-0.004106 0.506723 0.039649 76 0 153
-0.157579 -0.616226 0.411695 76 0 153
0.549028 0.305402 0.057495 76 153 0
0.047224 -0.133191 0.491732 76 0 153
0.373250 0.538694 0.489129 153 0 76
-0.084322 -0.654723 0.525171 76 0 153
0.470239 -0.616226 -0.112264 76 0 153
0.510716 0.166525 0.573205 127 0 127
0.025265 0.538694 -0.119646 153 0 76
-0.257000 0.130395 0.573205 127 0 127
0.600358 0.032834 0.394899 76 153 0
-0.563656 0.336186 0.167526 153 0 76
-0.090885 0.538694 0.210156 153 0 76
0.582913 0.419529 -0.610588 76 153 0
0.415597 -0.525226 -0.572091 153 76 0
-0.445946 0.355228 -0.559258 153 76 0
-0.363191 -0.616226 -0.077912 76 0 153
0.600358 -0.627578 -0.204332 76 0 153
-0.038005 0.577191 -0.323976 153 0 76
0.043263 -0.357031 0.557164 76 0 153
-0.000829 0.415502 0.557164 76 0 153
0.600358 0.112208 -0.489146 76 153 0
-0.461977 0.538693 -0.607690 204 51 127
0.091613 0.538694 0.472480 153 0 76
-0.109014 0.359236 0.573205 127 0 127
0.549028 -0.316568 -0.176372 76 153 0
-0.314323 -0.477055 0.573205 127 0 127
0.047224 -0.312613 -0.177742 76 0 153
0.289502 0.060117 0.573205 127 0 127
-0.563656 0.183489 -0.096149 153 0 76
-0.004106 0.146588 0.331188 76 0 153
0.392832 -0.551988 0.611702 127 0 127
0.563379 -0.012772 0.569996 76 153 0
0.047224 -0.526865 0.032373 76 0 153
-0.095122 -0.418442 0.611702 127 0 127
0.047224 -0.505212 -0.481517 76 0 153
0.240601 -0.205574 0.573205 127 0 127
-0.033746 -0.654723 -0.395907 76 0 153
0.349351 -0.654723 0.268227 76 0 153
0.496081 0.538694 -0.550425 153 0 76
0.582285 0.538693 -0.310397 76 153 0
-0.563656 0.302093 0.425403 153 0 76
0.133609 0.264566 -0.572091 153 76 0
-0.351872 -0.616226 0.029964 76 0 153
-0.508504 -0.654723 0.319359 76 0 153
0.047224 0.497329 -0.225055 76 0 153
0.154770 0.072817 0.573205 127 0 127
-0.004106 -0.579890 0.110817 76 0 153
-0.094459 0.112946 0.573205 127 0 127
0.442457 0.538694 -0.428112 153 0 76
-0.250766 0.538694 -0.055280 153 0 76
-0.404849 -0.654723 0.394865 76 0 153
-0.557239 0.452754 0.610206 127 0 127
0.512064 0.538694 -0.403082 153 0 76
0.189254 0.383518 -0.572091 153 76 0
0.600358 -0.401051 0.265844 76 153 0
0.549028 0.343260 -0.074921 76 153 0
0.549028 0.408621 -0.468349 76 153 0
-0.048658 -0.000207 0.611702 127 0 127
-0.563656 -0.251286 0.039866 153 0 76
-0.267195 0.499323 -0.610588 204 51 127
-0.535456 -0.616226 0.261945 153 0 76
-0.512326 -0.081007 -0.094974 153 0 76
0.047224 -0.192388 -0.376292 76 0 153
-0.240069 0.334182 -0.572091 153 76 0
-0.185853 -0.654723 0.063398 76 0 153
0.514666 -0.146429 -0.610588 0 0 255
0.549028 -0.488957 -0.304145 76 153 0
0.005133 -0.616226 -0.102466 76 0 153
0.600358 -0.554226 0.233776 76 153 0
-0.004106 0.403792 0.015106 76 0 153
0.549028 0.222345 -0.382849 76 153 0
-0.018808 0.111888 0.573205 127 0 127
0.422280 -0.654723 -0.560083 76 0 153
0.440267 0.538694 0.081453 153 0 76
-0.045733 -0.306025 -0.572091 153 76 0
-0.512326 0.106797 -0.010164 153 0 76
-0.563656 0.088367 -0.251276 153 0 76
0.361044 0.538694 0.048338 153 0 76
0.337613 -0.654723 -0.150385 76 0 153
0.047224 -0.445409 -0.490617 76 0 153
-0.563656 0.156765 0.202313 153 0 76
0.549028 0.499688 0.317691 76 153 0
-0.118849 -0.485963 -0.572091 153 76 0
-0.563656 -0.390756 -0.443433 153 0 76
-0.300939 -0.616226 0.320135 76 0 153
-0.252892 0.416815 -0.559258 153 76 0
0.047224 0.220820 -0.541689 76 0 153
-0.004106 -0.053469 0.249735 76 0 153
0.600358 0.060204 -0.161801 76 153 0
-0.004106 -0.263416 0.172188 76 0 153
0.507358 -0.490939 0.611702 127 0 127
0.195741 -0.080575 0.573205 127 0 127
0.196763 0.577191 -0.590709 153 0 76
-0.563656 -0.172860 -0.358328 153 0 76
0.600358 0.325406 0.439279 76 153 0
-0.116448 0.577191 0.483137 153 0 76
0.600358 0.093449 -0.229510 76 153 0
0.064819 0.577191 0.155991 153 0 76
-0.512326 0.088560 0.162273 153 0 76
0.590625 -0.550558 0.611702 127 0 127
0.428039 -0.585805 0.573205 127 0 127
-0.167670 0.535833 0.611702 127 0 127
-0.041075 0.538694 0.387862 153 0 76
-0.052651 0.577191 0.351746 153 0 76
-0.397840 -0.616226 -0.192367 76 0 153
-0.485839 0.335565 -0.559258 153 76 0
0.334564 -0.616226 0.044196 76 0 153
-0.335172 0.166982 -0.572091 204 51 127
0.039565 -0.616226 0.393143 76 0 153
-0.424525 -0.654723 -0.311189 76 0 153
0.066690 0.573983 0.575220 127 0 127
0.600358 0.189108 -0.004977 76 153 0
-0.445065 -0.654723 0.195929 76 0 153
-0.512326 -0.340570 -0.426598 153 0 76
0.063403 0.538694 -0.060832 153 0 76
0.401841 0.577191 -0.585757 153 0 76
0.030669 0.233151 0.573205 127 0 127
0.259321 -0.654723 -0.525749 76 0 153
0.441362 0.058290 0.573205 127 0 127
0.346240 0.146833 -0.610588 0 0 255
-0.557239 -0.014673 0.583355 127 0 127
-0.392988 0.556644 0.573205 127 0 127
0.362083 0.020015 -0.610588 0 0 255
0.441525 -0.361059 0.611702 127 0 127
0.549028 -0.256766 -0.256438 76 153 0
-0.435060 0.538694 0.198986 153 0 76
0.472185 0.271295 -0.610588 0 0 255
0.475244 0.577191 -0.519672 153 0 76
0.573249 -0.616226 -0.591779 76 153 0
0.159860 0.506449 0.611702 127 0 127
0.342655 -0.152394 0.573205 127 0 127
-0.004106 -0.492409 0.480279 76 0 153
0.047224 0.222378 -0.065660 76 0 153
0.047224 -0.359514 -0.305194 76 0 153
0.008532 -0.616310 0.569996 76 0 153
0.409946 0.194719 -0.610588 0 0 255
-0.320764 -0.616226 -0.469415 76 0 153
0.063842 -0.654723 0.103522 76 0 153
-0.512326 -0.305890 -0.068690 153 0 76
-0.004106 -0.256682 0.065102 76 0 153
-0.069054 -0.616226 -0.360020 76 0 153
0.138027 0.008657 -0.572091 153 76 0
-0.484695 0.538694 -0.121362 153 0 76
0.047224 0.113351 -0.002887 76 0 153
-0.512326 0.487960 -0.122461 153 0 76
0.047224 -0.257253 -0.137284 76 0 153
0.499869 -0.654723 -0.243955 76 0 153
-0.024455 -0.152247 0.611702 127 0 127
0.600358 0.380320 -0.269426 76 153 0
-0.135237 0.231604 0.573205 127 0 127
-0.563656 -0.211801 0.107204 153 0 76
0.600358 0.438051 0.064724 76 153 0
-0.151557 0.263074 -0.572091 153 76 0
0.047224 -0.133271 0.247015 76 0 153
0.505948 0.577191 -0.569555 153 0 76
0.549028 -0.254531 0.343188 76 153 0
0.047224 0.191245 -0.219293 76 0 153
-0.122643 0.577191 -0.409615 153 0 76
-0.512326 -0.550328 -0.397869 153 0 76
0.600358 0.339516 -0.599690 76 153 0
-0.004106 0.036361 0.004135 76 0 153
0.047224 0.242831 -0.407569 76 0 153
0.047224 0.265702 -0.312796 76 0 153
0.028685 -0.616226 0.255223 76 0 153
0.549028 0.145681 -0.113297 76 153 0
-0.209458 -0.062583 0.611702 127 0 127
0.549028 -0.416466 0.538696 76 153 0
0.538122 0.460505 0.611702 127 0 127
-0.512326 0.124944 0.084188 153 0 76
0.047224 0.290079 0.255598 76 0 153
0.549028 -0.309705 -0.052658 76 153 0
0.549028 -0.298681 -0.602559 76 153 0
-0.004106 0.279859 0.210864 76 0 153
0.549028 0.399445 0.230232 76 153 0
0.081691 0.385202 0.573205 127 0 127
-0.004106 -0.345437 -0.023164 76 0 153
0.549028 0.441719 0.525319 76 153 0
-0.004106 -0.288257 -0.191456 76 0 153
0.324972 0.430659 0.611702 127 0 127
0.600358 -0.334151 0.173815 76 153 0
0.600358 -0.486872 -0.235677 76 153 0
-0.512326 -0.569160 -0.177300 153 0 76
0.134614 -0.310790 0.611702 127 0 127
0.046288 0.333329 0.611702 127 0 127
0.047224 0.462677 0.015659 76 0 153
-0.070868 -0.152174 -0.559258 153 76 0
-0.122713 0.538694 0.533825 153 0 76
0.549028 0.270667 -0.249172 76 153 0
-0.054712 0.538694 0.182508 153 0 76
-0.493947 -0.654723 0.531549 76 0 153
0.047224 0.301934 -0.515427 76 0 153
0.386346 -0.458211 -0.610588 0 0 255
-0.563656 -0.463731 0.351497 153 0 76
-0.224516 -0.654723 -0.540891 76 0 153
0.600358 0.471604 -0.566758 76 153 0
0.600358 0.430528 -0.189722 76 153 0
0.047224 -0.265177 -0.275871 76 0 153
-0.201954 0.538694 -0.309011 153 0 76
-0.069387 0.195853 -0.572091 153 76 0
0.047224 0.243824 0.011818 76 0 153
0.549028 0.156136 -0.281101 76 153 0
-0.512326 0.084170 0.429650 153 0 76
0.312098 -0.616226 -0.365266 76 0 153
0.304154 -0.654723 -0.294517 76 0 153
-0.563656 0.366347 0.392770 153 0 76
-0.563656 0.100451 0.343368 153 0 76
-0.164766 -0.654723 0.498021 76 0 153
0.600358 -0.267816 0.303827 76 153 0
0.571723 0.538694 0.138483 153 0 76
0.328645 -0.060950 0.611702 127 0 127
-0.457004 -0.616226 -0.320859 76 0 153
0.600358 -0.458699 -0.430704 76 153 0
-0.525551 0.577191 0.426525 153 0 76
-0.563656 0.125402 -0.320437 153 0 76
-0.014983 -0.654723 0.382853 76 0 153
0.325833 -0.067425 -0.572091 153 76 0
0.508040 -0.654723 0.539018 76 0 153
-0.191560 -0.616226 0.479670 76 0 153
-0.043311 -0.607579 0.573205 127 0 127
-0.479447 0.538694 0.163628 153 0 76
0.549028 0.409435 -0.110997 76 153 0
0.476705 0.081062 0.611702 127 0 127
0.549028 0.418742 -0.323132 76 153 0
-0.512326 -0.377598 -0.002294 153 0 76
0.233748 0.465435 -0.559258 153 76 0
-0.491827 0.577191 -0.248879 153 0 76
0.567201 0.257972 0.573205 127 0 127
-0.437348 -0.654723 -0.143340 76 0 153
-0.177155 0.577191 0.142614 153 0 76
-0.512326 -0.535195 0.485802 153 0 76
-0.474223 -0.546261 0.611702 127 0 127
-0.398064 -0.294133 -0.559258 153 76 0
-0.512326 -0.413371 -0.087024 153 0 76
0.119769 -0.396289 -0.572091 153 76 0
0.528882 0.538694 0.519268 153 0 76
0.322216 -0.654723 0.495616 76 0 153
-0.563656 0.136421 -0.213931 153 0 76
-0.361331 -0.616226 -0.134686 76 0 153
0.197655 0.538694 -0.133836 153 0 76
0.549028 -0.281286 -0.547478 76 153 0
0.549028 0.461324 -0.022994 76 153 0
0.600358 -0.358555 -0.212714 76 153 0
-0.089290 -0.056507 -0.572091 153 76 0
-0.444285 -0.654723 0.567977 76 0 153
0.047224 0.416575 0.494719 76 0 153
-0.255677 -0.040776 -0.576408 204 51 127
0.023765 -0.003803 -0.572091 153 76 0
0.451341 0.369993 -0.572091 0 0 255
0.600358 0.572495 0.458688 153 0 76
-0.209572 -0.616226 -0.178707 76 0 153
-0.563656 -0.638893 -0.440247 76 0 153
-0.391310 -0.537129 0.611702 127 0 127
-0.512326 -0.401056 0.174700 153 0 76
0.353400 -0.616226 0.208081 76 0 153
0.068575 -0.357149 -0.572091 153 76 0
-0.468430 -0.616226 0.279552 76 0 153
-0.313070 -0.654723 -0.547337 76 0 153
0.047224 0.057609 -0.296070 76 0 153
-0.512326 0.352263 -0.380693 153 0 76
0.600358 -0.649518 0.566395 76 0 153
0.549028 -0.416790 0.436944 76 153 0
-0.463520 0.106562 -0.572091 204 51 127
0.600358 0.573448 0.258393 153 0 76
-0.423697 0.577191 0.228178 153 0 76
0.436657 -0.636708 -0.610588 76 0 153
0.503018 -0.654723 -0.447572 76 0 153
0.125138 0.538694 0.156205 153 0 76
-0.241103 0.538694 0.195939 153 0 76
-0.136668 0.456412 0.611702 127 0 127
-0.563656 -0.278434 -0.306507 153 0 76
-0.004106 0.164184 0.019309 76 0 153
0.000848 -0.279295 0.573205 127 0 127
0.600358 -0.502679 0.273724 76 153 0
-0.004106 0.285983 0.390977 76 0 153
0.600358 -0.306562 0.509798 76 153 0
0.460903 -0.084292 0.611702 127 0 127
-0.359720 0.522237 -0.610588 204 51 127
0.345154 -0.255340 0.611702 127 0 127
-0.512326 0.486573 0.006734 153 0 76
-0.480977 0.538694 0.400268 153 0 76
0.438449 -0.616226 -0.327260 76 0 153
-0.135544 -0.616226 0.077958 76 0 153
0.223321 -0.616226 0.437682 76 0 153
-0.123482 0.405631 -0.572091 153 76 0
-0.563656 -0.461190 -0.273844 153 0 76
0.047224 0.393711 0.000337 76 0 153
0.011064 -0.616226 0.524525 76 0 153
0.600358 0.386580 0.422248 76 153 0
-0.512326 0.384641 -0.575613 204 51 127
-0.019539 -0.654723 -0.193559 76 0 153
0.180163 -0.654723 -0.089760 76 0 153
-0.039761 0.538694 -0.275573 153 0 76
0.600358 -0.483065 -0.605455 76 153 0
0.594188 0.458895 0.611702 127 0 127
-0.345548 0.398698 0.611702 127 0 127
0.549028 -0.554047 -0.570274 153 76 0
-0.512326 0.050495 -0.538182 153 0 76
-0.512326 0.359393 -0.289395 153 0 76
0.435123 -0.654723 0.143569 76 0 153
-0.563656 0.257191 0.110375 153 0 76
0.145077 -0.364592 0.573205 127 0 127
0.549028 0.233027 0.191572 76 153 0
0.443028 0.577191 -0.459950 153 0 76
-0.146809 0.577191 0.546869 153 0 76
-0.161226 0.304598 -0.559258 153 76 0
0.047224 0.212301 0.214033 76 0 153
-0.563656 -0.459316 0.555622 153 0 76
-0.269684 0.534514 -0.572091 204 51 127
0.287833 0.577191 0.222131 153 0 76
-0.029984 0.278002 -0.572091 153 76 0
0.594024 0.577191 0.385489 153 0 76
0.129012 -0.153825 -0.572091 153 76 0
-0.512326 0.178807 0.396261 153 0 76
0.253038 0.393863 -0.559258 153 76 0
-0.563656 -0.451642 -0.078451 153 0 76
0.549028 -0.308307 -0.454675 76 153 0
-0.070197 0.370551 0.611702 127 0 127
-0.158934 0.454358 0.573205 127 0 127
-0.512326 -0.093625 0.056540 153 0 76
-0.132105 0.577191 -0.577090 153 0 76
0.363460 -0.259905 -0.572091 153 76 0
-0.395755 -0.520242 -0.572091 204 51 127
-0.228890 -0.291439 0.611702 127 0 127
-0.449872 0.577191 -0.016849 153 0 76
-0.467900 -0.616226 -0.277664 76 0 153
0.600358 -0.271629 0.067924 76 153 0
0.600358 -0.164710 -0.012695 76 153 0
0.388891 -0.125299 0.611702 127 0 127
0.047224 -0.394519 0.360664 76 0 153
0.563718 -0.654723 -0.171246 76 0 153
-0.261858 -0.005640 0.611702 127 0 127
-0.475174 0.538694 0.508101 153 0 76
-0.512326 -0.018864 0.029436 153 0 76
0.434538 0.098517 -0.610588 0 0 255
-0.374290 -0.478781 -0.610588 204 51 127
-0.140719 -0.539730 0.573205 127 0 127
0.243797 0.243854 0.573205 127 0 127
-0.148002 -0.196026 0.611702 127 0 127
0.278443 -0.616226 0.188097 76 0 153
0.427261 -0.395018 0.573205 127 0 127
0.221756 -0.394982 -0.559258 153 76 0
-0.004106 -0.268524 0.129980 76 0 153
0.016491 0.538694 -0.055546 153 0 76
0.156776 0.047984 0.611702 127 0 127
-0.373872 0.577191 0.523688 153 0 76
-0.139664 0.577191 -0.239593 153 0 76
-0.004106 0.288070 0.495500 76 0 153
-0.004106 -0.415760 0.037339 76 0 153
0.549028 0.483674 0.125862 76 153 0
-0.004106 -0.133006 0.442963 76 0 153
0.283564 -0.143822 0.573205 127 0 127
0.600358 -0.048595 -0.260378 76 153 0
-0.394159 -0.654723 -0.096289 76 0 153
-0.563656 0.576118 0.567692 153 0 76
-0.545489 0.538694 -0.333803 153 0 76
-0.512326 0.055043 -0.201372 153 0 76
-0.004106 -0.370893 -0.496291 76 0 153
-0.512326 -0.119030 -0.110165 153 0 76
-0.213817 -0.266858 -0.559258 153 76 0
-0.245326 -0.598693 0.573205 127 0 127
0.047224 -0.389321 0.497202 76 0 153
-0.078263 -0.616226 0.027197 76 0 153
0.344705 0.577191 0.298776 153 0 76
-0.324063 0.577191 -0.036848 153 0 76
-0.532791 0.554845 0.569996 153 0 76
0.600358 -0.479710 0.154302 76 153 0
-0.136509 0.468718 -0.559258 153 76 0
-0.554034 -0.347313 0.611702 127 0 127
0.600358 0.507549 0.389179 76 153 0
-0.004106 -0.318772 0.023033 76 0 153
0.178751 0.446501 0.611702 127 0 127
-0.228583 0.577191 0.145839 153 0 76
-0.535827 0.538694 -0.428110 153 0 76
-0.004106 -0.494796 -0.375310 76 0 153
0.037934 -0.616226 -0.396411 76 0 153
0.600358 -0.396663 0.056362 76 153 0
0.419879 0.577191 -0.300403 153 0 76
-0.379376 -0.616226 0.240825 76 0 153
-0.004106 -0.318302 -0.275914 76 0 153
-0.385427 -0.023420 0.611702 127 0 127
-0.375876 -0.144479 -0.610588 204 51 127
-0.361790 -0.269903 0.611702 127 0 127
-0.512326 -0.361740 -0.191592 153 0 76
0.575134 0.538693 -0.128817 76 153 0
-0.512326 0.163493 -0.464276 153 0 76
-0.088646 -0.616226 0.233298 76 0 153
0.047224 0.031332 0.392903 76 0 153
-0.129421 -0.227399 0.573205 127 0 127
-0.193149 0.538694 -0.421332 153 0 76
0.098602 0.467480 0.611702 127 0 127
0.600358 0.473941 -0.211222 76 153 0
0.525559 0.503793 0.573205 127 0 127
-0.037168 0.577191 -0.037733 153 0 76
-0.317294 -0.128701 0.573205 127 0 127
-0.165813 -0.256404 0.611702 127 0 127
-0.563656 0.195274 -0.588471 153 0 76
0.600358 0.016802 -0.096328 76 153 0
-0.004106 -0.486305 -0.322485 76 0 153
0.435528 0.525540 0.611702 127 0 127
-0.512326 0.083619 -0.473156 153 0 76
0.562341 -0.616226 0.295829 76 0 153
-0.319081 -0.367972 0.573205 127 0 127
-0.251527 -0.304453 -0.559258 153 76 0
0.579106 0.538693 -0.189342 76 153 0
0.600358 0.217477 0.546412 76 153 0
-0.004106 -0.400642 0.444628 76 0 153
-0.542308 0.577191 -0.528057 153 0 76
0.333915 -0.654723 0.016466 76 0 153
0.128278 -0.578724 -0.572091 153 76 0
0.180895 -0.654723 0.323609 76 0 153
-0.301628 -0.510295 0.611702 127 0 127
-0.488430 0.538694 -0.400873 153 0 76
0.215795 -0.497744 0.573205 127 0 127
-0.062975 -0.654723 -0.158346 76 0 153
-0.323381 0.538694 -0.157443 153 0 76
0.564070 0.538694 -0.602870 153 0 76
0.400858 -0.276598 -0.572091 153 76 0
0.600358 -0.129768 -0.502714 76 153 0
0.344421 -0.037379 -0.559258 153 76 0
0.051933 0.293938 0.573205 127 0 127
-0.276180 -0.348640 -0.572091 153 76 0
-0.004106 -0.557224 -0.477958 76 0 153
-0.512326 -0.032109 0.414480 153 0 76
0.600358 -0.039365 -0.182632 76 153 0
-0.563656 0.099071 -0.413238 153 0 76
-0.080893 0.423747 0.611702 127 0 127
-0.563656 -0.342648 0.077050 153 0 76
-0.400963 0.538694 0.279018 153 0 76
0.549028 0.307393 -0.331308 76 153 0
0.562055 -0.600352 0.611702 127 0 127
0.317608 -0.616226 0.370038 76 0 153
0.549028 -0.018190 -0.140688 76 153 0
0.549028 0.235321 0.512009 76 153 0
-0.563656 0.511771 -0.443858 153 0 76
-0.104670 0.531046 -0.559258 153 76 0
0.600358 0.393685 0.471445 76 153 0
0.101503 0.577191 0.246720 153 0 76
-0.563656 -0.084960 -0.074601 153 0 76
-0.254833 0.577191 -0.339912 153 0 76
0.600358 0.017358 0.340874 76 153 0
-0.563656 0.575916 -0.049078 153 0 76
0.330548 0.577191 0.361209 153 0 76
0.021575 -0.090792 0.573205 127 0 127
-0.340826 0.577191 -0.185985 153 0 76
-0.406507 0.235736 0.611702 127 0 127
0.558993 -0.616226 0.234730 76 153 0
0.227161 0.538694 -0.543040 153 0 76
-0.306317 0.463590 -0.572091 153 76 0
0.549028 -0.024934 -0.291923 76 153 0
-0.361554 -0.654723 -0.239592 76 0 153
0.108038 -0.654723 0.320173 76 0 153
-0.257212 0.441349 0.611702 127 0 127
-0.298317 -0.654723 0.351693 76 0 153
-0.277973 0.538694 0.400369 153 0 76
-0.004106 -0.402427 -0.078384 76 0 153
0.047224 -0.557721 0.321698 76 0 153
-0.393813 -0.558938 0.573205 127 0 127
0.582266 0.538693 0.231901 76 153 0
0.088309 -0.316681 -0.559258 153 76 0
-0.512326 0.438021 0.175460 153 0 76
0.600358 0.050570 -0.457882 76 153 0
0.239866 -0.654723 -0.042069 76 0 153
0.592693 -0.616226 0.110901 76 153 0
-0.563656 0.238070 -0.386077 153 0 76
0.535895 0.132449 -0.572091 0 0 255
-0.512326 -0.439775 -0.445847 153 0 76
0.346542 -0.597124 0.573205 127 0 127
-0.532077 0.491896 0.573205 127 0 127
-0.174724 0.538694 0.173481 153 0 76
0.430021 0.316178 -0.572091 0 0 255
-0.004106 0.092986 -0.344971 76 0 153
-0.358891 0.538694 0.318441 153 0 76
0.357729 -0.654723 0.110338 76 0 153
-0.004106 -0.082155 0.056441 76 0 153
0.202715 0.033393 0.573205 127 0 127
0.549028 0.490602 -0.084609 76 153 0
-0.540770 0.538694 -0.245153 153 0 76
-0.387182 0.538694 -0.005012 153 0 76
-0.563656 -0.482119 -0.348614 153 0 76
0.404688 0.274228 -0.610588 0 0 255
0.047224 -0.345265 0.233774 76 0 153
-0.004106 -0.164444 0.274057 76 0 153
-0.004106 0.142833 -0.388718 76 0 153
-0.149368 -0.319034 0.611702 127 0 127
-0.563656 0.033185 -0.317470 153 0 76
-0.353206 -0.616226 -0.317033 76 0 153
0.367424 0.538694 0.154983 153 0 76
-0.373924 0.577191 0.486320 153 0 76
0.478614 0.577191 0.206733 153 0 76
0.188084 0.431087 -0.559258 153 76 0
-0.152440 0.073007 -0.559258 153 76 0
0.277678 0.476198 0.573205 127 0 127
0.545791 0.219203 -0.572091 153 76 0
0.600358 -0.082616 0.518367 76 153 0
-0.188463 0.012924 0.611702 127 0 127
0.510714 0.577191 -0.363849 153 0 76
-0.237566 -0.180895 -0.572091 153 76 0
0.600358 -0.452383 0.008002 76 153 0
0.549028 0.533714 -0.405320 76 153 0
0.047224 -0.458335 -0.529580 76 0 153
0.047224 -0.309507 0.035700 76 0 153
0.382357 -0.654723 0.504545 76 0 153
0.600358 -0.570873 -0.022382 76 153 0
0.095165 -0.275496 0.611702 127 0 127
0.600358 -0.438737 -0.136226 76 153 0
0.375715 0.533565 -0.572091 153 76 0
-0.512326 0.244282 -0.477584 153 0 76
0.230297 0.147664 -0.572091 153 76 0
0.549028 0.416604 0.389879 76 153 0
-0.337348 0.577191 0.018575 153 0 76
-0.004106 0.440132 0.148739 76 0 153
0.047224 0.129330 -0.036173 76 0 153
-0.491438 0.577191 -0.091044 153 0 76
0.600358 0.231707 -0.419340 76 153 0
-0.373976 0.268020 -0.610588 204 51 127
0.008418 -0.616226 0.049014 76 0 153
-0.512326 -0.566806 -0.435908 153 0 76
-0.042759 -0.078164 0.573205 127 0 127
-0.004106 0.134295 -0.111339 76 0 153
-0.512326 -0.073082 0.261299 153 0 76
-0.303763 -0.572669 -0.610588 204 51 127
0.051499 -0.016157 0.573205 127 0 127
-0.368538 -0.369136 -0.610588 204 51 127
0.124282 0.577191 0.451575 153 0 76
-0.153905 -0.616226 0.230492 76 0 153
0.158597 0.538694 0.472937 153 0 76
0.042309 -0.654723 -0.362157 76 0 153
0.426170 -0.215187 0.573205 127 0 127
-0.512326 0.212378 0.330668 153 0 76
0.047224 0.035788 -0.363164 76 0 153
0.549028 -0.140480 -0.310011 76 153 0
0.115683 -0.214455 0.611702 127 0 127
0.050341 0.538694 0.215953 153 0 76
0.374547 0.466930 -0.610588 0 0 255
-0.397627 0.348730 -0.610588 204 51 127
-0.004106 -0.527153 -0.134142 76 0 153
0.549028 -0.195445 -0.215955 76 153 0
-0.439172 -0.616226 0.219729 76 0 153
-0.468726 -0.616226 -0.434886 76 0 153
-0.004106 -0.378172 0.331997 76 0 153
-0.563656 0.391700 0.172775 153 0 76
-0.563656 -0.652801 0.415896 76 0 153
0.068842 0.538694 -0.300876 153 0 76
0.546775 0.375686 0.611702 127 0 127
-0.512326 -0.281226 -0.217564 153 0 76
-0.004106 -0.062271 -0.403944 76 0 153
-0.375009 -0.654723 0.003684 76 0 153
0.264465 -0.160929 0.611702 127 0 127
-0.444540 -0.196518 0.611702 127 0 127
0.047224 0.245876 0.267707 76 0 153
-0.365302 0.042836 -0.572091 204 51 127
-0.550997 0.538693 0.151337 153 0 76
-0.235865 0.577191 0.097014 153 0 76
-0.526643 0.577191 -0.152301 153 0 76
0.547209 -0.086752 -0.610588 0 0 255
0.047224 -0.308510 -0.115329 76 0 153
0.549028 0.031833 -0.228446 76 153 0
0.047224 0.265630 0.456901 76 0 153
-0.536293 -0.616226 -0.365656 153 0 76
-0.051811 -0.313484 0.611702 127 0 127
-0.274326 -0.654723 -0.452403 76 0 153
0.549028 -0.399404 0.036560 76 153 0
0.549028 -0.341602 -0.374567 76 153 0
-0.224978 0.538694 0.469097 153 0 76
-0.004106 -0.490200 0.039456 76 0 153
-0.512326 -0.566809 0.427008 153 0 76
-0.563656 -0.473162 -0.526505 153 0 76
0.549028 -0.146408 -0.224473 76 153 0
0.047224 -0.174696 -0.183201 76 0 153
0.275762 -0.654723 0.466406 76 0 153
-0.300215 -0.651515 0.597305 127 0 127
-0.563656 0.405401 0.368334 153 0 76
0.047224 -0.217670 0.381982 76 0 153
-0.255977 -0.616226 0.451098 76 0 153
0.047224 0.369728 0.122803 76 0 153
-0.563656 -0.160490 0.498760 153 0 76
-0.475172 -0.616226 0.416060 76 0 153
-0.066033 -0.654723 0.050472 76 0 153
-0.191765 -0.319314 0.611702 127 0 127
-0.512326 -0.335956 0.217084 153 0 76
0.047224 0.368831 -0.071902 76 0 153
-0.563656 -0.128233 0.226405 153 0 76
0.549028 -0.473761 -0.390115 76 153 0
-0.004106 0.198408 0.526437 76 0 153
-0.512326 0.452803 0.098952 153 0 76
-0.475890 -0.654723 0.456502 76 0 153
-0.563656 0.545725 0.381474 153 0 76
0.600358 -0.094390 -0.545182 76 153 0
-0.280828 -0.654723 -0.221869 76 0 153
-0.004106 -0.438974 0.435289 76 0 153
0.105317 -0.616226 0.519233 76 0 153
0.056649 0.538694 -0.190695 153 0 76
0.600358 -0.159580 0.155470 76 153 0
-0.512326 -0.302713 0.015852 153 0 76
-0.279387 0.577191 0.157338 153 0 76
-0.004106 -0.011638 0.149067 76 0 153
0.427438 0.519184 -0.610588 0 0 255
-0.359789 0.577191 -0.479734 153 0 76
-0.082671 0.331850 0.611702 127 0 127
0.600358 0.237512 -0.492672 76 153 0
-0.458995 -0.613422 0.573205 127 0 127
-0.004106 0.514602 -0.361988 76 0 153
-0.239641 -0.654723 -0.030991 76 0 153
0.289155 0.207298 0.573205 127 0 127
-0.325751 0.577191 -0.569291 153 0 76
0.600358 0.000450 -0.319999 76 153 0
-0.015634 -0.654723 -0.042939 76 0 153
0.510148 -0.654723 0.132725 76 0 153
-0.414483 -0.616226 0.380390 76 0 153
0.600358 -0.153570 -0.105253 76 153 0
-0.512326 0.030418 -0.007983 153 0 76
0.549028 0.441779 0.456911 76 153 0
-0.350445 0.577191 0.279013 153 0 76
0.324299 0.577191 -0.301149 153 0 76
-0.358407 -0.654723 -0.030630 76 0 153
0.005574 -0.616226 -0.592703 76 0 153
0.394815 0.538694 0.429135 153 0 76
-0.004106 -0.566466 0.310280 76 0 153
-0.010802 0.316234 0.611702 127 0 127
-0.512326 -0.415085 0.067754 153 0 76
-0.208672 0.488707 0.611702 127 0 127
-0.079678 -0.654723 0.345410 76 0 153
0.405829 -0.654723 0.390485 76 0 153
-0.426353 0.442149 -0.610588 204 51 127
-0.512326 -0.481495 0.531319 153 0 76
0.600358 -0.504496 -0.344681 76 153 0
0.140944 -0.654723 0.101612 76 0 153
0.006225 -0.593381 0.611702 127 0 127
0.566376 -0.654723 -0.270074 76 0 153
-0.540176 -0.256283 0.611702 127 0 127
0.126650 0.577191 -0.567513 153 0 76
0.014514 0.294122 -0.559258 153 76 0
0.600358 -0.477527 0.443444 76 153 0
-0.103650 0.177777 -0.572091 153 76 0
-0.295345 0.046100 -0.610588 204 51 127
0.549028 -0.558173 0.247633 76 153 0
0.569703 -0.327541 -0.610588 76 153 0
-0.407649 0.467905 0.573205 127 0 127
-0.563656 0.160025 -0.167278 153 0 76
-0.512326 -0.549075 -0.562276 153 0 76
-0.251065 -0.616226 -0.005606 76 0 153
-0.426420 -0.580015 -0.572091 204 51 127
0.600358 -0.608038 -0.293425 76 153 0
-0.365242 -0.654723 -0.429422 76 0 153
0.600358 0.275208 0.519227 76 153 0
0.108940 0.538694 0.378354 153 0 76
-0.467581 0.419131 -0.572091 204 51 127
0.549028 -0.245742 0.113567 76 153 0
-0.004106 -0.266327 -0.507727 76 0 153
0.016310 0.538694 -0.018674 153 0 76
0.160873 0.538694 -0.448016 153 0 76
-0.176281 0.538694 0.517643 153 0 76
-0.367306 -0.616226 0.164366 76 0 153
0.600358 -0.219741 -0.542958 76 153 0
0.183480 -0.429699 0.573205 127 0 127
-0.004106 -0.337367 0.535593 76 0 153
0.047224 0.453742 0.110833 76 0 153
-0.028740 -0.616226 0.129662 76 0 153
-0.022667 -0.654723 0.248090 76 0 153
-0.563656 0.160566 -0.393213 153 0 76
-0.004106 0.071776 0.234032 76 0 153
-0.512326 -0.456766 -0.244899 153 0 76
0.386221 -0.616226 -0.236366 76 0 153
-0.114399 -0.616226 -0.472445 76 0 153
0.292379 -0.435598 -0.593546 0 0 255
-0.228187 -0.437471 -0.572091 153 76 0
0.188292 -0.616226 -0.537660 76 0 153
-0.004106 -0.383668 0.547614 76 0 153
-0.004106 0.039439 0.475885 76 0 153
-0.004106 -0.050020 0.120134 76 0 153
-0.512326 0.093722 -0.540386 153 0 76
-0.512326 -0.103969 0.506348 153 0 76
-0.512326 -0.026217 0.260805 153 0 76
-0.004106 0.529581 -0.396123 76 0 153
-0.004106 0.125695 0.188055 76 0 153
-0.275834 -0.654723 -0.373249 76 0 153
0.162509 0.322488 -0.572091 153 76 0
0.047224 -0.520471 0.373895 76 0 153
0.600358 0.341259 -0.158836 76 153 0
-0.265015 0.521948 0.573205 127 0 127
0.549028 0.271147 0.385539 76 153 0
-0.004106 -0.459598 -0.470105 76 0 153
-0.010654 0.577191 -0.590683 153 0 76
0.512565 -0.054604 0.573205 127 0 127
-0.004106 -0.481431 0.181791 76 0 153
0.600358 0.456369 0.338815 76 153 0
0.600358 0.574987 -0.517277 153 0 76
0.561524 0.025454 0.611702 127 0 127
-0.285361 -0.616226 -0.352631 76 0 153
-0.127159 -0.525910 0.611702 127 0 127
-0.563656 0.105044 -0.456304 153 0 76
0.047224 -0.146980 0.458258 76 0 153
0.261936 0.021412 -0.572091 153 76 0
0.440669 -0.654723 0.460387 76 0 153
0.600358 -0.011850 -0.552803 76 153 0
0.549028 -0.297160 0.168817 76 153 0
-0.191499 0.538694 -0.348015 153 0 76
-0.004106 -0.254697 -0.383501 76 0 153
-0.557992 -0.654723 -0.277795 76 0 153
-0.369298 -0.654723 -0.544793 76 0 153
-0.512326 -0.387796 0.287207 153 0 76
-0.004106 0.262741 -0.550872 76 0 153
0.600358 -0.126122 -0.575814 76 153 0
-0.539084 0.577191 0.175048 153 0 76
0.549028 0.333629 -0.462440 76 153 0
-0.351302 -0.548169 -0.610588 204 51 127
-0.164816 -0.616226 -0.345962 76 0 153
0.104646 0.577191 0.282728 153 0 76
0.600358 -0.436862 -0.463816 76 153 0
0.600358 0.299284 -0.304314 76 153 0
0.330311 -0.164013 -0.559258 153 76 0
-0.563656 0.405835 -0.259683 153 0 76
-0.512326 -0.231076 0.428386 153 0 76
0.175390 -0.654723 -0.440659 76 0 153
0.549028 0.205275 -0.460719 76 153 0
-0.045229 -0.108747 -0.559258 153 76 0
-0.399667 0.056840 0.573205 127 0 127
0.549028 -0.446187 0.389682 76 153 0
-0.353340 -0.654723 -0.200822 76 0 153
-0.512326 -0.532197 0.363254 153 0 76
-0.113823 0.577191 0.309478 153 0 76
0.398562 0.424067 -0.610588 0 0 255
0.600358 -0.564948 -0.554866 76 153 0
-0.234741 -0.474189 -0.559258 153 76 0
-0.512326 -0.582024 0.302020 153 0 76
0.401590 -0.127976 -0.559258 153 76 0
0.003254 0.189807 0.573205 127 0 127
0.549028 0.007149 -0.513996 76 153 0
0.401574 -0.616226 0.529571 76 0 153
-0.563656 0.260924 0.027143 153 0 76
0.600358 -0.045067 -0.074117 76 153 0
-0.512326 -0.336238 -0.099010 153 0 76
0.386690 -0.616226 -0.493973 76 0 153
-0.437671 0.256464 0.573205 127 0 127
0.047224 0.376993 -0.207705 76 0 153
0.207806 -0.616226 0.177324 76 0 153
-0.563656 -0.238741 -0.156885 153 0 76
-0.512326 -0.382059 0.034431 153 0 76
-0.239043 0.577191 -0.223638 153 0 76
0.175616 0.577191 -0.082932 153 0 76
0.047224 -0.477676 0.109659 76 0 153
-0.384832 -0.045430 -0.559258 153 76 0
-0.164809 -0.654723 -0.088970 76 0 153
-0.055074 0.538694 -0.138519 153 0 76
-0.563656 -0.023096 0.408082 153 0 76
0.549028 0.265847 -0.197213 76 153 0
0.468889 0.475632 -0.559258 153 76 0
0.549028 0.298987 0.282942 76 153 0
0.568631 0.282843 -0.610588 76 153 0
-0.484797 -0.171046 -0.572091 204 51 127
-0.318994 -0.616226 -0.206909 76 0 153
-0.238377 0.538694 -0.447128 153 0 76
0.277278 -0.616226 -0.579001 76 0 153
0.549028 -0.258651 -0.477869 76 153 0
-0.102713 -0.324926 0.573205 127 0 127
-0.512326 -0.405365 0.132141 153 0 76
-0.469277 -0.054043 0.573205 127 0 127
0.549028 0.170606 0.334667 76 153 0
-0.563656 -0.643126 0.270060 76 0 153
-0.124862 0.322552 0.611702 127 0 127
0.047224 0.078176 -0.140256 76 0 153
0.028513 0.465148 0.662274 0 127 127
0.047224 -0.543434 0.523382 76 0 153
0.270029 0.538694 -0.393603 153 0 76
-0.430312 0.573983 0.580008 127 0 127
-0.250456 0.198569 0.611702 127 0 127
-0.343918 -0.442726 -0.572091 204 51 127
0.549028 -0.156285 -0.072913 76 153 0
0.383066 0.067897 -0.572091 0 0 255
-0.122469 -0.654723 -0.488173 76 0 153
-0.512326 -0.522260 0.074959 153 0 76
-0.512326 -0.258819 -0.472764 153 0 76
0.387735 -0.654723 0.456249 76 0 153
0.167206 0.538694 0.146812 153 0 76
0.047224 -0.492211 0.209247 76 0 153
0.001782 0.538693 0.208109 76 0 153
-0.004106 0.352538 -0.420941 76 0 153
-0.169771 0.577191 -0.473485 153 0 76
0.534810 0.538694 0.455262 153 0 76
-0.557239 -0.529893 0.601997 127 0 127
-0.434458 -0.654723 -0.575529 76 0 153
-0.371401 0.507282 0.611702 127 0 127
0.436636 -0.507865 0.611702 127 0 127
-0.004106 0.407183 0.344891 76 0 153
-0.451103 0.577191 -0.227513 153 0 76
-0.563656 0.514471 0.403338 153 0 76
0.047224 0.335503 0.485707 76 0 153
-0.481550 -0.530949 -0.572091 153 76 0
0.452134 -0.611067 0.611702 127 0 127
0.034174 -0.396134 -0.559258 153 76 0
-0.004106 -0.110374 -0.488920 76 0 153
-0.004106 0.056625 -0.140333 76 0 153
-0.512326 -0.525464 -0.025138 153 0 76
0.549028 -0.478980 0.225048 76 153 0
-0.345216 0.538694 0.356877 153 0 76
-0.545729 -0.616226 0.313154 76 0 153
0.309239 0.284995 0.573205 127 0 127
0.600358 0.401946 0.105221 76 153 0
-0.512326 0.290991 0.546988 153 0 76
0.549028 -0.541707 -0.180947 76 153 0
0.232044 0.084756 0.573205 127 0 127
0.600358 0.114719 0.343166 76 153 0
0.107082 0.024973 0.573205 127 0 127
-0.563656 -0.573502 0.406954 153 0 76
-0.337848 0.577191 -0.279738 153 0 76
0.600358 -0.553729 -0.487119 76 153 0
-0.057078 -0.616226 -0.230400 76 0 153
0.323433 -0.283841 -0.572091 153 76 0
0.556215 -0.280911 0.611702 127 0 127
0.600358 0.221944 0.307405 76 153 0
0.047224 0.316186 -0.425196 76 0 153
-0.432607 0.577191 0.031565 153 0 76
0.447331 -0.654723 0.030909 76 0 153
-0.004106 0.296007 -0.038351 76 0 153
0.549028 -0.419019 -0.358791 76 153 0
0.551542 0.436767 -0.610588 76 153 0
-0.297240 0.538694 -0.327643 153 0 76
-0.295245 -0.654723 0.017318 76 0 153
0.347359 0.538694 -0.346706 153 0 76
-0.049460 0.577191 -0.401842 153 0 76
0.112010 0.531468 0.573205 127 0 127
-0.004106 -0.111652 -0.355315 76 0 153
0.292762 0.577191 -0.398281 153 0 76
-0.563656 0.191261 0.040869 153 0 76
-0.512326 -0.498962 0.155043 153 0 76
-0.004106 0.531080 -0.477003 76 0 153
0.436087 0.573360 0.573205 127 0 127
0.325645 -0.597780 -0.610588 0 0 255
0.549028 0.418026 0.297364 76 153 0
-0.066850 0.206137 0.573205 127 0 127
0.489052 -0.291416 -0.559258 153 76 0
-0.004106 0.240335 0.135793 76 0 153
0.010991 -0.485920 0.557164 76 0 153
-0.189204 -0.654723 -0.202345 76 0 153
-0.342667 -0.137104 -0.572091 153 76 0
-0.563656 0.021548 0.124274 153 0 76
0.298393 -0.485208 0.573205 127 0 127
0.600358 -0.241405 -0.136784 76 153 0
0.022535 0.066279 -0.559258 76 0 153
0.577982 -0.412429 0.573205 127 0 127
0.047224 -0.245724 0.229092 76 0 153
0.511383 0.035939 0.611702 127 0 127
0.580295 -0.616226 0.363064 76 0 153
0.467764 -0.616226 -0.076702 76 0 153
0.047224 0.208256 0.429876 76 0 153
-0.233264 -0.654723 0.414309 76 0 153
0.600358 0.375757 0.262757 76 153 0
-0.512326 0.099396 -0.345097 153 0 76
0.184908 0.577191 0.293703 153 0 76
-0.368969 0.284014 0.611702 127 0 127
0.429289 0.538694 0.302743 153 0 76
-0.004106 0.005662 -0.409049 76 0 153
-0.442467 -0.616226 -0.129427 76 0 153
-0.490975 -0.654723 -0.199592 76 0 153
-0.004106 0.463192 0.280672 76 0 153
0.549028 -0.124254 0.438073 76 153 0
-0.502613 -0.141668 0.611702 127 0 127
0.128711 -0.617457 -0.610588 76 0 153
-0.205593 -0.616226 0.016797 76 0 153
-0.542366 -0.616226 0.476458 153 0 76
0.474731 -0.000431 -0.572091 153 76 0
0.440036 0.364802 0.573205 127 0 127
0.024796 0.481667 0.611702 127 0 127
0.549028 0.255943 -0.522178 76 153 0
0.129405 0.394982 0.611702 127 0 127
0.326306 -0.105593 -0.559258 153 76 0
-0.563656 -0.244602 -0.459019 153 0 76
0.265995 0.538694 0.385016 153 0 76
0.363987 0.325063 -0.610588 0 0 255
0.246101 -0.465821 0.573205 127 0 127
-0.543770 -0.174979 0.611702 127 0 127
0.197934 0.538694 0.332775 153 0 76
0.600358 -0.312121 0.215578 76 153 0
-0.563656 0.400362 0.078002 153 0 76
-0.004106 -0.159684 -0.556154 76 0 153
-0.284822 -0.496891 0.573205 127 0 127
0.047224 -0.031797 0.149084 76 0 153
0.142132 -0.235162 -0.572091 153 76 0
-0.401020 0.538694 0.391959 153 0 76
-0.563656 -0.245111 -0.377193 153 0 76
-0.247397 -0.522007 -0.572091 153 76 0
0.571482 0.457159 0.569996 76 153 0
-0.563656 -0.418185 0.550721 153 0 76
0.072141 0.029175 0.611702 127 0 127
0.305054 -0.356909 0.611702 127 0 127
0.549028 -0.057677 -0.534295 76 153 0
0.489971 -0.654723 -0.569726 76 0 153
-0.446832 -0.222787 0.573205 127 0 127
-0.231475 0.535141 0.611702 127 0 127
0.092251 0.538694 -0.474070 153 0 76
-0.052853 -0.616226 -0.563485 76 0 153
-0.512326 -0.516165 -0.483577 153 0 76
-0.059465 -0.642716 0.611702 127 0 127
-0.473922 -0.031502 0.611702 127 0 127
0.292379 0.123128 -0.585564 0 0 255
-0.279138 0.577191 -0.367227 153 0 76
-0.513944 0.513406 0.611702 127 0 127
-0.034597 0.538694 0.563091 153 0 76
-0.288784 -0.654723 -0.322502 76 0 153
-0.004106 -0.526002 0.235923 76 0 153
-0.441561 0.577191 0.395798 153 0 76
-0.476966 -0.301956 -0.559258 153 76 0
-0.512326 0.420736 -0.407631 153 0 76
0.549028 0.475038 0.541010 76 153 0
0.549028 -0.344837 -0.057366 76 153 0
-0.004106 0.093441 0.404671 76 0 153
0.037727 -0.511879 0.611702 127 0 127
-0.075871 0.577191 -0.191888 153 0 76
0.452646 -0.654723 0.111828 76 0 153
0.032142 -0.422973 0.573205 127 0 127
0.047224 0.266742 0.379501 76 0 153
-0.004106 0.016986 0.128207 76 0 153
0.339844 0.538694 0.543365 153 0 76
-0.299997 -0.616226 -0.121203 76 0 153
0.047224 -0.040199 -0.217487 76 0 153
0.425418 0.538694 -0.267244 153 0 76
0.310174 0.502736 -0.572091 153 76 0
-0.517317 -0.654723 -0.165490 76 0 153
-0.563656 -0.582129 -0.480833 153 0 76
-0.141448 -0.315057 -0.559258 153 76 0
-0.512326 -0.583656 -0.343849 153 0 76
0.244770 0.538694 0.548887 153 0 76
-0.081079 -0.616226 -0.158053 76 0 153
0.568987 -0.654723 0.312112 76 0 153
-0.512326 0.281455 -0.093625 153 0 76
-0.004106 0.099965 -0.537049 76 0 153
-0.563656 0.131199 0.496061 153 0 76
0.540253 -0.654723 -0.205761 76 0 153
0.600358 -0.587248 0.550206 76 153 0
0.242973 0.577191 -0.225594 153 0 76
0.165912 -0.239061 0.573205 127 0 127
-0.563656 0.253381 -0.206319 153 0 76
0.455906 0.577191 0.490921 153 0 76
0.549028 0.467150 -0.245854 76 153 0
-0.512326 0.105932 0.518849 153 0 76
0.047224 0.105336 0.383829 76 0 153
-0.224996 -0.654723 0.473374 76 0 153
-0.193731 0.577191 0.548498 153 0 76
0.047224 0.064229 0.496898 76 0 153
0.374224 0.451197 0.573205 127 0 127
0.534796 -0.459693 -0.572091 0 0 255
0.047224 0.256293 -0.479158 76 0 153
0.022808 0.577191 -0.350781 153 0 76
-0.563656 -0.548538 0.280987 153 0 76
-0.563656 0.159106 -0.609280 153 0 76
0.381844 0.577191 -0.320925 153 0 76
0.600358 0.129840 0.607069 127 0 127
-0.563656 -0.439571 -0.466328 153 0 76
0.262046 -0.544139 0.573205 127 0 127
0.558051 -0.010429 -0.610588 76 153 0
-0.507451 0.163841 0.611702 127 0 127
0.548343 0.231016 0.611702 127 0 127
0.443057 -0.388458 -0.572091 153 76 0
0.033833 -0.616226 0.345575 76 0 153
0.185924 -0.458912 -0.572091 153 76 0
0.515425 0.224660 -0.610588 0 0 255
0.336062 0.538694 0.247642 153 0 76
-0.563656 -0.133248 0.035099 153 0 76
-0.339673 0.538694 0.437301 153 0 76
0.549028 0.527421 0.249160 76 153 0
-0.004106 0.060386 0.553736 76 0 153
0.600358 -0.437234 -0.264165 76 153 0
-0.355610 -0.304688 0.573205 127 0 127
-0.527927 0.242391 0.611702 127 0 127
-0.109813 0.538694 0.102486 153 0 76
0.384880 -0.507943 -0.572091 153 76 0
0.600358 0.071733 0.381805 76 153 0
-0.020994 0.577191 -0.506224 153 0 76
0.491761 0.577191 0.559336 153 0 76
-0.435672 -0.146154 -0.559258 153 76 0
-0.563656 -0.507922 -0.463408 153 0 76
0.600358 -0.488366 0.190973 76 153 0
-0.563656 0.465423 -0.066249 153 0 76
-0.127920 0.538694 -0.462833 153 0 76
-0.108996 -0.616226 -0.057806 76 0 153
0.549028 -0.486742 0.434143 76 153 0
-0.512326 -0.065214 0.120151 153 0 76
-0.563656 0.029734 0.025463 153 0 76
-0.063719 0.542886 -0.610588 153 0 76
-0.537596 -0.218986 0.573205 127 0 127
0.135442 -0.112439 0.573205 127 0 127
-0.479716 0.188112 0.573205 127 0 127
-0.563656 -0.112314 -0.185386 153 0 76
0.131079 0.443302 0.573205 127 0 127
0.047224 -0.514809 -0.304353 76 0 153
-0.512326 -0.401636 -0.256490 153 0 76
-0.419981 -0.654723 -0.188857 76 0 153
0.600358 -0.582243 0.075590 76 153 0
-0.096852 0.483119 0.676918 0 127 127
-0.512326 0.022350 0.306338 153 0 76
-0.512326 0.056379 -0.576429 153 0 76
-0.358885 -0.175244 -0.610588 204 51 127
-0.004106 0.055889 0.137386 76 0 153
-0.524346 -0.500933 -0.610588 153 0 76
-0.004106 -0.030563 0.476836 76 0 153
0.538325 -0.616226 -0.535636 76 0 153
-0.022862 -0.460572 -0.572091 153 76 0
-0.424831 0.577191 -0.583099 153 0 76
0.480713 -0.616226 0.029640 76 0 153
0.178904 -0.654723 0.225116 76 0 153
-0.519566 0.538694 0.245598 153 0 76
0.305156 -0.567607 0.573205 127 0 127
0.600358 -0.367543 0.288199 76 153 0
-0.512326 0.374235 0.493265 153 0 76
-0.505657 -0.109611 0.573205 127 0 127
0.165459 0.538694 0.105896 153 0 76
0.600358 0.554478 -0.577222 153 0 76
-0.512326 0.059763 -0.424106 153 0 76
-0.004106 0.196168 0.043835 76 0 153
0.047224 -0.244256 0.482656 76 0 153
-0.283021 -0.616226 -0.038270 76 0 153
0.412212 -0.480083 -0.572091 153 76 0
-0.563656 0.164458 0.515980 153 0 76
-0.563656 -0.127843 0.443883 153 0 76
0.442285 0.234170 -0.572091 0 0 255
0.549028 -0.373519 0.324670 76 153 0
-0.531768 -0.654723 0.209854 76 0 153
0.047224 -0.148615 0.336918 76 0 153
-0.115411 0.014575 -0.559258 153 76 0
-0.563656 0.291900 -0.197281 153 0 76
0.058908 -0.125426 0.573205 127 0 127
-0.340685 0.577191 0.206385 153 0 76
-0.428675 0.577191 0.471013 153 0 76
-0.397496 -0.002461 -0.572091 204 51 127
-0.563656 -0.073833 -0.109538 153 0 76
-0.451018 0.538693 -0.564052 153 76 0
0.549028 -0.169644 -0.182079 76 153 0
-0.277310 -0.654723 0.164866 76 0 153
0.600358 0.198093 0.241549 76 153 0
0.047224 0.334584 -0.306555 76 0 153
0.549028 -0.534845 -0.264265 76 153 0
-0.563656 -0.145827 0.348980 153 0 76
-0.156567 -0.427663 0.573205 127 0 127
-0.121293 -0.654723 0.337338 76 0 153
-0.512326 0.346982 -0.209536 153 0 76
0.308425 -0.654723 0.225215 76 0 153
0.600358 -0.546156 0.171100 76 153 0
0.513967 -0.654723 -0.527089 76 0 153
-0.004106 0.262626 -0.451512 76 0 153
-0.374154 -0.616226 -0.226903 76 0 153
0.117002 0.577191 -0.410985 153 0 76
0.047224 -0.023727 -0.326322 76 0 153
0.549028 -0.271316 0.298863 76 153 0
-0.015142 0.552440 0.611702 127 0 127
0.264302 -0.136805 -0.572091 153 76 0
0.191499 0.538694 0.388785 153 0 76
-0.058078 -0.654723 -0.593259 76 0 153
-0.004106 0.481798 -0.408116 76 0 153
-0.281651 0.445421 0.573205 127 0 127
0.567779 -0.654723 0.383358 76 0 153
0.549028 -0.189249 -0.005436 76 153 0
-0.069157 -0.382512 0.573205 127 0 127
0.047224 -0.235353 0.133594 76 0 153
0.215586 0.118706 -0.559258 153 76 0
0.287645 0.028886 0.611702 127 0 127
-0.046782 -0.616226 -0.072127 76 0 153
-0.004106 -0.548540 0.126165 76 0 153
-0.328237 -0.616226 -0.433165 76 0 153
-0.445348 -0.645508 -0.610588 76 0 153
0.244808 -0.616226 0.235619 76 0 153
-0.459752 -0.654723 0.374407 76 0 153
-0.517468 -0.564191 0.611702 127 0 127
0.600358 0.320624 0.007364 76 153 0
0.600358 0.081613 0.105330 76 153 0
-0.004106 0.287893 -0.481844 76 0 153
-0.563656 0.038810 0.368946 153 0 76
-0.259692 0.009366 0.573205 127 0 127
-0.194412 -0.024470 0.573205 127 0 127
0.549028 -0.004711 0.440051 76 153 0
0.600358 0.258233 0.205649 76 153 0
0.213333 -0.050742 -0.559258 153 76 0
-0.512326 0.399678 -0.259133 153 0 76
-0.563656 -0.501617 -0.025944 153 0 76
-0.117945 0.110471 -0.559258 153 76 0
-0.563656 -0.063845 -0.337862 153 0 76
-0.512326 -0.041802 0.195874 153 0 76
0.253345 -0.616226 -0.551989 76 0 153
-0.123265 0.427401 0.573205 127 0 127
0.520470 0.538694 0.316797 153 0 76
0.533114 0.498973 -0.572091 153 76 0
0.600358 -0.085983 -0.506649 76 153 0
-0.092899 -0.654723 0.259541 76 0 153
-0.199069 -0.201637 -0.559258 153 76 0
-0.563656 -0.477731 0.383399 153 0 76
-0.122456 0.555288 0.573205 127 0 127
0.600358 0.310682 0.397724 76 153 0
0.549028 -0.163163 0.326602 76 153 0
-0.563656 0.400910 0.444006 153 0 76
0.258391 -0.616226 -0.287944 76 0 153
0.549028 0.013817 0.060188 76 153 0
-0.490139 -0.279757 -0.610588 204 51 127
0.212288 -0.598787 0.611702 127 0 127
-0.081963 -0.558295 -0.572091 153 76 0
0.123086 0.280675 0.573205 127 0 127
0.514603 0.205234 0.573205 127 0 127
-0.563656 0.451039 -0.464335 153 0 76
-0.471653 0.538694 0.553040 153 0 76
0.509189 -0.616226 0.393884 76 0 153
-0.440995 -0.351273 -0.572091 204 51 127
-0.534984 0.076053 0.611702 127 0 127
-0.260464 0.577191 0.230331 153 0 76
-0.298070 0.577191 0.325007 153 0 76
0.600358 0.392671 0.368476 76 153 0
0.047224 -0.439952 0.337428 76 0 153
0.142088 0.196688 0.611702 127 0 127
0.424118 0.577191 0.234526 153 0 76
0.047224 0.169432 0.180912 76 0 153
-0.171986 -0.654723 -0.514967 76 0 153
0.600358 -0.362882 0.034168 76 153 0
0.600358 0.195733 0.496810 76 153 0
0.600358 -0.400113 -0.390804 76 153 0
-0.116188 0.577191 -0.344188 153 0 76
-0.004106 -0.279970 0.432740 76 0 153
0.581626 0.538693 0.464046 76 153 0
-0.512326 0.507001 0.537827 153 0 76
0.549028 -0.495194 -0.360509 76 153 0
0.264609 -0.225255 0.611702 127 0 127
0.549028 -0.358157 0.011380 76 153 0
0.540736 0.296272 0.611702 127 0 127
0.404683 -0.616226 -0.429659 76 0 153
0.559594 0.577191 0.528058 153 0 76
0.389744 0.538694 -0.464171 153 0 76
0.600358 -0.522273 -0.095323 76 153 0
0.496501 0.577191 0.026065 153 0 76
0.549028 -0.500732 0.052762 76 153 0
0.074682 -0.616226 -0.497680 76 0 153
-0.038715 -0.264374 0.573205 127 0 127
0.121516 0.577191 0.014828 153 0 76
0.292379 -0.253585 -0.573492 0 0 255
-0.563656 0.017072 0.296198 153 0 76
-0.258015 -0.096086 0.611702 127 0 127
-0.563656 -0.061361 0.129748 153 0 76
-0.004106 -0.013052 0.027970 76 0 153
0.600358 0.316704 0.554107 76 153 0
-0.100629 -0.616226 0.370081 76 0 153
0.121130 0.174756 0.573205 127 0 127
0.016693 -0.616226 -0.017306 76 0 153
0.378781 -0.616226 0.131568 76 0 153
0.047224 -0.072089 -0.121628 76 0 153
-0.551764 0.046182 -0.610588 153 0 76
0.047224 -0.544193 0.233913 76 0 153
-0.194344 -0.616226 -0.570461 76 0 153
0.600358 -0.469569 -0.352509 76 153 0
0.506660 0.538694 -0.105041 153 0 76
0.469823 -0.238039 -0.610588 0 0 255
-0.563656 0.271114 -0.464767 153 0 76
-0.129674 -0.616226 -0.568215 76 0 153
-0.458080 0.577191 -0.144257 153 0 76
-0.518561 -0.616226 -0.238570 153 0 76
-0.541018 -0.616226 0.440533 76 0 153
-0.323280 -0.654723 0.326232 76 0 153
-0.004106 0.244523 0.454435 76 0 153
-0.494190 0.538694 0.346332 153 0 76
-0.417602 -0.616226 -0.054961 76 0 153
0.521548 -0.616226 -0.466013 76 0 153
0.046512 -0.654723 0.050612 76 0 153
-0.512326 -0.338038 -0.589124 204 51 127
0.549028 0.369167 -0.180869 76 153 0
-0.004106 -0.529419 -0.252307 76 0 153
0.600358 0.343827 -0.213803 76 153 0
-0.277489 -0.426136 0.611702 127 0 127
0.600358 -0.137709 0.300544 76 153 0
-0.004106 -0.097047 0.316168 76 0 153
-0.453917 0.538694 -0.468860 153 0 76
0.365348 0.577191 -0.232844 153 0 76
0.041110 -0.654723 -0.219270 76 0 153
0.600358 0.224131 0.429529 76 153 0
0.047224 0.538689 0.373333 76 0 153
0.467898 -0.566460 -0.610588 0 0 255
0.047224 0.155984 -0.427797 76 0 153
0.575843 0.577191 0.430285 153 0 76
0.047224 0.061698 0.043583 76 0 153
0.588059 -0.109372 0.611702 127 0 127
0.480941 -0.112263 -0.610588 0 0 255
-0.139737 -0.064263 0.611702 127 0 127
0.303069 0.577191 -0.329216 153 0 76
-0.145223 -0.047809 0.573205 127 0 127
-0.563656 -0.315439 -0.396219 153 0 76
0.152599 -0.616226 0.184250 76 0 153
-0.370719 -0.209513 -0.610588 204 51 127
-0.147242 0.572041 -0.610588 153 0 76
0.143895 -0.651515 0.581139 127 0 127
-0.191506 0.171895 0.573205 127 0 127
-0.343293 0.219753 -0.610588 204 51 127
-0.563656 0.002195 0.330889 153 0 76
-0.443572 -0.654723 0.033744 76 0 153
-0.125412 0.538694 -0.222015 153 0 76
-0.004106 -0.067582 -0.264225 76 0 153
0.581930 0.538693 0.174582 76 153 0
-0.563656 0.111345 0.112823 153 0 76
0.600358 -0.177448 -0.484715 76 153 0
0.006933 0.577191 0.399554 153 0 76
-0.126498 0.238530 -0.572091 153 76 0
-0.523934 0.577191 -0.331879 153 0 76
0.600358 -0.107295 -0.154696 76 153 0
0.047224 -0.308657 -0.477029 76 0 153
0.235952 -0.616226 -0.449317 76 0 153
0.077853 0.577191 0.208926 153 0 76
0.402909 -0.421646 0.611702 127 0 127
0.549028 -0.092591 -0.333669 76 153 0
-0.177331 -0.420061 -0.572091 153 76 0
-0.348267 0.210257 0.611702 127 0 127
0.047224 0.196340 -0.004082 76 0 153
0.600358 -0.068810 0.217887 76 153 0
0.151242 0.577191 -0.156759 153 0 76
0.064035 -0.651515 0.603256 127 0 127
-0.563656 0.087385 -0.285710 153 0 76
-0.448556 0.252092 -0.610588 204 51 127
-0.563656 -0.126072 -0.234340 153 0 76
-0.512326 0.319119 -0.492871 153 0 76
0.569934 0.538693 0.097455 76 153 0
-0.442645 0.461455 0.669432 0 127 127
-0.004106 -0.285632 0.284982 76 0 153
0.600358 0.402462 0.026008 76 153 0
-0.512326 -0.134155 -0.292605 153 0 76
0.549028 0.072161 0.025305 76 153 0
-0.512326 0.280157 -0.326949 153 0 76
0.042554 -0.654723 -0.294091 76 0 153
-0.512326 0.127230 -0.424768 153 0 76
-0.255677 -0.481286 -0.590977 204 51 127
0.112022 -0.084454 -0.559258 153 76 0
0.057384 0.236974 0.611702 127 0 127
-0.264690 -0.141173 0.611702 127 0 127
-0.408882 -0.447627 0.573205 127 0 127
-0.020496 -0.196213 0.573205 127 0 127
0.453849 -0.183767 -0.610588 0 0 255
-0.360654 -0.616522 0.573205 127 0 127
0.600358 -0.030479 0.393013 76 153 0
0.222773 -0.583843 -0.572091 153 76 0
0.047224 -0.205575 -0.280115 76 0 153
0.431615 0.371719 -0.610588 0 0 255
-0.533207 -0.654723 0.122973 76 0 153
-0.249024 -0.616226 0.173767 76 0 153
-0.512326 -0.565217 -0.610018 153 0 76
-0.249045 -0.616226 -0.190085 76 0 153
0.511211 0.394656 -0.610588 0 0 255
-0.082698 0.538694 -0.259987 153 0 76
-0.121543 -0.654723 0.234707 76 0 153
-0.255677 0.202155 -0.606391 204 51 127
0.170168 0.505771 -0.559258 153 76 0
0.041775 -0.172535 0.573205 127 0 127
-0.300477 -0.321852 0.611702 127 0 127
-0.563656 -0.311486 -0.471400 153 0 76
-0.512326 0.239173 0.079003 153 0 76
-0.563656 -0.381045 -0.509002 153 0 76
0.147325 -0.199170 0.611702 127 0 127
0.600358 0.403927 -0.423548 76 153 0
0.020264 0.538694 -0.196034 153 0 76
0.293840 -0.485601 0.611702 127 0 127
0.138246 0.577191 -0.244835 153 0 76
-0.548299 -0.164184 0.569996 153 0 76
-0.422320 -0.401817 0.573205 127 0 127
0.224092 0.577191 0.299720 153 0 76
0.310748 -0.616226 0.015650 76 0 153
0.311632 -0.654723 -0.552289 76 0 153
0.488233 0.023878 -0.610588 0 0 255
0.277336 -0.654723 0.387711 76 0 153
0.549028 -0.126884 0.510215 76 153 0
-0.512326 -0.344839 0.502884 153 0 76
-0.004106 -0.258278 0.359504 76 0 153
-0.512326 0.509585 -0.248912 153 0 76
0.270692 -0.022445 -0.559258 153 76 0
0.354157 0.577191 -0.412804 153 0 76
-0.004106 0.462810 -0.016111 76 0 153
-0.011384 0.538694 0.018456 153 0 76
-0.563656 0.282291 -0.579783 153 0 76
0.090402 -0.380522 0.611702 127 0 127
-0.242218 0.407493 0.573205 127 0 127
0.465167 -0.616226 0.065090 76 0 153
-0.313342 -0.654723 -0.593435 76 0 153
-0.275619 -0.654723 -0.174338 76 0 153
0.229906 0.577191 0.037975 153 0 76
0.549028 -0.336757 0.395696 76 153 0
0.549028 -0.478742 -0.087967 76 153 0
-0.512326 -0.191993 -0.587084 153 0 76
0.135324 -0.654723 -0.165377 76 0 153
-0.004106 -0.561491 0.358699 76 0 153
0.013239 -0.258231 -0.559258 76 0 153
0.209591 -0.234843 0.573205 127 0 127
0.369832 -0.077394 0.611702 127 0 127
0.549028 -0.028395 0.011613 76 153 0
-0.285663 -0.616226 0.536301 76 0 153
0.600358 0.471298 0.223290 76 153 0
-0.512326 -0.388325 0.458994 153 0 76
-0.512326 -0.575472 -0.477139 153 0 76
0.047224 -0.004941 0.488942 76 0 153
-0.509152 0.512975 -0.572091 153 76 0
-0.004106 -0.096125 -0.421670 76 0 153
-0.563656 -0.494651 0.245712 153 0 76
-0.512326 -0.253660 -0.320093 153 0 76
0.467207 -0.654723 -0.490075 76 0 153
-0.563656 0.265783 0.399868 153 0 76
0.549028 0.024087 0.359545 76 153 0
0.047224 -0.540188 -0.026306 76 0 153
-0.563656 0.469182 0.211317 153 0 76
-0.004106 0.472326 -0.300846 76 0 153
-0.512326 0.036957 0.358690 153 0 76
0.526358 0.173481 0.611702 127 0 127
0.107206 0.489307 -0.572091 153 76 0
0.600358 -0.654444 0.286287 76 0 153
-0.501461 0.313637 -0.610588 204 51 127
0.513350 0.246218 0.611702 127 0 127
-0.512326 0.357354 0.165569 153 0 76
-0.004106 -0.084675 -0.088520 76 0 153
-0.168740 0.528219 -0.572091 153 76 0
-0.268210 -0.222242 -0.572091 204 51 127
-0.563656 -0.326361 -0.137306 153 0 76
-0.004106 -0.544522 -0.441362 76 0 153
0.549028 0.086979 -0.293919 76 153 0
0.549520 0.428343 0.611702 127 0 127
0.377058 -0.358314 -0.572091 0 0 255
-0.023428 0.538694 0.446481 153 0 76
0.549028 0.507614 -0.429007 76 153 0
0.600358 -0.035328 0.340096 76 153 0
0.039470 0.538694 -0.538351 153 0 76
-0.549963 0.538693 0.074739 153 0 76
-0.563656 0.213811 0.309814 153 0 76
-0.286263 0.269009 0.573205 127 0 127
0.081447 -0.154727 0.573205 127 0 127
-0.263974 -0.654723 0.531113 76 0 153
0.047224 -0.117898 -0.024232 76 0 153
0.549028 -0.574039 -0.084406 76 153 0
0.398534 -0.616226 -0.114358 76 0 153
-0.301369 -0.616226 -0.254148 76 0 153
0.302186 0.538694 -0.145373 153 0 76
-0.368714 0.460376 0.672752 0 127 127
0.521831 -0.279809 -0.610588 0 0 255
0.339670 -0.307249 -0.610588 0 0 255
0.047224 0.349838 0.217894 76 0 153
-0.012630 0.036959 -0.572091 153 76 0
-0.470584 -0.630134 0.611702 127 0 127
0.506357 0.277192 -0.559258 153 76 0
0.549028 -0.096073 -0.524482 76 153 0
-0.004106 -0.458721 0.542886 76 0 153
0.231957 0.538694 -0.603752 153 0 76
0.190803 0.577191 -0.308987 153 0 76
-0.512326 0.310994 0.415687 153 0 76
-0.154857 0.538694 -0.250103 153 0 76
-0.452016 0.538694 0.118222 153 0 76
0.549028 -0.316603 -0.542450 76 153 0
-0.512326 0.114150 -0.155198 153 0 76
0.053008 0.538694 0.099903 153 0 76
-0.514815 -0.190384 0.573205 127 0 127
0.327163 0.068890 -0.610588 0 0 255
0.049182 0.276601 -0.572091 153 76 0
0.457708 0.148685 -0.610588 0 0 255
-0.563656 0.061257 -0.529900 153 0 76
-0.512326 0.029448 -0.103657 153 0 76
-0.111337 0.083579 0.611702 127 0 127
0.549028 -0.386960 -0.032951 76 153 0
-0.512326 0.332886 -0.034300 153 0 76
0.397134 0.538694 -0.013263 153 0 76
-0.004106 0.104335 -0.271341 76 0 153
0.154806 -0.616226 0.218987 76 0 153
-0.512326 0.352644 0.445461 153 0 76
0.348830 -0.135359 -0.610588 0 0 255
-0.004106 -0.099458 -0.248646 76 0 153
-0.004106 0.180127 -0.062274 76 0 153
-0.004106 -0.091633 0.245372 76 0 153
-0.027689 -0.654723 -0.456866 76 0 153
-0.563656 -0.280948 -0.207160 153 0 76
-0.385480 -0.316169 -0.610588 204 51 127
-0.548388 0.577191 -0.391670 153 0 76
-0.192097 -0.654723 0.265218 76 0 153
-0.563656 0.233070 -0.164186 153 0 76
0.145689 0.454180 0.611702 127 0 127
-0.512326 -0.107723 -0.581273 204 51 127
0.047224 -0.103014 0.055815 76 0 153
0.331888 -0.654723 0.544726 76 0 153
0.059261 0.506703 0.611702 127 0 127
-0.563656 -0.402209 -0.202118 153 0 76
0.083158 0.324081 0.611702 127 0 127
-0.492317 0.577191 0.497145 153 0 76
0.063176 0.334407 -0.572091 153 76 0
-0.563656 0.557744 0.204335 153 0 76
-0.512326 -0.343814 -0.392786 153 0 76
-0.248817 0.341715 0.611702 127 0 127
0.047224 -0.446264 0.161902 76 0 153
-0.563656 0.344222 -0.092788 153 0 76
-0.563656 0.477686 0.072816 153 0 76
-0.563656 -0.405280 -0.151606 153 0 76
-0.082703 0.294871 0.573205 127 0 127
-0.399509 0.577191 -0.187621 153 0 76
0.099792 -0.616226 0.137515 76 0 153
-0.004106 -0.055531 -0.349412 76 0 153
0.549028 0.447575 -0.446318 76 153 0
-0.409755 -0.368213 0.611702 127 0 127
0.186226 0.470150 0.573205 127 0 127
0.195053 0.224238 0.611702 127 0 127
-0.004106 0.536645 0.534663 76 0 153
0.600358 0.151985 0.117563 76 153 0
-0.035408 0.008272 0.573205 127 0 127
0.549028 -0.359675 0.132970 76 153 0
-0.004106 -0.546468 -0.328939 76 0 153
0.483637 0.577191 0.419378 153 0 76
0.047224 0.398734 -0.455707 76 0 153
-0.563656 -0.142663 -0.472937 153 0 76
-0.563656 -0.349292 -0.444913 153 0 76
0.347085 0.231918 0.611702 127 0 127
-0.097888 0.577191 0.450876 153 0 76
0.600358 0.489267 0.183514 76 153 0
-0.043859 0.294819 0.573205 127 0 127
0.549028 -0.497231 0.088391 76 153 0
0.009419 -0.338697 -0.559258 76 0 153
-0.533126 -0.616226 -0.469400 153 0 76
0.047224 0.064912 0.435707 76 0 153
-0.536424 -0.311542 -0.610588 153 0 76
0.288424 0.538694 0.129375 153 0 76
-0.004106 0.475444 -0.093777 76 0 153
-0.546422 -0.581994 0.573205 127 0 127
-0.499827 -0.616226 -0.182365 76 0 153
0.189791 0.292280 0.573205 127 0 127
-0.512326 0.500946 0.330698 153 0 76
-0.274353 0.281349 -0.572091 204 51 127
-0.563656 -0.337224 0.126406 153 0 76
0.047224 -0.587921 0.269211 76 0 153
-0.512326 0.465786 -0.053756 153 0 76
0.047224 -0.090718 0.355236 76 0 153
-0.424551 -0.616226 0.138749 76 0 153
0.002709 0.557641 0.569996 153 0 76
0.549028 -0.496384 0.270064 76 153 0
0.600358 0.238934 0.241877 76 153 0
0.078517 0.577191 -0.600765 153 0 76
0.047224 0.469258 -0.175616 76 0 153
-0.563656 0.511374 -0.283594 153 0 76
0.254579 0.360037 -0.559258 153 76 0
-0.198620 -0.616226 -0.387224 76 0 153
-0.080211 0.538694 0.122841 153 0 76
0.600358 -0.335275 -0.087884 76 153 0
0.226626 0.399846 0.573205 127 0 127
-0.004106 0.149963 0.260802 76 0 153
-0.190048 -0.654723 -0.146267 76 0 153
-0.272518 0.159658 0.611702 127 0 127
0.418504 0.531942 0.573205 127 0 127
-0.512326 -0.140913 -0.463019 153 0 76
0.223539 -0.616226 -0.096731 76 0 153
0.600358 0.063568 -0.258015 76 153 0
0.272090 0.577191 0.511089 153 0 76
0.047224 -0.609865 0.468568 76 0 153
-0.003754 -0.058586 -0.572091 153 76 0
0.332990 0.577191 0.569710 153 0 76
-0.309855 0.538694 -0.461915 153 0 76
-0.004106 0.163806 -0.131815 76 0 153
0.027526 -0.134177 0.611702 127 0 127
0.047224 -0.055854 -0.489721 76 0 153
-0.345742 -0.654723 0.502423 76 0 153
-0.467190 -0.134211 -0.610588 204 51 127
0.535759 -0.540525 0.611702 127 0 127
0.225426 -0.616226 -0.595356 76 0 153
0.249493 -0.207767 -0.572091 153 76 0
-0.513321 0.577191 -0.198731 153 0 76
0.249715 -0.090473 -0.559258 153 76 0
0.443757 -0.616226 0.353333 76 0 153
-0.108766 0.040744 0.573205 127 0 127
0.047224 -0.126848 -0.529564 76 0 153
-0.004106 -0.548915 -0.371267 76 0 153
-0.001889 0.538693 -0.299431 76 0 153
0.351911 0.538694 -0.401400 153 0 76
0.600358 0.540771 0.355492 153 0 76
-0.527232 -0.459984 -0.610588 153 0 76
-0.563656 0.302116 0.298290 153 0 76
0.549028 0.041700 0.160712 76 153 0
0.047224 0.420840 -0.307864 76 0 153
-0.487849 0.069691 -0.610588 204 51 127
-0.438923 -0.493796 -0.572091 153 76 0
-0.255677 -0.342801 -0.598148 204 51 127
-0.032601 -0.616226 -0.033416 76 0 153
0.249896 0.438834 -0.572091 153 76 0
0.047224 0.281480 -0.103189 76 0 153
0.473617 -0.368203 -0.610588 0 0 255
-0.563656 0.387092 -0.447352 153 0 76
-0.080120 0.577191 -0.467586 153 0 76
0.582486 0.061718 0.611702 127 0 127
-0.290461 -0.238435 0.611702 127 0 127
-0.563656 -0.105078 0.161678 153 0 76
0.549028 0.278208 -0.029161 76 153 0
0.600358 0.119682 0.227896 76 153 0
-0.173077 0.538694 -0.087193 153 0 76
-0.512326 0.016505 0.458778 153 0 76
0.165627 -0.271537 0.611702 127 0 127
0.549028 0.094595 0.493448 76 153 0
0.127672 -0.511328 0.611702 127 0 127
-0.312649 0.538694 -0.512121 153 0 76
0.549028 -0.415894 -0.445136 76 153 0
0.437294 -0.654723 0.315304 76 0 153
-0.563656 -0.167641 0.220721 153 0 76
0.047224 -0.434036 -0.401484 76 0 153
-0.302186 0.538694 0.023407 153 0 76
0.112415 0.577191 -0.025848 153 0 76
-0.054689 -0.654723 -0.083254 76 0 153
0.276869 0.251713 0.611702 127 0 127
0.600358 0.103437 -0.079347 76 153 0
0.083445 -0.654723 -0.127442 76 0 153
0.129388 -0.654723 0.219713 76 0 153
0.542449 -0.616226 -0.366658 76 0 153
0.549028 0.008010 0.514305 76 153 0
-0.016527 -0.522735 0.611702 127 0 127
-0.004106 0.234082 0.332932 76 0 153
0.549028 -0.495044 -0.007796 76 153 0
0.047224 -0.283898 -0.039475 76 0 153
-0.522471 0.577191 0.140212 153 0 76
0.381158 0.477072 0.611702 127 0 127
-0.276934 0.577191 -0.518512 153 0 76
0.369682 -0.514849 -0.610588 0 0 255
-0.512326 0.400357 -0.036629 153 0 76
0.086549 -0.616226 0.483015 76 0 153
0.436254 -0.562544 -0.572091 0 0 255
0.047224 0.400278 0.136701 76 0 153
0.600358 0.049733 -0.203206 76 153 0
-0.359262 0.462637 0.611702 127 0 127
0.521818 -0.579178 -0.572091 0 0 255
0.101924 -0.654723 -0.078910 76 0 153
0.543932 -0.340139 -0.572091 0 0 255
0.476123 -0.616226 -0.415345 76 0 153
-0.247122 0.300935 -0.559258 153 76 0
-0.512326 0.492878 -0.375682 153 0 76
-0.350930 0.379256 -0.559258 153 76 0
-0.563656 0.099912 0.303814 153 0 76
0.020119 0.115286 -0.572091 153 76 0
-0.134541 -0.654723 -0.184623 76 0 153
0.393040 0.280457 0.611702 127 0 127
-0.529259 0.538693 -0.164203 153 0 76
-0.004106 -0.490822 -0.410866 76 0 153
0.600358 0.081575 0.036875 76 153 0
-0.512326 -0.053351 0.154016 153 0 76
-0.465130 -0.263233 0.573205 127 0 127
-0.250269 -0.616226 -0.591474 76 0 153
-0.036709 -0.166770 -0.559258 153 76 0
0.549028 0.209587 -0.176480 76 153 0
-0.380684 -0.616226 -0.553463 76 0 153
0.431076 0.135411 0.573205 127 0 127
-0.524500 -0.454139 0.569996 153 0 76
0.549028 0.017071 0.252611 76 153 0
0.236355 0.577191 0.341554 153 0 76
0.336193 -0.174316 -0.610588 0 0 255
0.047224 0.314669 0.000491 76 0 153
0.001523 0.538694 -0.543669 153 0 76
0.078017 0.538694 -0.090971 153 0 76
-0.148632 -0.463209 0.611702 127 0 127
-0.563656 -0.523824 0.379562 153 0 76
-0.004106 0.434036 -0.338814 76 0 153
0.600358 0.226269 -0.524200 76 153 0
0.600358 -0.287972 -0.474724 76 153 0
-0.489228 0.417430 -0.610588 204 51 127
-0.563656 0.098853 0.006441 153 0 76
-0.004106 0.295458 0.461491 76 0 153
0.600358 0.160059 -0.184899 76 153 0
0.443686 0.328799 0.611702 127 0 127
-0.478183 0.538694 -0.208273 153 0 76
0.414731 -0.355530 -0.610588 0 0 255
-0.550293 -0.364514 0.569996 153 0 76
0.047224 0.230601 -0.162076 76 0 153
-0.563656 0.217889 -0.290772 153 0 76
-0.437892 0.354312 0.573205 127 0 127
-0.373804 -0.416323 -0.572091 204 51 127
0.549028 0.141856 0.213324 76 153 0
0.043882 0.577191 -0.492557 153 0 76
0.549028 -0.443940 -0.602095 0 0 255
-0.004106 0.289340 -0.118445 76 0 153
0.219409 0.153869 0.611702 127 0 127
-0.406275 0.494267 -0.610588 204 51 127
-0.512326 -0.169802 0.387135 153 0 76
0.529516 -0.654723 0.348788 76 0 153
0.525667 0.538694 -0.028706 153 0 76
0.107165 0.538694 -0.004557 153 0 76
-0.004106 0.381575 0.292396 76 0 153
-0.495555 -0.616226 -0.414982 76 0 153
-0.563656 0.399952 -0.198747 153 0 76
0.047224 -0.411414 0.301909 76 0 153
-0.004106 -0.425036 0.080037 76 0 153
0.047224 -0.203513 -0.507707 76 0 153
-0.563656 -0.419988 -0.120758 153 0 76
-0.345243 0.577191 -0.365618 153 0 76
-0.540110 0.251357 -0.610588 153 0 76
0.047224 0.442560 0.148417 76 0 153
-0.266810 0.289338 0.611702 127 0 127
-0.563656 0.213768 0.514598 153 0 76
-0.068973 -0.127545 0.611702 127 0 127
0.549028 -0.090407 -0.472621 76 153 0
-0.135613 -0.152210 -0.572091 153 76 0
-0.376656 -0.647788 -0.610588 76 0 153
0.422794 0.538694 -0.381369 153 0 76
-0.356151 -0.616226 -0.011096 76 0 153
-0.513530 -0.616226 -0.297449 153 0 76
-0.499663 -0.231984 0.611702 127 0 127
0.600358 0.110756 0.523910 76 153 0
-0.004106 0.063473 0.315970 76 0 153
-0.512326 -0.152841 0.242753 153 0 76
0.016540 -0.654723 0.436013 76 0 153
0.391795 0.041562 0.611702 127 0 127
0.549028 -0.152297 -0.387756 76 153 0
0.549028 0.321761 -0.143363 76 153 0
-0.512326 -0.051669 0.337852 153 0 76
0.600358 -0.326360 -0.203521 76 153 0
-0.004106 -0.416644 -0.189033 76 0 153
0.047224 -0.313803 -0.531489 76 0 153
-0.455929 0.577191 0.316607 153 0 76
0.551723 0.577191 -0.586647 153 0 76
0.277538 0.577191 -0.251343 153 0 76
0.600358 -0.064602 -0.337864 76 153 0
0.549028 -0.030360 0.148334 76 153 0
0.125025 -0.654723 -0.580044 76 0 153
-0.004106 0.058834 0.415449 76 0 153
-0.004106 -0.159496 -0.141224 76 0 153
0.375421 -0.654723 0.245686 76 0 153
-0.004106 0.424642 -0.227727 76 0 153
-0.563656 -0.273569 0.534289 153 0 76
-0.563656 -0.198813 0.335421 153 0 76
0.371369 0.371050 0.611702 127 0 127
0.014968 0.573983 0.600964 127 0 127
-0.563656 0.107880 -0.579633 153 0 76
0.600358 0.476547 -0.050943 76 153 0
-0.439027 0.039694 -0.572091 153 76 0
0.559569 -0.654723 0.563415 76 0 153
-0.080176 0.074511 -0.572091 153 76 0
-0.254160 0.577191 -0.183220 153 0 76
0.274561 -0.619631 0.569996 76 0 153
0.549028 0.381392 -0.540281 76 153 0
0.047224 -0.328212 0.282492 76 0 153
0.219207 0.279596 -0.572091 153 76 0
0.467167 0.525614 -0.610588 0 0 255
-0.464300 0.538694 0.474656 153 0 76
0.516895 -0.654723 0.201743 76 0 153
0.297330 0.103873 0.611702 127 0 127
-0.512326 0.011390 -0.202642 153 0 76
0.411149 -0.616226 0.236334 76 0 153
0.047224 -0.527243 -0.411337 76 0 153
0.292379 -0.006969 -0.584074 0 0 255
0.047224 -0.005829 -0.065224 76 0 153
-0.363867 -0.616226 0.131318 76 0 153
-0.156165 -0.616226 0.368767 76 0 153
0.549028 0.085320 -0.134136 76 153 0
-0.104856 0.577191 -0.208122 153 0 76
0.549028 -0.125961 -0.443282 76 153 0
-0.512326 0.414554 -0.100433 153 0 76
-0.283033 0.189447 -0.559258 153 76 0
-0.563656 -0.035235 -0.270547 153 0 76
0.549028 -0.059491 -0.327021 76 153 0
0.549028 0.514681 -0.219506 76 153 0
-0.563656 -0.406383 0.354848 153 0 76
0.125352 -0.308745 -0.572091 153 76 0
-0.512326 0.145878 0.131678 153 0 76
-0.382211 0.276349 -0.559258 153 76 0
0.047224 -0.169129 0.256642 76 0 153
0.047224 -0.207335 0.200971 76 0 153
-0.004106 0.425039 0.372879 76 0 153
-0.507438 -0.584145 -0.559258 153 76 0
-0.004106 -0.082089 -0.302405 76 0 153
0.301718 0.057330 -0.572091 0 0 255
0.480210 0.538694 0.539717 153 0 76
-0.512326 0.408719 -0.134745 153 0 76
-0.029384 -0.325090 0.573205 127 0 127
0.219016 -0.654723 -0.181304 76 0 153
0.564306 -0.654723 -0.593092 76 0 153
-0.520112 0.577191 -0.413061 153 0 76
-0.337028 -0.616226 -0.110017 76 0 153
0.498128 -0.616226 0.288082 76 0 153
0.047224 -0.566103 0.086898 76 0 153
-0.512326 -0.167943 -0.487035 153 0 76
0.047224 0.472190 -0.246668 76 0 153
0.020702 -0.616226 -0.159897 76 0 153
-0.529282 -0.616226 0.010196 76 0 153
0.518378 0.049205 -0.610588 0 0 255
0.600358 -0.337782 0.498654 76 153 0
-0.358762 0.538694 -0.290135 153 0 76
0.360551 -0.536532 0.611702 127 0 127
-0.500482 -0.037826 -0.559258 153 76 0
-0.528874 0.569437 -0.610588 153 0 76
0.047224 -0.089976 -0.342794 76 0 153
-0.512326 -0.514088 0.390988 153 0 76
-0.512326 -0.275251 0.546729 153 0 76
-0.004106 -0.064976 -0.537917 76 0 153
-0.185429 -0.297356 0.573205 127 0 127
-0.563656 -0.411132 0.454067 153 0 76
0.047224 -0.247035 -0.057897 76 0 153
0.312419 0.428494 0.573205 127 0 127
0.600358 -0.418732 -0.346341 76 153 0
0.460755 0.577191 -0.139550 153 0 76
0.345152 0.435865 -0.610588 0 0 255
-0.120411 -0.654723 -0.296616 76 0 153
0.477460 0.026391 0.573205 127 0 127
0.145502 0.224345 -0.572091 153 76 0
-0.488827 0.538694 -0.497766 153 0 76
0.600358 0.317546 0.235655 76 153 0
0.047224 -0.129751 0.394313 76 0 153
0.047224 -0.432263 0.248859 76 0 153
-0.134265 0.540697 -0.610588 153 0 76
-0.085029 -0.279334 0.573205 127 0 127
0.530240 -0.654723 -0.163583 76 0 153
0.515838 -0.616226 0.024535 76 0 153
-0.512326 -0.482464 -0.351818 153 0 76
0.064447 -0.654723 -0.430212 76 0 153
0.279851 -0.654723 -0.598058 76 0 153
-0.004106 0.174884 0.140502 76 0 153
0.502592 0.577191 0.172302 153 0 76
-0.455777 0.577191 0.165033 153 0 76
0.047224 0.063099 0.131615 76 0 153
0.549028 -0.211167 0.535389 76 153 0
0.549028 -0.554913 0.513865 76 153 0
0.217135 0.170580 0.573205 127 0 127
-0.512326 -0.195552 -0.396454 153 0 76
-0.341050 -0.616226 0.232091 76 0 153
0.543606 -0.235528 -0.559258 153 76 0
-0.085148 -0.654723 -0.574347 76 0 153
0.047224 -0.223930 -0.415917 76 0 153
0.047224 -0.286573 0.145930 76 0 153
-0.334688 -0.266189 -0.572091 204 51 127
0.348069 0.538694 0.376428 153 0 76
-0.004106 -0.236236 -0.084876 76 0 153
-0.512326 0.245673 -0.088716 153 0 76
-0.004106 -0.147533 0.118405 76 0 153
0.549452 0.538693 -0.106404 76 153 0
0.041127 0.577191 0.127809 153 0 76
0.537351 0.556266 0.569996 153 0 76
-0.563656 -0.602688 -0.528317 153 0 76
0.510302 0.514068 0.611702 127 0 127
-0.512326 -0.425537 0.239524 153 0 76
-0.004106 0.275100 0.528095 76 0 153
0.549028 -0.333591 0.319530 76 153 0
-0.417151 -0.654723 0.251536 76 0 153
0.049889 0.577191 0.534344 153 0 76
0.143874 0.577191 -0.369591 153 0 76
0.549028 -0.014227 -0.228407 76 153 0
0.265466 -0.585967 0.611702 127 0 127
-0.004106 -0.224159 0.453935 76 0 153
0.047224 0.507202 -0.030765 76 0 153
0.047224 -0.148391 -0.319709 76 0 153
0.400300 -0.654723 0.422950 76 0 153
-0.459928 -0.461885 -0.559258 153 76 0
-0.078925 -0.616226 0.306940 76 0 153
-0.383438 0.299558 -0.610588 204 51 127
-0.516263 -0.616226 -0.033712 76 0 153
-0.004106 -0.205049 0.130304 76 0 153
0.561749 0.538693 -0.478746 76 153 0
0.047224 -0.587758 -0.014876 76 0 153
-0.563656 0.018729 0.220830 153 0 76
-0.563656 0.243390 0.362252 153 0 76
0.101439 -0.480616 0.611702 127 0 127
0.600358 -0.339331 0.429867 76 153 0
0.051132 -0.654723 -0.187925 76 0 153
-0.563656 -0.000729 -0.213310 153 0 76
-0.512326 0.283142 -0.018694 153 0 76
-0.541670 -0.654723 -0.078437 76 0 153
-0.010503 0.364480 0.573205 127 0 127
0.549028 -0.553445 -0.322351 76 153 0
0.047224 -0.001657 0.008646 76 0 153
0.021460 0.538693 0.174999 76 0 153
0.549028 -0.416243 -0.050952 76 153 0
0.600358 0.120370 -0.454648 76 153 0
-0.563656 -0.538425 0.150472 153 0 76
0.308453 0.577191 -0.135716 153 0 76
0.549028 0.102439 -0.448787 76 153 0
0.047224 0.300246 -0.237283 76 0 153
0.047224 0.112931 0.211845 76 0 153
0.549028 0.310688 0.462821 76 153 0
0.403870 0.362163 0.573205 127 0 127
0.134804 -0.654723 0.536052 76 0 153
-0.563656 -0.294695 -0.238135 153 0 76
0.047224 -0.357934 0.486414 76 0 153
-0.004106 0.045569 -0.103543 76 0 153
0.047224 -0.236062 -0.292384 76 0 153
-0.400855 0.315392 -0.559258 153 76 0
-0.476413 -0.616226 0.179093 76 0 153
0.047224 -0.267099 0.278394 76 0 153
0.524600 0.577191 -0.434131 153 0 76
0.140881 -0.584868 0.573205 127 0 127
-0.285613 0.098457 0.573205 127 0 127
0.159579 0.157429 -0.572091 153 76 0
-0.231853 0.219640 0.573205 127 0 127
-0.563656 0.487045 -0.366807 153 0 76
0.549028 -0.002485 -0.010060 76 153 0
0.333021 -0.568201 0.611702 127 0 127
-0.068051 0.232335 -0.559258 153 76 0
-0.545121 -0.616226 0.118306 153 0 76
0.600358 0.255880 -0.136164 76 153 0
-0.563656 0.269251 -0.109995 153 0 76
0.549028 -0.207713 -0.291837 76 153 0
-0.166448 -0.616226 -0.530935 76 0 153
-0.271161 -0.498081 0.611702 127 0 127
-0.563656 0.402146 -0.141365 153 0 76
0.047224 0.464561 0.360648 76 0 153
0.358118 0.282551 0.611702 127 0 127
0.600358 -0.393161 -0.112700 76 153 0
-0.004106 -0.409049 -0.547149 76 0 153
-0.563656 -0.595726 -0.086110 153 0 76
0.549028 -0.080569 0.182721 76 153 0
0.207529 -0.616226 -0.235627 76 0 153
-0.391819 0.133126 -0.572091 204 51 127
0.490085 -0.182928 0.573205 127 0 127
-0.312527 -0.240724 0.573205 127 0 127
-0.091830 -0.616226 -0.525351 76 0 153
-0.364492 -0.478755 -0.572091 204 51 127
0.279429 -0.616226 -0.327214 76 0 153
-0.512326 -0.418169 -0.413883 153 0 76
0.549028 -0.308913 -0.314297 76 153 0
-0.563656 0.317659 0.243390 153 0 76
-0.002631 0.382454 0.611702 127 0 127
0.600358 -0.035021 0.448027 76 153 0
0.588297 -0.113067 -0.610588 76 153 0
0.163417 -0.654723 -0.240255 76 0 153
-0.470246 -0.616226 -0.245019 76 0 153
0.462561 0.538694 0.186670 153 0 76
0.047224 0.290565 -0.138497 76 0 153
-0.081589 0.538694 0.042417 153 0 76
0.047305 -0.654723 -0.526875 76 0 153
0.600358 0.354049 0.539753 76 153 0
0.047224 -0.466260 -0.172176 76 0 153
-0.563656 -0.345254 -0.409653 153 0 76
-0.512326 -0.505232 -0.279150 153 0 76
0.047224 -0.355420 -0.146191 76 0 153
0.543050 -0.616226 0.459930 76 0 153
-0.004106 -0.418096 0.215126 76 0 153
0.044924 -0.654723 0.496547 76 0 153
-0.492971 -0.031521 0.573205 127 0 127
0.570499 0.538693 -0.353680 76 153 0
0.481406 0.538694 0.273583 153 0 76
0.292379 -0.498442 -0.573663 0 0 255
0.559923 -0.616226 0.158541 76 0 153
0.392562 -0.083033 -0.610588 0 0 255
0.600358 -0.398217 -0.603318 76 153 0
0.597531 0.573983 0.596015 127 0 127
-0.502631 0.538694 0.535935 153 0 76
0.518915 0.538694 -0.371142 153 0 76
-0.158197 -0.616226 0.289914 76 0 153
0.600358 -0.288039 -0.216883 76 153 0
0.530330 0.108809 -0.610588 0 0 255
-0.512326 0.227815 -0.167429 153 0 76
0.332951 0.153993 0.611702 127 0 127
0.022509 0.093960 0.557164 76 0 153
0.600358 -0.339692 0.237272 76 153 0
-0.004106 -0.028207 -0.094641 76 0 153
-0.374773 -0.313035 -0.572091 204 51 127
-0.563656 -0.538688 0.451525 153 0 76
0.600358 -0.170970 0.251601 76 153 0
-0.055793 -0.616226 -0.108276 76 0 153
-0.004106 0.358122 -0.233222 76 0 153
0.011614 -0.054381 0.611702 127 0 127
-0.446195 0.270711 -0.572091 204 51 127
0.047224 -0.391093 -0.450434 76 0 153
-0.464521 0.577191 0.531548 153 0 76
-0.119184 -0.654723 -0.406462 76 0 153
0.600358 0.483981 -0.279699 76 153 0
-0.563656 0.449482 -0.206583 153 0 76
-0.266858 0.086213 -0.610588 204 51 127
0.600358 0.562412 0.306691 153 0 76
-0.004106 0.107726 -0.092444 76 0 153
-0.122933 -0.021927 -0.572091 153 76 0
0.549028 -0.035942 0.335983 76 153 0
-0.563656 0.342193 -0.449489 153 0 76
0.549028 -0.549799 0.382997 76 153 0
-0.334297 -0.371724 -0.572091 153 76 0
-0.063646 0.577191 -0.569629 153 0 76
0.569855 -0.616226 0.327534 76 0 153
0.549028 0.472352 0.160343 76 153 0
-0.563656 -0.075638 -0.424550 153 0 76
0.375512 -0.038085 0.611702 127 0 127
0.167774 -0.654723 0.447783 76 0 153
-0.004106 -0.307199 0.353874 76 0 153
0.167506 0.577191 0.080690 153 0 76
0.052709 -0.247902 0.611702 127 0 127
-0.004106 0.040653 -0.441758 76 0 153
0.542281 -0.654723 -0.396156 76 0 153
-0.004106 0.502159 -0.005885 76 0 153
-0.563656 -0.018542 0.542757 153 0 76
0.600358 -0.217208 -0.221120 76 153 0
-0.405486 -0.435603 -0.572091 153 76 0
0.047224 -0.274916 -0.464455 76 0 153
-0.454102 0.577191 -0.490985 153 0 76
-0.316543 0.538694 0.322567 153 0 76
0.525867 -0.654723 0.009785 76 0 153
-0.004106 0.167371 -0.491149 76 0 153
0.305654 0.439757 -0.559258 153 76 0
-0.563656 0.144459 -0.467359 153 0 76
-0.512326 -0.055850 0.086714 153 0 76
-0.512326 0.228637 0.300701 153 0 76
0.233867 -0.654723 -0.547511 76 0 153
-0.371478 0.577191 -0.573243 153 0 76
-0.563656 0.565209 -0.421360 153 0 76
-0.357290 0.538694 -0.190703 153 0 76
-0.210833 -0.602453 0.573205 127 0 127
0.047224 -0.361017 -0.482510 76 0 153
-0.465655 -0.263101 -0.572091 153 76 0
0.130213 0.577191 -0.328407 153 0 76
-0.531720 0.577191 -0.109645 153 0 76
-0.358759 -0.210151 0.573205 127 0 127
-0.004106 -0.600090 -0.389631 76 0 153
-0.512326 -0.166414 0.454933 153 0 76
0.600358 -0.383557 0.599926 127 0 127
-0.512326 0.217584 -0.556891 153 0 76
-0.004106 -0.479741 -0.078440 76 0 153
0.600358 0.361835 0.050740 76 153 0
0.387162 -0.616226 0.419583 76 0 153
-0.384445 0.324371 0.573205 127 0 127
0.197138 0.332645 -0.572091 153 76 0
-0.413316 0.577191 0.286799 153 0 76
-0.557239 0.053873 0.582477 127 0 127
-0.168868 0.538694 0.113841 153 0 76
-0.228383 0.577191 0.565821 153 0 76
-0.412398 -0.636147 0.569996 76 0 153
-0.091001 0.538694 -0.465353 153 0 76
0.600358 0.046651 0.052632 76 153 0
-0.461731 -0.654723 -0.084265 76 0 153
-0.184366 0.397995 0.611702 127 0 127
-0.134652 0.511994 -0.559258 153 76 0
-0.107081 -0.616226 -0.316101 76 0 153
-0.476160 -0.412979 -0.572091 204 51 127
-0.425183 -0.509066 0.573205 127 0 127
-0.512326 -0.485725 -0.221018 153 0 76
-0.327498 0.437466 0.611702 127 0 127
0.600358 -0.509200 0.524432 76 153 0
-0.512326 -0.318191 0.327628 153 0 76
-0.088836 -0.654723 0.303666 76 0 153
0.100371 -0.041917 0.573205 127 0 127
-0.563656 -0.044624 -0.022015 153 0 76
0.047224 -0.301100 0.111260 76 0 153
0.297759 -0.654723 -0.382837 76 0 153
-0.171837 -0.463002 0.573205 127 0 127
0.519438 -0.387914 -0.572091 0 0 255
0.234909 -0.654723 0.569845 76 0 153
-0.411064 0.318452 -0.610588 204 51 127
0.537882 -0.044389 -0.572091 0 0 255
0.089941 -0.654723 0.223080 76 0 153
0.292379 0.259363 -0.587449 0 0 255
0.600358 0.556229 -0.352888 153 0 76
0.040200 0.166034 0.611702 127 0 127
-0.548640 -0.047172 -0.610588 153 0 76
0.600358 -0.260105 0.160430 76 153 0
0.047224 -0.596710 0.142759 76 0 153
0.047224 0.151364 0.392550 76 0 153
-0.004106 0.512158 0.291979 76 0 153
-0.512326 -0.596072 -0.213137 153 0 76
-0.004106 -0.463345 0.500557 76 0 153
0.600358 0.096018 -0.559626 76 153 0
-0.004106 -0.213930 0.074446 76 0 153
0.493932 0.538694 0.344115 153 0 76
-0.512326 0.334150 0.351131 153 0 76
-0.479731 0.538694 -0.058836 153 0 76
-0.512326 0.249744 -0.426149 153 0 76
0.026759 -0.616226 0.079052 76 0 153
-0.512326 0.191969 -0.595248 204 51 127
0.549028 0.441873 0.005013 76 153 0
-0.512326 -0.119609 0.183929 153 0 76
-0.512326 0.291508 -0.160110 153 0 76
0.317350 -0.250944 -0.610588 0 0 255
0.025361 0.577191 0.193901 153 0 76
-0.520634 -0.654723 0.459396 76 0 153
0.105748 -0.653586 -0.610588 76 0 153
-0.327090 -0.654723 -0.514718 76 0 153
0.047224 -0.576373 0.029329 76 0 153
-0.516748 0.002746 0.611702 127 0 127
-0.004106 0.097978 0.442257 76 0 153
-0.512326 -0.015701 -0.585244 204 51 127
-0.395289 0.385833 0.573205 127 0 127
0.335837 -0.286289 0.611702 127 0 127
-0.512326 -0.614768 0.233139 153 0 76
-0.193528 0.068661 0.611702 127 0 127
-0.004106 -0.249270 -0.451177 76 0 153
0.137696 0.577191 -0.527773 153 0 76
0.281792 0.577191 0.271013 153 0 76
-0.002922 0.577191 -0.106607 153 0 76
0.339735 0.538694 0.180157 153 0 76
-0.527252 -0.313773 0.611702 127 0 127
0.047224 -0.585275 -0.328486 76 0 153
0.263666 0.577191 -0.161169 153 0 76
-0.324131 -0.407586 -0.610588 204 51 127
0.047224 0.037882 -0.050087 76 0 153
-0.422179 0.411534 -0.559258 153 76 0
-0.296513 0.514850 0.573205 127 0 127
-0.004106 0.418665 -0.433732 76 0 153
0.549028 -0.124022 -0.071790 76 153 0
0.259122 0.538694 -0.230321 153 0 76
0.479846 -0.496632 0.573205 127 0 127
-0.211127 0.577191 0.076279 153 0 76
0.047224 -0.276647 0.318851 76 0 153
-0.048969 -0.574214 -0.559258 153 76 0
-0.512326 0.070762 -0.361117 153 0 76
0.408618 -0.616226 -0.517647 76 0 153
0.549028 0.470757 0.399504 76 153 0
-0.298286 0.577191 -0.229556 153 0 76
0.549028 -0.121675 0.143799 76 153 0
0.115245 0.397964 -0.559258 153 76 0
-0.563656 0.543736 -0.267298 153 0 76
-0.077121 -0.171610 0.573205 127 0 127
0.473295 -0.616226 -0.286331 76 0 153
-0.563656 0.262769 0.567676 153 0 76
0.047224 -0.385315 -0.034974 76 0 153
-0.004106 -0.466010 -0.544689 76 0 153
-0.046132 0.577191 -0.447644 153 0 76
0.574911 0.577191 -0.151945 153 0 76
0.600358 -0.451503 0.589456 127 0 127
0.375007 0.573983 0.584532 127 0 127
0.549028 0.250498 -0.097192 76 153 0
0.270399 0.345724 0.573205 127 0 127
0.081263 -0.158791 0.611702 127 0 127
0.480766 -0.459025 -0.610588 0 0 255
-0.529637 -0.654723 0.287439 76 0 153
0.212955 0.538802 0.573205 127 0 127
-0.004106 0.126279 0.013820 76 0 153
0.600358 -0.292071 -0.435388 76 153 0
0.140166 -0.616226 0.313370 76 0 153
-0.452200 -0.344803 0.573205 127 0 127
-0.004106 -0.537955 0.415828 76 0 153
-0.512326 -0.516469 0.243280 153 0 76
-0.004106 -0.587163 0.448124 76 0 153
0.490649 0.577191 0.459794 153 0 76
-0.436113 -0.429038 -0.610588 204 51 127
0.553982 0.577191 -0.227349 153 0 76
-0.436275 -0.202908 -0.610588 204 51 127
0.549028 -0.556173 0.050784 76 153 0
0.219608 -0.055390 0.573205 127 0 127
0.253394 0.282708 0.611702 127 0 127
-0.401304 -0.616226 -0.423809 76 0 153
-0.004106 -0.471752 0.346925 76 0 153
-0.563656 0.481012 -0.229654 153 0 76
-0.004106 0.344559 0.209625 76 0 153
-0.383701 -0.616226 -0.498613 76 0 153
0.420603 0.411028 0.611702 127 0 127
-0.512326 0.289015 0.065126 153 0 76
0.047224 0.369779 0.262443 76 0 153
-0.563656 0.179132 -0.276968 153 0 76
-0.455854 -0.654723 -0.371683 76 0 153
-0.352908 0.538694 -0.529938 153 0 76
-0.398868 -0.120585 -0.572091 204 51 127
0.367086 0.577191 0.041099 153 0 76
0.571743 0.140315 0.569996 76 153 0
-0.104878 -0.586778 -0.559258 153 76 0
0.549028 -0.056968 -0.088520 76 153 0
-0.022078 -0.654723 -0.308316 76 0 153
0.600358 -0.260224 0.520839 76 153 0
0.240169 -0.456108 -0.572091 153 76 0
-0.004106 -0.291056 -0.239241 76 0 153
0.002354 0.577191 0.534917 153 0 76
0.316299 0.240821 0.573205 127 0 127
0.549028 0.463125 0.362817 76 153 0
-0.404986 -0.654723 0.103499 76 0 153
0.272195 0.249507 -0.559258 153 76 0
-0.293382 0.538694 -0.077640 153 0 76
-0.498665 -0.654723 -0.313523 76 0 153
0.549028 -0.225416 -0.460863 76 153 0
-0.004106 0.338920 -0.079320 76 0 153
0.496351 0.538694 0.151611 153 0 76
-0.004106 -0.427327 0.549333 76 0 153
-0.035435 -0.654723 -0.570583 76 0 153
-0.563656 -0.059965 0.201066 153 0 76
-0.512326 -0.277051 -0.342240 153 0 76
-0.563656 -0.414576 0.009191 153 0 76
0.047224 -0.326075 -0.008531 76 0 153
-0.563656 0.290414 0.074292 153 0 76
-0.512326 -0.051640 -0.026053 153 0 76
-0.004106 -0.220662 -0.313404 76 0 153
0.060347 0.538694 -0.469332 153 0 76
0.600358 0.263008 0.173147 76 153 0
-0.080848 0.505719 -0.572091 153 76 0
0.478067 -0.058134 0.573205 127 0 127
-0.512326 -0.203712 0.389205 153 0 76
-0.512326 0.086424 0.487790 153 0 76
-0.036800 -0.203629 -0.572091 153 76 0
-0.450558 0.193280 0.611702 127 0 127
0.096728 0.577191 -0.154693 153 0 76
-0.113997 0.349709 -0.559258 153 76 0
0.019077 -0.616226 -0.514964 76 0 153
0.600358 0.211405 -0.055128 76 153 0
0.433654 -0.208040 -0.572091 0 0 255
0.600358 -0.259804 0.338301 76 153 0
-0.397326 0.444566 -0.559258 153 76 0
0.495899 0.315211 -0.559258 153 76 0
0.511711 0.278873 0.573205 127 0 127
0.452480 -0.270000 -0.610588 0 0 255
-0.563656 0.234824 0.160747 153 0 76
0.341490 0.245582 -0.572091 0 0 255
0.047224 0.379637 0.435347 76 0 153
0.199363 0.577191 -0.542486 153 0 76
-0.547065 -0.654723 0.045485 76 0 153
0.047224 -0.257943 0.438771 76 0 153
0.498008 0.017272 -0.559258 153 76 0
-0.563656 0.354214 -0.375624 153 0 76
0.575118 0.193987 0.573205 127 0 127
-0.512326 -0.606771 -0.111884 153 0 76
0.412291 -0.184620 0.573205 127 0 127
-0.306454 0.074094 -0.559258 153 76 0
-0.557239 -0.092677 0.603653 127 0 127
-0.563656 -0.442656 0.418316 153 0 76
-0.004106 -0.476082 -0.046733 76 0 153
-0.343790 -0.165185 0.573205 127 0 127
-0.266027 -0.325409 0.573205 127 0 127
-0.078704 0.207226 0.611702 127 0 127
0.074045 -0.132360 -0.559258 153 76 0
0.329096 0.577191 -0.603869 153 0 76
0.202934 0.004164 -0.572091 153 76 0
0.600358 0.258696 0.038494 76 153 0
-0.207025 -0.067317 -0.572091 153 76 0
-0.003136 0.357386 -0.572091 153 76 0
0.483529 -0.654723 0.329094 76 0 153
0.047224 0.255178 0.120640 76 0 153
0.047224 0.301069 0.149565 76 0 153
-0.004106 -0.458896 0.228027 76 0 153
-0.318129 0.097837 0.573205 127 0 127
0.047543 -0.640514 0.569996 76 0 153
0.549028 -0.486486 -0.419342 76 153 0
0.047224 0.352384 0.036921 76 0 153
-0.450045 -0.568193 0.573205 127 0 127
0.300125 0.323909 0.573205 127 0 127
-0.171242 -0.155943 -0.572091 153 76 0
0.195466 0.538694 -0.463612 153 0 76
0.600358 0.223396 -0.206191 76 153 0
0.047224 0.048251 -0.113333 76 0 153
-0.004106 -0.287742 0.015885 76 0 153
-0.052634 -0.055134 0.611702 127 0 127
0.600358 0.177341 -0.470392 76 153 0
0.156546 -0.616226 0.538188 76 0 153
0.506035 0.121432 -0.572091 0 0 255
0.517818 0.425572 0.611702 127 0 127
0.496078 -0.654723 0.289402 76 0 153
-0.512326 -0.531802 -0.310912 153 0 76
-0.536274 -0.616226 0.207851 153 0 76
0.376592 -0.616226 0.250468 76 0 153
-0.321725 0.009951 -0.572091 204 51 127
-0.563656 0.129904 0.179692 153 0 76
0.253678 -0.130999 0.611702 127 0 127
-0.491815 -0.651515 0.601494 127 0 127
-0.563656 0.275503 0.472566 153 0 76
0.157990 0.577191 0.479935 153 0 76
0.313073 -0.137482 -0.572091 153 76 0
-0.004106 -0.287641 -0.063947 76 0 153
0.047224 -0.473936 0.274757 76 0 153
0.456207 0.538694 -0.193809 153 0 76
-0.261063 -0.164659 -0.610588 204 51 127
-0.254718 -0.431994 0.573205 127 0 127
-0.563656 0.132449 -0.351432 153 0 76
0.342384 -0.604293 0.611702 127 0 127
-0.512326 0.446841 0.530662 153 0 76
-0.004106 -0.550919 0.530620 76 0 153
-0.255677 0.387903 -0.610464 204 51 127
0.247485 -0.654723 -0.010186 76 0 153
-0.512326 -0.400000 0.523967 153 0 76
-0.004106 0.239761 -0.232006 76 0 153
0.600358 -0.404372 -0.228504 76 153 0
-0.563656 -0.121484 0.544164 153 0 76
-0.223756 -0.456926 0.611702 127 0 127
0.600358 0.451139 -0.109591 76 153 0
0.427479 0.577191 -0.205279 153 0 76
0.600358 0.063874 -0.328235 76 153 0
0.600358 -0.430386 0.435445 76 153 0
0.600358 -0.287553 0.273411 76 153 0
-0.171871 0.577191 0.350426 153 0 76
-0.100235 -0.447967 -0.572091 153 76 0
0.382513 -0.616226 -0.171397 76 0 153
0.549028 -0.340463 0.279519 76 153 0
-0.181298 -0.472261 -0.572091 153 76 0
-0.004106 -0.067585 -0.203027 76 0 153
0.600358 0.171156 -0.317304 76 153 0
-0.374179 0.538694 0.463405 153 0 76
0.549028 0.157007 -0.486797 76 153 0
-0.004106 0.155183 0.449103 76 0 153
0.334527 0.577191 0.493965 153 0 76
0.577871 -0.654723 0.503956 76 0 153
0.114805 0.195182 -0.572091 153 76 0
-0.485763 -0.465621 -0.610588 204 51 127
0.600358 -0.038405 -0.535518 76 153 0
-0.512326 -0.437336 -0.316495 153 0 76
-0.113842 -0.616226 -0.193962 76 0 153
-0.135252 0.526307 0.573205 127 0 127
-0.097986 0.538694 -0.524257 153 0 76
-0.004106 0.384263 0.060918 76 0 153
-0.324389 -0.186466 0.611702 127 0 127
0.549028 -0.587329 -0.213420 76 153 0
0.549028 -0.384080 0.496834 76 153 0
0.282876 -0.616226 -0.540070 76 0 153
-0.004106 -0.393997 -0.134754 76 0 153
0.047224 0.364726 -0.143565 76 0 153
-0.512326 -0.371018 -0.042930 153 0 76
-0.245977 -0.616226 -0.499887 76 0 153
-0.004106 -0.469388 0.411679 76 0 153
0.549028 0.116138 0.520834 76 153 0
0.126163 -0.454463 0.573205 127 0 127
0.600358 -0.003114 -0.192286 76 153 0
0.343616 -0.616226 -0.234393 76 0 153
-0.485884 -0.637229 -0.610588 76 0 153
-0.442127 0.538694 0.257551 153 0 76
-0.512326 0.454594 -0.450710 153 0 76
0.434050 0.246540 0.611702 127 0 127
0.324534 -0.616226 -0.519620 76 0 153
-0.512326 -0.564020 0.201118 153 0 76
0.047224 -0.420228 -0.326627 76 0 153
0.594953 0.538693 0.526449 76 153 0
-0.512326 -0.332288 0.004703 153 0 76
-0.410911 -0.009642 0.573205 127 0 127
0.525189 0.538694 0.175787 153 0 76
0.047224 -0.087095 0.386625 76 0 153
-0.138213 0.044793 -0.559258 153 76 0
0.479894 -0.314711 0.573205 127 0 127
-0.450045 0.538694 -0.265466 153 0 76
-0.512326 0.350662 -0.098461 153 0 76
0.168958 0.390690 0.573205 127 0 127
-0.101713 -0.654723 -0.179155 76 0 153
0.549028 -0.326534 -0.261699 76 153 0
0.187508 -0.171272 0.611702 127 0 127
0.562134 -0.507080 -0.610588 76 153 0
0.519228 0.181775 -0.572091 153 76 0
0.047224 0.029449 -0.005292 76 0 153
0.399929 -0.615525 -0.610588 0 0 255
0.549028 0.191551 0.143156 76 153 0
0.600358 0.246293 -0.603739 76 153 0
-0.557239 0.151759 0.587071 127 0 127
-0.065541 0.577191 -0.274416 153 0 76
-0.234092 -0.654723 0.008414 76 0 153
-0.126402 0.203720 0.611702 127 0 127
0.047224 -0.055729 0.445995 76 0 153
-0.563656 -0.155956 -0.024180 153 0 76
0.077232 0.577191 -0.493256 153 0 76
-0.385984 0.423421 -0.610588 204 51 127
0.047224 -0.253931 0.005480 76 0 153
0.572146 -0.217357 0.573205 127 0 127
0.208600 -0.520132 0.611702 127 0 127
-0.188867 -0.616226 0.048974 76 0 153
0.047224 0.422768 -0.218719 76 0 153
0.324314 0.343663 -0.572091 153 76 0
-0.563656 0.349893 0.327506 153 0 76
0.600358 0.018890 0.082725 76 153 0
-0.401476 0.007918 0.611702 127 0 127
0.204658 0.538694 -0.385001 153 0 76
0.600358 -0.217169 0.109949 76 153 0
-0.563656 -0.220179 -0.399643 153 0 76
-0.004106 -0.012111 -0.357758 76 0 153
-0.200209 0.551828 0.573205 127 0 127
-0.274953 -0.257038 -0.572091 204 51 127
0.047224 0.261348 -0.036014 76 0 153
-0.109426 -0.654723 0.118508 76 0 153
0.404035 -0.522521 0.611702 127 0 127
0.363046 0.577191 0.270243 153 0 76
-0.563656 -0.115927 -0.096421 153 0 76
0.380769 0.577191 -0.562314 153 0 76
-0.015447 -0.369188 0.573205 127 0 127
0.405102 0.577191 0.502573 153 0 76
-0.247401 0.538694 0.101903 153 0 76
-0.512326 0.455791 0.244604 153 0 76
-0.557239 0.385120 0.600393 127 0 127
-0.395547 0.538694 -0.104277 153 0 76
0.029943 0.577191 -0.026059 153 0 76
0.350540 -0.654723 0.359701 76 0 153
-0.563656 0.008991 0.379093 153 0 76
-0.359878 -0.616226 -0.475846 76 0 153
0.017162 0.538693 0.414396 76 0 153
-0.246352 0.050676 -0.572091 153 76 0
0.501514 0.173102 -0.610588 0 0 255
-0.026898 0.216916 0.573205 127 0 127
-0.563656 -0.613876 -0.251358 153 0 76
-0.198009 -0.424432 0.611702 127 0 127
0.600358 -0.136623 0.092606 76 153 0
-0.004106 -0.558250 -0.171837 76 0 153
-0.131976 -0.616226 0.014452 76 0 153
-0.004106 0.056796 0.067118 76 0 153
0.020204 0.169373 -0.559258 76 0 153
-0.510984 0.453589 0.573205 127 0 127
-0.402187 -0.654723 -0.148934 76 0 153
0.504236 -0.607814 -0.572091 153 76 0
-0.034056 0.538694 -0.052808 153 0 76
-0.512326 -0.213936 -0.221287 153 0 76
-0.004106 -0.099206 0.510477 76 0 153
-0.435150 -0.616226 -0.516732 76 0 153
-0.425795 0.510012 -0.559258 153 76 0
-0.563656 -0.622394 -0.380974 76 0 153
0.012797 -0.127320 -0.559258 153 76 0
-0.240206 0.577191 -0.076450 153 0 76
-0.065278 -0.616226 -0.190608 76 0 153
0.321357 0.577191 0.158040 153 0 76
0.047224 -0.547518 0.351443 76 0 153
-0.004106 0.453680 -0.384292 76 0 153
0.591950 -0.616226 0.273639 76 153 0
-0.535991 0.409910 0.569996 153 0 76
0.549028 -0.434542 0.235059 76 153 0
0.177115 0.224087 0.573205 127 0 127
0.034576 -0.654723 -0.412133 76 0 153
0.549028 0.063149 -0.039817 76 153 0
0.556495 -0.616226 -0.051768 76 0 153
-0.128980 -0.654723 -0.098089 76 0 153
-0.397442 0.538694 -0.231234 153 0 76
-0.172626 -0.651515 0.592456 127 0 127
-0.147903 -0.616226 0.448039 76 0 153
-0.563656 0.070943 -0.081795 153 0 76
0.281843 -0.290280 0.611702 127 0 127
-0.004106 0.436374 0.075684 76 0 153
-0.512326 0.467836 -0.319521 153 0 76
-0.004106 0.040258 -0.277587 76 0 153
-0.310634 0.323852 0.611702 127 0 127
-0.430252 -0.241088 0.611702 127 0 127
0.013835 0.577191 0.100867 153 0 76
-0.563656 -0.440606 -0.049050 153 0 76
0.447360 0.404172 -0.572091 0 0 255
0.549028 0.307095 -0.014234 76 153 0
-0.207996 -0.196835 0.611702 127 0 127
0.353894 0.314193 0.611702 127 0 127
-0.444911 -0.616226 0.404953 76 0 153
0.180968 -0.117472 -0.572091 153 76 0
-0.563656 -0.496569 -0.119617 153 0 76
-0.173350 -0.139333 0.573205 127 0 127
-0.563656 0.298888 0.123914 153 0 76
-0.378118 -0.616226 0.277763 76 0 153
-0.563656 -0.619209 0.154293 76 0 153
-0.308957 -0.078219 -0.572091 153 76 0
-0.563656 0.058247 -0.041426 153 0 76
0.600358 0.205385 -0.398548 76 153 0
-0.080070 -0.085728 -0.559258 153 76 0
-0.273067 -0.654723 -0.524143 76 0 153
-0.563656 -0.030274 0.115949 153 0 76
-0.213827 -0.383332 -0.559258 153 76 0
0.549028 0.240446 0.115912 76 153 0
0.321447 0.156876 0.573205 127 0 127
0.205996 0.577191 -0.266493 153 0 76
0.244557 -0.654723 0.261689 76 0 153
-0.387840 -0.104418 0.611702 127 0 127
0.549028 0.292818 -0.125950 76 153 0
-0.070342 -0.322351 0.573205 127 0 127
-0.512326 -0.126482 -0.041785 153 0 76
0.600358 -0.308386 -0.515143 76 153 0
0.030946 -0.654723 -0.581176 76 0 153
0.594629 -0.256198 -0.610588 76 153 0
-0.004106 -0.511833 0.433118 76 0 153
0.375987 -0.616226 -0.304651 76 0 153
0.047224 -0.287899 0.379351 76 0 153
0.322820 0.577191 -0.515217 153 0 76
-0.563656 0.472818 -0.320541 153 0 76
0.377524 0.005522 -0.572091 153 76 0
-0.541181 0.332179 -0.610588 153 0 76
-0.201647 -0.654723 0.403604 76 0 153
0.537414 -0.505140 -0.559258 153 76 0
-0.452173 0.478442 -0.559258 153 76 0
0.600358 0.289807 0.202718 76 153 0
-0.332217 0.223613 0.573205 127 0 127
-0.474122 -0.101112 -0.572091 153 76 0
-0.019659 0.577191 0.329198 153 0 76
-0.414230 -0.654723 -0.070404 76 0 153
-0.004106 0.109060 -0.409019 76 0 153
-0.091373 -0.654723 0.470197 76 0 153
-0.563656 0.396097 -0.045690 153 0 76
0.029290 0.538694 0.526609 153 0 76
-0.135548 -0.477527 0.573205 127 0 127
0.460021 0.538694 0.052149 153 0 76
0.122767 0.577191 0.087629 153 0 76
-0.158033 -0.584455 0.611702 127 0 127
0.147001 0.577191 0.384479 153 0 76
-0.543782 0.577191 0.061555 153 0 76
0.549028 0.489890 -0.375092 76 153 0
-0.563656 -0.291570 0.402208 153 0 76
0.047224 -0.138805 -0.126165 76 0 153
0.392376 0.138196 0.611702 127 0 127
0.600358 0.426585 -0.503632 76 153 0
0.600358 -0.583103 0.245752 76 153 0
0.159170 -0.568889 0.611702 127 0 127
0.034356 0.161267 0.557164 76 0 153
-0.557239 0.011293 0.604693 127 0 127
0.083111 0.538694 -0.520315 153 0 76
0.600358 -0.029846 0.007009 76 153 0
-0.004106 0.403791 0.250712 76 0 153
0.078234 0.242273 -0.559258 153 76 0
-0.563656 -0.471527 -0.602919 153 0 76
0.014297 -0.602701 -0.559258 153 76 0
-0.489909 -0.617973 0.573205 127 0 127
-0.394765 0.548782 -0.610588 153 0 76
0.252247 0.577191 -0.382284 153 0 76
0.047224 0.443754 -0.396335 76 0 153
0.223112 -0.654723 0.303922 76 0 153
0.313394 -0.654723 -0.113319 76 0 153
-0.291405 -0.654723 0.443338 76 0 153
0.600358 0.177678 -0.105071 76 153 0
0.143139 -0.243648 0.611702 127 0 127
-0.133151 0.577191 0.029544 153 0 76
0.596313 -0.003123 0.611702 127 0 127
-0.563656 0.379982 -0.546985 153 0 76
0.091949 0.538694 -0.321869 153 0 76
-0.043475 -0.026670 -0.559258 153 76 0
0.584990 -0.616226 -0.474532 76 153 0
-0.074953 0.577191 0.055908 153 0 76
-0.563656 -0.351843 -0.268222 153 0 76
-0.131164 0.577191 0.374067 153 0 76
-0.004106 -0.030173 -0.147138 76 0 153
0.047224 -0.194488 -0.141591 76 0 153
-0.140510 -0.518358 -0.572091 153 76 0
-0.492474 -0.246108 -0.610588 204 51 127
0.600358 -0.540099 0.324634 76 153 0
0.343204 -0.654723 -0.060288 76 0 153
-0.283854 0.123467 0.611702 127 0 127
-0.157183 -0.033512 -0.559258 153 76 0
0.567751 0.327020 0.569996 76 153 0
-0.429031 0.068728 0.573205 127 0 127
-0.296514 -0.438473 -0.572091 153 76 0
-0.064529 -0.437193 -0.572091 153 76 0
-0.356927 -0.654723 0.312057 76 0 153
0.549028 -0.438941 -0.216845 76 153 0
0.549028 0.396901 -0.350524 76 153 0
0.095762 -0.365325 -0.559258 153 76 0
-0.273611 0.538694 -0.517998 153 0 76
0.047224 0.525563 -0.093590 76 0 153
-0.310917 0.564087 0.611702 127 0 127
0.549028 -0.534703 0.417230 76 153 0
0.208747 0.577191 0.359523 153 0 76
-0.004106 -0.447930 0.103175 76 0 153
0.600358 0.297322 -0.209423 76 153 0
0.106965 0.538694 -0.102462 153 0 76
-0.235060 0.577191 -0.423176 153 0 76
0.227584 0.577191 0.511316 153 0 76
-0.367446 0.577191 0.026542 153 0 76
-0.092324 -0.472027 0.573205 127 0 127
0.549028 -0.113971 -0.570241 76 153 0
0.065646 -0.654723 0.461749 76 0 153
0.507967 -0.137343 0.611702 127 0 127
0.435208 -0.480667 0.573205 127 0 127
0.386803 0.232335 0.573205 127 0 127
0.153727 -0.295330 -0.559258 153 76 0
-0.475678 0.577191 0.197931 153 0 76
0.600358 0.537154 -0.009011 76 153 0
0.289756 -0.567664 -0.572091 153 76 0
0.264814 0.577191 0.190564 153 0 76
0.280334 0.577191 0.094983 153 0 76
-0.004106 0.335694 0.004783 76 0 153
0.329294 0.521068 0.573205 127 0 127
0.091096 0.538694 -0.192318 153 0 76
0.047224 -0.519534 0.498681 76 0 153
0.028374 0.538693 0.348564 76 0 153
0.424083 -0.616226 -0.192646 76 0 153
0.047224 0.113734 0.093722 76 0 153
-0.523137 -0.414882 -0.610588 153 0 76
0.600358 -0.535140 0.137727 76 153 0
0.047224 -0.289133 -0.256073 76 0 153
0.510162 -0.308612 -0.610588 0 0 255
0.334994 -0.533298 -0.572091 0 0 255
0.047224 -0.580079 -0.113378 76 0 153
-0.512802 0.538693 -0.108116 153 0 76
0.348426 0.213749 -0.610588 0 0 255
0.547101 0.538694 -0.051198 153 0 76
0.052344 -0.399374 0.573205 127 0 127
0.600358 -0.643669 -0.235731 76 0 153
0.223092 0.316099 0.611702 127 0 127
0.030396 0.500916 -0.559258 153 76 0
-0.512326 0.160265 0.163201 153 0 76
0.600358 0.496605 -0.308071 76 153 0
0.184314 0.270685 -0.572091 153 76 0
-0.271072 -0.603142 0.611702 127 0 127
-0.041468 0.538694 0.532733 153 0 76
-0.094178 0.008283 0.611702 127 0 127
-0.028794 -0.580148 0.573205 127 0 127
-0.004106 0.041497 -0.217178 76 0 153
-0.195720 -0.616226 -0.318286 76 0 153
-0.010640 0.538694 -0.264871 153 0 76
0.047224 0.243163 0.524960 76 0 153
-0.563656 -0.420689 -0.377768 153 0 76
-0.487005 -0.616226 0.358967 76 0 153
-0.512326 -0.117708 0.534540 153 0 76
-0.563656 0.491957 0.477559 153 0 76
0.549028 0.125971 0.440446 76 153 0
-0.563656 -0.295114 0.271390 153 0 76
0.570141 -0.616226 0.442181 76 153 0
-0.563656 -0.263894 -0.234713 153 0 76
0.347139 0.132201 -0.572091 153 76 0
-0.563656 -0.295915 -0.097166 153 0 76
-0.004106 -0.428520 -0.277607 76 0 153
-0.321833 0.538694 0.551709 153 0 76
0.461147 -0.651515 0.604085 127 0 127
0.288690 -0.616226 0.037401 76 0 153
-0.003953 -0.616226 -0.181744 76 0 153
0.047224 0.022816 0.450754 76 0 153
0.062540 -0.530679 0.611702 127 0 127
-0.439316 0.577191 0.549543 153 0 76
-0.512326 -0.560362 0.515913 153 0 76
-0.053532 -0.654723 -0.233486 76 0 153
0.047224 -0.219297 0.464328 76 0 153
-0.227939 0.369414 -0.572091 153 76 0
0.056733 0.542123 0.611702 127 0 127
-0.512326 0.017722 -0.584717 204 51 127
0.215787 -0.138133 0.573205 127 0 127
-0.070483 0.573983 0.589860 127 0 127
0.323150 -0.654723 0.127208 76 0 153
-0.061485 -0.616226 0.145675 76 0 153
-0.480958 0.577191 0.286967 153 0 76
-0.312541 0.236353 -0.572091 204 51 127
-0.512326 0.458523 0.019796 153 0 76
-0.282020 0.577191 -0.305523 153 0 76
-0.407819 -0.326088 0.573205 127 0 127
-0.563656 -0.223649 0.254600 153 0 76
0.549028 -0.177154 0.476736 76 153 0
0.549028 0.072385 0.388132 76 153 0
0.549028 0.317528 -0.488835 76 153 0
0.335369 -0.246051 0.573205 127 0 127
-0.384643 -0.256539 -0.610588 204 51 127
0.549028 0.530379 0.331605 76 153 0
0.062817 -0.195864 0.611702 127 0 127
-0.530842 -0.654723 -0.305942 76 0 153
-0.563656 0.327140 -0.163615 153 0 76
-0.563656 -0.494790 0.446705 153 0 76
-0.189028 0.538694 -0.154412 153 0 76
-0.241112 0.538694 -0.276775 153 0 76
0.339560 0.538694 -0.246204 153 0 76
-0.563656 -0.498849 0.520526 153 0 76
-0.202520 0.545865 0.611702 127 0 127
0.600358 0.459418 0.251788 76 153 0
-0.270985 0.488859 0.611702 127 0 127
-0.475154 -0.583576 -0.610588 204 51 127
0.047224 0.236372 0.402311 76 0 153
-0.004106 -0.187678 0.296010 76 0 153
-0.261978 0.577191 0.466304 153 0 76
0.047224 -0.256455 -0.400959 76 0 153
0.429126 -0.616226 -0.545162 76 0 153
-0.512326 -0.148783 0.546037 153 0 76
0.392488 0.326875 -0.572091 153 76 0
0.349655 -0.616226 0.118918 76 0 153
-0.254800 0.538694 0.273644 153 0 76
-0.563656 -0.410160 0.484891 153 0 76
0.576133 0.058689 -0.610588 76 153 0
-0.053070 0.498877 0.611702 127 0 127
0.600358 0.341326 -0.470848 76 153 0
-0.327993 0.538694 0.002469 153 0 76
-0.563656 -0.519314 -0.502202 153 0 76
0.010978 -0.032254 0.557164 76 0 153
0.182989 0.538694 -0.335092 153 0 76
-0.563656 -0.456368 -0.393038 153 0 76
0.199037 -0.654723 0.076724 76 0 153
0.159955 -0.448394 -0.559258 153 76 0
0.047224 -0.475509 -0.340696 76 0 153
-0.110349 -0.363405 0.611702 127 0 127
-0.474120 -0.207202 0.611702 127 0 127
0.217812 0.431318 0.573205 127 0 127
-0.309874 -0.158199 0.611702 127 0 127
-0.040479 -0.513902 0.573205 127 0 127
-0.512326 0.384310 -0.074098 153 0 76
-0.527455 0.445097 0.611702 127 0 127
-0.020166 0.538694 0.503873 153 0 76
-0.476354 -0.577267 0.611702 127 0 127
0.444336 0.577191 -0.020706 153 0 76
-0.563656 -0.392628 0.567877 153 0 76
-0.011437 -0.642962 0.569996 76 0 153
-0.004106 -0.173542 -0.235479 76 0 153
0.222742 -0.616226 0.079464 76 0 153
0.457907 0.214394 -0.610588 0 0 255
0.241400 0.538694 0.449542 153 0 76
-0.278121 0.577191 -0.422332 153 0 76
-0.512326 0.219166 -0.301594 153 0 76
-0.512326 -0.091676 0.423453 153 0 76
-0.563656 -0.375451 0.256293 153 0 76
-0.563656 -0.637591 -0.178801 76 0 153
0.134745 0.560246 0.569996 153 0 76
-0.512326 -0.549619 0.307591 153 0 76
0.047224 -0.024585 -0.435448 76 0 153
0.206099 0.577191 -0.078881 153 0 76
0.047224 0.360477 -0.403315 76 0 153
0.434491 0.577191 0.512976 153 0 76
-0.004106 -0.309997 -0.477995 76 0 153
0.549028 -0.372034 0.067573 76 153 0
-0.563656 -0.190994 0.246306 153 0 76
-0.554488 0.525071 0.573205 127 0 127
-0.004106 -0.184777 0.029753 76 0 153
-0.004106 -0.368993 -0.367118 76 0 153
0.116155 -0.654723 -0.435657 76 0 153
-0.512326 -0.110412 -0.479626 153 0 76
0.600358 -0.585892 0.015661 76 153 0
-0.004106 -0.526813 0.387202 76 0 153
-0.563656 -0.630448 -0.299612 76 0 153
0.047224 -0.105384 0.273878 76 0 153
0.020608 0.538693 0.289805 76 0 153
0.600358 -0.340674 -0.518569 76 153 0
-0.492314 0.554827 0.573205 127 0 127
0.426500 0.577191 0.268966 153 0 76
-0.364772 0.372199 0.573205 127 0 127
-0.176591 0.036895 0.573205 127 0 127
0.233652 -0.654723 -0.465646 76 0 153
-0.315808 -0.654723 0.081482 76 0 153
-0.507080 0.474953 -0.610588 204 51 127
0.113316 -0.616226 -0.306981 76 0 153
-0.004106 0.035537 0.441668 76 0 153
0.205729 0.210958 -0.572091 153 76 0
0.367931 0.538694 -0.282732 153 0 76
0.216879 -0.654723 -0.330322 76 0 153
0.549028 -0.442821 0.522977 76 153 0
-0.512326 0.103479 -0.569477 153 76 0
0.293019 -0.606190 0.611702 127 0 127
-0.230524 0.577191 -0.370478 153 0 76
-0.260388 0.577191 0.519603 153 0 76
-0.512326 -0.108737 0.220774 153 0 76
0.032610 -0.654723 0.201688 76 0 153
0.047224 0.119340 -0.391068 76 0 153
0.447955 0.538694 0.505619 153 0 76
-0.193257 0.465153 -0.572091 153 76 0
-0.104377 0.327359 0.573205 127 0 127
-0.563656 0.466738 0.346226 153 0 76
0.591353 -0.616226 -0.177307 76 153 0
-0.512326 0.223664 0.048971 153 0 76
0.149141 -0.036150 -0.559258 153 76 0
0.600358 -0.620899 0.212541 76 0 153
0.089018 -0.616226 0.277496 76 0 153
0.600358 0.144047 0.253574 76 153 0
0.600358 -0.159659 0.211347 76 153 0
-0.453228 -0.340209 0.611702 127 0 127
-0.512326 -0.244398 0.543587 153 0 76
-0.011186 0.418637 -0.572091 153 76 0
-0.277889 -0.616226 0.030745 76 0 153
-0.105660 -0.208048 0.573205 127 0 127
0.522418 -0.616226 0.515655 76 0 153
-0.512326 0.375159 0.029231 153 0 76
0.047224 -0.313856 -0.056136 76 0 153
-0.188194 0.461818 0.668316 0 127 127
0.458536 -0.418901 0.611702 127 0 127
-0.229445 -0.399514 0.611702 127 0 127
0.600358 -0.482314 -0.517522 76 153 0
-0.315506 0.481308 0.573205 127 0 127
0.518676 -0.616226 0.057267 76 0 153
0.597504 -0.198400 -0.610588 76 153 0
-0.284926 0.577191 -0.548681 153 0 76
-0.102611 0.044570 -0.559258 153 76 0
0.549028 0.049177 -0.585934 76 153 0
-0.172095 -0.654723 -0.407151 76 0 153
-0.365660 -0.654723 0.389368 76 0 153
0.107502 0.070283 -0.559258 153 76 0
-0.363702 0.348342 -0.572091 153 76 0
0.047224 -0.322130 -0.346649 76 0 153
-0.512326 0.204295 0.422947 153 0 76
-0.563656 -0.331169 -0.170665 153 0 76
0.600358 -0.512194 -0.579983 76 153 0
-0.512326 0.039314 -0.354595 153 0 76
-0.004106 0.125021 -0.315244 76 0 153
0.600358 0.470786 0.447200 76 153 0
0.549028 -0.076562 0.412291 76 153 0
0.533237 -0.616226 -0.579638 0 0 255
0.047224 0.514968 -0.277233 76 0 153
-0.296490 0.577191 -0.173408 153 0 76
-0.512326 0.503248 -0.165828 153 0 76
0.131203 -0.523468 -0.559258 153 76 0
0.600358 0.276766 -0.435644 76 153 0
0.026151 0.401118 0.557164 76 0 153
-0.563656 -0.629368 -0.059057 76 0 153
0.549028 0.033384 0.036291 76 153 0
-0.563656 0.043560 -0.166608 153 0 76
0.549028 0.276750 -0.553143 76 153 0
0.047224 -0.398768 0.006360 76 0 153
-0.299936 0.538694 -0.573255 153 0 76
-0.512326 0.000778 0.368305 153 0 76
-0.495120 0.120588 0.573205 127 0 127
0.549028 0.450387 0.187639 76 153 0
-0.359025 -0.654723 -0.497614 76 0 153
-0.416914 0.240298 -0.559258 153 76 0
0.600358 0.396428 0.509894 76 153 0
-0.512326 -0.460922 -0.511461 153 0 76
-0.545899 0.203912 0.569996 153 0 76
-0.521202 0.015305 0.573205 127 0 127
-0.239786 0.577191 0.024462 153 0 76
0.287987 -0.113758 0.611702 127 0 127
-0.481571 0.393460 0.573205 127 0 127
0.326156 -0.480361 -0.610588 0 0 255
-0.004106 -0.001270 0.326483 76 0 153
-0.482946 0.538694 0.278564 153 0 76
-0.385207 0.538694 -0.462582 153 0 76
0.600358 -0.015330 -0.483290 76 153 0
-0.074819 -0.527703 0.573205 127 0 127
-0.512326 0.179616 0.232572 153 0 76
-0.435046 -0.654723 0.333705 76 0 153
0.029000 -0.616226 -0.045581 76 0 153
0.296316 -0.616226 0.511099 76 0 153
-0.298229 0.334899 -0.572091 153 76 0
-0.563656 -0.506998 0.095417 153 0 76
-0.004106 -0.359602 0.435723 76 0 153
0.184293 -0.616226 -0.359615 76 0 153
0.549028 -0.282762 0.125424 76 153 0
0.047224 -0.177481 -0.261847 76 0 153
0.600358 -0.518121 0.459167 76 153 0
0.483031 -0.188780 0.611702 127 0 127
-0.219920 -0.230760 -0.572091 153 76 0
-0.223261 -0.547240 -0.572091 153 76 0
0.600358 -0.211177 -0.039631 76 153 0
0.047224 -0.466548 -0.079768 76 0 153
0.600358 -0.021344 -0.449626 76 153 0
0.554424 0.392212 0.573205 127 0 127
-0.285447 -0.102282 0.573205 127 0 127
0.235363 -0.505892 -0.559258 153 76 0
-0.318515 -0.616226 -0.369160 76 0 153
-0.563656 0.309613 -0.401651 153 0 76
0.047224 0.155999 -0.519004 76 0 153
0.047224 -0.093653 0.106808 76 0 153
0.549028 -0.262405 -0.572508 76 153 0
-0.512326 -0.390909 -0.119065 153 0 76
-0.563656 -0.193121 0.187423 153 0 76
0.600358 -0.509774 -0.259111 76 153 0
-0.563656 -0.538885 0.086909 153 0 76
0.047224 0.228208 0.343881 76 0 153
0.436325 -0.616226 -0.488310 76 0 153
0.573980 0.538694 0.421807 153 0 76
0.515864 0.237408 -0.559258 153 76 0
-0.155121 0.538694 0.377645 153 0 76
-0.541709 0.011892 -0.610588 153 0 76
-0.004106 -0.571529 0.185040 76 0 153
0.528968 0.577191 -0.302568 153 0 76
-0.272027 -0.263784 -0.610588 204 51 127
0.600358 -0.266855 -0.079617 76 153 0
0.327138 -0.322691 0.611702 127 0 127
-0.180752 0.577191 -0.028417 153 0 76
-0.156713 -0.365040 -0.572091 153 76 0
0.019463 -0.654723 0.365893 76 0 153
0.219725 0.577191 -0.426136 153 0 76
-0.512326 0.138727 -0.610341 204 51 127
0.600358 0.289566 -0.058629 76 153 0
-0.110754 -0.654723 -0.442962 76 0 153
0.448492 -0.616226 -0.588592 0 0 255
0.181208 -0.486020 -0.559258 153 76 0
-0.512326 0.001933 0.088546 153 0 76
-0.004106 0.369864 0.115440 76 0 153
0.047224 -0.440341 0.409974 76 0 153
0.600358 0.122634 -0.002091 76 153 0
0.535458 0.127515 0.573205 127 0 127
0.055285 -0.616226 0.323776 76 0 153
0.146046 0.538694 -0.270536 153 0 76
0.388891 -0.616226 -0.552937 76 0 153
0.549028 0.117413 -0.379310 76 153 0
-0.563656 0.356532 -0.481917 153 0 76
0.327320 -0.638503 -0.610588 76 0 153
0.406961 -0.654723 0.255818 76 0 153
-0.563656 -0.090636 -0.275121 153 0 76
-0.339247 -0.213112 -0.610588 204 51 127
0.549028 0.404531 0.169556 76 153 0
0.549028 0.396781 -0.233812 76 153 0
-0.512326 0.159388 -0.291328 153 0 76
0.549028 0.101213 -0.570823 153 76 0
0.549028 -0.561912 0.184342 76 153 0
-0.025867 0.538694 0.103984 153 0 76
-0.563656 0.262707 0.177742 153 0 76
0.600358 0.289550 0.142032 76 153 0
-0.004106 0.259675 -0.340495 76 0 153
0.383402 0.569234 -0.610588 153 0 76
0.549028 0.157931 0.266788 76 153 0
0.096142 -0.654723 0.029885 76 0 153
-0.443928 0.188581 -0.572091 153 76 0
0.451683 0.577191 0.081406 153 0 76
0.549028 0.467862 -0.607349 0 0 255
-0.563656 -0.005257 0.465714 153 0 76
0.600358 -0.412300 -0.174704 76 153 0
-0.356984 0.165144 0.573205 127 0 127
-0.159715 0.538694 -0.280006 153 0 76
-0.047395 0.577191 -0.354184 153 0 76
-0.511825 0.538694 0.149766 153 0 76
-0.194397 -0.616226 -0.051789 76 0 153
-0.139440 0.546795 0.611702 127 0 127
0.047224 0.187714 -0.187043 76 0 153
0.125862 -0.648194 0.611702 127 0 127
-0.147893 0.391232 -0.559258 153 76 0
0.173952 0.538694 -0.152672 153 0 76
0.549028 0.333320 0.022377 76 153 0
-0.563656 0.018962 -0.257053 153 0 76
-0.463414 0.297917 -0.610588 204 51 127
-0.289185 0.538694 0.234652 153 0 76
-0.327670 -0.616226 -0.578986 204 51 127
-0.287795 0.437644 -0.572091 153 76 0
-0.563656 0.160647 0.268227 153 0 76
0.499944 -0.126748 -0.559258 153 76 0
-0.563656 0.524540 -0.361381 153 0 76
0.600358 0.188897 0.445683 76 153 0
0.600358 0.189620 -0.148327 76 153 0
-0.245958 -0.068344 0.611702 127 0 127
0.549028 -0.316801 0.086451 76 153 0
0.549028 -0.546780 -0.129204 76 153 0
0.297667 0.536969 -0.610588 0 0 255
0.549028 0.421114 -0.183954 76 153 0
-0.563656 0.170581 -0.056411 153 0 76
0.549028 0.214536 -0.025894 76 153 0
0.520732 -0.616226 -0.061940 76 0 153
-0.387612 0.127467 0.573205 127 0 127
0.426925 0.577191 -0.564676 153 0 76
0.214413 -0.616226 -0.154682 76 0 153
-0.522998 0.538694 -0.313601 153 0 76
0.600358 0.218697 -0.011159 76 153 0
-0.294176 0.062188 0.611702 127 0 127
-0.365386 0.538694 0.144008 153 0 76
-0.199002 0.519843 -0.572091 153 76 0
0.549028 0.277474 0.001675 76 153 0
-0.255677 0.245398 -0.583792 204 51 127
-0.563656 0.335935 -0.513990 153 0 76
0.074519 -0.505528 -0.572091 153 76 0
-0.261484 -0.384356 -0.610588 204 51 127
0.513464 -0.654723 -0.318644 76 0 153
-0.010086 -0.616226 0.345378 76 0 153
0.015679 0.577191 -0.575915 153 0 76
-0.052477 0.577191 0.565364 153 0 76
-0.553168 0.577191 -0.290465 153 0 76
-0.563656 0.298921 -0.513957 153 0 76
-0.495084 0.577191 0.396361 153 0 76
-0.512326 -0.259402 -0.277193 153 0 76
0.026618 0.577191 0.250795 153 0 76
0.454980 0.272897 -0.572091 0 0 255
0.600358 0.141365 0.177857 76 153 0
-0.004106 0.489016 -0.529698 76 0 153
-0.207105 0.459517 0.573205 127 0 127
-0.512326 -0.453263 -0.564212 153 0 76
-0.004106 -0.614236 0.183758 76 0 153
-0.004106 0.263255 -0.103319 76 0 153
-0.563656 0.298457 -0.048594 153 0 76
0.600358 -0.286520 -0.581005 76 153 0
0.600358 0.349866 -0.405740 76 153 0
0.457603 0.577191 0.162128 153 0 76
-0.512326 -0.162191 -0.342645 153 0 76
0.360820 -0.616226 -0.410971 76 0 153
0.600358 0.532754 0.032628 76 153 0
0.047224 -0.054126 0.185863 76 0 153
0.549028 0.238092 0.376512 76 153 0
0.549028 -0.384066 0.150641 76 153 0
-0.004106 0.223503 -0.353258 76 0 153
0.585007 -0.046111 0.573205 127 0 127
-0.488363 0.577191 0.441641 153 0 76
-0.041431 0.538694 -0.000546 153 0 76
0.546611 0.577191 -0.386726 153 0 76
0.292086 0.141871 0.573205 127 0 127
-0.001938 -0.654723 0.132737 76 0 153
0.600358 -0.629307 -0.591384 76 0 153
0.600358 0.126198 -0.393323 76 153 0
-0.070515 0.577191 -0.378645 153 0 76
-0.280894 -0.654723 0.238390 76 0 153
0.132962 0.331010 -0.559258 153 76 0
-0.184173 0.577191 -0.064483 153 0 76
-0.004106 -0.378821 -0.455782 76 0 153
0.513803 0.390730 -0.572091 0 0 255
0.241585 0.287084 0.573205 127 0 127
0.549028 -0.295279 -0.425365 76 153 0
-0.001090 -0.110565 0.573205 127 0 127
-0.475426 -0.616226 0.051616 76 0 153
0.311616 0.088236 -0.572091 153 76 0
0.415372 0.577191 0.196075 153 0 76
0.549028 0.199375 0.047350 76 153 0
0.585351 0.451821 -0.610588 76 153 0
0.047224 -0.403831 -0.189121 76 0 153
0.318473 -0.654723 -0.179695 76 0 153
0.549028 0.161748 -0.401230 76 153 0
0.240418 0.077951 0.611702 127 0 127
0.549028 -0.015582 0.495679 76 153 0
0.514114 0.488874 -0.610588 0 0 255
0.569112 -0.654723 0.222333 76 0 153
-0.512326 -0.444126 0.474351 153 0 76
0.352179 0.160792 0.573205 127 0 127
0.549028 -0.261274 -0.411998 76 153 0
0.600358 -0.091461 0.165908 76 153 0
-0.006293 -0.010949 -0.572091 153 76 0
0.600358 -0.295573 0.458021 76 153 0
-0.512326 -0.107978 0.305072 153 0 76
-0.315095 -0.001153 0.611702 127 0 127
-0.234332 -0.330888 -0.559258 153 76 0
0.051052 -0.388218 0.611702 127 0 127
0.047224 -0.597144 -0.178462 76 0 153
0.600358 0.026864 0.424331 76 153 0
-0.512326 -0.346279 0.122490 153 0 76
0.517767 -0.616226 -0.128650 76 0 153
0.320365 0.515917 -0.610588 0 0 255
0.277904 0.538694 -0.206901 153 0 76
-0.288052 -0.004451 0.573205 127 0 127
-0.524753 0.049912 0.573205 127 0 127
0.070535 0.133926 -0.572091 153 76 0
-0.004106 0.344163 -0.356170 76 0 153
-0.512326 -0.017683 0.137271 153 0 76
0.540198 -0.008786 -0.572091 153 76 0
0.007787 -0.649020 0.611702 127 0 127
-0.200882 0.538694 0.301164 153 0 76
0.213701 0.577191 0.094429 153 0 76
0.275042 0.538694 -0.344736 153 0 76
0.549028 0.138899 0.542080 76 153 0
-0.563656 0.004243 0.041272 153 0 76
0.047224 0.452168 0.255161 76 0 153
-0.094773 -0.616226 0.098072 76 0 153
0.047224 0.246343 0.055142 76 0 153
-0.213737 0.577191 0.510830 153 0 76
-0.479096 0.246444 -0.572091 153 76 0
0.167435 -0.654723 0.278275 76 0 153
-0.563656 0.384391 0.416704 153 0 76
-0.344854 0.090225 -0.572091 153 76 0
-0.512326 0.451451 0.350626 153 0 76
0.600358 -0.452922 0.330575 76 153 0
-0.563656 -0.399093 0.156932 153 0 76
-0.309536 -0.318683 -0.572091 153 76 0
-0.105401 0.440981 0.611702 127 0 127
0.522452 0.335622 -0.559258 153 76 0
-0.004106 -0.550846 0.274706 76 0 153
0.589666 -0.616226 0.046710 76 0 153
0.600358 0.306824 -0.487906 76 153 0
0.587202 -0.654723 0.045213 76 0 153
0.068265 -0.194744 -0.559258 153 76 0
-0.004106 -0.348428 -0.433732 76 0 153
0.423789 -0.616226 0.014708 76 0 153
-0.133966 -0.408050 0.573205 127 0 127
-0.073472 0.086776 0.611702 127 0 127
0.265249 0.577191 -0.315955 153 0 76
0.522554 -0.203847 -0.610588 0 0 255
-0.342331 0.188110 -0.610588 204 51 127
0.130672 0.538694 0.301687 153 0 76
0.600358 -0.635415 0.499896 76 0 153
-0.113636 0.538694 -0.495446 153 0 76
0.180906 -0.540372 -0.572091 153 76 0
0.600358 0.282327 0.289932 76 153 0
-0.563656 0.095669 -0.503028 153 0 76
-0.512326 -0.158627 -0.582714 204 51 127
-0.512326 -0.481417 0.121116 153 0 76
-0.220253 -0.589927 0.611702 127 0 127
-0.450090 0.564158 0.611702 127 0 127
-0.136812 -0.095072 0.611702 127 0 127
0.461593 -0.383223 0.611702 127 0 127
-0.563656 -0.266159 -0.343242 153 0 76
-0.330955 0.538694 0.404171 153 0 76
0.600358 -0.458514 0.498832 76 153 0
-0.563656 -0.001354 -0.528884 153 0 76
-0.213626 -0.616226 -0.229912 76 0 153
0.566941 -0.389315 0.611702 127 0 127
-0.563656 -0.005715 -0.020657 153 0 76
-0.004106 0.486103 0.344400 76 0 153
-0.563656 0.555229 0.412162 153 0 76
-0.563656 -0.165688 -0.269360 153 0 76
-0.563656 -0.553578 -0.073796 153 0 76
-0.512326 0.472686 -0.189858 153 0 76
0.549028 0.499336 -0.497123 76 153 0
-0.323485 -0.553405 -0.559258 153 76 0
0.071999 -0.616226 -0.247584 76 0 153
0.354648 0.460531 -0.559258 153 76 0
0.052443 0.577191 -0.163883 153 0 76
0.142557 -0.209171 0.573205 127 0 127
0.047224 -0.356380 0.355609 76 0 153
-0.512326 -0.590177 0.568494 153 0 76
-0.438880 -0.233847 -0.559258 153 76 0
0.047224 0.116743 0.158602 76 0 153
-0.512326 -0.332874 -0.360297 153 0 76
-0.118024 -0.616226 0.517799 76 0 153
-0.170269 -0.119468 0.611702 127 0 127
-0.074486 -0.654723 -0.014000 76 0 153
-0.147328 0.162881 -0.572091 153 76 0
-0.295991 -0.616226 0.290294 76 0 153
0.600358 -0.300173 -0.113649 76 153 0
0.549028 -0.196151 0.024306 76 153 0
0.139024 0.293901 0.611702 127 0 127
0.325060 -0.007434 -0.572091 153 76 0
0.340868 -0.489925 0.611702 127 0 127
0.351515 0.065296 0.573205 127 0 127
0.549028 -0.395568 -0.072435 76 153 0
0.346911 0.538694 0.410643 153 0 76
-0.364909 -0.062468 0.611702 127 0 127
0.060474 -0.029795 -0.559258 153 76 0
-0.255677 0.128726 -0.579622 204 51 127
0.047224 -0.486469 -0.371016 76 0 153
0.465423 -0.590706 -0.572091 153 76 0
-0.023813 0.538694 -0.171758 153 0 76
0.515806 -0.094633 -0.572091 0 0 255
-0.078355 -0.384379 0.611702 127 0 127
0.549028 0.302052 -0.076153 76 153 0
0.600358 -0.131694 0.140329 76 153 0
-0.149889 0.538694 -0.536990 153 0 76
-0.063962 -0.654723 -0.461000 76 0 153
-0.004106 0.206436 0.255921 76 0 153
-0.004106 -0.280463 -0.359650 76 0 153
-0.512326 0.509550 0.071807 153 0 76
-0.004106 -0.484716 0.270404 76 0 153
-0.106956 -0.616226 0.268406 76 0 153
0.020534 0.577191 0.030543 153 0 76
-0.493346 -0.616226 -0.533210 76 0 153
0.099951 0.568772 0.573205 127 0 127
-0.347712 -0.600067 0.611702 127 0 127
0.291311 0.154534 -0.572091 153 76 0
-0.379016 -0.654723 0.164131 76 0 153
-0.004106 0.135128 -0.531208 76 0 153
0.042007 -0.283030 -0.572091 153 76 0
0.429334 -0.654723 -0.531184 76 0 153
-0.226542 0.114412 -0.572091 153 76 0
-0.512326 -0.519772 -0.523228 153 0 76
0.209647 -0.334783 0.611702 127 0 127
0.506064 -0.520861 0.611702 127 0 127
-0.465383 -0.654723 0.295325 76 0 153
0.250128 0.552162 0.611702 127 0 127
0.515917 0.345820 0.573205 127 0 127
0.023612 -0.152865 0.557164 76 0 153
-0.563656 -0.185542 0.478748 153 0 76
0.549028 -0.484386 0.322382 76 153 0
0.136812 0.538694 -0.362517 153 0 76
-0.004106 -0.456554 0.257655 76 0 153
0.458537 0.233333 0.573205 127 0 127
-0.554084 0.083737 -0.610588 153 0 76
-0.018312 0.577191 0.480286 153 0 76
-0.297901 -0.128348 -0.559258 153 76 0
0.600358 0.344412 -0.084769 76 153 0
0.455765 -0.654723 -0.553912 76 0 153
-0.328382 -0.215609 0.573205 127 0 127
0.194988 0.577191 -0.466271 153 0 76
-0.338130 0.538694 -0.217423 153 0 76
-0.004106 -0.599091 -0.080048 76 0 153
0.549028 -0.202612 -0.135272 76 153 0
0.198744 -0.413732 -0.559258 153 76 0
-0.389480 0.538694 0.164671 153 0 76
0.600358 -0.360515 0.325358 76 153 0
0.047224 0.434217 -0.059318 76 0 153
-0.563656 -0.542926 -0.433316 153 0 76
-0.562066 -0.616226 0.002927 153 0 76
-0.422924 0.311239 0.611702 127 0 127
0.586270 -0.357955 0.573205 127 0 127
0.576303 0.083588 0.569996 76 153 0
0.600358 -0.623485 -0.430118 76 0 153
0.600358 0.026679 0.267644 76 153 0
-0.352385 0.538693 -0.586895 204 51 127
-0.512326 -0.072688 -0.298746 153 0 76
-0.004106 -0.413389 0.185851 76 0 153
0.047224 0.268988 0.349941 76 0 153
-0.103957 0.577191 -0.317183 153 0 76
-0.512326 0.260925 -0.570673 153 76 0
0.063932 -0.616226 0.054134 76 0 153
0.207387 0.538694 0.304690 153 0 76
-0.512326 0.159915 0.564858 153 0 76
0.438161 -0.616226 -0.439389 76 0 153
-0.563656 -0.085354 0.091368 153 0 76
-0.512326 -0.452456 0.540601 153 0 76
-0.283978 -0.588442 -0.559258 153 76 0
0.286580 0.577191 0.151465 153 0 76
-0.512326 -0.334869 -0.179122 153 0 76
-0.151338 -0.616226 -0.100908 76 0 153
0.320230 0.538694 0.108468 153 0 76
0.549028 0.451681 -0.571275 153 76 0
-0.096385 0.412403 -0.559258 153 76 0
0.549028 -0.589888 0.380656 76 153 0
-0.563656 0.367100 -0.012791 153 0 76
-0.125272 -0.365544 0.573205 127 0 127
-0.469698 0.538694 0.088929 153 0 76
0.017198 -0.339462 0.573205 127 0 127
-0.463131 -0.139254 -0.572091 204 51 127
-0.258264 -0.654723 -0.274686 76 0 153
-0.512326 0.034963 0.075908 153 0 76
0.047224 -0.342208 -0.178263 76 0 153
-0.563656 -0.317149 0.387321 153 0 76
0.192950 -0.112389 0.611702 127 0 127
-0.004106 -0.158151 0.200257 76 0 153
0.418901 0.577191 -0.409100 153 0 76
-0.160526 -0.064539 -0.559258 153 76 0
-0.256852 -0.560903 0.573205 127 0 127
0.396782 0.470345 0.573205 127 0 127
0.166920 -0.157361 -0.572091 153 76 0
0.430206 0.078277 0.611702 127 0 127
-0.210551 0.335075 0.573205 127 0 127
-0.411216 -0.295556 0.573205 127 0 127
-0.212836 0.577191 -0.589440 153 0 76
0.600358 -0.003828 -0.066878 76 153 0
-0.177425 0.398836 -0.559258 153 76 0
-0.101507 0.180842 0.611702 127 0 127
0.581420 -0.654723 -0.527649 76 0 153
-0.224444 -0.654723 -0.116738 76 0 153
0.422872 -0.009616 0.573205 127 0 127
-0.559042 0.440933 -0.610588 153 0 76
0.600358 -0.329825 -0.017117 76 153 0
-0.282239 0.477159 -0.559258 153 76 0
0.053213 -0.616226 -0.371105 76 0 153
-0.117092 -0.616226 0.164333 76 0 153
-0.512326 0.110442 0.383990 153 0 76
0.396192 0.538694 0.339905 153 0 76
0.600358 0.388503 -0.364087 76 153 0
0.350242 -0.386979 -0.610588 0 0 255
-0.512326 0.455717 0.384509 153 0 76
-0.563656 0.440447 -0.425151 153 0 76
-0.438514 0.007907 -0.610588 204 51 127
0.468890 0.577191 0.010672 153 0 76
0.047224 0.309308 -0.486374 76 0 153
-0.492621 -0.616226 0.392236 76 0 153
-0.004106 0.166956 0.211236 76 0 153
0.185411 -0.050230 0.611702 127 0 127
0.418871 -0.654723 0.205116 76 0 153
-0.004106 -0.524412 0.545948 76 0 153
-0.289666 -0.627998 0.611702 127 0 127
0.600358 0.465218 0.090051 76 153 0
-0.016952 0.513191 -0.572091 153 76 0
0.047224 -0.497841 -0.029058 76 0 153
-0.201688 0.153112 -0.559258 153 76 0
-0.168343 0.453130 -0.559258 153 76 0
-0.048582 0.343024 0.573205 127 0 127
-0.451849 0.577191 0.452744 153 0 76
0.047224 -0.438801 0.547164 76 0 153
-0.540147 -0.616226 -0.195084 76 0 153
-0.512326 -0.471475 -0.387958 153 0 76
-0.482996 -0.004083 -0.572091 153 76 0
-0.283130 -0.593756 -0.610588 204 51 127
0.325962 0.538694 -0.290889 153 0 76
-0.316473 -0.289390 -0.572091 153 76 0
0.246655 0.195219 -0.572091 153 76 0
-0.004106 -0.393598 0.386994 76 0 153
0.600358 0.484700 -0.238679 76 153 0
0.047224 0.055852 0.268051 76 0 153
-0.004106 -0.213208 -0.541294 76 0 153
-0.512326 0.053841 0.009916 153 0 76
0.577733 -0.616226 -0.562647 76 153 0
0.568907 0.538693 0.510550 76 153 0
-0.004106 0.127107 0.518091 76 0 153
0.456712 0.538694 -0.039402 153 0 76
-0.004106 0.412514 -0.543038 76 0 153
0.084048 -0.616226 -0.561849 76 0 153
0.316936 0.158251 -0.610588 0 0 255
-0.512326 -0.256462 -0.160666 153 0 76
0.073631 -0.245448 0.573205 127 0 127
-0.206795 0.002258 0.573205 127 0 127
0.210029 0.577191 0.178236 153 0 76
0.434329 0.042217 -0.572091 153 76 0
-0.004106 -0.490522 0.376118 76 0 153
0.441029 0.419462 -0.610588 0 0 255
-0.027627 -0.408373 0.611702 127 0 127
-0.004106 0.358957 -0.115304 76 0 153
0.279320 0.293336 -0.572091 153 76 0
0.454040 -0.112353 -0.572091 153 76 0
-0.227582 -0.654723 -0.284930 76 0 153
-0.088351 -0.654723 0.554322 76 0 153
-0.004106 0.419630 -0.396330 76 0 153
-0.149685 -0.654723 -0.541702 76 0 153
0.110025 0.577191 -0.095073 153 0 76
-0.563656 0.020025 0.188558 153 0 76
-0.331562 0.114176 -0.610588 204 51 127
-0.132140 -0.025209 0.611702 127 0 127
-0.098548 0.143142 0.611702 127 0 127
-0.388494 -0.616226 -0.112400 76 0 153
0.320063 -0.538993 -0.610588 0 0 255
0.158582 -0.654723 0.413118 76 0 153
-0.512326 -0.145127 0.118345 153 0 76
-0.232405 -0.342311 0.611702 127 0 127
0.288089 -0.181623 0.573205 127 0 127
-0.563656 -0.118123 -0.410440 153 0 76
-0.049200 0.261765 0.573205 127 0 127
-0.157991 -0.629457 0.573205 127 0 127
0.600358 -0.151658 0.437537 76 153 0
-0.318180 -0.654723 -0.322181 76 0 153
-0.078429 0.467978 -0.572091 153 76 0
-0.089757 0.538694 -0.047575 153 0 76
-0.047003 0.577191 -0.197426 153 0 76
0.600358 -0.551991 -0.162945 76 153 0
0.549028 0.058888 0.548079 76 153 0
0.600358 -0.497422 0.222700 76 153 0
0.357345 0.386806 -0.572091 153 76 0
0.549028 -0.345925 0.207995 76 153 0
0.549028 -0.311474 -0.576031 76 153 0
-0.004106 -0.329325 -0.533292 76 0 153
0.549028 0.144428 -0.026879 76 153 0
0.240307 0.432077 0.611702 127 0 127
-0.004106 0.315796 -0.373607 76 0 153
0.600358 0.051968 -0.523744 76 153 0
0.549028 -0.408715 0.569971 76 153 0
0.034453 0.380644 0.611702 127 0 127
-0.563656 -0.382406 -0.028898 153 0 76
0.298540 0.577191 -0.532228 153 0 76
0.600358 -0.572695 0.499361 76 153 0
-0.004106 -0.236307 0.391983 76 0 153
0.549028 -0.391557 -0.508521 76 153 0
0.549028 0.176829 -0.109448 76 153 0
0.376661 -0.255439 -0.610588 0 0 255
0.600358 -0.574917 -0.108455 76 153 0
0.335798 0.577191 0.400932 153 0 76
-0.025795 -0.654723 0.277269 76 0 153
-0.563656 0.421634 0.005912 153 0 76
-0.512326 -0.202807 0.104277 153 0 76
0.084477 -0.654723 0.148024 76 0 153
0.053382 0.577191 0.040686 153 0 76
0.171721 0.538694 0.417277 153 0 76
0.422536 -0.418669 -0.572091 0 0 255
0.428562 0.577191 0.440441 153 0 76
0.549028 -0.158855 -0.529413 76 153 0
-0.512326 -0.353419 -0.324886 153 0 76
0.047224 0.085293 0.247866 76 0 153
0.567660 0.018838 0.573205 127 0 127
0.397936 -0.654723 -0.463964 76 0 153
0.600358 -0.399655 -0.015565 76 153 0
-0.004106 -0.498524 -0.279413 76 0 153
-0.458242 0.454394 0.611702 127 0 127
-0.187427 0.194828 -0.559258 153 76 0
0.309984 0.577191 0.307657 153 0 76
-0.004106 -0.162366 0.085581 76 0 153
0.047224 -0.158539 -0.066531 76 0 153
-0.112902 -0.199151 -0.559258 153 76 0
-0.512326 0.394895 0.545084 153 0 76
0.327249 -0.616226 0.425799 76 0 153
0.047224 0.455353 -0.281813 76 0 153
-0.128258 -0.115245 -0.572091 153 76 0
-0.512326 -0.525847 -0.126359 153 0 76
0.123358 0.438070 -0.559258 153 76 0
0.600358 0.495673 -0.020930 76 153 0
-0.443856 -0.654723 -0.205780 76 0 153
-0.563656 0.534190 -0.500978 153 0 76
-0.004106 -0.487132 -0.523033 76 0 153
-0.512326 -0.436179 -0.534141 153 0 76
0.047224 0.207237 0.291042 76 0 153
0.173821 0.538694 -0.597701 153 0 76
-0.190228 -0.514387 -0.572091 153 76 0
-0.563656 -0.205572 -0.303895 153 0 76
-0.149627 0.573983 0.582571 127 0 127
0.267745 0.577191 -0.528364 153 0 76
-0.334558 0.577191 -0.442677 153 0 76
0.488112 -0.255839 -0.559258 153 76 0
0.001568 0.577191 0.133906 153 0 76
0.600358 -0.400969 0.199342 76 153 0
0.549028 -0.148624 -0.159252 76 153 0
0.549028 -0.367143 0.375210 76 153 0
-0.563656 -0.306130 -0.327447 153 0 76
0.251112 -0.654723 0.411750 76 0 153
0.029840 -0.654723 -0.013085 76 0 153
0.151495 -0.098134 -0.572091 153 76 0
-0.563656 0.192022 0.485541 153 0 76
0.047224 -0.570081 -0.442254 76 0 153
0.600358 0.087727 -0.144268 76 153 0
0.166538 -0.405914 0.573205 127 0 127
-0.563656 -0.023346 -0.449078 153 0 76
0.597005 -0.654723 -0.194110 76 0 153
-0.293972 0.075380 -0.610588 204 51 127
0.549028 -0.199980 0.236571 76 153 0
0.333592 0.577191 -0.160889 153 0 76
-0.374392 -0.079107 0.573205 127 0 127
-0.150838 0.062824 0.573205 127 0 127
-0.563656 -0.180688 0.531157 153 0 76
-0.004106 -0.357845 0.220115 76 0 153
-0.031999 -0.283699 -0.559258 153 76 0
0.158325 -0.654723 -0.495794 76 0 153
0.311608 -0.616226 -0.458156 76 0 153
0.549028 0.085931 -0.233915 76 153 0
0.600358 0.151357 0.034166 76 153 0
0.225607 0.577191 0.217479 153 0 76
-0.187715 -0.616226 -0.017661 76 0 153
0.342347 -0.654723 0.084016 76 0 153
0.459922 -0.343857 0.573205 127 0 127
0.047224 0.494549 0.277663 76 0 153
-0.004106 0.399135 0.167011 76 0 153
-0.004106 -0.504076 -0.487701 76 0 153
-0.222926 0.278552 -0.559258 153 76 0
-0.207442 -0.342178 -0.559258 153 76 0
-0.512326 0.129799 0.210305 153 0 76
-0.563656 -0.348216 -0.204703 153 0 76
-0.481929 0.203820 -0.610588 204 51 127
0.549028 -0.533369 -0.086353 76 153 0
0.549028 0.280152 -0.589174 76 153 0
0.151116 0.577191 0.015754 153 0 76
-0.311356 0.577191 -0.379193 153 0 76
0.499393 -0.040602 -0.610588 0 0 255
-0.004106 -0.522658 -0.092274 76 0 153
-0.563656 -0.316211 -0.069032 153 0 76
-0.417258 0.567711 -0.610588 153 0 76
-0.308567 -0.616226 0.472476 76 0 153
0.381358 0.577191 -0.350061 153 0 76
0.600358 0.344165 0.126249 76 153 0
-0.077797 0.577191 0.368541 153 0 76
0.600358 0.423175 -0.066573 76 153 0
-0.424949 -0.465274 -0.610588 204 51 127
-0.429254 0.538694 0.527919 153 0 76
0.449817 -0.654723 0.393092 76 0 153
0.548420 -0.654723 -0.052203 76 0 153
0.353965 -0.646386 0.611702 127 0 127
0.047224 0.275292 0.178229 76 0 153
-0.300250 -0.616226 -0.601359 204 51 127
-0.178414 0.538694 -0.191774 153 0 76
-0.072038 -0.010375 0.573205 127 0 127
0.210806 -0.453463 0.611702 127 0 127
-0.004106 -0.295740 -0.294314 76 0 153
0.285700 -0.616226 0.324102 76 0 153
0.587093 -0.006379 -0.610588 76 153 0
0.371515 -0.113515 0.573205 127 0 127
0.047224 0.009378 0.360957 76 0 153
-0.128709 -0.654723 -0.240815 76 0 153
0.549028 -0.472150 0.376526 76 153 0
-0.512326 -0.371743 0.061643 153 0 76
0.573363 -0.654723 -0.104050 76 0 153
-0.449952 -0.511753 0.611702 127 0 127
0.600358 0.456614 0.573516 127 0 127
-0.299131 -0.616226 0.566820 76 0 153
0.166218 0.244772 -0.572091 153 76 0
-0.512326 -0.513204 0.024107 153 0 76
-0.065773 -0.362448 -0.572091 153 76 0
0.600358 0.267133 0.464145 76 153 0
-0.563656 -0.569587 0.236180 153 0 76
-0.004106 -0.203314 -0.290066 76 0 153
0.217236 -0.654723 -0.293023 76 0 153
0.360366 -0.443995 -0.572091 0 0 255
-0.004106 0.415990 0.433946 76 0 153
0.355872 -0.384297 0.611702 127 0 127
0.549028 0.359363 0.363623 76 153 0
-0.563656 -0.210010 -0.227296 153 0 76
0.549028 0.340889 0.062815 76 153 0
0.042267 -0.448226 -0.559258 153 76 0
0.047224 0.313354 0.215413 76 0 153
0.063225 -0.654723 0.285209 76 0 153
0.047224 -0.555988 0.172308 76 0 153
-0.451291 0.395071 -0.572091 204 51 127
-0.013136 -0.616226 -0.508766 76 0 153
0.047224 0.511051 -0.512299 76 0 153
-0.512326 -0.298292 0.163285 153 0 76
0.213356 -0.641017 -0.610588 76 0 153
-0.482837 -0.474283 -0.572091 204 51 127
-0.004106 0.213897 0.444364 76 0 153
-0.198162 0.577191 0.288079 153 0 76
0.070034 -0.616226 0.449177 76 0 153
0.600358 -0.375991 0.251187 76 153 0
-0.284167 -0.616226 -0.084340 76 0 153
-0.201358 -0.126375 -0.572091 153 76 0
-0.225920 0.049652 0.611702 127 0 127
0.165736 0.577191 0.048448 153 0 76
-0.383710 0.538694 -0.524230 153 0 76
0.111852 -0.654723 0.422005 76 0 153
-0.199990 0.538694 0.386180 153 0 76
-0.004106 0.300703 0.080390 76 0 153
0.490962 -0.045510 -0.559258 153 76 0
-0.300494 -0.294577 0.573205 127 0 127
0.321609 0.512752 0.611702 127 0 127
0.047224 0.187421 0.495741 76 0 153
0.549028 -0.449597 -0.100795 76 153 0
-0.138345 -0.269827 0.573205 127 0 127
0.549028 -0.022863 0.189703 76 153 0
-0.512326 0.018223 -0.276463 153 0 76
-0.004106 -0.272229 0.540562 76 0 153
0.600358 -0.156332 -0.288349 76 153 0
-0.339621 -0.524542 0.573205 127 0 127
-0.374124 0.015612 0.573205 127 0 127
0.330670 0.215686 0.573205 127 0 127
0.312472 0.275275 -0.572091 153 76 0
-0.037123 0.577191 0.272086 153 0 76
0.501742 0.577191 -0.503325 153 0 76
0.411127 0.538694 -0.583903 153 0 76
0.469775 0.335633 0.573205 127 0 127
-0.287879 -0.466092 -0.572091 153 76 0
-0.044909 0.577191 0.112444 153 0 76
-0.085539 0.074180 0.573205 127 0 127
0.549028 -0.411146 0.263688 76 153 0
-0.020517 0.120712 -0.559258 153 76 0
-0.563656 -0.432826 -0.291884 153 0 76
0.600358 0.522134 0.449489 76 153 0
-0.290021 0.126825 -0.559258 153 76 0
0.549028 0.244139 -0.237036 76 153 0
-0.563656 -0.425244 0.250865 153 0 76
-0.273166 0.577191 0.545551 153 0 76
0.152555 -0.616226 -0.569228 76 0 153
0.600358 -0.229021 0.553481 76 153 0
0.452295 -0.318784 -0.559258 153 76 0
0.495100 -0.330959 -0.559258 153 76 0
0.549028 0.399614 0.262501 76 153 0
-0.489165 0.548059 -0.610588 153 0 76
0.600358 -0.137729 0.526085 76 153 0
0.047224 0.232171 -0.223509 76 0 153
0.047224 0.497122 -0.143764 76 0 153
0.047224 -0.020531 0.226111 76 0 153
-0.341851 0.538694 -0.409594 153 0 76
0.549028 0.205962 0.244361 76 153 0
-0.450193 -0.519362 -0.559258 153 76 0
0.262939 0.538694 0.074319 153 0 76
-0.255677 -0.449504 -0.606345 204 51 127
0.563164 0.202556 -0.610588 76 153 0
-0.096515 -0.616226 -0.133648 76 0 153
-0.512326 -0.227161 -0.559332 153 76 0
0.396396 -0.547193 -0.572091 0 0 255
-0.563656 0.313886 -0.459313 153 0 76
-0.355180 -0.616226 -0.287635 76 0 153
-0.512326 0.291832 -0.386510 153 0 76
0.514479 0.577191 -0.072887 153 0 76
0.110613 -0.654723 0.078619 76 0 153
-0.512326 -0.262164 0.196203 153 0 76
-0.563656 0.270059 -0.432695 153 0 76
0.568230 0.558572 0.573205 127 0 127
0.047224 -0.366286 0.101943 76 0 153
-0.103699 -0.616226 -0.445658 76 0 153
0.549028 -0.327501 0.545144 76 153 0
-0.366253 -0.651515 0.605194 127 0 127
0.145403 -0.047954 0.573205 127 0 127
0.370631 -0.564592 -0.559258 153 76 0
-0.303388 0.538694 -0.355818 153 0 76
-0.004106 -0.296762 -0.519266 76 0 153
0.600358 0.154692 0.336457 76 153 0
0.549028 -0.438457 0.317425 76 153 0
0.202599 -0.654723 0.491779 76 0 153
-0.281688 -0.654723 -0.480281 76 0 153
0.549028 0.395053 0.019745 76 153 0
-0.004106 0.267197 -0.037333 76 0 153
-0.291171 0.406759 -0.559258 153 76 0
-0.024927 0.156633 0.573205 127 0 127
-0.084852 0.139574 -0.559258 153 76 0
-0.463969 -0.093793 0.611702 127 0 127
-0.528174 -0.621575 0.611702 127 0 127
-0.160823 0.306733 0.573205 127 0 127
-0.004106 0.229517 -0.394471 76 0 153
-0.563656 0.068451 -0.198749 153 0 76
0.271975 -0.616226 -0.259897 76 0 153
-0.160413 0.538694 0.006692 153 0 76
-0.522608 0.216401 -0.610588 153 0 76
0.549028 -0.464790 0.560568 76 153 0
0.102116 -0.616226 -0.477064 76 0 153
-0.340001 0.538694 -0.503101 153 0 76
-0.497335 -0.054917 0.611702 127 0 127
0.224284 0.577191 -0.470156 153 0 76
-0.451699 -0.616226 0.355331 76 0 153
0.275136 0.190334 -0.572091 153 76 0
-0.115643 -0.277064 0.611702 127 0 127
-0.512326 -0.203978 -0.006150 153 0 76
0.312792 -0.317751 -0.572091 0 0 255
-0.512326 -0.301299 -0.374954 153 0 76
0.297451 0.538694 -0.019037 153 0 76
0.549028 0.498939 0.405327 76 153 0
0.374056 0.538694 -0.515868 153 0 76
0.390928 0.238464 -0.610588 0 0 255
0.433093 -0.456054 -0.559258 153 76 0
-0.004106 0.375382 -0.485861 76 0 153
0.600358 0.103929 -0.430950 76 153 0
-0.004106 -0.109262 0.197637 76 0 153
0.079102 -0.230079 -0.559258 153 76 0
-0.512326 0.194818 -0.507234 153 0 76
0.053656 0.538694 0.330671 153 0 76
0.600358 0.149763 -0.462228 76 153 0
-0.423208 0.573983 0.608886 127 0 127
0.394400 0.541189 0.611702 127 0 127
-0.004106 -0.316492 -0.186013 76 0 153
0.091911 0.253619 0.573205 127 0 127
-0.221274 0.267769 0.573205 127 0 127
0.348738 0.538694 -0.070772 153 0 76
0.549028 0.054722 -0.259912 76 153 0
-0.512326 -0.399494 -0.526662 153 0 76
0.047224 0.490251 0.326414 76 0 153
0.213802 0.577191 0.406395 153 0 76
-0.316758 0.513858 -0.559258 153 76 0
0.600358 -0.164684 0.466988 76 153 0
0.600358 0.547302 0.151307 153 0 76
-0.512326 -0.400478 0.386246 153 0 76
-0.004106 0.286704 0.182520 76 0 153
-0.563656 -0.648242 -0.508128 76 0 153
-0.232843 -0.616226 0.300541 76 0 153
-0.563656 0.290317 0.334045 153 0 76
-0.372562 0.538694 0.274798 153 0 76
-0.004106 -0.333432 0.471020 76 0 153
0.083050 -0.616226 -0.411773 76 0 153
-0.432847 -0.654723 0.421080 76 0 153
0.477637 -0.654723 -0.461383 76 0 153
0.600358 0.488765 -0.507452 76 153 0
-0.138222 0.102832 0.611702 127 0 127
0.047224 -0.068109 0.549209 76 0 153
0.047224 0.272578 -0.284943 76 0 153
0.549028 -0.368815 -0.319122 76 153 0
0.008902 -0.654723 -0.276023 76 0 153
-0.014559 0.392878 0.573205 127 0 127
0.227562 0.054347 -0.559258 153 76 0
-0.512326 -0.309575 0.553524 153 0 76
-0.563656 0.439208 0.354653 153 0 76
-0.485595 -0.073844 -0.559258 153 76 0
0.290926 0.276703 0.611702 127 0 127
-0.512326 -0.214196 0.299278 153 0 76
-0.512326 -0.301399 0.212904 153 0 76
-0.512326 0.290062 0.203438 153 0 76
-0.004106 -0.134925 0.393263 76 0 153
-0.480883 0.577191 -0.479232 153 0 76
0.549028 0.285158 -0.349851 76 153 0
-0.004106 0.455837 0.418707 76 0 153
0.047224 -0.190972 0.460001 76 0 153
0.047224 0.406174 0.299452 76 0 153
0.192322 -0.654723 0.017912 76 0 153
0.285706 -0.616226 -0.385989 76 0 153
-0.460541 0.577191 -0.581328 153 0 76
0.047224 0.390214 0.505889 76 0 153
0.346035 0.538694 0.274473 153 0 76
-0.374883 -0.174187 -0.572091 153 76 0
0.600358 0.184294 0.088140 76 153 0
-0.004106 0.081972 0.337798 76 0 153
-0.563656 -0.372315 0.440484 153 0 76
-0.512326 0.334245 -0.235156 153 0 76
-0.563656 -0.602445 -0.159874 153 0 76
0.398393 -0.622367 0.611702 127 0 127
-0.328715 0.384052 0.573205 127 0 127
-0.316455 -0.616226 -0.279059 76 0 153
-0.045346 -0.243137 0.611702 127 0 127
-0.563656 -0.433055 0.344519 153 0 76
-0.135246 -0.654723 0.259811 76 0 153
0.047224 0.441054 0.313088 76 0 153
-0.249727 0.538694 0.057477 153 0 76
-0.004106 0.333575 -0.307865 76 0 153
0.010601 0.538694 0.494187 153 0 76
0.541645 -0.616226 -0.174665 76 0 153
0.415686 -0.533085 0.573205 127 0 127
-0.514521 0.390269 0.573205 127 0 127
0.564210 0.577191 -0.444743 153 0 76
0.166704 -0.654723 0.478198 76 0 153
-0.004106 -0.042889 0.004007 76 0 153
-0.196295 0.577191 0.396216 153 0 76
-0.332994 -0.017550 -0.610588 204 51 127
-0.563656 -0.326084 0.284436 153 0 76
0.244224 -0.616226 -0.358498 76 0 153
0.549028 0.511665 0.120158 76 153 0
-0.510018 0.414907 0.611702 127 0 127
0.064491 0.538694 0.463525 153 0 76
-0.124439 0.039443 0.611702 127 0 127
-0.068950 0.437462 0.573205 127 0 127
0.432794 0.538694 0.545683 153 0 76
-0.377857 0.538694 -0.348761 153 0 76
-0.152219 0.577191 -0.116012 153 0 76
-0.157941 -0.616226 -0.288035 76 0 153
-0.069586 0.286671 -0.572091 153 76 0
-0.512326 -0.268407 -0.582052 204 51 127
-0.143369 0.577191 0.069395 153 0 76
0.600358 0.385436 -0.473608 76 153 0
-0.458747 0.538694 -0.133241 153 0 76
0.012627 0.033554 -0.559258 153 76 0
-0.234070 -0.654723 -0.569815 76 0 153
0.600358 -0.229774 0.390169 76 153 0
0.418795 -0.616226 0.488514 76 0 153
-0.095346 0.577191 -0.392674 153 0 76
-0.326443 0.326358 -0.572091 153 76 0
0.571051 -0.384129 0.569996 76 153 0
-0.222812 -0.616226 -0.054193 76 0 153
0.047224 -0.523873 -0.510455 76 0 153
-0.004106 0.155298 -0.248245 76 0 153
-0.453056 0.538694 -0.369155 153 0 76
0.463381 0.577191 -0.350631 153 0 76
0.549028 -0.061758 -0.591754 76 153 0
0.600358 -0.252607 0.045463 76 153 0
-0.512326 0.202712 0.027899 153 0 76
-0.281696 -0.616226 0.103484 76 0 153
-0.015042 -0.155531 0.573205 127 0 127
-0.309309 0.348857 0.573205 127 0 127
-0.519122 0.577191 0.558792 153 0 76
0.272889 -0.616226 0.423370 76 0 153
0.368402 -0.654723 0.298141 76 0 153
0.600358 -0.373568 -0.295214 76 153 0
-0.015576 -0.654723 -0.133600 76 0 153
-0.013820 -0.654723 0.060571 76 0 153
-0.004106 0.436513 0.181052 76 0 153
-0.139508 0.494271 0.611702 127 0 127
0.054805 -0.479997 -0.572091 153 76 0
-0.353738 -0.053051 -0.572091 153 76 0
0.371556 0.538694 0.074799 153 0 76
-0.299959 0.538694 -0.424568 153 0 76
0.549028 0.497872 0.515512 76 153 0
-0.004106 0.421055 -0.133326 76 0 153
0.116188 0.538694 -0.239582 153 0 76
-0.058124 -0.654723 0.109674 76 0 153
-0.563656 0.329408 0.217007 153 0 76
-0.563656 -0.181330 -0.011301 153 0 76
0.600358 0.252194 0.402313 76 153 0
0.575013 0.577191 0.361008 153 0 76
-0.391290 -0.654723 0.066243 76 0 153
-0.230283 0.538694 -0.084681 153 0 76
-0.512326 0.330636 -0.403183 153 0 76
0.386821 -0.303670 0.611702 127 0 127
0.477241 0.538694 -0.306147 153 0 76
-0.546685 -0.358827 -0.610588 153 0 76
-0.512326 -0.440685 0.052545 153 0 76
-0.512326 -0.336915 0.067444 153 0 76
-0.512326 -0.521431 -0.403337 153 0 76
0.047224 -0.593978 0.308034 76 0 153
-0.563656 0.019119 -0.072149 153 0 76
0.241389 0.577191 0.373315 153 0 76
-0.005573 -0.545457 0.573205 127 0 127
-0.023111 -0.012658 0.611702 127 0 127
-0.339669 0.283533 -0.610588 204 51 127
0.047224 -0.328256 0.460773 76 0 153
0.319739 0.538694 -0.072580 153 0 76
0.117664 0.466218 -0.559258 153 76 0
0.504089 -0.630940 0.573205 127 0 127
0.047224 -0.255009 -0.484722 76 0 153
-0.512326 0.178706 -0.064123 153 0 76
0.401678 -0.303242 0.573205 127 0 127
-0.512326 0.484165 0.273096 153 0 76
0.600358 -0.184903 0.053762 76 153 0
-0.103339 -0.307266 -0.559258 153 76 0
-0.004106 -0.451403 0.030524 76 0 153
0.353639 0.538694 -0.221536 153 0 76
0.152455 0.101221 0.611702 127 0 127
0.295569 0.395203 -0.572091 0 0 255
0.359487 0.538694 0.231587 153 0 76
-0.349300 0.031839 0.611702 127 0 127
-0.401511 -0.654723 0.519004 76 0 153
0.549028 -0.278609 0.428556 76 153 0
-0.512326 -0.481253 -0.049368 153 0 76
0.432314 -0.140284 -0.572091 153 76 0
-0.004106 0.456681 -0.145923 76 0 153
-0.067348 0.104529 0.573205 127 0 127
-0.087163 -0.630075 0.569996 76 0 153
0.019605 -0.616226 0.370132 76 0 153
0.505754 -0.654723 -0.010223 76 0 153
-0.407671 -0.063411 0.573205 127 0 127
0.047224 0.076969 0.358538 76 0 153
0.111112 -0.604787 0.573205 127 0 127
-0.563656 0.199311 -0.423329 153 0 76
0.400717 0.278047 -0.572091 0 0 255
0.326511 -0.392973 -0.572091 153 76 0
0.012070 -0.303001 -0.559258 153 76 0
-0.331214 -0.288885 -0.610588 204 51 127
-0.557239 -0.478173 0.575763 127 0 127
-0.512326 -0.121909 0.058029 153 0 76
-0.423297 -0.120041 0.611702 127 0 127
0.549028 -0.469549 0.504076 76 153 0
0.600358 -0.559685 0.536414 76 153 0
0.481908 0.448595 -0.610588 0 0 255
0.543031 0.522104 0.611702 127 0 127
0.600358 -0.134814 0.361604 76 153 0
-0.512326 0.298192 -0.199688 153 0 76
-0.074896 0.574756 -0.610588 153 0 76
-0.004106 0.373854 -0.396634 76 0 153
-0.563656 -0.572938 -0.157435 153 0 76
-0.441075 -0.000285 0.611702 127 0 127
-0.512326 0.404324 -0.521958 153 0 76
0.090732 0.345619 -0.559258 153 76 0
0.497809 -0.086119 0.611702 127 0 127
0.600358 0.016506 -0.253433 76 153 0
0.600358 -0.235640 0.002044 76 153 0
0.599105 0.538693 -0.452412 76 153 0
0.047224 0.240966 0.437298 76 0 153
0.171648 0.093569 -0.559258 153 76 0
-0.563656 -0.087442 -0.608684 153 0 76
0.386760 -0.148133 -0.610588 0 0 255
0.432797 0.188866 0.573205 127 0 127
-0.039400 0.027874 -0.572091 153 76 0
0.136539 0.538694 -0.094354 153 0 76
-0.079897 -0.037831 0.611702 127 0 127
0.583672 0.113833 -0.610588 76 153 0
-0.329237 -0.198410 -0.559258 153 76 0
0.545043 0.577191 0.424186 153 0 76
-0.512326 0.076968 -0.122086 153 0 76
-0.563656 -0.254713 -0.057986 153 0 76
-0.563656 0.209972 -0.345887 153 0 76
0.168387 -0.266922 -0.559258 153 76 0
0.553064 -0.654723 0.074913 76 0 153
-0.563656 -0.569045 0.171316 153 0 76
-0.322013 0.577191 -0.113155 153 0 76
-0.512326 -0.443747 -0.393428 153 0 76
0.231929 0.538693 -0.570881 153 76 0
0.511386 0.577191 0.486395 153 0 76
-0.004106 -0.419148 -0.147595 76 0 153
-0.488419 -0.428331 0.611702 127 0 127
-0.512326 -0.208063 -0.422528 153 0 76
0.227690 -0.594689 0.573205 127 0 127
-0.347636 0.441999 -0.572091 204 51 127
-0.296136 -0.403940 -0.610588 204 51 127
0.047224 -0.428548 -0.077760 76 0 153
0.376823 0.510897 -0.610588 0 0 255
-0.563656 -0.188300 -0.530855 153 0 76
-0.105716 0.235204 0.611702 127 0 127
-0.426795 0.147716 0.611702 127 0 127
0.032486 -0.616226 -0.541914 76 0 153
0.510108 0.538694 0.094800 153 0 76
-0.536097 -0.616226 -0.441350 153 0 76
0.101168 -0.616226 0.173872 76 0 153
0.600358 -0.073739 -0.163757 76 153 0
-0.373269 0.163159 -0.559258 153 76 0
-0.222462 -0.572431 0.573205 127 0 127
-0.512326 -0.424121 -0.584526 204 51 127
0.600358 -0.057015 -0.472114 76 153 0
0.031895 -0.616226 0.505048 76 0 153
0.056593 0.577191 -0.054435 153 0 76
0.459739 0.375675 -0.610588 0 0 255
-0.563656 -0.001610 0.507322 153 0 76
0.448924 -0.211521 -0.610588 0 0 255
-0.004106 -0.464761 -0.102310 76 0 153
-0.301309 0.445942 -0.610588 204 51 127
0.520768 -0.430489 0.611702 127 0 127
-0.240280 -0.650955 0.611702 127 0 127
-0.563656 -0.175701 -0.386342 153 0 76
0.259452 0.577191 0.048885 153 0 76
-0.027044 -0.616226 0.005279 76 0 153
-0.241654 -0.281423 -0.572091 153 76 0
-0.483182 0.577191 -0.441496 153 0 76
-0.464211 -0.550657 -0.559258 153 76 0
0.374195 -0.592510 -0.559258 153 76 0
-0.106239 0.577191 0.424000 153 0 76
0.549028 -0.414058 -0.532325 76 153 0
0.069310 -0.591099 -0.559258 153 76 0
0.600358 -0.259149 -0.537863 76 153 0
-0.048772 0.577191 -0.084462 153 0 76
0.294292 -0.368048 -0.559258 153 76 0
0.549028 -0.301338 -0.151576 76 153 0
-0.512326 -0.478744 0.503316 153 0 76
0.586282 -0.616226 -0.058743 76 153 0
0.388982 -0.374691 -0.610588 0 0 255
-0.563656 -0.220259 -0.016057 153 0 76
-0.563656 -0.537829 0.484877 153 0 76
-0.422955 0.095635 -0.559258 153 76 0
-0.482043 0.538694 -0.282140 153 0 76
0.204733 -0.633789 0.611702 127 0 127
0.047224 -0.093602 0.135696 76 0 153
-0.146867 -0.654723 0.299968 76 0 153
0.549028 -0.414916 -0.288493 76 153 0
-0.004106 0.512565 -0.146530 76 0 153
0.595016 0.577191 -0.301395 153 0 76
-0.563656 -0.472833 0.413410 153 0 76
-0.512326 0.071607 -0.054650 153 0 76
-0.468887 -0.616226 -0.187073 76 0 153
0.352176 -0.616226 -0.097231 76 0 153
-0.531666 -0.116105 -0.610588 153 0 76
0.549028 -0.025704 0.085728 76 153 0
-0.004106 -0.518426 -0.226449 76 0 153
-0.004106 -0.512991 -0.428125 76 0 153
-0.563656 0.343126 0.355711 153 0 76
0.297702 0.577191 -0.471758 153 0 76
0.446109 0.577191 -0.238345 153 0 76
0.549028 0.495657 0.347765 76 153 0
0.549028 0.334346 0.130514 76 153 0
0.052377 -0.616226 -0.439453 76 0 153
0.549028 -0.191873 0.116880 76 153 0
-0.563656 -0.220218 0.454758 153 0 76
-0.416302 -0.616226 0.487453 76 0 153
0.600358 -0.269491 0.187132 76 153 0
-0.397194 -0.152167 0.611702 127 0 127
0.179444 -0.182626 -0.559258 153 76 0
-0.325312 -0.049026 0.611702 127 0 127
0.278586 -0.261611 0.573205 127 0 127
-0.004106 0.371349 -0.090123 76 0 153
0.255438 -0.616226 -0.009836 76 0 153
0.185853 -0.616226 -0.163667 76 0 153
0.549028 -0.256892 -0.182092 76 153 0
-0.563656 0.201569 -0.014585 153 0 76
-0.282361 -0.549225 0.573205 127 0 127
0.401057 0.538694 -0.244809 153 0 76
0.240674 -0.654723 -0.274507 76 0 153
-0.373305 0.577191 -0.197618 153 0 76
-0.558758 0.577191 0.309723 153 0 76
-0.004106 -0.266780 0.398957 76 0 153
0.549028 -0.499882 0.137918 76 153 0
-0.563656 0.571078 0.228996 153 0 76
0.276750 -0.059846 0.573205 127 0 127
-0.563656 0.302432 -0.223259 153 0 76
-0.040245 0.425243 -0.559258 153 76 0
0.549028 -0.197364 0.360790 76 153 0
0.600358 -0.338845 0.400866 76 153 0
-0.241694 -0.628421 0.573205 127 0 127
0.047224 0.427544 0.205887 76 0 153
-0.281815 0.021573 -0.610588 204 51 127
0.268258 -0.177220 -0.572091 153 76 0
0.403436 0.538694 0.201423 153 0 76
0.500087 0.577191 -0.299667 153 0 76
-0.386313 0.038340 0.611702 127 0 127
0.474588 -0.616226 0.225517 76 0 153
-0.004106 0.363471 0.163495 76 0 153
0.549028 0.425659 -0.388229 76 153 0
-0.229654 -0.156428 -0.559258 153 76 0
0.223008 -0.077007 -0.559258 153 76 0
0.058925 0.397252 -0.559258 153 76 0
0.496885 0.469142 0.573205 127 0 127
0.549028 0.321766 -0.563401 153 76 0
-0.004106 -0.413865 0.351580 76 0 153
0.050306 -0.616226 -0.481515 76 0 153
-0.361725 -0.277378 0.573205 127 0 127
0.185853 0.577191 -0.005036 153 0 76
-0.563656 0.413202 0.154865 153 0 76
0.600358 0.016975 -0.440674 76 153 0
-0.020398 -0.654723 -0.369217 76 0 153
-0.512326 0.199008 0.082346 153 0 76
0.568174 -0.616226 0.124387 76 153 0
0.420045 0.141841 -0.572091 153 76 0
0.549028 0.156828 0.144559 76 153 0
0.600358 0.252934 -0.381668 76 153 0
0.075963 0.573983 0.603902 127 0 127
0.047224 0.418816 0.064200 76 0 153
-0.327912 0.574522 -0.610588 153 0 76
-0.563656 -0.185540 -0.606502 153 0 76
-0.512326 0.467190 0.141757 153 0 76
0.549028 0.060303 0.210880 76 153 0
-0.420474 0.538694 -0.422031 153 0 76
-0.003280 -0.654723 0.227950 76 0 153
0.425151 0.173005 -0.559258 153 76 0
-0.512326 -0.175364 -0.460086 153 0 76
0.481096 -0.540722 -0.559258 153 76 0
0.107812 0.004622 -0.559258 153 76 0
0.010008 -0.654723 -0.337195 76 0 153
0.549028 0.152686 -0.589734 0 0 255
-0.563656 0.041085 0.501335 153 0 76
0.549028 -0.589345 -0.185546 76 153 0
-0.512326 -0.019893 -0.095239 153 0 76
0.471840 0.556211 0.611702 127 0 127
0.326590 0.577191 0.031972 153 0 76
0.575412 -0.504814 0.611702 127 0 127
-0.557239 -0.321324 0.601898 127 0 127
0.549028 -0.389978 -0.384754 76 153 0
0.600358 -0.037688 0.521595 76 153 0
0.150959 -0.616226 0.444239 76 0 153
0.456934 -0.579852 0.573205 127 0 127
-0.512326 0.220997 -0.361382 153 0 76
0.550431 -0.345018 0.611702 127 0 127
-0.004106 0.294082 -0.068253 76 0 153
-0.004106 0.488080 -0.188864 76 0 153
-0.080905 0.142105 0.573205 127 0 127
0.549028 -0.210749 -0.371142 76 153 0
0.207101 0.538694 0.081206 153 0 76
-0.494652 0.577191 0.142537 153 0 76
0.342464 -0.503541 -0.572091 0 0 255
-0.500565 0.577191 -0.591438 153 0 76
0.047224 -0.343812 0.013019 76 0 153
-0.415943 -0.616226 -0.171125 76 0 153
-0.491563 -0.203079 -0.572091 204 51 127
-0.512326 0.097093 0.257591 153 0 76
-0.470357 0.577191 -0.282848 153 0 76
-0.052017 0.538694 -0.250505 153 0 76
0.163091 -0.381129 0.611702 127 0 127
0.576575 -0.616226 -0.215509 76 0 153
-0.543742 0.538693 0.020264 153 0 76
0.433084 0.466962 0.611702 127 0 127
-0.512326 0.030289 -0.405535 153 0 76
-0.243837 -0.616226 0.098788 76 0 153
-0.348868 0.488366 -0.610588 204 51 127
-0.244108 -0.038997 0.573205 127 0 127
-0.563656 -0.558838 0.565586 153 0 76
0.481442 0.577191 -0.582855 153 0 76
-0.104181 -0.616226 -0.585922 76 0 153
-0.426889 0.124026 -0.610588 204 51 127
0.292379 0.105351 -0.607037 0 0 255
-0.414735 0.338520 -0.572091 204 51 127
0.527134 0.577191 0.120902 153 0 76
-0.326543 -0.654723 0.051018 76 0 153
0.346611 0.176168 -0.610588 0 0 255
-0.503320 0.577191 -0.020690 153 0 76
-0.512326 0.475141 -0.399375 153 0 76
-0.563656 -0.415335 -0.589713 153 0 76
0.047224 0.079727 -0.076446 76 0 153
0.286139 -0.434770 -0.559258 153 76 0
0.520868 -0.276800 0.573205 127 0 127
-0.126068 -0.382667 -0.559258 153 76 0
-0.004106 -0.047465 0.518324 76 0 153
0.047224 0.014406 -0.326654 76 0 153
-0.312841 0.496638 0.611702 127 0 127
0.227097 -0.282933 0.573205 127 0 127
0.574125 0.538693 -0.044463 76 153 0
0.491591 0.086569 -0.610588 0 0 255
0.410279 0.479363 -0.559258 153 76 0
-0.250937 0.538694 -0.134443 153 0 76
0.600358 0.005609 0.406346 76 153 0
0.263043 -0.654723 0.098654 76 0 153
0.139811 -0.467614 -0.559258 153 76 0
0.181912 0.538694 0.545946 153 0 76
0.166136 0.577191 -0.028031 153 0 76
-0.454037 -0.398075 0.611702 127 0 127
-0.069108 -0.616226 0.527597 76 0 153
-0.546468 -0.039809 0.573205 127 0 127
-0.004106 -0.443118 0.481440 76 0 153
-0.563656 -0.124218 -0.437829 153 0 76
0.291585 -0.086572 -0.572091 153 76 0
-0.512326 0.441280 0.055598 153 0 76
-0.245181 0.577191 0.402825 153 0 76
-0.004106 -0.196774 -0.349791 76 0 153
-0.028885 -0.616226 -0.540593 76 0 153
0.344966 -0.361192 -0.559258 153 76 0
0.380862 -0.616226 -0.063355 76 0 153
0.018460 -0.351149 0.611702 127 0 127
0.047224 -0.062543 -0.066747 76 0 153
-0.512326 -0.442322 0.181113 153 0 76
-0.295012 -0.214844 -0.572091 204 51 127
-0.563656 0.079088 0.379756 153 0 76
-0.283246 -0.489593 -0.610588 204 51 127
-0.004106 -0.411318 -0.307870 76 0 153
-0.563656 -0.030276 -0.385152 153 0 76
-0.533509 -0.236911 -0.610588 153 0 76
-0.505535 0.450859 -0.559258 153 76 0
0.338386 0.538694 -0.042125 153 0 76
-0.512326 0.373587 -0.219640 153 0 76
-0.004106 0.356731 0.353765 76 0 153
0.142899 0.538694 -0.510071 153 0 76
0.047224 -0.053091 0.299054 76 0 153
0.600358 0.153523 0.288235 76 153 0
0.567404 -0.417070 0.611702 127 0 127
-0.563656 -0.013139 0.062915 153 0 76
-0.459581 -0.595694 -0.572091 204 51 127
-0.563656 0.119772 0.370042 153 0 76
-0.286241 0.577191 0.283548 153 0 76
0.028646 -0.065439 -0.559258 153 76 0
0.549028 -0.117497 -0.498876 76 153 0
-0.255677 -0.425842 -0.589496 204 51 127
-0.244653 0.379710 0.573205 127 0 127
0.216146 0.577191 0.478564 153 0 76
0.600358 0.483136 -0.372845 76 153 0
-0.219295 0.538694 0.241284 153 0 76
0.119587 -0.616226 -0.092489 76 0 153
0.325004 0.054128 0.573205 127 0 127
-0.010831 0.538694 0.283758 153 0 76
-0.463907 0.312017 -0.572091 204 51 127
0.600358 -0.342431 -0.360596 76 153 0
0.549028 -0.373697 0.222146 76 153 0
0.047224 -0.221088 -0.230081 76 0 153
-0.282840 0.543180 0.573205 127 0 127
0.600358 -0.314445 -0.279766 76 153 0
-0.004106 0.256448 -0.278357 76 0 153
-0.190202 -0.654723 0.105639 76 0 153
0.020866 -0.174827 -0.559258 76 0 153
0.549028 0.530764 0.365272 76 153 0
-0.004106 -0.335362 0.128521 76 0 153
-0.218664 0.577191 -0.197012 153 0 76
0.315963 -0.458077 -0.559258 153 76 0
-0.449822 0.216185 -0.572091 204 51 127
-0.563656 0.269931 -0.041353 153 0 76
0.375722 -0.654723 -0.111878 76 0 153
0.600358 0.519969 0.600949 127 0 127
-0.563656 -0.139449 0.272544 153 0 76
0.304597 0.050869 0.611702 127 0 127
0.464444 0.538694 0.117715 153 0 76
-0.538329 0.360189 -0.610588 153 0 76
-0.541827 -0.510253 0.569996 153 0 76
0.329127 -0.654723 -0.488354 76 0 153
-0.512326 -0.208009 -0.527409 153 0 76
0.240495 -0.310797 0.573205 127 0 127
-0.563656 0.551107 -0.351273 153 0 76
-0.563656 -0.591067 -0.392719 153 0 76
-0.512326 -0.269085 -0.533445 153 0 76
-0.341192 0.538694 -0.329104 153 0 76
-0.563656 -0.477399 -0.301337 153 0 76
0.264221 -0.616226 -0.481909 76 0 153
0.600358 -0.120473 0.462866 76 153 0
-0.500813 0.538694 -0.425628 153 0 76
0.549028 0.159722 -0.162322 76 153 0
0.047224 -0.502946 -0.557915 76 0 153
0.519803 0.538693 -0.587689 0 0 255
-0.042457 0.577191 0.493802 153 0 76
0.342942 -0.573256 -0.610588 0 0 255
-0.004106 -0.615377 0.228992 76 0 153
-0.004106 -0.580398 0.217924 76 0 153
-0.512326 -0.524465 0.194263 153 0 76
-0.563656 0.197369 -0.192156 153 0 76
-0.390563 -0.121049 -0.610588 204 51 127
-0.563656 0.338430 0.464984 153 0 76
0.515171 0.538694 -0.229090 153 0 76
-0.563656 -0.278442 0.109564 153 0 76
0.467409 -0.500755 -0.572091 153 76 0
0.456577 0.538694 -0.134741 153 0 76
-0.248922 0.564232 0.611702 127 0 127
0.549028 0.473140 0.427040 76 153 0
0.047224 0.104149 -0.176460 76 0 153
-0.265316 -0.654723 -0.585707 76 0 153
0.105765 -0.270092 -0.559258 153 76 0
0.510590 -0.654723 -0.415569 76 0 153
-0.060204 -0.406822 0.611702 127 0 127
-0.563656 0.057283 -0.561681 153 0 76
-0.512326 0.515972 0.228749 153 0 76
0.556274 0.374371 -0.610588 76 153 0
0.549028 0.229881 -0.356277 76 153 0
0.450700 0.315662 0.573205 127 0 127
-0.004106 -0.589486 -0.420460 76 0 153
0.211548 -0.298609 -0.559258 153 76 0
-0.563656 -0.519711 -0.186317 153 0 76
-0.195584 0.577191 0.218990 153 0 76
-0.045075 -0.557636 0.611702 127 0 127
0.057007 0.538694 0.164513 153 0 76
0.093734 0.492390 0.573205 127 0 127
-0.563656 -0.476749 -0.143817 153 0 76
-0.531201 -0.654723 -0.052905 76 0 153
0.200492 0.094081 -0.559258 153 76 0
-0.333952 -0.319303 -0.559258 153 76 0
-0.004106 -0.526661 -0.025798 76 0 153
0.549028 -0.477555 -0.445439 76 153 0
-0.133109 -0.616226 -0.270488 76 0 153
-0.563656 0.034792 -0.440279 153 0 76
0.549028 0.464806 -0.273422 76 153 0
-0.453494 -0.616226 -0.348212 76 0 153
-0.396806 -0.553193 -0.559258 153 76 0
0.421168 -0.654723 0.057396 76 0 153
-0.550674 -0.264997 -0.610588 153 0 76
0.419717 -0.295398 -0.610588 0 0 255
-0.004106 -0.123380 -0.390415 76 0 153
-0.004106 0.451694 0.040975 76 0 153
-0.418205 -0.654723 -0.216365 76 0 153
0.451921 -0.654723 -0.026122 76 0 153
-0.153225 -0.616226 -0.195123 76 0 153
-0.470219 -0.038202 -0.610588 204 51 127
0.338868 -0.104230 -0.610588 0 0 255
-0.114315 -0.547738 -0.559258 153 76 0
0.156642 -0.616226 0.097071 76 0 153
0.390230 0.427670 0.611702 127 0 127
0.425308 0.538694 -0.504097 153 0 76
0.447735 0.577191 -0.374292 153 0 76
0.526639 -0.184380 -0.572091 0 0 255
0.445412 0.340136 -0.572091 153 76 0
-0.202993 0.538694 0.543535 153 0 76
-0.460090 0.538694 -0.502143 153 0 76
-0.512326 -0.051472 -0.370356 153 0 76
-0.004106 -0.464702 -0.004040 76 0 153
-0.128722 -0.255238 -0.559258 153 76 0
-0.154546 -0.281429 -0.559258 153 76 0
-0.212316 0.538694 0.174201 153 0 76
-0.252688 0.250723 0.611702 127 0 127
-0.004106 -0.010441 -0.127945 76 0 153
-0.563656 -0.287907 0.479095 153 0 76
-0.322345 -0.043459 0.573205 127 0 127
-0.004106 0.258639 0.189039 76 0 153
0.126096 -0.616226 -0.497863 76 0 153
0.047224 -0.585526 0.208562 76 0 153
0.516036 0.308403 0.611702 127 0 127
-0.540148 -0.616226 -0.304432 153 0 76
0.446777 0.538693 -0.562670 153 76 0
0.528407 -0.124490 0.573205 127 0 127
0.047224 -0.486657 -0.443325 76 0 153
-0.004106 0.030470 0.032211 76 0 153
-0.512326 0.389935 0.421792 153 0 76
-0.417622 -0.383692 -0.572091 153 76 0
0.549028 -0.523869 0.067631 76 153 0
0.343542 0.538694 -0.460326 153 0 76
-0.051586 -0.618396 -0.610588 76 0 153
0.576644 0.577191 -0.503529 153 0 76
-0.562000 0.538693 0.266893 153 0 76
0.555395 0.538694 -0.283726 153 0 76
0.047224 0.027030 -0.406230 76 0 153
0.328713 -0.223119 -0.559258 153 76 0
-0.076189 -0.616226 -0.485085 76 0 153
0.600358 0.340537 -0.241090 76 153 0
0.600358 -0.605122 0.378215 76 153 0
0.144851 -0.328114 -0.572091 153 76 0
0.369356 0.437316 -0.559258 153 76 0
-0.512326 -0.529352 -0.175519 153 0 76
0.300009 0.577191 0.458222 153 0 76
0.600358 -0.419115 0.146971 76 153 0
-0.112598 -0.616226 -0.499856 76 0 153
0.549028 -0.185379 -0.409915 76 153 0
-0.438948 -0.403656 -0.559258 153 76 0
0.047224 -0.327351 0.326789 76 0 153
-0.563656 0.099809 0.430038 153 0 76
-0.563656 0.336389 0.064189 153 0 76
0.047224 0.274069 -0.457349 76 0 153
0.468766 -0.466257 -0.559258 153 76 0
-0.264324 0.414833 0.611702 127 0 127
0.281011 -0.654723 -0.068207 76 0 153
-0.493185 0.577191 0.351195 153 0 76
0.549028 -0.153556 -0.128309 76 153 0
0.509725 0.103580 0.573205 127 0 127
-0.441228 -0.616226 -0.184402 76 0 153
-0.004106 -0.609244 -0.344943 76 0 153
-0.382771 0.252996 0.573205 127 0 127
-0.512326 0.099457 -0.312169 153 0 76
-0.341871 0.386026 -0.610588 204 51 127
-0.004106 -0.349105 -0.091884 76 0 153
0.128194 -0.654723 -0.237320 76 0 153
0.039863 0.349101 0.573205 127 0 127
0.313281 -0.315775 -0.610588 0 0 255
0.574195 0.538693 0.347531 76 153 0
-0.395286 0.577191 0.199318 153 0 76
0.340075 -0.654723 0.451874 76 0 153
-0.557239 -0.272332 0.578429 127 0 127
0.549028 -0.361088 0.300233 76 153 0
-0.285114 0.366268 -0.610588 204 51 127
-0.018138 -0.104539 -0.559258 153 76 0
0.224819 0.218270 0.611702 127 0 127
0.047224 0.120979 -0.546947 76 0 153
0.333129 -0.616226 -0.564005 153 76 0
0.163085 -0.217492 -0.572091 153 76 0
0.422128 -0.616226 0.264656 76 0 153
-0.563656 -0.011648 -0.554285 153 0 76
-0.512326 -0.463749 0.367283 153 0 76
0.549028 0.216098 0.458804 76 153 0
-0.497211 0.030705 0.573205 127 0 127
0.461496 -0.616226 0.280035 76 0 153
-0.536805 0.538693 0.546754 153 0 76
-0.514790 0.538694 0.406645 153 0 76
-0.533658 -0.226236 0.611702 127 0 127
0.565275 0.224646 0.573205 127 0 127
-0.486610 -0.124622 -0.559258 153 76 0
0.509137 0.392213 0.611702 127 0 127
0.343407 0.375801 -0.610588 0 0 255
-0.498184 0.577191 0.232726 153 0 76
-0.396300 0.538694 0.115447 153 0 76
0.600358 -0.128211 -0.333842 76 153 0
-0.512326 0.476969 -0.534063 153 0 76
0.600358 0.485698 -0.342228 76 153 0
0.600358 0.478024 -0.410824 76 153 0
-0.113407 0.577191 -0.247368 153 0 76
0.197497 0.031002 -0.572091 153 76 0
-0.416638 -0.364096 -0.610588 204 51 127
-0.401822 0.577191 -0.292280 153 0 76
0.047224 -0.002557 -0.112939 76 0 153
0.486211 -0.192903 -0.572091 0 0 255
0.368965 0.142587 -0.559258 153 76 0
0.047224 0.132511 -0.233252 76 0 153
0.498498 -0.409846 -0.572091 153 76 0
-0.500356 -0.654723 0.236401 76 0 153
-0.109493 -0.616226 0.069629 76 0 153
0.279561 -0.347016 0.611702 127 0 127
0.099128 0.538694 0.510111 153 0 76
0.426502 -0.167146 -0.610588 0 0 255
-0.439738 -0.103639 0.573205 127 0 127
0.047224 -0.441958 0.188903 76 0 153
0.549028 0.485195 -0.198922 76 153 0
-0.512326 -0.590497 0.023670 153 0 76
-0.563656 -0.307488 0.337257 153 0 76
-0.503800 -0.616226 -0.578253 204 51 127
-0.181300 -0.616226 -0.239795 76 0 153
0.600358 -0.344420 -0.480035 76 153 0
0.600358 -0.466057 -0.136535 76 153 0
-0.219104 -0.616226 0.451709 76 0 153
0.600358 -0.612183 -0.504126 76 153 0
0.549028 -0.255344 -0.209473 76 153 0
0.047224 0.341864 0.121463 76 0 153
0.047224 -0.270187 0.168467 76 0 153
0.549028 0.002235 0.409186 76 153 0
0.546196 -0.616226 -0.264736 76 0 153
-0.512326 0.154184 -0.546033 153 0 76
0.272911 -0.654723 -0.318595 76 0 153
0.549028 0.483861 -0.139384 76 153 0
0.378778 0.226217 -0.572091 0 0 255
0.526523 0.577191 0.320169 153 0 76
-0.330696 -0.323382 0.611702 127 0 127
-0.563656 -0.281162 -0.500306 153 0 76
0.467542 0.283835 0.611702 127 0 127
-0.563656 0.392146 0.337608 153 0 76
0.525948 0.538694 -0.313030 153 0 76
0.487184 -0.084830 -0.610588 0 0 255
0.549028 -0.361597 -0.588706 0 0 255
0.292653 0.538694 -0.075849 153 0 76
-0.563656 -0.496738 -0.411955 153 0 76
-0.091807 -0.604097 0.611702 127 0 127
0.549028 0.181668 0.471466 76 153 0
0.047224 -0.125625 -0.158134 76 0 153
-0.390013 -0.654723 -0.369965 76 0 153
-0.563656 -0.398121 -0.258795 153 0 76
0.600358 0.086025 0.512406 76 153 0
0.375217 0.577191 0.146970 153 0 76
-0.512326 -0.528951 0.129830 153 0 76
0.119117 0.471370 0.685454 0 127 127
0.284598 -0.654723 -0.496487 76 0 153
0.443193 0.127450 -0.572091 153 76 0
-0.118233 0.573983 0.592582 127 0 127
0.354956 0.538693 -0.588985 0 0 255
-0.072068 0.168734 -0.572091 153 76 0
0.413724 0.156422 0.573205 127 0 127
-0.076662 0.538694 -0.192498 153 0 76
-0.563656 -0.076794 0.338375 153 0 76
-0.004106 -0.165843 -0.034060 76 0 153
0.584753 -0.654723 -0.463269 76 0 153
-0.563656 -0.099888 0.281641 153 0 76
0.047224 -0.531320 0.143584 76 0 153
-0.252647 0.577191 0.162507 153 0 76
-0.004106 -0.497202 0.071867 76 0 153
-0.325403 -0.551361 0.573205 127 0 127
-0.347224 0.205818 -0.572091 204 51 127
-0.541950 -0.654723 0.148754 76 0 153
0.448394 0.001069 -0.559258 153 76 0
-0.004106 0.175841 -0.337997 76 0 153
-0.557129 0.114300 0.569996 153 0 76
0.549028 0.238445 -0.296614 76 153 0
-0.384515 0.385946 -0.572091 204 51 127
0.600358 -0.447827 -0.405750 76 153 0
-0.004106 -0.034796 -0.187574 76 0 153
0.009972 -0.534624 0.611702 127 0 127
-0.285469 0.361018 -0.572091 204 51 127
0.549028 0.292813 0.256434 76 153 0
0.047224 -0.324349 -0.236047 76 0 153
0.538517 0.362971 -0.572091 0 0 255
-0.004106 -0.501844 -0.144135 76 0 153
0.047224 -0.587561 -0.483290 76 0 153
-0.004106 -0.376335 0.047094 76 0 153
0.600358 -0.208352 0.531224 76 153 0
-0.183720 0.577191 -0.280175 153 0 76
-0.563656 0.275368 -0.527568 153 0 76
0.600358 0.174131 0.384010 76 153 0
-0.563656 0.494496 0.243170 153 0 76
0.600358 -0.493779 0.376788 76 153 0
0.362862 0.577191 0.465303 153 0 76
-0.004106 -0.282177 -0.442572 76 0 153
0.428813 0.254010 -0.559258 153 76 0
0.549028 -0.599985 -0.144641 76 153 0
0.354656 0.577191 -0.356096 153 0 76
0.356657 -0.616226 -0.179806 76 0 153
0.549028 0.159043 0.030516 76 153 0
-0.317871 -0.654723 -0.150716 76 0 153
-0.518872 0.538694 -0.034275 153 0 76
0.549028 -0.107212 0.542942 76 153 0
0.047224 -0.296552 0.457202 76 0 153
-0.035542 -0.654723 -0.008679 76 0 153
0.108612 -0.153919 0.573205 127 0 127
0.572607 0.538694 0.265702 153 0 76
-0.512326 0.521760 -0.342022 153 0 76
-0.004106 0.056394 0.192894 76 0 153
-0.144397 0.402432 0.611702 127 0 127
0.435044 0.184341 -0.610588 0 0 255
0.549028 -0.528054 -0.426166 76 153 0
-0.004106 0.219697 -0.462425 76 0 153
-0.004106 -0.072661 -0.373537 76 0 153
-0.105778 0.538694 0.349268 153 0 76
0.558809 0.538693 -0.160645 76 153 0
0.549028 -0.083756 -0.239555 76 153 0
0.600358 -0.466585 -0.201962 76 153 0
-0.512326 -0.489736 0.444458 153 0 76
-0.563656 0.150468 -0.284157 153 0 76
0.051285 0.164351 -0.572091 153 76 0
-0.512326 -0.272984 0.001599 153 0 76
-0.033946 -0.616226 0.367248 76 0 153
0.243699 -0.132109 0.573205 127 0 127
0.209592 -0.456564 0.573205 127 0 127
0.577776 -0.284203 0.573205 127 0 127
-0.004106 -0.545040 0.039821 76 0 153
0.047224 0.387847 0.546384 76 0 153
-0.392005 -0.097684 -0.559258 153 76 0
0.334600 0.474986 0.573205 127 0 127
-0.152947 0.577191 0.511863 153 0 76
0.592709 -0.528861 0.573205 127 0 127
-0.426052 -0.067459 -0.559258 153 76 0
0.180917 0.577191 0.538126 153 0 76
-0.563656 0.421580 0.232396 153 0 76
-0.309773 0.140276 -0.572091 204 51 127
0.600358 -0.573995 -0.353316 76 153 0
0.391498 0.577191 0.348400 153 0 76
0.494260 0.538694 -0.469611 153 0 76
0.596504 0.391922 0.573205 127 0 127
0.153713 -0.654723 -0.185297 76 0 153
0.047224 -0.615220 -0.154379 76 0 153
0.549028 -0.506755 -0.261900 76 153 0
0.459097 -0.616226 0.408461 76 0 153
0.019760 -0.595239 0.557164 76 0 153
0.469639 -0.276288 -0.572091 153 76 0
0.600358 0.376929 -0.186406 76 153 0
0.379421 -0.046524 -0.610588 0 0 255
-0.531789 0.227036 0.569996 153 0 76
-0.512326 -0.287341 0.390661 153 0 76
-0.215318 -0.654723 -0.229901 76 0 153
-0.557239 0.498161 0.592070 127 0 127
0.500235 0.538694 0.212603 153 0 76
0.175208 -0.616226 -0.484164 76 0 153
0.549028 0.403368 0.481994 76 153 0
0.600358 0.241816 0.268802 76 153 0
-0.557028 -0.616226 0.554803 153 0 76
0.075368 0.577191 -0.430486 153 0 76
0.549028 -0.491390 0.554482 76 153 0
0.047224 0.361666 0.367194 76 0 153
0.314116 0.308570 -0.572091 153 76 0
0.600358 0.019766 -0.213977 76 153 0
-0.512326 -0.090859 -0.552188 153 0 76
-0.176168 -0.654723 0.553515 76 0 153
0.014008 -0.654723 -0.604730 76 0 153
0.175042 -0.654723 -0.054011 76 0 153
0.181065 0.538694 -0.291433 153 0 76
-0.059746 0.391784 -0.559258 153 76 0
-0.563656 -0.520873 0.540255 153 0 76
-0.068617 -0.616226 -0.539244 76 0 153
-0.004106 -0.017274 0.077980 76 0 153
-0.563656 0.484649 0.414126 153 0 76
0.284916 -0.654723 -0.548052 76 0 153
-0.004106 0.380400 -0.310041 76 0 153
-0.362905 0.075002 -0.610588 204 51 127
-0.004106 0.463136 -0.521834 76 0 153
0.047224 0.183818 0.466464 76 0 153
-0.156364 0.538694 -0.369200 153 0 76
-0.492589 0.394234 0.611702 127 0 127
-0.527936 0.577191 -0.550960 153 0 76
0.549028 -0.095623 -0.208410 76 153 0
-0.563656 0.072250 -0.386995 153 0 76
-0.563656 0.441316 0.252586 153 0 76
0.301209 0.417768 0.611702 127 0 127
0.600358 -0.299200 0.015255 76 153 0
0.592437 -0.289749 0.611702 127 0 127
0.549028 0.063454 -0.512307 76 153 0
0.549028 -0.604154 0.256762 76 153 0
-0.512326 0.126933 0.477238 153 0 76
-0.512326 0.436677 0.445002 153 0 76
0.549028 0.473864 -0.440058 76 153 0
-0.445589 -0.616226 -0.476848 76 0 153
-0.563656 0.165287 0.426082 153 0 76
-0.490923 -0.439095 0.573205 127 0 127
-0.137694 0.090009 0.573205 127 0 127
-0.452344 -0.161874 0.573205 127 0 127
0.164182 -0.654723 -0.275117 76 0 153
-0.004106 0.381503 0.427565 76 0 153
-0.512326 -0.599146 -0.430767 153 0 76
-0.563656 0.246383 -0.262993 153 0 76
0.587682 0.276365 0.573205 127 0 127
0.440926 -0.360342 -0.572091 153 76 0
0.047224 0.146417 0.110892 76 0 153
0.600358 -0.201703 0.425524 76 153 0
0.325048 -0.616226 0.244920 76 0 153
-0.563656 0.496822 -0.516683 153 0 76
-0.153468 0.538694 0.226394 153 0 76
-0.378549 -0.307910 0.611702 127 0 127
0.600358 -0.087694 0.034182 76 153 0
0.549028 0.135671 0.477823 76 153 0
0.047224 -0.509581 0.415551 76 0 153
0.147368 0.538694 0.024433 153 0 76
-0.353097 -0.048950 0.573205 127 0 127
-0.248527 -0.112183 -0.559258 153 76 0
0.002161 0.577191 0.272379 153 0 76
-0.443228 0.383650 -0.610588 204 51 127
-0.563656 0.498348 -0.009924 153 0 76
0.549028 0.121251 0.047389 76 153 0
0.011301 0.289698 0.611702 127 0 127
0.503886 -0.334833 -0.610588 0 0 255
0.549028 0.123365 -0.003101 76 153 0
-0.563656 -0.492234 -0.093009 153 0 76
0.438764 0.006310 -0.610588 0 0 255
-0.563656 -0.184138 0.146009 153 0 76
-0.424118 -0.212407 -0.572091 204 51 127
0.093489 0.577191 -0.538107 153 0 76
-0.004106 -0.190542 0.367833 76 0 153
-0.055482 -0.414188 0.573205 127 0 127
-0.187487 -0.644020 -0.610588 76 0 153
-0.424987 0.538694 -0.275373 153 0 76
-0.563656 0.516171 0.124033 153 0 76
-0.505604 0.486900 0.573205 127 0 127
0.549028 -0.280865 0.348821 76 153 0
-0.270484 0.095171 0.611702 127 0 127
-0.512326 0.370437 0.142035 153 0 76
-0.071933 0.147197 0.611702 127 0 127
-0.375580 0.577191 0.325873 153 0 76
0.047224 -0.360476 -0.201518 76 0 153
0.464594 0.538694 -0.350081 153 0 76
0.549028 -0.223522 -0.400610 76 153 0
0.600358 0.085070 0.162066 76 153 0
-0.512326 0.244188 0.395745 153 0 76
-0.563656 0.062157 0.255382 153 0 76
0.019264 0.577191 0.353167 153 0 76
-0.004106 0.492080 0.379463 76 0 153
-0.403553 0.397851 0.611702 127 0 127
-0.112605 0.538694 0.263996 153 0 76
0.026977 -0.285668 0.573205 127 0 127
-0.563656 0.186978 0.311652 153 0 76
0.600358 0.156614 -0.121793 76 153 0
0.214861 0.573983 0.579906 127 0 127
0.047224 0.392336 0.162394 76 0 153
0.590648 -0.654723 0.012954 76 0 153
0.398209 0.538694 -0.046091 153 0 76
0.520172 -0.616226 -0.013819 76 0 153
0.095713 -0.136114 0.611702 127 0 127
0.065531 0.577191 0.473138 153 0 76
-0.512326 -0.262817 -0.388517 153 0 76
-0.563656 0.367825 -0.425027 153 0 76
0.600358 0.001796 -0.036677 76 153 0
0.549028 -0.125616 0.078041 76 153 0
-0.017731 0.538694 -0.197937 153 0 76
0.349470 -0.616226 -0.295259 76 0 153
0.401090 -0.654723 -0.502483 76 0 153
0.551449 -0.175789 0.569996 76 153 0
-0.563656 -0.230265 -0.481746 153 0 76
0.572757 0.242242 0.611702 127 0 127
0.163299 -0.616226 0.299699 76 0 153
0.269504 0.538694 0.466544 153 0 76
-0.512326 0.056873 -0.243933 153 0 76
-0.563656 0.480332 0.039765 153 0 76
-0.119829 0.538694 -0.136856 153 0 76
-0.004106 -0.602793 -0.267151 76 0 153
-0.240170 0.538694 -0.588441 153 0 76
0.557320 -0.540547 0.573205 127 0 127
-0.512326 0.108905 -0.464130 153 0 76
0.058427 -0.260193 -0.572091 153 76 0
-0.280981 0.538694 0.152740 153 0 76
-0.168105 0.577191 0.081910 153 0 76
0.473983 0.160850 0.573205 127 0 127
0.251220 0.559420 0.569996 153 0 76
-0.508894 0.538694 -0.519796 153 0 76
-0.321512 0.145837 0.573205 127 0 127
0.164593 -0.636019 0.611702 127 0 127
0.034538 0.538694 0.237642 153 0 76
0.376234 0.351869 -0.610588 0 0 255
0.155128 -0.631149 -0.610588 76 0 153
0.580626 -0.068505 0.611702 127 0 127
0.600358 -0.191897 -0.367925 76 153 0
0.292379 -0.173308 -0.583167 0 0 255
-0.335642 0.117563 -0.572091 204 51 127
-0.489517 0.489707 -0.572091 153 76 0
-0.506146 0.033126 -0.559258 153 76 0
-0.004106 -0.491669 -0.215555 76 0 153
-0.255276 0.538694 0.415999 153 0 76
0.106816 -0.420097 -0.559258 153 76 0
-0.395375 -0.603711 -0.572091 153 76 0
0.592670 0.577191 0.174831 153 0 76
0.590633 -0.654723 0.124638 76 0 153
0.077521 -0.654723 0.566774 76 0 153
0.600358 0.091274 0.411245 76 153 0
-0.362237 0.577191 -0.266411 153 0 76
-0.563656 -0.540818 -0.315910 153 0 76
-0.004106 0.333972 0.538328 76 0 153
0.241734 -0.546643 0.611702 127 0 127
-0.563656 -0.112213 -0.014935 153 0 76
0.549028 -0.385670 -0.607001 0 0 255
-0.344492 0.183721 0.611702 127 0 127
-0.180382 0.538694 -0.241950 153 0 76
0.380618 0.538693 -0.606419 0 0 255
0.480398 0.577191 0.369357 153 0 76
-0.390739 -0.352482 -0.572091 204 51 127
0.234343 0.577191 0.130976 153 0 76
0.345570 -0.081373 -0.559258 153 76 0
0.324378 0.125631 0.611702 127 0 127
-0.287947 0.577191 0.198759 153 0 76
0.524721 -0.616226 -0.309169 76 0 153
-0.512326 -0.355197 -0.530966 153 0 76
0.482163 -0.024906 0.611702 127 0 127
-0.512326 0.293857 0.317244 153 0 76
-0.347662 0.447574 -0.610588 204 51 127
0.549028 0.150836 -0.078351 76 153 0
0.600358 0.283768 0.422390 76 153 0
0.549028 0.253071 0.209312 76 153 0
-0.563656 -0.081924 0.034499 153 0 76
-0.004106 -0.231887 -0.219851 76 0 153
0.374760 -0.334954 -0.559258 153 76 0
-0.004106 -0.399584 0.093982 76 0 153
0.047224 0.460249 -0.019954 76 0 153
0.510084 0.577191 -0.019321 153 0 76
