ply
format ascii 1.0
element vertex 10000
property float x
property float y
property float z
property uchar red
property uchar green
property uchar blue
end_header
-0.047409 -0.648443 0.569996 127 0 127
0.583463 0.575279 -0.610588 153 0 76
-0.554049 0.577191 0.182312 153 0 76
-0.557500 -0.460552 -0.610588 153 0 76
0.592208 0.417513 0.611702 127 0 127
0.599849 -0.654723 -0.425337 76 0 153
0.047224 -0.017501 -0.113730 76 0 153
-0.275439 0.573758 -0.610588 153 0 76
-0.551625 -0.067467 0.611702 127 0 127
0.600358 -0.303611 0.341676 76 153 0
-0.563656 -0.555939 0.092549 153 0 76
-0.088812 0.478388 0.680355 0 127 127
0.320979 0.577191 0.011245 153 0 76
-0.027423 -0.654723 -0.265710 76 0 153
-0.563656 0.095381 -0.285465 153 0 76
0.448899 -0.061152 -0.610588 0 0 255
0.098667 -0.076523 0.573205 127 0 127
0.600358 0.092138 -0.075573 76 153 0
-0.090637 -0.228740 -0.572091 153 76 0
-0.557239 -0.587281 0.609158 127 0 127
0.280705 -0.654723 0.148594 76 0 153
-0.158126 0.577191 -0.120395 153 0 76
0.161076 0.331125 -0.559258 153 76 0
-0.004106 0.275058 0.259012 76 0 153
0.425195 -0.649134 0.611702 127 0 127
-0.512326 -0.080310 0.145969 153 0 76
-0.547245 0.405983 0.611702 127 0 127
0.549028 -0.347050 -0.111179 76 153 0
-0.004106 -0.320012 0.199473 76 0 153
-0.563656 0.548346 -0.270989 153 0 76
0.222113 -0.617899 -0.610588 76 0 153
-0.292612 0.136775 -0.610588 204 51 127
0.515550 0.005440 0.611702 127 0 127
0.227194 0.577191 0.430725 153 0 76
-0.446203 -0.654723 -0.277951 76 0 153
0.600358 0.366962 0.215391 76 153 0
-0.234609 -0.297620 0.573205 127 0 127
0.600358 0.453216 -0.231714 76 153 0
-0.212388 -0.654723 -0.608919 76 0 153
-0.512326 -0.282701 -0.186109 153 0 76
-0.205702 -0.654723 0.202599 76 0 153
-0.230960 0.136666 0.573205 127 0 127
-0.203781 0.577191 0.340055 153 0 76
0.225174 0.264093 0.611702 127 0 127
-0.563656 -0.100910 -0.589038 153 0 76
-0.563656 0.366558 -0.604913 153 0 76
-0.512326 0.244408 0.297061 153 0 76
0.160141 0.577191 -0.305221 153 0 76
0.600358 0.237068 -0.506613 76 153 0
0.336215 -0.654723 -0.196533 76 0 153
0.600358 -0.643607 0.292391 76 0 153
0.549028 0.025359 0.259753 76 153 0
-0.512326 -0.350228 0.366232 153 0 76
0.600358 -0.367258 -0.610048 76 153 0
-0.004106 0.285027 -0.256802 76 0 153
0.047224 -0.322019 -0.260207 76 0 153
0.195848 -0.401322 0.611702 127 0 127
-0.512326 0.323943 -0.028364 153 0 76
0.047224 0.045335 -0.468517 76 0 153
0.231954 -0.302397 -0.559258 153 76 0
0.600358 -0.129107 -0.344166 76 153 0
0.600358 -0.654207 -0.030291 76 0 153
0.042161 0.577191 0.150116 153 0 76
0.047224 -0.026287 0.268622 76 0 153
0.477707 -0.291080 0.611702 127 0 127
0.047224 -0.531989 -0.000964 76 0 153
0.014780 0.577191 -0.597511 153 0 76
-0.460703 -0.654723 0.346591 76 0 153
0.299438 0.577191 -0.593780 153 0 76
0.511177 0.577191 0.384052 153 0 76
0.192857 -0.654723 0.419196 76 0 153
-0.004106 -0.486926 -0.492321 76 0 153
-0.248419 -0.654723 -0.077719 76 0 153
0.594343 0.577191 0.012370 153 0 76
-0.332663 0.573983 0.592537 127 0 127
-0.111767 0.335937 -0.572091 153 76 0
0.047224 0.346811 0.002921 76 0 153
-0.355375 -0.276463 -0.559258 153 76 0
0.600358 -0.161773 0.074296 76 153 0
0.600358 0.206312 0.448853 76 153 0
-0.415330 0.577191 -0.045117 153 0 76
-0.292742 -0.554436 0.611702 127 0 127
-0.141899 0.538694 -0.386523 153 0 76
-0.004106 -0.421620 0.448290 76 0 153
0.368771 0.186109 -0.610588 0 0 255
0.600358 -0.443468 0.124503 76 153 0
0.047224 0.400207 0.478137 76 0 153
0.600358 -0.412777 -0.351539 76 153 0
0.600358 -0.491378 0.522543 76 153 0
0.404607 0.577191 -0.358918 153 0 76
-0.481326 -0.312692 0.611702 127 0 127
-0.512326 0.169034 0.540243 153 0 76
-0.004106 0.124503 0.468588 76 0 153
-0.542262 0.577191 0.432439 153 0 76
-0.563656 0.079396 -0.035181 153 0 76
0.393960 0.568120 0.611702 127 0 127
-0.563656 -0.304271 0.052797 153 0 76
0.549028 0.334800 -0.026120 76 153 0
-0.563656 -0.004962 0.378052 153 0 76
-0.563656 -0.450735 -0.352644 153 0 76
0.045660 -0.654723 0.207519 76 0 153
-0.563656 0.323439 -0.363692 153 0 76
-0.004106 -0.242531 -0.038815 76 0 153
0.460323 -0.587927 -0.610588 0 0 255
-0.563656 0.142344 -0.521312 153 0 76
-0.494001 0.577191 -0.497624 153 0 76
-0.142237 -0.081331 0.611702 127 0 127
-0.218609 0.538694 0.106072 153 0 76
0.047224 0.124723 0.083373 76 0 153
0.549028 0.201876 -0.278022 76 153 0
-0.430063 -0.654723 -0.518260 76 0 153
0.180963 -0.616226 -0.369288 76 0 153
-0.235518 -0.616226 -0.378769 76 0 153
-0.563656 -0.127115 -0.356410 153 0 76
0.089358 0.577191 -0.078109 153 0 76
0.179680 0.482017 0.671971 0 127 127
-0.339023 0.353963 -0.559258 153 76 0
-0.332155 0.340794 0.573205 127 0 127
0.289127 0.047388 0.573205 127 0 127
-0.334440 0.577191 -0.263458 153 0 76
0.212721 -0.070124 -0.572091 153 76 0
0.440140 0.400836 -0.572091 0 0 255
-0.563656 -0.494799 -0.126667 153 0 76
0.345508 0.538694 0.232516 153 0 76
-0.004106 -0.200588 0.413361 76 0 153
-0.253722 -0.078297 -0.559258 153 76 0
0.451441 0.226963 0.611702 127 0 127
-0.004106 -0.114632 -0.311671 76 0 153
0.600358 -0.102206 0.431086 76 153 0
-0.227298 -0.654723 0.420275 76 0 153
-0.200870 -0.436640 -0.572091 153 76 0
0.298529 -0.174680 0.573205 127 0 127
0.401092 -0.616226 0.373566 76 0 153
0.549028 -0.109896 -0.135026 76 153 0
-0.005874 -0.282054 0.611702 127 0 127
0.385610 -0.654723 -0.421465 76 0 153
0.549028 -0.579571 -0.223935 76 153 0
-0.067038 0.278211 0.611702 127 0 127
0.047224 0.439487 -0.417402 76 0 153
0.600358 0.443587 -0.440653 76 153 0
0.549028 0.170281 0.109939 76 153 0
-0.563656 -0.286536 -0.489543 153 0 76
-0.381313 -0.654723 0.092252 76 0 153
-0.063954 0.577191 0.499774 153 0 76
0.549028 0.039626 -0.453097 76 153 0
-0.343351 -0.051556 0.573205 127 0 127
-0.512326 -0.120958 -0.054818 153 0 76
0.423993 0.538694 -0.158417 153 0 76
0.429577 -0.261026 -0.559258 153 76 0
0.130058 -0.654723 -0.139629 76 0 153
0.161556 -0.605046 0.611702 127 0 127
-0.563656 0.378307 0.157272 153 0 76
0.018893 -0.654723 -0.598566 76 0 153
-0.114016 -0.454353 0.611702 127 0 127
-0.004106 -0.085392 0.085146 76 0 153
0.475305 -0.616226 0.119364 76 0 153
-0.099182 0.136595 -0.572091 153 76 0
0.600358 0.404046 0.412983 76 153 0
-0.563656 0.107696 0.166373 153 0 76
-0.004106 0.090159 -0.276557 76 0 153
-0.367513 0.538694 0.242062 153 0 76
0.600358 0.567716 0.206676 153 0 76
-0.004106 0.487168 -0.236123 76 0 153
0.600358 -0.165728 -0.548879 76 153 0
0.389182 -0.462841 0.573205 127 0 127
-0.042789 -0.616226 0.377898 76 0 153
-0.004106 0.509540 0.324464 76 0 153
0.047224 -0.295229 -0.450314 76 0 153
-0.563656 -0.200525 0.474853 153 0 76
-0.467976 -0.654723 -0.085071 76 0 153
0.186630 0.138606 -0.559258 153 76 0
0.047224 0.176266 -0.110151 76 0 153
-0.004106 -0.488146 -0.180927 76 0 153
-0.090863 -0.654723 0.035138 76 0 153
0.326667 -0.463309 -0.572091 153 76 0
0.047224 0.228667 -0.436457 76 0 153
0.356576 0.389370 0.573205 127 0 127
-0.512326 0.392100 0.409236 153 0 76
0.107958 0.102147 0.611702 127 0 127
-0.383082 -0.480030 -0.559258 204 51 127
-0.070892 -0.047523 -0.572091 153 76 0
-0.418037 0.007415 -0.572091 204 51 127
0.047224 -0.482176 0.265863 76 0 153
-0.563656 -0.496763 0.264503 153 0 76
-0.512326 0.249501 -0.193973 153 0 76
-0.563656 -0.233805 0.236937 153 0 76
0.348412 -0.616226 -0.020681 76 0 153
-0.563656 -0.503201 0.446767 153 0 76
0.600358 -0.160910 0.607327 127 0 127
0.549028 -0.471047 0.305837 76 153 0
0.600358 0.023491 -0.242337 76 153 0
-0.563656 0.491137 -0.092174 153 0 76
-0.327464 0.538694 -0.436519 153 0 76
0.600358 -0.144199 0.257640 76 153 0
0.247058 0.538694 -0.150048 153 0 76
0.156142 0.577191 -0.489926 153 0 76
-0.365083 0.538694 0.422579 153 0 76
0.549711 -0.654723 0.460826 76 0 153
-0.066370 -0.654723 -0.444614 76 0 153
0.568165 0.577191 0.548184 153 0 76
0.600358 0.203458 0.272763 76 153 0
0.595100 0.095173 -0.610588 76 153 0
-0.505373 0.573983 0.601806 127 0 127
0.154076 -0.461676 -0.572091 153 76 0
-0.441117 0.224200 -0.610588 204 51 127
0.100692 0.577191 0.548856 153 0 76
-0.411035 -0.654723 0.538824 76 0 153
0.549028 0.001529 0.073926 76 153 0
0.081035 -0.179067 -0.572091 153 76 0
-0.563656 -0.628642 -0.399116 76 0 153
0.179402 0.577191 0.266852 153 0 76
-0.056065 0.538694 0.016855 153 0 76
0.600358 -0.511972 -0.517193 76 153 0
-0.004106 0.415097 0.157060 76 0 153
0.600358 -0.271378 -0.253527 76 153 0
0.549028 -0.493541 -0.027987 76 153 0
-0.512326 -0.047416 -0.205556 153 0 76
0.577610 0.577191 -0.341543 153 0 76
0.549028 -0.268255 -0.427588 76 153 0
-0.214112 0.459610 0.573205 127 0 127
0.549028 -0.295035 0.177050 76 153 0
0.047224 -0.374014 0.051834 76 0 153
-0.129847 0.501893 -0.572091 153 76 0
0.596845 0.366437 -0.610588 76 153 0
-0.512326 0.018682 -0.425284 153 0 76
-0.079093 0.070734 0.611702 127 0 127
0.175832 -0.654723 0.021787 76 0 153
0.048291 -0.487078 0.611702 127 0 127
0.047224 -0.466767 -0.338439 76 0 153
0.452541 0.538694 0.099175 153 0 76
-0.187275 -0.616226 -0.223315 76 0 153
-0.441259 -0.465230 0.573205 127 0 127
0.154241 -0.244686 0.611702 127 0 127
-0.417174 0.490356 -0.610588 204 51 127
0.450263 0.577191 -0.513690 153 0 76
-0.415240 0.467351 0.682602 0 127 127
0.600358 0.142546 0.606921 127 0 127
0.047224 0.128731 0.313106 76 0 153
-0.004106 -0.040931 0.435081 76 0 153
0.196838 0.538694 0.105636 153 0 76
0.595882 -0.626548 0.611702 127 0 127
-0.562009 -0.654723 -0.608625 76 0 153
0.549028 0.047661 0.448221 76 153 0
-0.391614 0.094687 0.611702 127 0 127
0.336080 0.039833 -0.559258 153 76 0
0.023754 0.415628 -0.572091 153 76 0
-0.551773 -0.654723 0.214063 76 0 153
-0.512326 0.491870 0.057309 153 0 76
0.600358 -0.334425 0.495560 76 153 0
-0.512326 0.404848 -0.211388 153 0 76
0.375798 0.538694 0.455456 153 0 76
-0.004106 -0.176181 0.260087 76 0 153
0.312391 -0.616226 0.509781 76 0 153
-0.102473 0.577191 0.205157 153 0 76
-0.512326 -0.376614 0.182711 153 0 76
0.600358 0.300688 -0.167288 76 153 0
0.047224 -0.179770 -0.169589 76 0 153
0.292379 0.414635 -0.610080 0 0 255
-0.512326 -0.292600 -0.345373 153 0 76
0.600358 -0.648150 -0.596041 76 0 153
0.327074 -0.320070 0.611702 127 0 127
-0.371296 -0.213492 0.573205 127 0 127
-0.411706 -0.143947 -0.610588 204 51 127
-0.056426 -0.654723 -0.115772 76 0 153
-0.512326 0.238238 0.106645 153 0 76
0.182079 -0.616226 0.272143 76 0 153
-0.563656 0.445742 -0.465694 153 0 76
-0.550680 -0.654723 0.468921 76 0 153
0.085033 0.321974 0.611702 127 0 127
0.549028 0.349567 -0.334181 76 153 0
-0.004106 0.264946 0.409645 76 0 153
-0.563656 0.146062 0.399257 153 0 76
-0.329889 -0.616226 0.282899 76 0 153
0.002204 0.577191 -0.367982 153 0 76
0.569023 0.577191 -0.152084 153 0 76
-0.363405 0.577191 0.095767 153 0 76
-0.016673 -0.359170 -0.572091 153 76 0
0.443023 -0.120015 0.573205 127 0 127
0.325181 -0.166830 -0.610588 0 0 255
-0.004106 0.374256 -0.134827 76 0 153
-0.563656 0.487179 0.306889 153 0 76
-0.512326 -0.514057 -0.479318 153 0 76
-0.512326 -0.442697 0.010876 153 0 76
0.472067 -0.433831 -0.572091 0 0 255
0.047224 -0.358545 -0.114942 76 0 153
-0.107011 -0.556202 -0.572091 153 76 0
0.478775 -0.654723 -0.118306 76 0 153
-0.004106 -0.128798 -0.457929 76 0 153
0.549028 -0.306036 0.029798 76 153 0
0.047224 -0.565463 0.487733 76 0 153
-0.272601 0.538694 -0.030211 153 0 76
0.600358 0.454122 0.091580 76 153 0
0.294336 0.538694 -0.447280 153 0 76
-0.446963 0.577191 -0.357094 153 0 76
-0.224897 0.577191 0.484536 153 0 76
-0.563092 0.516536 -0.610588 153 0 76
0.047224 -0.221884 0.095739 76 0 153
-0.004106 0.268061 0.113474 76 0 153
0.047224 -0.317704 0.345289 76 0 153
-0.235314 -0.616226 0.066235 76 0 153
-0.512326 0.191187 -0.391347 153 0 76
-0.331101 -0.616226 -0.200132 76 0 153
-0.563656 -0.651365 -0.192785 76 0 153
-0.512326 -0.115499 0.301816 153 0 76
0.038919 0.463670 0.611702 127 0 127
0.248583 0.573983 0.585870 127 0 127
-0.004106 -0.539334 0.132837 76 0 153
0.007716 0.253431 -0.572091 153 76 0
-0.563656 0.298371 0.506555 153 0 76
-0.490679 -0.334689 -0.610588 204 51 127
0.578440 0.281164 0.573205 127 0 127
0.119028 -0.654723 -0.497536 76 0 153
-0.563656 -0.376148 0.510542 153 0 76
-0.315144 -0.412802 0.611702 127 0 127
-0.203553 0.280911 0.573205 127 0 127
0.600358 -0.445523 -0.213825 76 153 0
0.600358 0.450676 -0.090517 76 153 0
-0.191099 -0.651515 0.598366 127 0 127
-0.193157 0.577191 -0.260861 153 0 76
-0.023513 -0.147766 0.573205 127 0 127
-0.512326 0.288365 -0.492659 153 0 76
-0.512326 0.017597 0.506696 153 0 76
0.464412 0.095578 -0.559258 153 76 0
-0.449142 0.275115 0.611702 127 0 127
0.435310 -0.616226 -0.296941 76 0 153
0.478759 0.267206 -0.572091 0 0 255
0.600358 -0.576998 0.170738 76 153 0
-0.217615 -0.291194 -0.559258 153 76 0
0.397451 -0.654723 0.240552 76 0 153
-0.375587 -0.616226 -0.390575 76 0 153
0.297945 0.538694 -0.278433 153 0 76
-0.217989 0.248991 -0.559258 153 76 0
0.047224 -0.594231 -0.395409 76 0 153
0.348045 -0.654723 -0.567865 76 0 153
-0.475299 0.577191 -0.170171 153 0 76
0.594780 -0.043642 -0.610588 76 153 0
0.549028 0.466177 0.302328 76 153 0
0.270511 -0.523068 0.611702 127 0 127
0.513868 -0.424171 0.611702 127 0 127
-0.512326 0.092543 -0.160298 153 0 76
0.549028 0.305260 0.106400 76 153 0
-0.246382 -0.168763 0.611702 127 0 127
0.600358 -0.227469 -0.075606 76 153 0
0.078084 -0.035245 -0.572091 153 76 0
-0.512326 -0.410480 -0.228805 153 0 76
0.600358 0.210760 -0.007803 76 153 0
0.063153 0.577191 0.419380 153 0 76
0.047224 -0.301278 0.489682 76 0 153
-0.081077 -0.654723 0.252636 76 0 153
0.549028 -0.534290 -0.376652 76 153 0
0.452379 0.577191 -0.029264 153 0 76
0.215290 -0.616226 -0.239577 76 0 153
-0.332049 -0.592483 -0.610588 204 51 127
-0.563656 0.031172 -0.606446 153 0 76
0.193729 0.393883 0.573205 127 0 127
-0.004106 0.078737 -0.030234 76 0 153
0.549028 0.315265 0.328528 76 153 0
0.600358 0.164315 -0.395545 76 153 0
0.409318 0.088047 0.611702 127 0 127
-0.563656 -0.168732 0.061655 153 0 76
0.175970 0.462541 -0.559258 153 76 0
0.043595 -0.654723 0.048000 76 0 153
0.228277 -0.069623 0.611702 127 0 127
-0.465188 0.577191 0.322248 153 0 76
0.297762 0.292931 -0.559258 153 76 0
0.600358 0.569432 -0.479895 153 0 76
0.549028 -0.396285 -0.471695 76 153 0
0.047224 0.386147 0.347265 76 0 153
-0.512326 -0.150517 -0.478889 153 0 76
-0.563656 -0.004681 0.246994 153 0 76
-0.209784 0.577191 -0.497502 153 0 76
0.320137 0.175651 0.573205 127 0 127
-0.284674 0.474740 0.683006 0 127 127
0.549028 -0.222475 0.432370 76 153 0
-0.512326 -0.337639 -0.066985 153 0 76
-0.556976 -0.197896 0.611702 127 0 127
-0.512326 -0.539980 -0.243489 153 0 76
-0.255677 0.440442 -0.609027 204 51 127
0.264385 -0.654723 -0.468359 76 0 153
-0.286660 -0.654723 -0.502282 76 0 153
-0.198283 0.039214 -0.559258 153 76 0
0.600358 -0.033185 -0.041801 76 153 0
0.047224 0.224135 0.535290 76 0 153
-0.123358 -0.230975 0.573205 127 0 127
0.077796 -0.654723 0.350569 76 0 153
-0.029353 0.538694 -0.120104 153 0 76
-0.343132 0.208145 0.573205 127 0 127
0.049714 0.121986 -0.572091 153 76 0
0.248196 -0.616226 -0.101493 76 0 153
-0.045856 0.538694 -0.481768 153 0 76
-0.563656 -0.165528 -0.173890 153 0 76
-0.360902 -0.616226 0.417735 76 0 153
-0.091370 0.407565 0.573205 127 0 127
0.472504 0.463842 0.611702 127 0 127
-0.563656 -0.023208 0.041407 153 0 76
0.600358 -0.549744 0.392743 76 153 0
0.495673 -0.549661 0.573205 127 0 127
-0.004106 0.045743 0.169612 76 0 153
-0.512326 0.194192 -0.013103 153 0 76
0.499040 -0.654723 -0.509303 76 0 153
-0.004106 -0.112374 -0.046397 76 0 153
-0.512326 0.437158 -0.339260 153 0 76
-0.507024 -0.654723 0.036344 76 0 153
-0.512326 0.104626 0.290790 153 0 76
-0.563656 0.359692 0.286270 153 0 76
0.092975 -0.616226 -0.278335 76 0 153
0.047224 0.474205 -0.017288 76 0 153
0.299932 -0.654723 -0.328849 76 0 153
-0.004106 -0.234667 -0.352395 76 0 153
0.194793 0.538694 -0.020901 153 0 76
-0.217813 0.011470 0.573205 127 0 127
-0.175700 0.573983 0.608403 127 0 127
-0.347939 0.538694 -0.144713 153 0 76
-0.432875 -0.616226 0.203466 76 0 153
0.081705 0.577191 -0.203212 153 0 76
0.022661 0.021816 0.557164 127 0 127
0.549028 0.174763 -0.154016 76 153 0
0.485594 0.577191 0.261792 153 0 76
0.345992 -0.338164 -0.610588 0 0 255
-0.563656 -0.233655 -0.605689 153 0 76
-0.563656 0.461829 0.501442 153 0 76
-0.563656 0.550752 -0.395550 153 0 76
0.047224 0.181812 0.193717 76 0 153
-0.306689 -0.384545 -0.610588 204 51 127
0.047224 -0.018588 -0.246125 76 0 153
0.047224 0.390790 -0.295907 76 0 153
0.549028 -0.084213 -0.453437 76 153 0
0.104319 -0.333573 -0.572091 153 76 0
-0.004106 0.208221 -0.002369 76 0 153
0.600358 0.102333 0.350113 76 153 0
-0.552052 0.068588 0.611702 127 0 127
0.481110 0.577191 -0.262454 153 0 76
-0.563656 0.235577 -0.607344 153 0 76
-0.452804 -0.568764 -0.610588 204 51 127
-0.557239 -0.448745 0.610266 127 0 127
-0.286846 -0.188487 -0.610588 204 51 127
0.282069 -0.654723 0.334991 76 0 153
-0.252780 0.577191 0.224730 153 0 76
0.155266 -0.654723 0.153621 76 0 153
0.600358 -0.053369 0.176294 76 153 0
-0.004106 0.337296 -0.459506 76 0 153
0.549028 -0.431044 0.430007 76 153 0
-0.512326 -0.094042 0.446775 153 0 76
-0.449544 -0.120711 0.573205 127 0 127
-0.512326 -0.229857 0.351156 153 0 76
-0.563656 -0.586604 0.358731 153 0 76
0.463784 -0.654723 0.005242 76 0 153
0.600358 -0.029882 0.527995 76 153 0
0.544792 -0.253569 -0.610588 0 0 255
0.598051 -0.301543 0.611702 127 0 127
0.316808 0.538694 0.350150 153 0 76
0.549028 0.465772 -0.561728 153 76 0
-0.512326 -0.394090 -0.467850 153 0 76
-0.364206 -0.616226 -0.020656 76 0 153
0.163890 0.570856 -0.610588 153 0 76
-0.134773 -0.616226 0.493562 76 0 153
0.597641 -0.654723 -0.305001 76 0 153
0.047224 0.192712 -0.313969 76 0 153
-0.004106 0.007062 -0.363024 76 0 153
0.409954 0.519240 -0.610588 0 0 255
0.600358 -0.389402 0.234838 76 153 0
-0.130407 -0.654723 -0.336277 76 0 153
-0.375561 0.577191 -0.539521 153 0 76
0.479000 0.343395 0.611702 127 0 127
0.349572 -0.048329 0.611702 127 0 127
-0.004106 -0.358352 -0.362931 76 0 153
0.549028 -0.016625 -0.342294 76 153 0
-0.426216 0.421315 0.573205 127 0 127
0.098551 0.577191 0.045412 153 0 76
-0.563656 -0.226418 -0.072220 153 0 76
-0.181718 -0.616226 0.312081 76 0 153
0.432772 -0.654723 0.481038 76 0 153
0.047224 -0.517327 0.379531 76 0 153
0.549028 -0.165052 -0.244429 76 153 0
0.549028 0.468729 0.506837 76 153 0
-0.029148 0.567946 0.611702 127 0 127
-0.475534 0.111785 -0.610588 204 51 127
-0.458657 0.392930 -0.559258 204 51 127
-0.172460 -0.616226 -0.477674 76 0 153
-0.561024 0.577191 -0.012673 153 0 76
-0.563656 -0.018094 -0.099773 153 0 76
-0.563656 -0.014625 -0.323519 153 0 76
0.047224 -0.420884 0.167052 76 0 153
-0.095273 -0.345652 0.573205 127 0 127
-0.236528 -0.550746 -0.559258 153 76 0
-0.004106 0.126173 -0.402806 76 0 153
0.222717 -0.186820 -0.559258 153 76 0
-0.126654 0.176316 0.611702 127 0 127
0.549028 0.334677 -0.472119 76 153 0
-0.442269 0.538694 0.511884 153 0 76
0.600358 0.096351 0.182032 76 153 0
0.319591 0.538694 0.119915 153 0 76
0.597919 -0.654723 -0.145543 76 0 153
0.344443 0.281561 0.611702 127 0 127
0.600358 -0.522298 -0.128106 76 153 0
0.090188 -0.556378 -0.559258 153 76 0
-0.563656 -0.597920 -0.056320 153 0 76
-0.004106 0.085322 -0.157595 76 0 153
-0.004106 -0.436828 -0.048674 76 0 153
-0.181028 -0.540184 0.573205 127 0 127
0.047224 -0.105913 0.350785 76 0 153
-0.563656 0.218180 -0.291236 153 0 76
0.600358 -0.013944 0.358395 76 153 0
0.075727 -0.654723 0.553160 76 0 153
0.009261 -0.388544 0.557164 76 0 153
0.000300 0.152636 0.611702 127 0 127
0.208705 0.151329 0.573205 127 0 127
-0.079444 0.577191 0.386976 153 0 76
-0.563656 0.269763 0.395179 153 0 76
-0.335159 0.237738 -0.572091 204 51 127
-0.164702 0.577191 0.014103 153 0 76
0.065866 0.577191 0.266411 153 0 76
0.047224 -0.580460 -0.118324 76 0 153
-0.065366 0.577191 -0.267245 153 0 76
-0.512326 0.112271 0.065586 153 0 76
-0.444580 -0.574897 0.611702 127 0 127
0.489767 -0.159579 -0.572091 153 76 0
-0.151069 -0.126017 -0.559258 153 76 0
0.277736 -0.649622 0.611702 127 0 127
-0.295593 0.012763 -0.610588 204 51 127
-0.459406 -0.232004 -0.559258 153 76 0
0.490315 -0.654723 0.313076 76 0 153
-0.275063 -0.616226 0.519351 76 0 153
0.600358 0.516503 0.416132 76 153 0
0.549028 0.310042 0.447341 76 153 0
-0.091053 -0.616226 0.140820 76 0 153
0.600358 -0.547469 0.056096 76 153 0
-0.512326 -0.193143 -0.281609 153 0 76
-0.311316 -0.654723 -0.303495 76 0 153
0.574833 -0.654723 0.086173 76 0 153
0.549028 0.015230 -0.143483 76 153 0
0.494619 0.538694 -0.418810 153 0 76
0.378153 -0.654723 0.079719 76 0 153
-0.439853 -0.011313 0.611702 127 0 127
-0.004106 0.183896 -0.210457 76 0 153
-0.512326 0.462979 0.207909 153 0 76
0.047224 0.002948 0.032888 76 0 153
0.461860 0.577191 0.515786 153 0 76
0.549028 0.460618 -0.332044 76 153 0
-0.004106 -0.543908 -0.277448 76 0 153
0.600358 0.104704 0.036798 76 153 0
0.315866 0.489541 0.611702 127 0 127
-0.004106 0.037121 0.356573 76 0 153
0.119934 0.228397 -0.559258 153 76 0
-0.090142 -0.447795 -0.559258 153 76 0
0.575117 0.209866 -0.610588 76 153 0
0.388190 -0.226204 0.611702 127 0 127
0.549028 -0.130511 -0.026708 76 153 0
-0.253683 0.577191 -0.364294 153 0 76
-0.563656 0.175168 -0.108539 153 0 76
0.110050 0.538694 -0.395175 153 0 76
0.047224 -0.138722 0.167593 76 0 153
-0.557239 0.256076 0.611178 127 0 127
-0.512326 -0.232609 0.134655 153 0 76
-0.306261 -0.616226 0.175743 76 0 153
0.173357 0.023034 0.573205 127 0 127
0.600358 -0.388493 -0.020412 76 153 0
-0.563656 0.329919 -0.141113 153 0 76
0.047224 0.447708 0.247544 76 0 153
0.549028 0.091717 -0.331475 76 153 0
0.542312 -0.516336 -0.610588 76 153 0
-0.550471 -0.616226 -0.506415 153 0 76
-0.512326 -0.471806 0.356537 153 0 76
-0.563656 0.266234 0.197746 153 0 76
-0.004106 -0.413168 0.331573 76 0 153
-0.311812 0.577191 0.334603 153 0 76
-0.004106 -0.584169 0.280423 76 0 153
-0.004106 -0.595484 -0.511191 76 0 153
0.600358 0.121809 -0.500816 76 153 0
-0.512326 -0.038524 -0.516815 153 0 76
-0.563656 0.420156 -0.004905 153 0 76
-0.150654 -0.616226 -0.046009 76 0 153
0.114218 -0.337188 0.573205 127 0 127
0.166595 0.027411 -0.572091 153 76 0
0.047224 0.299509 -0.353390 76 0 153
0.343883 0.577191 -0.097353 153 0 76
-0.356362 -0.320938 0.573205 127 0 127
0.047224 0.281687 -0.154554 76 0 153
-0.322557 0.468693 0.573205 127 0 127
-0.203931 -0.409752 0.573205 127 0 127
0.047224 -0.128421 0.494365 76 0 153
0.169325 -0.497765 0.573205 127 0 127
-0.563656 -0.390903 0.281429 153 0 76
0.498716 -0.654723 -0.390202 76 0 153
0.549028 0.457398 0.191434 76 153 0
-0.045972 -0.536950 0.611702 127 0 127
-0.385958 0.140560 -0.559258 204 51 127
0.549028 0.260102 -0.392060 76 153 0
0.549028 0.138459 0.512848 76 153 0
-0.121191 -0.334234 -0.572091 153 76 0
0.549028 -0.178723 0.165886 76 153 0
-0.563656 -0.460321 0.138675 153 0 76
-0.401788 -0.375600 -0.559258 153 76 0
0.600358 -0.284696 -0.525756 76 153 0
0.326890 -0.065054 -0.572091 153 76 0
-0.004106 0.492854 0.474901 76 0 153
0.549028 0.266428 0.205131 76 153 0
-0.018448 -0.143449 -0.572091 153 76 0
-0.092388 -0.654723 -0.607157 76 0 153
0.147936 0.538694 0.359945 153 0 76
0.600358 -0.176806 -0.438096 76 153 0
-0.447304 0.538694 0.173440 153 0 76
-0.219837 0.354210 -0.559258 153 76 0
0.047224 0.486474 0.097079 76 0 153
-0.512326 -0.284436 0.514650 153 0 76
0.549028 -0.361429 -0.271200 76 153 0
0.388533 0.318079 -0.610588 0 0 255
0.193981 -0.654723 0.524024 76 0 153
0.549028 -0.213335 0.327578 76 153 0
0.511197 -0.616226 0.217737 76 0 153
0.051248 0.577191 -0.488403 153 0 76
-0.004106 -0.222788 -0.505533 76 0 153
0.047224 -0.397410 -0.472173 76 0 153
-0.562841 -0.616226 -0.293937 76 0 153
0.549028 -0.150986 0.517011 76 153 0
-0.330994 -0.651515 0.611034 127 0 127
0.549028 0.457048 0.000084 76 153 0
-0.004106 -0.270103 -0.177479 76 0 153
0.278139 0.188837 -0.559258 153 76 0
0.344013 -0.558521 -0.610588 0 0 255
0.600358 0.573547 0.310665 153 0 76
0.047224 0.468612 -0.126911 76 0 153
0.144673 0.485515 0.573205 127 0 127
-0.457310 -0.616226 -0.182135 76 0 153
0.241329 -0.523383 -0.572091 153 76 0
0.118389 0.205419 0.611702 127 0 127
0.245391 0.577191 -0.364507 153 0 76
-0.004106 0.311071 0.512553 76 0 153
0.518711 0.003135 -0.559258 153 76 0
-0.563656 0.340426 0.060256 153 0 76
-0.512326 0.025718 0.131360 153 0 76
0.546218 0.577191 0.117153 153 0 76
-0.512326 -0.553029 0.523307 153 0 76
0.047224 -0.424354 -0.242957 76 0 153
-0.016519 0.044739 -0.559258 153 76 0
0.289839 -0.414582 0.573205 127 0 127
0.600358 0.125717 -0.232714 76 153 0
0.047224 -0.217710 0.549310 76 0 153
0.047224 0.331138 0.184836 76 0 153
-0.049365 0.538694 0.125902 153 0 76
0.378263 -0.558457 0.611702 127 0 127
-0.000050 -0.654723 0.473423 76 0 153
0.549028 0.192900 0.361721 76 153 0
-0.563656 0.105933 -0.414383 153 0 76
-0.261829 0.577191 -0.182927 153 0 76
0.087969 0.513500 -0.559258 153 76 0
-0.104333 0.510690 0.573205 127 0 127
0.044134 -0.440634 -0.572091 153 76 0
0.549028 0.388021 -0.159256 76 153 0
-0.512326 -0.536905 0.181326 153 0 76
0.418280 0.538694 0.352003 153 0 76
0.242648 0.577191 0.187503 153 0 76
-0.046897 -0.047379 0.611702 127 0 127
-0.008340 -0.616226 -0.035547 76 0 153
0.549028 -0.232162 -0.162600 76 153 0
0.600358 -0.510376 -0.291067 76 153 0
-0.563656 0.324044 -0.243128 153 0 76
0.093845 -0.654723 -0.045530 76 0 153
0.504717 -0.192466 0.611702 127 0 127
0.600358 -0.308149 -0.347340 76 153 0
0.549028 -0.063128 -0.243311 76 153 0
-0.512326 0.180223 0.219566 153 0 76
0.549028 -0.491276 0.207311 76 153 0
-0.004106 -0.036218 -0.497810 76 0 153
-0.004106 0.472330 -0.337483 76 0 153
0.505300 -0.330300 -0.559258 153 76 0
-0.563656 -0.373732 -0.145329 153 0 76
0.047224 -0.193420 -0.268999 76 0 153
0.045448 -0.654723 -0.196772 76 0 153
0.250932 -0.267335 0.573205 127 0 127
-0.004106 0.178596 -0.506505 76 0 153
-0.460079 0.577191 0.060776 153 0 76
-0.004106 -0.053070 0.186967 76 0 153
-0.004106 0.298963 -0.068409 76 0 153
-0.245630 0.372890 0.611702 127 0 127
-0.307977 0.039983 0.611702 127 0 127
-0.484356 0.577191 -0.597002 153 0 76
-0.459360 -0.616226 0.457628 76 0 153
-0.198176 0.148512 -0.572091 153 76 0
-0.512326 -0.535573 -0.362443 153 0 76
0.549028 -0.222224 -0.325979 76 153 0
0.549028 -0.247926 0.542064 76 153 0
0.246747 -0.399826 -0.572091 153 76 0
-0.563656 -0.337592 -0.273303 153 0 76
-0.468438 -0.654723 -0.409306 76 0 153
0.047224 0.177755 0.399299 76 0 153
-0.356659 -0.079547 -0.559258 153 76 0
0.421868 -0.369409 0.573205 127 0 127
-0.108935 0.237835 -0.559258 153 76 0
0.047224 -0.472697 0.078284 76 0 153
0.549028 -0.109443 0.334542 76 153 0
0.187259 -0.150773 0.573205 127 0 127
0.117322 -0.654723 -0.604968 76 0 153
-0.449995 0.538694 -0.257360 153 0 76
-0.004106 -0.107685 -0.213049 76 0 153
0.600358 0.564714 -0.246489 153 0 76
-0.351707 -0.654723 -0.112016 76 0 153
-0.090367 -0.616226 -0.199652 76 0 153
-0.186512 0.467630 0.682805 0 127 127
-0.512326 -0.212456 -0.401916 153 0 76
-0.338805 0.461343 -0.559258 204 51 127
0.099414 -0.654723 0.448810 76 0 153
0.549028 0.365762 0.533778 76 153 0
-0.002375 0.365672 0.611702 127 0 127
0.436481 -0.654723 -0.206401 76 0 153
0.502270 0.143512 0.611702 127 0 127
-0.512326 0.381575 0.522502 153 0 76
-0.563656 -0.075689 -0.439276 153 0 76
-0.460961 -0.446759 -0.610588 204 51 127
-0.563656 -0.137630 0.205817 153 0 76
0.600358 0.295667 -0.271273 76 153 0
0.358938 0.538694 -0.526930 153 0 76
0.600358 -0.546538 0.273027 76 153 0
0.302969 -0.616226 0.234803 76 0 153
0.549028 0.263935 -0.092161 76 153 0
0.333161 -0.252479 -0.559258 153 76 0
0.047224 -0.168844 0.013092 76 0 153
0.136672 0.538694 0.181403 153 0 76
-0.481315 -0.054722 -0.610588 204 51 127
-0.284827 -0.484791 -0.610588 204 51 127
-0.108830 0.538694 0.303513 153 0 76
-0.563656 -0.289692 0.433204 153 0 76
0.600358 -0.596383 0.520297 76 153 0
0.334184 0.577191 0.533296 153 0 76
0.048172 -0.583184 0.611702 127 0 127
0.149521 -0.249089 -0.559258 153 76 0
-0.512326 0.061573 -0.529643 153 0 76
-0.004106 -0.293295 0.043836 76 0 153
-0.512326 -0.310156 0.275160 153 0 76
-0.480105 -0.616226 0.119844 76 0 153
0.600358 -0.348521 0.111837 76 153 0
-0.246100 -0.080003 0.573205 127 0 127
-0.563656 0.483173 -0.191538 153 0 76
-0.563656 -0.142275 0.382003 153 0 76
0.047224 -0.155818 -0.381933 76 0 153
0.271308 -0.654723 0.026023 76 0 153
-0.133088 -0.654723 0.404377 76 0 153
0.054880 0.538694 -0.298191 153 0 76
0.485899 0.577191 -0.609704 153 0 76
-0.076222 0.423675 -0.559258 153 76 0
-0.470315 -0.213945 0.573205 127 0 127
0.600358 -0.253135 0.245851 76 153 0
0.529328 -0.089049 0.611702 127 0 127
-0.512326 0.160522 -0.235036 153 0 76
0.549028 0.532416 -0.070215 153 0 76
-0.563656 0.096795 0.493207 153 0 76
0.409646 -0.508361 -0.559258 153 76 0
-0.512326 0.485384 0.390325 153 0 76
0.325668 -0.654723 0.419531 76 0 153
0.186271 0.577191 -0.213774 153 0 76
-0.085518 0.576698 -0.610588 153 0 76
0.495532 0.556102 0.611702 127 0 127
0.549028 -0.442468 -0.132953 76 153 0
-0.509327 -0.654723 0.554464 76 0 153
0.387136 -0.616226 -0.126411 76 0 153
0.549028 -0.593897 -0.091755 76 153 0
-0.563656 -0.103222 -0.262312 153 0 76
0.189818 0.538694 0.509232 153 0 76
-0.512326 -0.519186 -0.044764 153 0 76
-0.563656 -0.412268 0.420840 153 0 76
-0.170669 -0.654723 -0.138568 76 0 153
-0.009063 0.538694 0.223556 76 0 153
0.277737 0.354428 0.611702 127 0 127
-0.512326 -0.581602 0.264483 153 0 76
0.549028 0.042354 -0.014030 76 153 0
0.594293 -0.391951 0.569996 76 153 0
-0.552455 -0.554660 -0.610588 153 0 76
-0.512326 0.209303 0.446656 153 0 76
0.047224 -0.241130 0.203144 76 0 153
-0.004106 -0.341100 -0.038036 76 0 153
-0.149294 0.538694 0.444017 153 0 76
-0.512326 -0.238602 0.009328 153 0 76
-0.512326 -0.375620 0.086067 153 0 76
-0.512326 0.401836 -0.081428 153 0 76
-0.418318 -0.382330 0.611702 127 0 127
0.388073 0.577191 -0.249756 153 0 76
0.590271 -0.518617 0.611702 127 0 127
0.549028 -0.584905 -0.546626 153 76 0
-0.512326 -0.459871 0.512502 153 0 76
-0.004106 0.417641 0.036746 76 0 153
-0.560836 0.577191 0.340775 153 0 76
0.549028 -0.378312 0.317710 76 153 0
-0.124325 0.538694 -0.205798 153 0 76
0.600358 0.049172 0.603320 127 0 127
-0.416408 0.298245 -0.559258 153 76 0
-0.512326 0.492050 -0.531291 153 0 76
0.068677 0.327678 -0.572091 153 76 0
0.413520 0.031802 -0.610588 0 0 255
-0.563656 0.575610 -0.140559 153 0 76
-0.413448 0.531657 0.611702 127 0 127
-0.563656 0.029837 -0.214490 153 0 76
0.047224 -0.202837 0.333122 76 0 153
0.600358 -0.473361 -0.424759 76 153 0
-0.004106 -0.265538 0.285201 76 0 153
-0.261290 0.538694 0.402246 153 0 76
-0.563656 0.552682 0.520269 153 0 76
0.047224 -0.063264 -0.395075 76 0 153
0.461323 0.180059 -0.610588 0 0 255
-0.563656 -0.121897 0.524024 153 0 76
0.210386 0.252635 -0.559258 153 76 0
0.397657 0.577191 0.166335 153 0 76
0.399460 -0.143707 -0.559258 153 76 0
-0.135237 0.577191 0.117737 153 0 76
-0.405731 -0.648481 -0.610588 76 0 153
0.047224 0.474777 0.393162 76 0 153
0.224582 0.538694 -0.539371 153 0 76
0.600358 0.365049 0.057974 76 153 0
0.600358 -0.340165 -0.191772 76 153 0
0.549028 0.117668 0.264445 76 153 0
-0.048918 -0.616226 -0.362515 76 0 153
-0.505440 0.486308 0.573205 127 0 127
0.600358 -0.010533 -0.510775 76 153 0
-0.004106 -0.505208 0.534701 76 0 153
-0.563656 0.362631 -0.510419 153 0 76
0.600358 -0.068452 0.043546 76 153 0
0.034153 -0.274196 -0.572091 153 76 0
-0.004106 -0.508681 -0.403024 76 0 153
-0.004106 0.068780 0.258543 76 0 153
0.600358 -0.653480 0.384399 76 0 153
0.432965 -0.003486 0.573205 127 0 127
0.549028 -0.326728 0.420191 76 153 0
-0.563656 -0.336060 -0.407410 153 0 76
0.262958 0.538694 0.276214 153 0 76
0.072237 -0.616226 0.125870 76 0 153
-0.255246 0.215832 0.611702 127 0 127
-0.409396 0.577191 -0.448160 153 0 76
-0.355123 -0.495394 0.573205 127 0 127
0.149602 0.538694 -0.134622 153 0 76
-0.150024 0.349408 0.611702 127 0 127
0.047224 -0.486345 -0.105655 76 0 153
0.047224 0.354128 0.093718 76 0 153
-0.010767 -0.654723 0.121658 76 0 153
0.100228 0.406050 0.573205 127 0 127
-0.107562 0.045945 -0.572091 153 76 0
-0.089035 0.577191 -0.061255 153 0 76
-0.454695 0.160168 0.611702 127 0 127
0.298077 0.116503 -0.610588 0 0 255
-0.492458 0.299154 -0.610588 204 51 127
0.047224 0.108680 0.544504 76 0 153
-0.563656 0.464893 0.130089 153 0 76
0.047224 0.053913 0.443759 76 0 153
0.600358 0.391376 0.303933 76 153 0
-0.304253 0.538694 0.505822 153 0 76
0.014626 0.577191 -0.026850 153 0 76
-0.302426 0.538694 0.150626 153 0 76
-0.512326 -0.428088 -0.093252 153 0 76
-0.512326 0.055608 0.421554 153 0 76
0.047224 0.265642 0.332911 76 0 153
-0.004106 -0.064618 0.532803 76 0 153
0.600358 0.391977 -0.523951 76 153 0
-0.294463 0.538694 -0.529190 153 0 76
-0.563656 -0.310601 0.148522 153 0 76
-0.298135 -0.654723 0.364221 76 0 153
0.498590 -0.616226 0.394335 76 0 153
0.549028 0.489346 -0.157375 76 153 0
-0.350961 0.538694 -0.349417 153 0 76
0.047224 0.363394 -0.209961 76 0 153
-0.505341 0.467495 0.678599 0 127 127
0.600358 -0.257400 0.113182 76 153 0
0.512876 -0.654723 -0.258112 76 0 153
-0.483953 0.538694 -0.089145 153 0 76
-0.175282 0.577191 -0.602687 153 0 76
-0.563656 -0.371581 -0.538127 153 0 76
0.600358 -0.233184 0.019763 76 153 0
0.047224 -0.553085 0.210989 76 0 153
-0.194660 -0.205609 -0.572091 153 76 0
-0.004106 0.375805 0.261848 76 0 153
0.419563 -0.616226 -0.495710 76 0 153
-0.330629 -0.131165 0.611702 127 0 127
-0.563656 0.254205 0.028558 153 0 76
0.417348 -0.353808 -0.559258 153 76 0
-0.284744 0.577191 0.053753 153 0 76
0.549028 0.364914 -0.246463 76 153 0
0.047224 -0.378923 0.245549 76 0 153
-0.222032 -0.654723 -0.299721 76 0 153
-0.547961 0.577191 0.075298 153 0 76
-0.563656 -0.646355 0.119383 76 0 153
-0.004106 0.376902 -0.367035 76 0 153
0.047224 -0.013154 0.126492 76 0 153
0.600358 0.499951 0.577647 127 0 127
-0.512326 -0.094815 0.050392 153 0 76
-0.472588 0.062133 0.573205 127 0 127
0.205491 -0.616226 -0.522078 76 0 153
-0.539598 -0.654723 0.306164 76 0 153
-0.506630 0.448492 -0.610588 153 0 76
-0.113156 0.577191 -0.524170 153 0 76
0.047224 -0.315183 0.117729 76 0 153
-0.563656 0.267379 -0.072661 153 0 76
0.549028 -0.587479 -0.451571 76 153 0
0.390307 0.538694 -0.444415 153 0 76
0.100800 -0.654723 -0.359945 76 0 153
0.504543 -0.646727 0.573205 127 0 127
-0.513187 0.538693 0.256067 153 0 76
-0.558851 0.140737 -0.610588 153 0 76
-0.563656 0.253596 -0.429922 153 0 76
-0.452252 0.577191 0.409494 153 0 76
0.549028 -0.094215 -0.543980 76 153 0
0.357427 0.445122 -0.559258 153 76 0
-0.512326 0.374583 -0.439988 153 0 76
-0.512326 0.007697 -0.022995 153 0 76
0.047224 0.080701 -0.347714 76 0 153
0.516314 0.538694 0.038701 153 0 76
-0.498278 -0.389851 0.573205 127 0 127
0.055329 -0.152247 0.611702 127 0 127
0.552166 0.577191 0.461744 153 0 76
0.216138 -0.616226 0.103152 76 0 153
0.096564 -0.423213 0.573205 127 0 127
0.549028 0.023901 0.171951 76 153 0
-0.004106 -0.308928 0.415982 76 0 153
0.264044 0.577191 -0.060855 153 0 76
0.549028 -0.538695 0.469458 76 153 0
-0.292598 -0.244274 0.611702 127 0 127
0.600358 0.202645 0.173769 76 153 0
0.394199 0.481281 0.573205 127 0 127
-0.512326 -0.577988 -0.125667 153 0 76
0.047224 -0.245486 -0.109640 76 0 153
0.129477 -0.106031 -0.572091 153 76 0
0.549028 0.385337 0.141591 76 153 0
-0.250994 0.529649 0.611702 127 0 127
-0.512326 0.407762 0.088294 153 0 76
0.325698 0.538694 -0.188235 153 0 76
-0.293397 -0.654723 0.013184 76 0 153
-0.166444 0.072990 0.611702 127 0 127
0.358251 -0.616226 0.167206 76 0 153
-0.316540 0.119558 0.573205 127 0 127
-0.024026 0.342636 -0.572091 153 76 0
-0.107401 -0.600862 0.611702 127 0 127
-0.563656 0.171711 0.312327 153 0 76
0.023862 -0.654723 -0.453719 76 0 153
0.526646 0.361030 -0.559258 0 0 255
0.019193 0.255218 0.611702 127 0 127
-0.004106 0.464814 -0.500695 76 0 153
-0.479280 -0.125230 -0.559258 153 76 0
0.549028 -0.094970 0.119956 76 153 0
-0.161498 -0.039437 -0.559258 153 76 0
-0.173872 0.427061 -0.572091 153 76 0
0.252825 0.015223 -0.559258 153 76 0
-0.184613 0.538694 0.185951 153 0 76
-0.004106 -0.578606 -0.188290 76 0 153
0.365623 -0.135318 0.611702 127 0 127
-0.220737 0.502252 -0.559258 153 76 0
-0.289699 0.304467 -0.610588 204 51 127
0.009663 -0.520147 -0.572091 153 76 0
0.549028 -0.466361 0.058561 76 153 0
-0.563656 -0.203853 -0.523872 153 0 76
-0.374137 0.071368 -0.610588 204 51 127
-0.512326 0.328563 0.348652 153 0 76
-0.512326 0.288353 -0.302939 153 0 76
0.047224 0.213557 0.070360 76 0 153
-0.254985 -0.479421 0.573205 127 0 127
-0.004106 -0.371706 -0.183086 76 0 153
0.549028 -0.067697 0.244192 76 153 0
0.600358 0.366642 -0.401391 76 153 0
0.479858 0.538694 0.180904 153 0 76
-0.286560 -0.283479 -0.610588 204 51 127
0.549028 -0.591937 0.003145 76 153 0
0.600358 -0.340266 -0.427197 76 153 0
-0.512326 0.202522 -0.487090 153 0 76
-0.512326 -0.384860 -0.332439 153 0 76
0.014170 0.577191 0.538085 153 0 76
-0.512326 0.017796 0.312078 153 0 76
-0.004106 -0.026712 -0.040775 76 0 153
0.600358 -0.453137 -0.608189 76 153 0
0.600358 0.352656 -0.098981 76 153 0
-0.004106 0.400742 -0.053190 76 0 153
-0.252266 -0.654723 0.282145 76 0 153
-0.004106 -0.580519 0.047657 76 0 153
0.600358 -0.019203 -0.417660 76 153 0
-0.004106 0.054782 0.077889 76 0 153
0.099717 0.002415 0.611702 127 0 127
0.088233 0.466026 0.681640 0 127 127
0.047224 0.333042 0.417126 76 0 153
-0.004106 0.189502 0.281585 76 0 153
0.001554 0.577191 0.067005 153 0 76
0.549028 -0.038330 0.455540 76 153 0
0.248148 0.362489 -0.559258 153 76 0
0.600358 0.519590 -0.402167 76 153 0
-0.170626 -0.151816 0.573205 127 0 127
0.549028 0.226213 0.513831 76 153 0
-0.347521 0.538694 0.011006 153 0 76
-0.003342 0.577191 -0.199906 153 0 76
0.600358 -0.430955 0.362124 76 153 0
0.166136 0.573983 0.606803 127 0 127
-0.512326 -0.443690 -0.536862 153 0 76
-0.121284 0.007889 0.573205 127 0 127
-0.557239 -0.283942 0.586713 127 0 127
0.165169 0.310190 0.573205 127 0 127
0.174809 -0.616226 -0.053773 76 0 153
0.549028 -0.219484 -0.496890 76 153 0
0.390984 0.538694 0.039345 153 0 76
0.600358 0.217061 -0.212399 76 153 0
-0.512326 -0.059541 -0.373910 153 0 76
-0.304748 -0.654723 -0.416278 76 0 153
0.549028 0.048413 0.536049 76 153 0
-0.563656 0.533211 -0.478232 153 0 76
-0.512326 -0.568922 0.026673 153 0 76
0.549028 0.166947 -0.058546 76 153 0
-0.162770 -0.654723 0.118508 76 0 153
0.536486 0.139480 -0.559258 0 0 255
-0.512326 0.338397 0.222939 153 0 76
0.549324 0.292056 -0.610588 76 153 0
0.549028 0.194005 -0.455226 76 153 0
-0.255281 -0.654723 -0.192174 76 0 153
0.110845 0.399303 -0.559258 153 76 0
-0.512326 -0.102956 -0.142540 153 0 76
-0.563656 0.170642 0.110804 153 0 76
-0.038436 0.497543 -0.572091 153 76 0
0.600358 0.278959 0.045493 76 153 0
0.098373 -0.616226 0.266752 76 0 153
0.583889 -0.654723 0.201522 76 0 153
0.458829 0.538694 0.441458 153 0 76
-0.004106 0.418137 0.541766 76 0 153
0.364072 0.119589 -0.559258 0 0 255
-0.512326 0.320070 0.123549 153 0 76
-0.004106 0.285395 0.031738 76 0 153
0.047224 -0.165080 -0.087078 76 0 153
0.136527 0.538694 0.444940 153 0 76
-0.512326 0.070116 -0.359233 153 0 76
0.483866 0.577191 -0.106473 153 0 76
0.546171 0.214691 0.611702 127 0 127
-0.158153 -0.306964 0.611702 127 0 127
0.472432 0.498106 -0.559258 153 76 0
0.285446 0.488277 -0.572091 153 76 0
0.190693 0.538694 -0.415450 153 0 76
0.235579 0.465670 0.573205 127 0 127
-0.512326 -0.454179 0.212503 153 0 76
0.485139 0.538694 -0.336271 153 0 76
-0.512326 0.315877 0.443635 153 0 76
-0.355841 -0.616226 -0.477161 76 0 153
-0.004106 -0.022300 -0.181228 76 0 153
-0.512326 0.486802 -0.406137 153 0 76
0.600358 -0.425437 -0.530314 76 153 0
-0.091146 -0.616226 -0.517567 76 0 153
-0.417493 -0.616226 0.284622 76 0 153
0.386776 -0.421813 -0.610588 0 0 255
-0.563656 0.407438 -0.275994 153 0 76
-0.006917 0.468509 0.683444 0 127 127
-0.004106 0.412798 0.410728 76 0 153
0.024090 -0.654723 -0.330018 76 0 153
0.249593 0.538694 0.042458 153 0 76
-0.004106 -0.109762 -0.128654 76 0 153
0.294261 0.538694 0.466586 153 0 76
-0.004106 -0.093967 0.262914 76 0 153
0.600358 -0.062116 -0.177929 76 153 0
0.549028 -0.533444 0.118679 76 153 0
-0.208511 -0.654723 -0.001195 76 0 153
-0.404606 0.344432 0.611702 127 0 127
0.337933 0.365360 -0.559258 153 76 0
0.047224 -0.599930 0.403529 76 0 153
-0.563656 -0.508675 -0.543156 153 0 76
0.600358 0.256686 0.355765 76 153 0
-0.563656 -0.044367 0.490450 153 0 76
0.047224 -0.374878 0.404178 76 0 153
0.047224 0.142632 -0.026799 76 0 153
-0.512326 0.485688 -0.028454 153 0 76
0.600358 0.285343 0.271087 76 153 0
0.600358 0.126469 0.430733 76 153 0
0.326823 0.538694 -0.355042 153 0 76
0.253741 -0.654723 -0.178458 76 0 153
0.047224 -0.550779 -0.464643 76 0 153
0.398800 0.242159 -0.559258 153 76 0
-0.363194 -0.195147 -0.559258 153 76 0
0.600358 -0.168646 -0.164497 76 153 0
-0.512326 -0.492833 0.075356 153 0 76
0.047224 -0.104820 -0.542472 153 76 0
-0.512326 -0.355069 0.450685 153 0 76
0.421468 0.292353 0.573205 127 0 127
-0.563656 -0.460854 -0.271699 153 0 76
-0.068599 0.577191 -0.413547 153 0 76
-0.026052 -0.616226 0.202201 76 0 153
0.283560 -0.616226 -0.398826 76 0 153
0.390180 -0.616226 0.545907 76 0 153
0.047224 -0.489380 0.458647 76 0 153
-0.126893 0.538694 -0.304217 153 0 76
-0.563656 -0.229949 -0.332976 153 0 76
0.075176 -0.275046 0.611702 127 0 127
0.539326 0.577191 -0.542278 153 0 76
-0.004106 -0.041146 0.334441 76 0 153
0.549028 -0.428762 0.513328 76 153 0
0.549028 -0.395560 0.165439 76 153 0
0.549028 -0.588493 0.322933 76 153 0
-0.397386 0.538694 0.345115 153 0 76
-0.185172 0.538694 0.270966 153 0 76
0.077653 0.044907 -0.559258 153 76 0
-0.004106 -0.237842 0.489756 76 0 153
-0.418086 -0.280843 -0.610588 204 51 127
-0.345079 0.527622 -0.610588 204 51 127
-0.512326 0.422192 0.279840 153 0 76
0.588091 -0.033169 0.611702 127 0 127
0.047224 -0.075352 0.011906 76 0 153
-0.563656 -0.548236 -0.423692 153 0 76
-0.004106 0.211534 0.474030 76 0 153
-0.246579 0.538694 -0.435594 153 0 76
0.549028 0.498989 -0.488020 76 153 0
0.178059 -0.654723 -0.442376 76 0 153
-0.563656 -0.367198 -0.012053 153 0 76
0.243576 0.577191 0.351628 153 0 76
-0.512326 0.486652 -0.261945 153 0 76
0.137137 -0.654723 -0.220074 76 0 153
-0.501633 0.182752 -0.572091 153 76 0
0.600358 0.055501 0.105055 76 153 0
-0.344770 -0.654723 0.486829 76 0 153
-0.274321 0.577191 -0.101136 153 0 76
-0.099753 -0.149935 0.611702 127 0 127
-0.205847 0.577191 -0.055291 153 0 76
0.048251 0.545194 0.611702 127 0 127
-0.443494 -0.616226 -0.005867 76 0 153
-0.158055 0.577191 0.529768 153 0 76
0.549028 -0.573036 -0.305928 76 153 0
-0.563656 -0.244169 -0.246080 153 0 76
-0.004106 0.111900 0.386639 76 0 153
0.360307 -0.616226 -0.267527 76 0 153
-0.397278 0.383535 -0.610588 204 51 127
0.272881 0.116250 0.611702 127 0 127
-0.004106 -0.254179 -0.256789 76 0 153
0.322701 -0.654723 -0.086484 76 0 153
0.579263 -0.654723 -0.515297 76 0 153
0.600358 0.498520 0.247557 76 153 0
0.440463 -0.654723 -0.570572 76 0 153
-0.009787 0.538694 0.399128 76 0 153
-0.563656 -0.295833 -0.125683 153 0 76
0.600358 -0.597495 -0.368973 76 153 0
0.047224 -0.294673 -0.337803 76 0 153
0.047224 0.123659 -0.223919 76 0 153
0.600358 0.087709 -0.162053 76 153 0
-0.004106 -0.309012 -0.510343 76 0 153
-0.200724 -0.654723 0.517984 76 0 153
0.209681 -0.616226 0.350916 76 0 153
-0.004106 -0.412215 0.100112 76 0 153
0.197518 -0.331051 0.573205 127 0 127
-0.004106 -0.585093 0.546041 76 0 153
-0.004106 -0.534486 -0.067525 76 0 153
0.600358 0.056802 -0.392612 76 153 0
0.047224 0.400787 -0.497039 76 0 153
-0.004106 0.139896 0.142763 76 0 153
0.047224 0.082926 -0.091330 76 0 153
0.047224 -0.209767 -0.440874 76 0 153
0.549028 -0.449896 -0.281648 76 153 0
-0.563656 -0.176681 0.300267 153 0 76
-0.004106 0.264030 -0.493852 76 0 153
0.600358 0.315120 -0.549535 76 153 0
0.586101 -0.654723 -0.224491 76 0 153
-0.541734 -0.654723 -0.115571 76 0 153
0.549028 -0.286083 -0.047466 76 153 0
0.219617 -0.654723 -0.311093 76 0 153
-0.305898 0.077260 -0.559258 153 76 0
0.377305 0.577191 0.295535 153 0 76
0.379683 -0.654723 -0.339000 76 0 153
0.294990 -0.595955 -0.559258 153 76 0
-0.039231 0.485852 0.611702 127 0 127
0.341727 -0.616226 -0.479070 76 0 153
-0.004106 0.202083 -0.378870 76 0 153
-0.196021 -0.236966 0.611702 127 0 127
-0.046652 -0.412036 0.611702 127 0 127
-0.004106 -0.377614 -0.284761 76 0 153
-0.004106 0.326222 0.328479 76 0 153
-0.563656 0.576689 -0.558636 153 0 76
-0.557239 0.330389 0.578924 153 0 76
-0.312022 -0.616226 0.086633 76 0 153
-0.563656 0.078905 0.357041 153 0 76
0.069337 0.538694 0.349310 153 0 76
0.168794 -0.384890 -0.559258 153 76 0
0.406583 -0.654723 -0.058241 76 0 153
0.521527 -0.654723 -0.600135 76 0 153
-0.512326 0.042337 0.209234 153 0 76
-0.004106 -0.509757 0.319422 76 0 153
-0.563656 0.419102 -0.145131 153 0 76
-0.385750 0.577191 -0.203286 153 0 76
-0.471612 -0.511626 -0.559258 153 76 0
-0.004106 -0.117823 0.409730 76 0 153
0.549028 -0.309716 0.266212 76 153 0
0.419872 -0.200268 -0.610588 0 0 255
-0.367535 0.274610 0.611702 127 0 127
0.600358 0.405086 -0.309217 76 153 0
-0.512326 0.020022 -0.273534 153 0 76
-0.378363 -0.616226 -0.263230 76 0 153
-0.512326 0.142607 -0.328369 153 0 76
0.384695 0.538694 -0.040746 153 0 76
-0.512326 -0.483289 -0.185191 153 0 76
0.120545 -0.616226 0.063771 76 0 153
0.238106 -0.616226 0.471492 76 0 153
0.600358 -0.203754 0.488901 76 153 0
-0.387221 -0.570120 -0.559258 153 76 0
0.394826 -0.024644 -0.559258 153 76 0
-0.364988 -0.654723 0.212190 76 0 153
0.391427 0.164504 0.611702 127 0 127
0.214532 -0.616226 0.187737 76 0 153
-0.512326 -0.564525 0.431588 153 0 76
-0.524775 -0.165514 -0.610588 204 51 127
-0.004106 -0.203896 0.157155 76 0 153
-0.563656 -0.167992 -0.018953 153 0 76
-0.004106 -0.427939 -0.421540 76 0 153
-0.354762 -0.654723 -0.551504 76 0 153
-0.512326 -0.226613 -0.131521 153 0 76
0.498118 0.276599 0.573205 127 0 127
-0.521512 0.577191 -0.333382 153 0 76
-0.363844 -0.591504 0.573205 127 0 127
-0.166236 -0.616226 -0.559008 153 76 0
-0.134307 -0.616226 0.205865 76 0 153
0.549028 0.042380 0.335987 76 153 0
-0.279489 0.297893 0.611702 127 0 127
-0.512326 -0.448429 -0.411894 153 0 76
0.600358 0.157617 -0.317878 76 153 0
0.005553 -0.654723 0.321314 76 0 153
0.234793 -0.580649 0.573205 127 0 127
-0.272167 0.538694 -0.290150 153 0 76
-0.032623 0.577191 0.286968 153 0 76
0.047224 0.483770 0.536980 76 0 153
-0.095432 -0.616226 0.320589 76 0 153
-0.004106 -0.466330 0.203859 76 0 153
0.116946 -0.540528 0.611702 127 0 127
-0.542697 0.179680 0.611702 127 0 127
0.047224 0.122272 -0.479819 76 0 153
-0.253039 -0.654723 0.131400 76 0 153
-0.512326 0.254528 0.545046 153 0 76
0.600358 -0.176276 0.372590 76 153 0
-0.563656 -0.455860 -0.477135 153 0 76
-0.563656 0.013701 -0.483202 153 0 76
-0.563656 -0.552417 -0.178557 153 0 76
0.600358 0.407631 0.493471 76 153 0
-0.563656 0.410272 -0.394133 153 0 76
-0.512326 0.046808 -0.097720 153 0 76
-0.079775 -0.654723 -0.041512 76 0 153
-0.004106 -0.431800 -0.127809 76 0 153
-0.232274 -0.654723 -0.447233 76 0 153
-0.563656 -0.292083 -0.030598 153 0 76
0.600358 -0.290125 -0.121706 76 153 0
-0.476221 0.373598 0.611702 127 0 127
-0.563656 -0.298400 0.340925 153 0 76
-0.495686 -0.654723 -0.569141 76 0 153
0.600358 0.235301 -0.340058 76 153 0
0.019654 -0.654723 -0.102903 76 0 153
0.300615 -0.093875 0.573205 127 0 127
-0.365883 0.577191 0.175242 153 0 76
-0.512326 -0.066718 0.545365 153 0 76
-0.188311 0.201815 0.573205 127 0 127
-0.484144 -0.616226 -0.332782 76 0 153
-0.253313 -0.363474 -0.559258 153 76 0
-0.478161 -0.654723 0.252399 76 0 153
-0.563656 -0.310548 -0.602060 153 0 76
0.047224 -0.036662 -0.320945 76 0 153
0.113428 -0.186593 0.573205 127 0 127
-0.286441 -0.654723 -0.586888 76 0 153
0.406673 -0.293991 0.573205 127 0 127
0.269891 -0.127430 -0.572091 153 76 0
0.549028 0.457973 0.393664 76 153 0
0.558162 -0.147670 -0.610588 76 153 0
0.520916 0.060293 -0.610588 0 0 255
0.549028 0.513515 -0.276381 153 0 76
-0.563656 -0.064445 0.327406 153 0 76
0.047224 0.485334 0.180629 76 0 153
-0.147780 0.457642 0.611702 127 0 127
-0.512326 0.193939 0.368301 153 0 76
-0.498724 -0.498391 0.611702 127 0 127
-0.139042 -0.654723 -0.420231 76 0 153
-0.379978 -0.654723 0.339249 76 0 153
-0.425908 -0.276388 0.573205 127 0 127
-0.161362 -0.616226 0.045344 76 0 153
0.529605 0.538694 0.317587 153 0 76
-0.339758 0.577191 -0.057657 153 0 76
0.440411 -0.504811 0.611702 127 0 127
-0.311506 -0.535201 -0.559258 204 51 127
0.364070 0.031782 0.573205 127 0 127
-0.562646 -0.519194 0.569996 153 0 76
0.524976 -0.654723 -0.043396 76 0 153
-0.370211 0.577191 0.509907 153 0 76
-0.004106 -0.161625 0.079821 76 0 153
0.339882 -0.616226 0.301679 76 0 153
0.549028 -0.504176 -0.212082 76 153 0
0.600358 0.402434 -0.014170 76 153 0
0.600358 0.527068 0.136484 153 0 76
0.502688 0.538694 -0.192500 153 0 76
0.047224 -0.506740 -0.235074 76 0 153
0.168415 -0.545621 -0.572091 153 76 0
0.287788 0.577191 -0.512731 153 0 76
-0.512326 0.111808 -0.472352 153 0 76
0.600358 0.283818 0.500302 76 153 0
-0.563656 0.157348 0.029391 153 0 76
-0.058493 0.538694 -0.337616 153 0 76
-0.371147 0.022198 0.573205 127 0 127
0.506164 0.426224 -0.610588 0 0 255
0.533855 -0.325031 0.573205 127 0 127
0.047224 -0.255252 0.399554 76 0 153
-0.119744 -0.616226 -0.269792 76 0 153
0.047224 0.439329 -0.206773 76 0 153
0.549028 -0.393882 0.035866 76 153 0
-0.004106 0.494816 -0.425712 76 0 153
-0.004106 -0.437894 0.028705 76 0 153
0.359118 -0.388836 0.611702 127 0 127
0.047224 0.107612 0.209384 76 0 153
-0.264524 0.538694 0.289568 153 0 76
-0.563656 0.239784 -0.528593 153 0 76
0.600358 0.201913 -0.105345 76 153 0
-0.563656 0.215194 0.502054 153 0 76
-0.512326 -0.183506 0.421821 153 0 76
-0.512326 0.510820 0.475001 153 0 76
-0.512326 -0.294875 -0.544534 153 0 76
0.600358 -0.438681 -0.077062 76 153 0
0.600358 -0.233872 -0.384063 76 153 0
-0.563656 -0.022976 0.157846 153 0 76
-0.563656 0.439117 -0.547737 153 0 76
0.473804 0.079961 0.573205 127 0 127
0.220989 0.538694 -0.282423 153 0 76
0.195787 0.087665 0.611702 127 0 127
-0.034991 0.207157 0.573205 127 0 127
-0.512326 0.230107 -0.114975 153 0 76
0.600358 0.290028 -0.439474 76 153 0
0.549028 0.071891 -0.215712 76 153 0
0.431952 0.388848 0.573205 127 0 127
-0.555979 -0.654723 0.393774 76 0 153
-0.004106 0.134428 0.027642 76 0 153
0.299765 -0.616226 0.084106 76 0 153
0.600358 -0.069521 -0.297974 76 153 0
-0.142922 0.577191 -0.451169 153 0 76
0.489590 -0.540586 -0.559258 153 76 0
0.246389 0.090135 -0.559258 153 76 0
0.140434 -0.616226 0.381557 76 0 153
-0.563656 -0.099320 -0.513912 153 0 76
-0.510385 0.538694 0.127637 153 0 76
0.549028 0.157514 0.022378 76 153 0
-0.563656 -0.542431 -0.307378 153 0 76
0.034337 -0.078329 0.611702 127 0 127
-0.479651 -0.616226 -0.472669 76 0 153
0.266270 0.577191 -0.212890 153 0 76
-0.563656 0.062343 0.043362 153 0 76
0.542454 -0.395987 -0.572091 0 0 255
0.023300 0.073205 0.611702 127 0 127
-0.512326 0.123621 -0.067144 153 0 76
0.129969 -0.616226 0.518604 76 0 153
-0.563656 0.491560 -0.342973 153 0 76
-0.061278 0.134421 0.573205 127 0 127
-0.053995 -0.294002 -0.572091 153 76 0
-0.043395 -0.208757 0.611702 127 0 127
0.522553 0.423814 0.573205 127 0 127
0.600358 -0.142681 -0.091778 76 153 0
-0.479854 0.024026 -0.610588 204 51 127
-0.563656 -0.465048 -0.042334 153 0 76
-0.370847 -0.422662 -0.610588 204 51 127
-0.563656 -0.164105 -0.426318 153 0 76
-0.077254 -0.654723 0.453853 76 0 153
-0.421643 0.214852 0.573205 127 0 127
-0.430198 -0.651515 0.610837 127 0 127
0.047224 -0.011130 0.480250 76 0 153
0.047224 0.256316 0.191415 76 0 153
0.600358 0.308810 0.160252 76 153 0
0.047224 0.351621 -0.080126 76 0 153
0.047224 -0.244781 0.020254 76 0 153
0.600358 -0.555031 -0.054429 76 153 0
0.047224 0.225834 -0.054663 76 0 153
0.600358 0.495110 -0.606900 76 153 0
0.600358 -0.273515 0.449493 76 153 0
-0.326789 0.407222 -0.610588 204 51 127
0.325568 -0.473091 0.611702 127 0 127
-0.512326 0.269066 -0.378451 153 0 76
-0.267683 0.195311 -0.572091 153 76 0
-0.004106 -0.342608 0.285070 76 0 153
-0.025346 0.128766 -0.572091 153 76 0
-0.512326 -0.047817 0.212732 153 0 76
0.003340 -0.046150 -0.572091 153 76 0
0.190257 -0.616226 -0.159715 76 0 153
0.549028 0.270509 -0.216270 76 153 0
0.047224 0.030794 -0.188425 76 0 153
0.047224 -0.167303 -0.502550 76 0 153
0.549028 -0.357579 -0.376666 76 153 0
0.047224 0.224319 -0.245362 76 0 153
-0.338755 -0.131136 -0.610588 204 51 127
-0.124237 0.239462 0.573205 127 0 127
0.042320 0.538693 -0.150044 153 0 76
0.600358 -0.463683 0.253141 76 153 0
0.465112 0.342898 -0.610588 0 0 255
-0.437065 0.538694 -0.555247 153 76 0
-0.563656 -0.077080 -0.024828 153 0 76
0.600358 -0.127623 0.180494 76 153 0
-0.563656 -0.146150 0.132423 153 0 76
0.549028 0.122754 -0.435667 76 153 0
0.237023 -0.189503 0.611702 127 0 127
0.319131 0.563328 0.611702 127 0 127
-0.487363 0.577191 -0.017746 153 0 76
0.504469 -0.616226 0.504675 76 0 153
0.288791 0.242494 0.573205 127 0 127
0.055346 -0.369826 0.611702 127 0 127
-0.512326 -0.145656 -0.225101 153 0 76
0.600358 -0.101493 0.545880 76 153 0
0.324232 -0.386531 -0.559258 153 76 0
0.549028 -0.086213 -0.375346 76 153 0
-0.220208 0.538694 -0.135712 153 0 76
-0.512326 -0.180510 0.247438 153 0 76
-0.004106 -0.549130 0.421865 76 0 153
-0.177605 -0.505431 -0.559258 153 76 0
0.047224 -0.559219 -0.330511 76 0 153
0.425312 0.538694 0.243947 153 0 76
-0.512326 -0.231787 -0.473020 153 0 76
-0.257912 0.577191 0.555877 153 0 76
0.549028 0.222611 0.058145 76 153 0
0.160530 -0.040871 0.611702 127 0 127
0.047224 0.277600 0.471809 76 0 153
-0.428551 0.577191 0.256340 153 0 76
0.539541 -0.481843 0.573205 127 0 127
0.549028 -0.216591 0.079918 76 153 0
0.417501 -0.654723 0.147144 76 0 153
-0.543518 -0.005466 0.573205 127 0 127
-0.512326 -0.270130 0.197733 153 0 76
0.549028 -0.194647 0.243303 76 153 0
0.334325 -0.257841 0.573205 127 0 127
0.549028 0.059709 -0.523672 76 153 0
0.112064 0.577191 0.117465 153 0 76
0.505345 -0.616226 -0.177874 76 0 153
-0.004106 0.494816 0.044164 76 0 153
0.047224 -0.390747 -0.021643 76 0 153
-0.401840 0.577191 -0.607869 153 0 76
-0.038726 -0.654723 -0.551213 76 0 153
0.549028 -0.426259 -0.402237 76 153 0
-0.416948 0.538694 -0.118579 153 0 76
0.600358 -0.570288 -0.596687 76 153 0
0.600358 0.328642 0.398635 76 153 0
0.375087 0.224532 0.573205 127 0 127
0.416972 0.121907 -0.610588 0 0 255
-0.039397 0.577191 -0.548387 153 0 76
0.047224 0.082575 0.023293 76 0 153
0.386270 -0.593022 -0.559258 153 76 0
0.600358 -0.377170 0.432894 76 153 0
-0.073870 0.577191 -0.163397 153 0 76
0.549028 0.353185 0.266127 76 153 0
0.429990 -0.616226 -0.375308 76 0 153
0.549028 0.158438 0.203906 76 153 0
-0.512326 -0.286521 -0.422827 153 0 76
-0.508547 -0.583574 -0.559258 153 76 0
-0.246790 -0.358365 0.611702 127 0 127
-0.512326 0.013861 -0.165199 153 0 76
0.012396 -0.646821 0.611702 127 0 127
0.239582 -0.654723 0.249181 76 0 153
0.600358 0.520220 0.501388 76 153 0
-0.563656 -0.588331 0.175533 153 0 76
-0.563656 -0.425393 0.059636 153 0 76
-0.563656 0.407163 0.224176 153 0 76
-0.563656 0.175483 -0.440554 153 0 76
0.056405 0.194459 -0.572091 153 76 0
-0.521181 0.538694 -0.211869 153 0 76
-0.064121 0.340120 0.573205 127 0 127
0.047224 0.357133 0.536749 76 0 153
0.476637 -0.287514 -0.610588 0 0 255
0.549028 -0.507673 -0.463135 76 153 0
-0.004106 0.218452 0.353478 76 0 153
0.600358 0.098751 0.548925 76 153 0
-0.547755 -0.353098 0.611702 127 0 127
-0.284098 -0.616226 0.444061 76 0 153
0.047224 -0.412983 0.500314 76 0 153
0.564975 -0.235338 0.611702 127 0 127
0.047224 -0.306042 0.248790 76 0 153
0.050774 -0.654723 -0.522093 76 0 153
0.293786 -0.285278 -0.610588 0 0 255
-0.501729 -0.616226 -0.251688 153 0 76
-0.376465 0.191444 -0.610588 204 51 127
-0.512326 0.133716 0.457816 153 0 76
0.600358 0.505110 -0.027006 76 153 0
-0.563656 0.378856 0.357738 153 0 76
-0.026782 -0.654723 -0.192323 76 0 153
0.285680 -0.654723 -0.604545 76 0 153
0.600358 -0.117504 -0.226041 76 153 0
0.549028 -0.396313 -0.200620 76 153 0
0.371166 -0.616226 0.467673 76 0 153
0.306877 -0.572284 0.573205 127 0 127
-0.512326 -0.538087 0.322190 153 0 76
0.047224 -0.071599 -0.168952 76 0 153
0.600358 0.346992 0.598577 127 0 127
0.599937 0.538693 -0.549197 153 0 76
0.549028 -0.314643 -0.484872 76 153 0
-0.246241 -0.156855 -0.559258 153 76 0
0.549028 -0.499029 0.405936 76 153 0
-0.004106 -0.414960 -0.519676 76 0 153
-0.512326 -0.155009 0.562340 153 0 76
-0.117846 -0.654723 0.555954 127 0 127
0.448866 -0.232044 0.573205 127 0 127
0.047224 0.510119 -0.371159 153 0 76
0.047224 -0.492249 0.156874 76 0 153
-0.318104 -0.446660 -0.559258 153 76 0
0.549028 0.398103 -0.076799 76 153 0
0.172028 0.577191 0.035594 153 0 76
0.093823 0.577191 -0.595035 153 0 76
0.286484 -0.616226 -0.250529 76 0 153
-0.512326 0.343853 -0.557747 153 76 0
0.252437 -0.001893 0.611702 127 0 127
0.103568 0.538694 -0.015060 153 0 76
0.065105 0.538694 0.494261 76 0 153
0.047224 -0.027049 0.386808 76 0 153
-0.004106 0.226347 -0.104887 76 0 153
-0.563656 0.173741 -0.186685 153 0 76
0.533584 -0.654723 0.144821 76 0 153
-0.340224 0.410859 0.611702 127 0 127
0.047224 -0.446406 0.369119 76 0 153
0.047224 0.461243 -0.282773 76 0 153
-0.563656 -0.088679 0.259601 153 0 76
-0.563656 0.353202 -0.069794 153 0 76
-0.563656 0.071571 0.253320 153 0 76
-0.004106 0.004980 -0.290044 76 0 153
-0.261159 -0.636012 0.611702 127 0 127
-0.004106 0.245766 -0.316590 76 0 153
-0.304656 0.577191 0.444090 153 0 76
0.041200 -0.324153 0.557164 127 0 127
0.600358 0.521110 0.056295 153 0 76
0.117751 0.152735 -0.572091 153 76 0
-0.004106 0.285350 -0.401042 76 0 153
-0.563656 -0.227846 0.542933 153 0 76
-0.004106 0.033497 -0.086387 76 0 153
0.330420 0.255574 -0.610588 0 0 255
-0.104243 0.570809 0.611702 127 0 127
-0.512326 0.479387 -0.140347 153 0 76
-0.563656 0.455407 0.430402 153 0 76
0.177422 0.216422 0.573205 127 0 127
-0.339872 -0.010227 -0.559258 204 51 127
0.106312 0.265834 0.573205 127 0 127
0.098945 -0.616226 -0.440973 76 0 153
0.600358 -0.188387 -0.288074 76 153 0
0.549028 -0.292569 -0.205289 76 153 0
-0.363871 -0.327126 -0.610588 204 51 127
0.600358 -0.018326 0.282874 76 153 0
-0.500077 0.577191 -0.413791 153 0 76
-0.221964 -0.654723 -0.532033 76 0 153
0.549028 -0.148607 -0.490358 76 153 0
0.549028 -0.470441 -0.550452 76 153 0
0.549028 0.393016 0.364614 76 153 0
0.549028 0.414496 0.062319 76 153 0
0.348117 -0.007930 -0.610588 0 0 255
-0.512326 -0.018836 0.445595 153 0 76
0.549028 0.415437 -0.394684 76 153 0
0.600358 0.069342 0.281847 76 153 0
0.464179 -0.374586 -0.610588 0 0 255
0.272463 -0.344306 0.573205 127 0 127
-0.512326 0.335255 -0.189981 153 0 76
-0.115760 -0.616226 -0.109021 76 0 153
-0.272523 -0.026456 0.611702 127 0 127
-0.004106 0.132728 -0.087456 76 0 153
0.150076 -0.654723 0.322647 76 0 153
0.132438 -0.125740 0.611702 127 0 127
0.047224 -0.593753 0.330758 76 0 153
-0.563656 -0.651254 -0.006376 76 0 153
-0.563656 0.323647 -0.441519 153 0 76
-0.549209 -0.390046 -0.610588 153 0 76
0.549028 -0.290081 -0.298838 76 153 0
0.047224 -0.546947 0.083257 76 0 153
-0.188246 0.577191 -0.185921 153 0 76
-0.279858 -0.616226 -0.128214 76 0 153
-0.512326 -0.120663 -0.307926 153 0 76
-0.037973 0.198469 -0.572091 153 76 0
0.561362 0.577191 -0.415246 153 0 76
0.549028 -0.055094 0.384483 76 153 0
-0.004106 0.505861 -0.054312 76 0 153
0.549028 0.422673 -0.486151 76 153 0
0.549028 -0.120542 0.043303 76 153 0
-0.414516 -0.654723 -0.345836 76 0 153
0.368243 0.577191 0.396643 153 0 76
0.600358 -0.032965 -0.112491 76 153 0
0.464506 -0.616226 -0.438614 76 0 153
0.520841 0.577191 -0.474068 153 0 76
0.549028 -0.150305 0.424350 76 153 0
-0.153871 -0.378079 0.611702 127 0 127
0.225861 0.577191 -0.463119 153 0 76
-0.150354 -0.269592 -0.559258 153 76 0
-0.004106 -0.460996 -0.274758 76 0 153
0.600358 -0.604349 0.437467 76 153 0
-0.563656 0.213569 0.254700 153 0 76
-0.310773 -0.064064 -0.610588 204 51 127
-0.004106 0.057579 0.492041 76 0 153
0.187218 0.577191 -0.079496 153 0 76
0.380291 -0.099319 -0.610588 0 0 255
0.549028 -0.177331 -0.389768 76 153 0
-0.104491 -0.529071 0.573205 127 0 127
0.515357 0.206699 -0.559258 153 76 0
-0.512326 -0.283080 -0.275581 153 0 76
-0.563656 -0.345614 0.219605 153 0 76
0.047224 0.038624 0.296099 76 0 153
0.600358 0.256942 0.112732 76 153 0
0.549028 0.252454 0.403628 76 153 0
-0.004106 0.416150 -0.255114 76 0 153
0.549028 0.242417 0.309903 76 153 0
0.600358 -0.355161 -0.528717 76 153 0
-0.004106 -0.292108 -0.402396 76 0 153
0.147353 -0.654723 0.224694 76 0 153
-0.004106 -0.310812 -0.120060 76 0 153
-0.370195 0.284958 -0.610588 204 51 127
-0.004106 -0.193227 -0.215668 76 0 153
0.549028 0.280343 -0.322203 76 153 0
-0.004106 0.007630 -0.438875 76 0 153
-0.512326 -0.154115 0.486869 153 0 76
-0.563656 0.291356 0.306751 153 0 76
0.047224 0.162300 0.498022 76 0 153
0.600358 0.190641 0.555804 76 153 0
-0.563656 -0.491308 0.022749 153 0 76
0.600358 -0.458476 0.011455 76 153 0
-0.089315 -0.278670 0.611702 127 0 127
0.278365 -0.616226 -0.032140 76 0 153
-0.122916 0.538694 0.055168 153 0 76
-0.563656 0.141495 0.247458 153 0 76
-0.563656 -0.570703 0.478870 153 0 76
0.600358 0.518899 -0.115942 76 153 0
0.047224 -0.478774 -0.440124 76 0 153
0.485106 -0.050186 0.573205 127 0 127
0.594722 -0.448163 0.611702 127 0 127
-0.512326 -0.442689 0.292908 153 0 76
-0.051796 0.016065 0.573205 127 0 127
0.549028 0.267845 -0.544570 76 153 0
0.588650 0.577191 0.383373 153 0 76
-0.411413 -0.050614 -0.610588 204 51 127
-0.512326 -0.053080 0.373541 153 0 76
0.047224 0.003136 0.194512 76 0 153
0.047224 0.062200 0.125097 76 0 153
-0.563656 0.368870 0.476816 153 0 76
0.600358 -0.507886 0.160447 76 153 0
0.539281 0.538694 0.239064 76 153 0
0.047224 -0.294031 -0.043416 76 0 153
0.381915 -0.278262 -0.610588 0 0 255
-0.512326 0.307730 -0.099274 153 0 76
-0.357717 -0.524844 -0.610588 204 51 127
0.263931 0.577191 0.517826 153 0 76
-0.257187 -0.616226 -0.250383 76 0 153
0.047224 -0.367897 -0.545353 76 0 153
0.600358 0.021254 0.030928 76 153 0
0.600358 0.515718 -0.196865 76 153 0
-0.392204 -0.098450 0.611702 127 0 127
-0.512326 -0.036298 0.088265 153 0 76
-0.034996 -0.573642 -0.572091 153 76 0
0.341362 0.577191 -0.411272 153 0 76
-0.004106 -0.271869 0.141873 76 0 153
-0.563656 0.027897 0.459557 153 0 76
-0.004106 0.357107 0.459335 76 0 153
-0.512326 -0.048420 -0.286235 153 0 76
0.600358 -0.494069 0.452650 76 153 0
0.498755 -0.244239 -0.559258 153 76 0
-0.512326 0.412490 -0.498868 153 0 76
0.263735 0.577191 0.104461 153 0 76
0.145878 -0.654723 -0.306951 76 0 153
-0.199484 0.538694 -0.343840 153 0 76
0.401786 -0.616226 0.023909 76 0 153
-0.195738 -0.484210 0.611702 127 0 127
0.047224 0.321877 0.257363 76 0 153
0.047224 -0.325233 -0.188987 76 0 153
-0.445400 -0.318875 -0.559258 153 76 0
0.381819 0.577191 -0.580001 153 0 76
-0.385490 0.165862 0.611702 127 0 127
-0.139107 0.538694 0.365999 153 0 76
-0.563656 -0.436956 -0.179150 153 0 76
0.047224 0.364141 -0.421277 76 0 153
-0.405380 -0.616226 -0.133272 76 0 153
-0.563656 -0.233306 0.086982 153 0 76
-0.495877 0.577191 0.490556 153 0 76
-0.004106 0.347373 0.139828 76 0 153
0.600358 -0.013483 0.119609 76 153 0
0.535580 -0.591233 0.611702 127 0 127
0.537130 0.083639 0.611702 127 0 127
0.371625 0.400810 -0.610588 0 0 255
-0.512326 -0.478019 -0.314883 153 0 76
0.047224 -0.403291 -0.382169 76 0 153
0.549028 -0.267073 0.379424 76 153 0
0.303035 0.421518 0.611702 127 0 127
0.242809 0.431490 -0.559258 153 76 0
0.297710 0.577191 0.404376 153 0 76
0.415243 0.174746 -0.559258 153 76 0
0.532406 0.511842 -0.610588 0 0 255
0.450661 -0.616226 0.262255 76 0 153
0.442714 0.538738 0.569996 153 0 76
-0.563656 0.114012 0.560888 153 0 76
0.600358 -0.398990 -0.148905 76 153 0
0.123054 0.538694 0.255873 153 0 76
-0.301843 -0.616226 -0.050404 76 0 153
-0.255677 0.070543 -0.606228 204 51 127
-0.496594 0.250444 -0.559258 153 76 0
0.600358 -0.211647 -0.218831 76 153 0
0.571334 -0.654723 0.543209 76 0 153
-0.563656 -0.513830 0.375729 153 0 76
0.393217 0.345321 0.611702 127 0 127
0.549028 0.001934 -0.071700 76 153 0
0.600358 0.031737 -0.583951 76 153 0
0.549028 -0.185163 -0.109716 76 153 0
-0.512326 0.427004 0.470579 153 0 76
0.600358 0.042383 -0.308671 76 153 0
-0.004106 -0.263656 0.354143 76 0 153
0.148701 -0.175817 -0.559258 153 76 0
0.390381 0.577191 0.097771 153 0 76
-0.004106 -0.157250 0.327085 76 0 153
0.047224 0.214027 -0.167771 76 0 153
-0.512326 0.297742 0.043290 153 0 76
0.549028 0.095782 0.396583 76 153 0
0.549028 0.256097 -0.014838 76 153 0
0.600358 -0.331577 -0.059129 76 153 0
0.600358 0.300306 -0.363492 76 153 0
0.549028 -0.065220 -0.002181 76 153 0
0.600358 0.124192 0.107963 76 153 0
-0.396674 0.577191 -0.292671 153 0 76
0.549028 -0.559315 0.225184 76 153 0
-0.563656 0.505405 0.012790 153 0 76
-0.004106 0.431700 0.301791 76 0 153
-0.563656 0.506208 0.222643 153 0 76
0.003654 0.577191 -0.438881 153 0 76
0.600358 -0.582610 -0.496928 76 153 0
0.600358 0.442927 0.350601 76 153 0
0.447767 0.577191 0.040700 153 0 76
-0.512326 -0.461353 0.428854 153 0 76
-0.512326 0.354076 -0.283405 153 0 76
0.600358 -0.591273 -0.180016 76 153 0
0.600358 0.573327 0.608576 127 0 127
0.600358 -0.487132 -0.357616 76 153 0
0.600358 0.004532 0.434078 76 153 0
-0.019930 -0.219232 -0.572091 153 76 0
0.600358 0.514935 -0.324353 76 153 0
0.600358 -0.078234 -0.498267 76 153 0
0.549028 -0.215345 -0.021785 76 153 0
-0.167022 0.404488 0.573205 127 0 127
-0.130846 0.119944 0.573205 127 0 127
-0.563656 0.302045 -0.582410 153 0 76
0.512680 -0.616226 0.062177 76 0 153
0.047224 0.225049 0.253858 76 0 153
-0.487828 -0.379638 -0.559258 153 76 0
-0.232586 -0.616226 0.364138 76 0 153
-0.563656 -0.234625 -0.175788 153 0 76
-0.074385 -0.096567 0.573205 127 0 127
0.047224 -0.081509 0.130445 76 0 153
0.600358 0.432789 -0.162341 76 153 0
0.527538 0.509835 0.573205 127 0 127
0.047224 -0.069500 -0.059585 76 0 153
-0.138866 -0.398799 -0.559258 153 76 0
0.047224 -0.130448 0.236866 76 0 153
-0.163857 0.290335 -0.559258 153 76 0
-0.456999 0.481661 0.627203 0 127 127
0.416679 -0.070456 0.611702 127 0 127
0.047224 0.031952 -0.400105 76 0 153
-0.563656 -0.224946 0.405185 153 0 76
0.549028 0.133760 -0.277999 76 153 0
0.047224 0.324505 -0.507615 76 0 153
0.442072 -0.582004 0.611702 127 0 127
0.047224 -0.417709 -0.170100 76 0 153
0.440985 -0.654723 0.412905 76 0 153
-0.512326 0.528353 0.325746 153 0 76
0.272186 -0.616226 0.390120 76 0 153
0.600358 -0.233662 -0.576952 76 153 0
-0.563656 -0.376343 0.130552 153 0 76
-0.239417 -0.574857 0.573205 127 0 127
-0.239402 0.081384 0.611702 127 0 127
0.600358 0.425691 0.160198 76 153 0
-0.370351 -0.421706 0.573205 127 0 127
-0.432229 0.076441 -0.572091 153 76 0
-0.563656 -0.414898 0.353027 153 0 76
0.463811 -0.616226 -0.050635 76 0 153
-0.563656 -0.142042 -0.110231 153 0 76
0.600358 0.576108 -0.077779 153 0 76
-0.003629 -0.654723 0.254113 76 0 153
-0.411232 -0.512294 0.611702 127 0 127
0.047224 -0.074177 -0.475027 76 0 153
-0.061180 0.287418 -0.559258 153 76 0
0.600358 0.293616 -0.059375 76 153 0
0.600358 0.464321 -0.515399 76 153 0
-0.512326 -0.166387 0.171689 153 0 76
0.404305 -0.654723 0.317966 76 0 153
-0.563656 0.201494 0.171062 153 0 76
0.480415 -0.488833 -0.610588 0 0 255
0.047224 0.398416 0.197830 76 0 153
-0.004106 -0.170903 0.480367 76 0 153
-0.563656 0.276061 0.130882 153 0 76
-0.004106 0.220900 0.161863 76 0 153
-0.084467 -0.129274 -0.572091 153 76 0
0.501017 -0.616226 -0.325604 76 0 153
0.209387 -0.651515 0.601215 127 0 127
-0.004106 -0.511424 0.037740 76 0 153
-0.305082 -0.616226 -0.360841 76 0 153
-0.042893 0.538694 0.551054 153 0 76
0.047224 0.322223 -0.279928 76 0 153
-0.275345 0.504963 -0.610588 204 51 127
0.301879 0.340549 -0.610588 0 0 255
-0.563656 -0.062786 -0.159798 153 0 76
-0.563656 0.262980 -0.149194 153 0 76
-0.239283 0.577191 0.158683 153 0 76
0.043792 0.538694 0.026160 153 0 76
0.342926 -0.632497 0.611702 127 0 127
0.600358 -0.319461 0.213253 76 153 0
0.136503 0.087691 -0.572091 153 76 0
0.176656 -0.654723 -0.569229 76 0 153
0.309992 0.577191 0.186983 153 0 76
-0.512326 0.090179 -0.242242 153 0 76
-0.382342 -0.616226 0.147442 76 0 153
-0.492438 -0.623662 0.611702 127 0 127
-0.403053 0.430785 -0.559258 153 76 0
-0.349144 0.461433 0.669500 0 127 127
-0.004106 -0.354954 0.135267 76 0 153
0.087215 0.154405 0.573205 127 0 127
-0.512326 -0.317140 0.011435 153 0 76
0.600358 0.432912 0.228087 76 153 0
0.252048 0.201549 0.611702 127 0 127
-0.414644 0.538694 0.012223 153 0 76
0.534760 -0.654723 -0.446804 76 0 153
0.600358 -0.235615 0.181110 76 153 0
-0.246316 -0.011646 -0.559258 153 76 0
0.600358 -0.506894 0.329817 76 153 0
-0.148625 -0.654723 0.268292 76 0 153
0.600358 0.182874 -0.546051 76 153 0
0.550655 -0.322309 -0.610588 76 153 0
0.249382 -0.459485 0.611702 127 0 127
-0.404982 -0.170248 0.611702 127 0 127
-0.557239 0.521510 0.596926 127 0 127
-0.004106 -0.391685 0.204479 76 0 153
-0.232859 0.538694 0.036188 153 0 76
0.422670 0.453569 -0.610588 0 0 255
-0.383265 0.471975 0.611702 127 0 127
0.144399 -0.034354 -0.559258 153 76 0
0.549028 0.114463 -0.112159 76 153 0
-0.563656 -0.076484 0.103014 153 0 76
0.047224 -0.120627 -0.253846 76 0 153
0.026840 0.486503 -0.559258 153 76 0
-0.284330 0.402037 -0.559258 153 76 0
0.004065 0.577191 -0.278200 153 0 76
-0.512326 -0.358644 -0.185338 153 0 76
-0.004106 0.449416 -0.165267 76 0 153
-0.004106 0.249306 -0.191843 76 0 153
-0.050067 -0.616226 0.501151 76 0 153
-0.512326 -0.241796 0.285476 153 0 76
-0.285711 0.410109 0.573205 127 0 127
-0.004106 -0.357803 0.467818 76 0 153
-0.004106 0.036080 -0.231000 76 0 153
0.600358 -0.248293 -0.465457 76 153 0
0.342013 0.094755 0.573205 127 0 127
-0.315827 0.577191 0.259236 153 0 76
0.238851 0.554957 -0.610588 153 0 76
-0.557727 -0.616226 0.060192 153 0 76
-0.255677 -0.591498 -0.608429 204 51 127
-0.002710 -0.654723 -0.391276 76 0 153
0.441276 0.142759 0.573205 127 0 127
0.549028 0.067072 0.056519 76 153 0
-0.563656 -0.613821 0.548380 153 0 76
0.600358 -0.205924 0.558207 76 153 0
0.549028 0.170991 0.425286 76 153 0
-0.563656 -0.411761 0.211601 153 0 76
0.533375 -0.069400 -0.610588 0 0 255
-0.481687 0.510226 -0.610588 204 51 127
0.549028 0.499602 0.092826 76 153 0
0.312585 -0.616226 -0.147643 76 0 153
-0.004106 0.091494 -0.513567 76 0 153
0.047224 -0.159768 0.402214 76 0 153
0.549028 0.428147 -0.267101 76 153 0
-0.279942 -0.230212 -0.559258 204 51 127
0.600358 0.511733 0.335204 76 153 0
0.549028 0.085189 0.141263 76 153 0
0.073411 0.538694 0.210365 153 0 76
0.600358 0.007662 0.221436 76 153 0
0.549028 0.179528 -0.353948 76 153 0
0.339518 0.485143 -0.610588 0 0 255
-0.004106 -0.527488 0.245767 76 0 153
-0.201162 0.577191 -0.404956 153 0 76
0.294748 -0.654723 -0.527429 76 0 153
0.047224 0.493142 -0.469531 76 0 153
-0.010534 -0.356266 0.611702 127 0 127
0.133316 0.538694 -0.224724 153 0 76
0.040528 -0.654723 -0.265227 76 0 153
-0.355910 -0.266897 0.611702 127 0 127
-0.004106 0.352873 0.050982 76 0 153
-0.302291 -0.309858 0.611702 127 0 127
-0.563656 -0.055344 0.424914 153 0 76
-0.004106 -0.204834 -0.120009 76 0 153
0.532131 -0.589064 -0.610588 0 0 255
-0.490623 -0.259996 -0.610588 204 51 127
-0.004106 0.329999 -0.184153 76 0 153
-0.004106 -0.596158 -0.440317 76 0 153
0.600358 0.227313 -0.418137 76 153 0
-0.531901 -0.654723 -0.451073 76 0 153
0.442713 -0.419121 0.611702 127 0 127
-0.499311 -0.616226 0.201699 153 0 76
-0.502453 -0.616226 0.387775 76 0 153
-0.440756 -0.654723 0.063136 76 0 153
-0.512326 -0.272816 -0.080264 153 0 76
0.047224 0.428844 -0.352099 76 0 153
0.549028 -0.075668 -0.078432 76 153 0
0.193589 -0.545757 0.611702 127 0 127
-0.563656 -0.409376 -0.426503 153 0 76
-0.563656 -0.028944 -0.578894 153 0 76
-0.288218 -0.654723 0.226365 76 0 153
-0.322853 -0.334364 -0.559258 153 76 0
0.491643 -0.065247 -0.559258 153 76 0
-0.563656 0.040934 -0.390153 153 0 76
-0.055163 -0.464988 0.573205 127 0 127
0.086966 -0.489180 -0.559258 153 76 0
-0.052498 -0.502258 -0.559258 153 76 0
0.444392 0.538694 -0.223540 153 0 76
0.047224 0.279828 0.072662 76 0 153
0.079787 0.577191 -0.351114 153 0 76
0.051788 0.194432 0.611702 127 0 127
0.600358 0.066508 0.484896 76 153 0
0.047224 0.422599 0.113011 76 0 153
0.047224 -0.356315 0.179880 76 0 153
0.600358 0.455979 -0.372963 76 153 0
-0.512326 0.025814 0.062372 153 0 76
-0.020048 -0.654723 0.016523 76 0 153
-0.004106 -0.060429 -0.274383 76 0 153
0.101900 -0.409161 -0.572091 153 76 0
0.600358 -0.408797 -0.282410 76 153 0
-0.417496 -0.654723 0.424639 76 0 153
0.370769 -0.493238 -0.610588 0 0 255
-0.154409 0.538694 -0.038184 153 0 76
0.492899 -0.359090 0.611702 127 0 127
0.600358 0.032118 -0.103389 76 153 0
-0.004106 0.156162 -0.295370 76 0 153
0.269690 -0.654723 0.541538 76 0 153
0.016463 0.577191 0.465560 153 0 76
-0.004106 -0.041778 0.035355 76 0 153
0.549028 -0.369198 0.473930 76 153 0
0.225251 -0.654723 -0.029559 76 0 153
0.047224 -0.235348 -0.218486 76 0 153
0.269465 -0.236791 -0.559258 153 76 0
-0.004106 -0.099796 -0.376822 76 0 153
0.152168 0.526904 -0.559258 153 0 76
0.549028 0.107468 -0.021853 76 153 0
0.549028 -0.119991 -0.292076 76 153 0
0.047224 -0.524415 -0.162276 76 0 153
0.447865 -0.616226 0.190651 76 0 153
0.034443 -0.114779 0.557164 127 0 127
-0.424538 0.577191 0.565928 127 0 127
0.155779 -0.616226 0.457064 76 0 153
0.235325 -0.654723 -0.376871 76 0 153
0.549028 -0.003939 -0.272347 76 153 0
0.600358 0.378097 -0.198624 76 153 0
-0.178425 -0.616226 0.444818 76 0 153
-0.563656 0.157176 -0.369249 153 0 76
0.047224 0.286553 -0.022449 76 0 153
0.355910 0.075127 -0.610588 0 0 255
0.110731 -0.616226 0.186631 76 0 153
0.222109 0.520099 0.611702 127 0 127
0.600358 -0.618852 0.033256 76 0 153
0.549028 -0.527147 -0.083965 76 153 0
-0.563656 0.234653 0.339106 153 0 76
-0.512326 0.113518 -0.002646 153 0 76
-0.512326 -0.182774 -0.075797 153 0 76
0.339599 0.214673 -0.559258 153 76 0
0.549028 -0.381901 0.385323 76 153 0
-0.163672 0.093117 -0.572091 153 76 0
0.549028 0.244915 -0.156241 76 153 0
-0.032036 0.577191 0.175642 153 0 76
0.577399 0.428694 -0.610588 76 153 0
0.047224 0.529368 -0.234117 153 0 76
-0.563656 -0.030428 -0.241950 153 0 76
-0.188884 -0.035817 0.611702 127 0 127
-0.563656 -0.554029 0.230945 153 0 76
-0.273328 -0.124744 -0.610588 204 51 127
-0.563656 0.445809 0.067804 153 0 76
-0.004106 -0.512449 -0.337996 76 0 153
0.549028 -0.310222 0.099971 76 153 0
-0.004106 -0.427691 -0.350380 76 0 153
-0.563656 -0.240483 -0.433920 153 0 76
0.296211 0.043624 -0.610588 0 0 255
0.600358 -0.087689 0.300994 76 153 0
0.047224 -0.202787 0.453279 76 0 153
-0.512326 -0.238604 0.462692 153 0 76
0.096155 -0.616226 -0.183446 76 0 153
0.549028 0.165008 -0.220974 76 153 0
-0.197748 0.577191 0.424083 153 0 76
0.027438 0.306950 0.573205 127 0 127
0.529323 0.538694 0.508832 153 0 76
-0.169647 0.205411 -0.559258 153 76 0
-0.512326 -0.057204 -0.067093 153 0 76
-0.543555 0.577191 -0.075201 153 0 76
0.549028 -0.290192 0.485572 76 153 0
0.472087 -0.462351 0.573205 127 0 127
-0.004106 -0.473681 0.120972 76 0 153
-0.563656 0.091271 -0.120599 153 0 76
-0.563656 -0.432810 0.547695 153 0 76
0.047224 -0.599306 0.012753 76 0 153
0.047224 0.470172 0.320004 76 0 153
0.442562 0.577191 -0.415311 153 0 76
0.243597 0.471394 0.674306 0 127 127
0.192254 -0.654723 -0.107592 76 0 153
0.047224 -0.477610 -0.036243 76 0 153
-0.563656 0.111798 -0.205774 153 0 76
-0.563656 0.413618 0.545706 153 0 76
0.600358 -0.538907 -0.438861 76 153 0
-0.004106 0.184149 -0.441133 76 0 153
0.549028 -0.129164 0.220003 76 153 0
-0.512326 0.139457 0.142830 153 0 76
0.538025 0.370062 0.611702 127 0 127
0.549028 -0.547975 -0.164398 76 153 0
-0.004106 -0.112738 0.026473 76 0 153
0.047224 -0.253761 -0.393197 76 0 153
0.600358 0.185248 0.070647 76 153 0
-0.512326 -0.174438 0.100614 153 0 76
-0.442576 0.538694 -0.490145 153 0 76
-0.563656 0.074431 0.110925 153 0 76
-0.004106 0.352637 -0.307109 76 0 153
0.533870 -0.452256 -0.610588 0 0 255
-0.502585 -0.616226 -0.045925 76 0 153
-0.004106 0.149767 0.216234 76 0 153
-0.403217 0.234072 -0.559258 153 76 0
0.433501 -0.180214 0.611702 127 0 127
0.027289 0.577191 -0.095871 153 0 76
-0.409685 -0.654723 -0.057410 76 0 153
0.086079 0.052355 0.573205 127 0 127
0.309188 -0.323809 -0.559258 0 0 255
0.368194 -0.198937 -0.572091 153 76 0
-0.512326 0.117787 0.359219 153 0 76
0.459118 0.027607 -0.559258 153 76 0
-0.563656 -0.595148 -0.226745 76 0 153
0.379250 0.538694 -0.313956 153 0 76
0.600358 0.050616 0.389114 76 153 0
0.535583 0.577191 0.180650 153 0 76
0.182493 0.577191 0.155177 153 0 76
0.047224 0.409514 -0.011538 76 0 153
0.100424 -0.625129 0.611702 127 0 127
0.314884 0.577191 0.279925 153 0 76
-0.512326 -0.160739 0.347561 153 0 76
0.126985 -0.616226 -0.554336 76 0 153
-0.435885 0.577191 0.120378 153 0 76
-0.563656 0.573415 0.275657 153 0 76
-0.512326 -0.374795 -0.406450 153 0 76
-0.004106 0.490875 0.135565 76 0 153
-0.512326 0.384161 0.009409 153 0 76
0.012680 0.577191 0.332593 153 0 76
-0.417416 0.577191 0.463528 153 0 76
0.322390 0.328021 0.573205 127 0 127
0.105982 0.577191 -0.270670 153 0 76
-0.563656 0.248873 -0.232560 153 0 76
-0.512326 -0.583668 -0.408427 153 0 76
-0.004106 -0.218882 0.048842 76 0 153
0.549028 0.322637 -0.409055 76 153 0
-0.512326 0.258106 -0.019167 153 0 76
0.549028 0.390471 0.458952 76 153 0
0.542716 -0.654723 0.266469 76 0 153
0.040643 -0.603412 -0.559258 153 76 0
-0.363321 -0.616226 0.044188 76 0 153
0.298051 -0.025380 0.573205 127 0 127
-0.512326 0.434315 0.351582 153 0 76
-0.563656 -0.377120 -0.081340 153 0 76
0.126303 -0.616226 0.000006 76 0 153
0.004696 0.538693 -0.521040 76 0 153
0.031523 -0.211649 0.611702 127 0 127
-0.512326 -0.167595 0.019259 153 0 76
0.351608 -0.654723 0.360752 76 0 153
0.553860 -0.654723 -0.357747 76 0 153
-0.004106 0.159325 -0.151383 76 0 153
-0.200368 -0.110321 0.611702 127 0 127
-0.563656 -0.231342 0.173045 153 0 76
-0.201381 0.538694 0.556738 153 0 76
-0.563656 0.520964 0.403910 153 0 76
-0.512326 -0.422898 0.131721 153 0 76
-0.004106 0.174556 0.089120 76 0 153
-0.372013 0.538694 -0.482759 153 0 76
-0.306754 0.172504 0.611702 127 0 127
0.549028 -0.350605 -0.018089 76 153 0
-0.004106 -0.470737 0.407518 76 0 153
0.346750 -0.616226 -0.388611 76 0 153
0.549028 0.504252 0.451999 76 153 0
-0.512326 -0.043332 0.276365 153 0 76
-0.438913 0.181222 -0.559258 153 76 0
0.432168 0.538694 -0.095185 153 0 76
-0.492562 -0.091452 0.611702 127 0 127
-0.563656 -0.489178 0.198226 153 0 76
-0.061739 -0.616226 0.084217 76 0 153
-0.563656 -0.132741 0.455706 153 0 76
0.600358 -0.541998 -0.227938 76 153 0
-0.004106 0.410818 -0.441983 76 0 153
0.047224 0.217844 -0.513547 76 0 153
0.107153 0.538694 -0.503127 153 0 76
0.600358 -0.096159 -0.411677 76 153 0
-0.512326 -0.312064 0.089734 153 0 76
0.549028 0.008492 0.389871 76 153 0
0.549028 -0.426634 0.240051 76 153 0
0.047224 -0.336512 -0.393505 76 0 153
0.047224 -0.124289 0.076986 76 0 153
0.539287 0.577191 -0.019332 153 0 76
0.549028 -0.052973 0.563265 127 0 127
-0.512326 -0.147063 -0.393024 153 0 76
-0.563656 -0.318919 -0.195290 153 0 76
0.163772 -0.315404 -0.559258 153 76 0
-0.004106 -0.117629 0.198396 76 0 153
0.373542 0.577191 -0.159357 153 0 76
0.403069 0.538694 0.512764 153 0 76
-0.563656 0.051664 0.549306 153 0 76
0.202251 -0.225937 0.573205 127 0 127
-0.512326 0.118591 0.204758 153 0 76
0.047224 0.015536 -0.053826 76 0 153
0.225999 0.327963 0.573205 127 0 127
0.545475 -0.654723 -0.109989 76 0 153
0.047224 0.420229 -0.084806 76 0 153
-0.004106 0.006789 0.245496 76 0 153
-0.499781 0.422640 0.573205 127 0 127
-0.051991 0.538694 0.450932 153 0 76
0.103556 0.577191 -0.452718 153 0 76
0.549028 0.266380 -0.468030 76 153 0
-0.486554 0.367341 -0.610588 204 51 127
0.139007 0.374097 0.611702 127 0 127
0.549028 0.416664 0.261365 76 153 0
-0.443186 -0.608330 -0.559258 153 76 0
-0.512326 0.415150 0.153802 153 0 76
-0.004106 -0.365600 -0.453298 76 0 153
-0.563656 0.515007 0.086155 153 0 76
-0.190816 0.509240 0.611702 127 0 127
0.047224 -0.008256 -0.521962 76 0 153
-0.004106 0.460399 0.212864 76 0 153
-0.255677 0.247517 -0.610003 204 51 127
-0.505447 -0.654723 -0.168056 76 0 153
-0.381239 -0.654723 -0.200538 76 0 153
-0.313447 0.577191 -0.384826 153 0 76
0.141903 -0.444545 0.611702 127 0 127
0.321408 -0.654723 -0.433270 76 0 153
-0.068300 -0.654723 -0.313877 76 0 153
0.047224 -0.230544 0.265410 76 0 153
-0.512326 0.182230 0.056495 153 0 76
0.192267 0.391886 -0.559258 153 76 0
-0.243800 0.538694 -0.229610 153 0 76
-0.456314 -0.188616 -0.610588 204 51 127
0.047224 -0.267728 -0.507129 76 0 153
-0.563656 -0.177609 -0.243203 153 0 76
0.158224 0.577191 -0.377426 153 0 76
0.511967 -0.143036 0.573205 127 0 127
-0.330769 0.176153 -0.559258 204 51 127
0.466873 0.577191 0.321999 153 0 76
-0.406317 -0.048319 0.573205 127 0 127
-0.024307 -0.443549 -0.572091 153 76 0
-0.563656 -0.438874 0.482557 153 0 76
0.174722 0.445673 0.611702 127 0 127
0.549028 -0.594373 0.134775 76 153 0
0.600358 0.135482 0.232340 76 153 0
0.386671 -0.616226 -0.209011 76 0 153
-0.563656 -0.164755 -0.305923 153 0 76
-0.004106 -0.415561 0.262723 76 0 153
0.008541 -0.654723 0.411100 76 0 153
0.047224 0.236423 -0.359205 76 0 153
-0.004106 0.021651 0.417490 76 0 153
0.541863 0.577191 -0.278518 153 0 76
-0.081299 0.577191 0.082225 153 0 76
0.600358 -0.602740 0.244701 76 0 153
-0.004106 -0.191170 -0.409854 76 0 153
-0.174399 0.538694 -0.537651 153 0 76
0.600358 -0.193605 0.132956 76 153 0
0.040536 -0.456982 0.557164 76 0 153
-0.512326 0.383021 -0.143869 153 0 76
-0.180828 -0.348916 -0.559258 153 76 0
-0.140815 -0.654723 0.342121 76 0 153
0.196774 0.577191 -0.149666 153 0 76
-0.114770 0.303136 0.573205 127 0 127
0.156565 0.261316 0.611702 127 0 127
-0.495429 0.577191 0.209887 153 0 76
0.600358 -0.109432 -0.576536 76 153 0
0.600358 -0.157893 0.011777 76 153 0
0.600358 -0.591356 -0.275057 76 153 0
-0.342047 -0.224132 -0.610588 204 51 127
-0.244490 0.577191 -0.556252 153 0 76
0.600358 -0.238859 0.357344 76 153 0
0.412360 0.344793 -0.559258 153 76 0
-0.004106 0.354637 0.387642 76 0 153
-0.004106 -0.098313 0.469170 76 0 153
-0.004106 -0.359556 0.363803 76 0 153
-0.426349 -0.654723 -0.455582 76 0 153
0.492608 0.117551 -0.610588 0 0 255
0.600358 -0.443157 0.194059 76 153 0
0.549028 -0.576160 0.549762 76 153 0
-0.512326 0.179094 -0.151153 153 0 76
-0.563656 0.155533 -0.033111 153 0 76
0.595933 -0.095201 0.611702 127 0 127
-0.004106 -0.267123 0.544996 76 0 153
0.047224 0.304743 -0.444884 76 0 153
-0.004106 0.033459 0.014405 76 0 153
-0.375557 0.538694 0.560851 153 0 76
0.047224 -0.047730 0.070498 76 0 153
0.132030 0.577191 0.307602 153 0 76
-0.313387 0.517744 0.611702 127 0 127
0.549028 0.330882 0.048103 76 153 0
0.463540 -0.654723 0.067652 76 0 153
0.047224 -0.413350 -0.306167 76 0 153
-0.563656 -0.328087 -0.345337 153 0 76
0.600358 -0.097255 0.368902 76 153 0
0.549028 -0.388032 0.097968 76 153 0
-0.201454 -0.616226 0.252924 76 0 153
-0.505132 0.025088 0.611702 127 0 127
-0.512326 0.356577 -0.376170 153 0 76
-0.508143 -0.245152 0.611702 127 0 127
0.047224 0.174264 -0.400717 76 0 153
0.047224 -0.322386 0.012089 76 0 153
0.600358 0.433424 0.550198 76 153 0
0.600358 0.112313 -0.361229 76 153 0
-0.004106 -0.570477 0.360844 76 0 153
0.047224 -0.571532 -0.049080 76 0 153
0.549028 -0.578730 0.412823 76 153 0
-0.200984 -0.616226 -0.089774 76 0 153
0.600358 -0.178088 0.310355 76 153 0
-0.004106 -0.568200 -0.365645 76 0 153
0.600358 -0.051532 -0.364490 76 153 0
0.047224 -0.149130 -0.318488 76 0 153
-0.062101 0.538694 -0.210823 153 0 76
0.549028 -0.090654 0.489142 76 153 0
0.047224 0.162959 0.256925 76 0 153
0.051790 0.400192 0.611702 127 0 127
0.600358 -0.631472 0.140831 76 153 0
-0.563656 0.043160 0.164620 153 0 76
0.386864 -0.631749 -0.610588 0 0 255
0.600358 0.047558 -0.487152 76 153 0
0.600358 0.260447 -0.584863 76 153 0
-0.512326 -0.368647 0.245903 153 0 76
0.101782 -0.616226 -0.093599 76 0 153
-0.361169 -0.616226 -0.330233 76 0 153
-0.563656 -0.118453 0.021396 153 0 76
0.541471 -0.654723 0.348162 76 0 153
0.221904 -0.464472 -0.572091 153 76 0
0.600358 0.466830 0.469824 76 153 0
0.047224 -0.378356 0.331954 76 0 153
0.047224 0.057166 -0.265450 76 0 153
0.150426 0.130118 0.573205 127 0 127
-0.498812 0.235354 0.611702 127 0 127
-0.512326 0.211502 -0.332776 153 0 76
0.549028 -0.407841 -0.049288 76 153 0
0.435559 0.244967 -0.610588 0 0 255
0.322127 0.538694 -0.037329 153 0 76
-0.163160 -0.616226 -0.372135 76 0 153
-0.070767 0.538694 0.241927 153 0 76
-0.512326 -0.202310 -0.188486 153 0 76
0.047224 -0.428255 -0.082240 76 0 153
0.047224 0.125769 0.432937 76 0 153
0.600358 0.145062 0.305324 76 153 0
0.102509 -0.494255 0.573205 127 0 127
0.543722 -0.193920 -0.572091 0 0 255
0.600358 -0.099653 -0.047310 76 153 0
-0.311911 -0.160523 -0.559258 204 51 127
-0.143331 -0.654723 -0.203060 76 0 153
0.034722 -0.016518 0.611702 127 0 127
0.549754 0.159752 0.573205 76 153 0
0.600358 -0.404987 0.488532 76 153 0
-0.505153 0.319052 0.611702 127 0 127
-0.304486 -0.654723 -0.240745 76 0 153
-0.563656 -0.482577 -0.408708 153 0 76
-0.251518 -0.218977 0.573205 127 0 127
0.549028 0.471500 -0.420775 76 153 0
-0.004106 -0.172919 -0.034525 76 0 153
0.047224 -0.597960 -0.241196 76 0 153
-0.312083 -0.654723 0.550226 76 0 153
-0.278956 0.577191 -0.471300 153 0 76
-0.563656 -0.494361 0.509489 153 0 76
-0.461164 -0.616226 0.553138 76 0 153
-0.541478 -0.654723 -0.337112 76 0 153
-0.516923 -0.616226 0.506904 76 0 153
-0.563656 0.237941 -0.364441 153 0 76
-0.512326 0.000069 -0.358218 153 0 76
-0.295151 -0.594622 -0.559258 153 76 0
0.549028 0.517438 0.372062 76 153 0
-0.255677 -0.418775 -0.606145 204 51 127
0.047224 0.233225 0.130132 76 0 153
0.159628 -0.654723 0.091713 76 0 153
0.549028 -0.257637 -0.102057 76 153 0
0.600358 -0.000709 -0.182228 76 153 0
-0.380792 0.577191 -0.393669 153 0 76
0.047224 -0.094070 0.435500 76 0 153
0.410507 0.065577 -0.559258 153 76 0
-0.274147 0.363985 -0.610588 204 51 127
0.549028 0.011013 -0.397246 76 153 0
0.549028 0.328712 -0.122931 76 153 0
0.552666 -0.654723 0.018431 76 0 153
0.191598 0.538694 0.220522 153 0 76
0.549028 -0.474043 0.138911 76 153 0
0.549028 0.225866 0.136106 76 153 0
0.549028 -0.238271 -0.239571 76 153 0
-0.417289 -0.509869 -0.610588 204 51 127
-0.563656 -0.563471 0.299981 153 0 76
0.174476 0.200156 -0.559258 153 76 0
-0.004106 0.178880 0.528282 76 0 153
0.047224 -0.452928 -0.498424 76 0 153
0.335384 -0.525937 -0.559258 0 0 255
-0.512326 0.106246 0.525508 153 0 76
-0.477381 -0.433952 0.611702 127 0 127
0.600358 0.170638 0.386906 76 153 0
-0.192586 -0.349455 0.573205 127 0 127
0.202880 0.538694 0.387217 153 0 76
-0.563656 -0.388374 -0.368870 153 0 76
-0.317693 0.538694 -0.198075 153 0 76
0.334766 0.577191 -0.472687 153 0 76
-0.513478 -0.503252 -0.610588 153 0 76
0.047224 0.026342 -0.319345 76 0 153
-0.563656 0.353366 0.413499 153 0 76
-0.113970 0.538694 0.511549 153 0 76
0.549028 -0.024779 0.326743 76 153 0
-0.563656 0.186760 -0.563505 153 0 76
0.600358 -0.403016 -0.426276 76 153 0
0.600358 -0.291342 -0.000238 76 153 0
0.558602 0.470827 0.611702 127 0 127
-0.563656 -0.380554 -0.213946 153 0 76
-0.319181 -0.181332 0.573205 127 0 127
-0.512326 -0.037136 -0.450429 153 0 76
-0.442913 -0.654723 0.156943 76 0 153
0.047224 -0.515120 -0.520627 76 0 153
-0.563656 -0.539616 -0.074881 153 0 76
0.141688 0.538694 0.079142 153 0 76
-0.258100 0.115453 -0.559258 153 76 0
-0.512326 0.263235 0.356064 153 0 76
-0.563656 -0.277754 0.282437 153 0 76
-0.492147 -0.616226 0.310647 76 0 153
-0.004106 -0.328342 -0.226165 76 0 153
-0.004106 0.391938 0.098013 76 0 153
0.047224 0.086752 0.365026 76 0 153
-0.308764 -0.365781 0.573205 127 0 127
0.452478 -0.110358 -0.572091 153 76 0
0.549028 0.209153 0.237957 76 153 0
0.549028 -0.243980 0.143521 76 153 0
-0.142682 -0.654723 0.001759 76 0 153
0.499596 0.205830 0.573205 127 0 127
0.129575 -0.382028 0.611702 127 0 127
-0.062725 -0.585083 0.573205 127 0 127
-0.563656 0.205354 0.413846 153 0 76
-0.428348 0.329012 -0.610588 204 51 127
-0.539767 -0.131929 0.611702 127 0 127
0.600358 -0.419275 0.058197 76 153 0
0.450275 0.577191 0.387158 153 0 76
-0.563656 0.074063 -0.474542 153 0 76
0.423382 -0.539410 -0.610588 0 0 255
-0.088565 -0.654723 0.188038 76 0 153
-0.418602 -0.616226 0.368072 76 0 153
-0.300561 -0.491710 0.611702 127 0 127
0.099522 0.457556 0.611702 127 0 127
0.047224 0.461479 0.465532 76 0 153
0.490848 -0.014042 -0.610588 0 0 255
-0.512326 0.242046 0.167371 153 0 76
-0.512326 -0.341255 0.536367 153 0 76
0.549028 0.443712 0.124488 76 153 0
-0.431590 -0.087475 -0.559258 204 51 127
0.154160 -0.654331 0.569996 127 0 127
0.331371 0.538694 0.060247 153 0 76
-0.563656 -0.344111 -0.469942 153 0 76
0.200980 -0.283561 0.611702 127 0 127
-0.563656 0.367159 -0.196552 153 0 76
0.488748 -0.616226 -0.564913 153 76 0
-0.004106 0.364155 -0.514029 76 0 153
0.288234 0.527595 0.573205 153 0 76
-0.498811 0.577191 -0.253234 153 0 76
-0.004106 -0.249843 -0.451143 76 0 153
-0.069582 -0.392092 -0.572091 153 76 0
-0.512326 0.167850 0.280070 153 0 76
-0.512326 -0.108020 0.220839 153 0 76
-0.512326 0.261398 0.229837 153 0 76
0.089365 -0.240809 -0.559258 153 76 0
0.047224 -0.242291 -0.305011 76 0 153
-0.172387 -0.616226 -0.300004 76 0 153
-0.360851 0.577191 0.375845 153 0 76
-0.563656 0.215354 0.562749 153 0 76
0.301264 -0.515438 -0.610588 0 0 255
-0.028685 0.577191 -0.072442 153 0 76
0.549028 -0.017024 -0.474822 76 153 0
-0.512326 -0.040346 -0.136542 153 0 76
-0.563656 -0.613871 0.264110 153 0 76
-0.512326 0.268952 0.486156 153 0 76
0.020783 -0.616226 0.163699 76 0 153
0.112969 0.538694 -0.318080 153 0 76
0.047224 0.117344 -0.161343 76 0 153
-0.373619 0.577191 0.304839 153 0 76
0.369558 -0.316290 -0.559258 153 76 0
0.329035 -0.125090 -0.559258 153 76 0
-0.022293 0.088074 0.573205 127 0 127
-0.563656 0.313524 0.243184 153 0 76
-0.101870 0.577191 0.007827 153 0 76
0.549028 -0.370299 0.534421 76 153 0
-0.443243 0.538694 -0.416028 153 0 76
-0.512326 -0.195495 -0.342051 153 0 76
-0.359559 -0.543728 0.611702 127 0 127
-0.511923 0.577191 0.380121 153 0 76
-0.118997 -0.654723 -0.480163 76 0 153
0.549028 -0.282407 -0.366295 76 153 0
0.303567 -0.222795 0.611702 127 0 127
0.600358 0.141104 -0.129784 76 153 0
-0.463315 0.470357 -0.559258 153 76 0
-0.272771 0.470195 -0.559258 153 76 0
0.600358 0.349629 0.455312 76 153 0
-0.004106 -0.307301 -0.288486 76 0 153
0.198134 0.538694 -0.353427 153 0 76
0.333528 -0.654723 0.556332 76 0 153
-0.279678 -0.616226 0.319753 76 0 153
-0.563656 0.049244 -0.330348 153 0 76
0.483952 0.577191 0.134589 153 0 76
-0.431525 0.538694 -0.195181 153 0 76
-0.184852 -0.616226 0.159409 76 0 153
0.456180 -0.654723 0.538065 127 0 127
-0.004106 0.128910 0.272815 76 0 153
-0.495670 0.538694 0.539895 153 0 76
-0.111574 -0.403703 0.573205 127 0 127
0.549028 -0.049523 -0.148923 76 153 0
-0.512326 -0.290393 0.401627 153 0 76
0.064631 0.268388 -0.559258 153 76 0
0.309491 0.199110 -0.610588 0 0 255
-0.563656 -0.408148 -0.300806 153 0 76
-0.512326 0.287169 -0.240928 153 0 76
0.299421 -0.225352 -0.610588 0 0 255
0.600358 0.364013 0.118124 76 153 0
-0.563656 0.343970 -0.004236 153 0 76
0.386167 0.424866 0.611702 127 0 127
0.104296 0.567016 0.611702 127 0 127
0.549028 -0.540720 0.362641 76 153 0
-0.004106 0.459547 0.357824 76 0 153
0.549028 0.153042 -0.499648 76 153 0
0.600358 -0.348941 -0.299765 76 153 0
0.600358 -0.371516 0.353609 76 153 0
-0.563656 -0.356474 0.396742 153 0 76
-0.563656 -0.531890 0.150595 153 0 76
0.600358 -0.632684 -0.086299 76 153 0
0.265543 -0.044739 -0.559258 153 76 0
-0.512326 -0.405618 0.482962 153 0 76
-0.522819 0.074888 -0.610588 153 0 76
0.134987 0.577191 0.490877 153 0 76
-0.512326 -0.582427 -0.198520 153 0 76
-0.148490 -0.192553 0.611702 127 0 127
-0.004106 0.308845 0.206203 76 0 153
0.549028 -0.153853 0.104105 76 153 0
-0.512326 -0.210010 0.515299 153 0 76
-0.483830 0.538694 -0.306750 153 0 76
0.549028 -0.246360 0.275904 76 153 0
-0.264840 -0.616226 -0.316127 76 0 153
-0.172970 -0.599497 0.573205 76 0 153
-0.563656 0.469072 0.363903 153 0 76
0.239008 0.400527 0.611702 127 0 127
0.600358 0.235885 -0.269816 76 153 0
0.600358 0.154556 -0.605956 76 153 0
0.047224 -0.555907 0.555362 127 0 127
0.600358 -0.544869 -0.339865 76 153 0
-0.252926 -0.463021 -0.559258 204 51 127
-0.004106 0.526868 -0.313074 76 0 153
0.210522 -0.027533 0.573205 127 0 127
0.012503 -0.420205 0.611702 127 0 127
0.600358 -0.331835 0.555212 76 153 0
-0.376127 0.382688 0.573205 127 0 127
0.549028 0.174160 0.286330 76 153 0
-0.512326 -0.353405 -0.246317 153 0 76
-0.281128 0.275212 -0.559258 204 51 127
0.186855 -0.123924 -0.572091 153 76 0
0.239671 -0.654723 -0.552289 76 0 153
-0.004106 0.430578 0.475777 76 0 153
0.600358 -0.601793 0.354547 76 153 0
-0.004106 -0.045766 -0.125046 76 0 153
-0.004106 -0.449717 0.512740 76 0 153
0.600358 -0.486396 0.081482 76 153 0
-0.252442 -0.616226 -0.013420 76 0 153
-0.512326 -0.175777 -0.535622 153 0 76
0.549028 0.129194 0.331263 76 153 0
0.054072 0.538694 -0.423074 153 0 76
-0.563656 -0.147393 -0.551653 153 0 76
-0.434529 0.109953 0.573205 127 0 127
-0.512326 -0.384812 0.027144 153 0 76
0.549028 -0.523099 0.038009 76 153 0
0.600358 -0.413521 0.305105 76 153 0
-0.004106 -0.024698 0.098462 76 0 153
0.219088 -0.616226 -0.463899 76 0 153
-0.512326 0.520446 0.192061 153 0 76
-0.249008 -0.654723 0.475782 76 0 153
-0.522461 0.120325 0.611702 127 0 127
-0.563656 -0.588174 -0.355380 153 0 76
-0.356513 0.133650 -0.610588 204 51 127
0.417740 0.538694 -0.545459 153 0 76
-0.013329 -0.593137 0.611702 127 0 127
-0.512326 -0.166928 -0.133178 153 0 76
-0.004106 0.411608 -0.317708 76 0 153
-0.512326 0.001457 -0.560907 153 0 76
-0.563656 -0.559882 -0.492522 153 0 76
0.600358 0.241871 0.222521 76 153 0
-0.004106 0.087106 -0.447679 76 0 153
-0.158532 0.275482 0.611702 127 0 127
-0.563656 0.002231 0.103978 153 0 76
-0.004106 -0.130562 0.130538 76 0 153
-0.319207 0.538694 0.085695 153 0 76
0.549028 -0.151702 0.292716 76 153 0
-0.563656 0.162426 0.466536 153 0 76
0.600358 -0.267301 0.519163 76 153 0
-0.115870 0.538694 -0.136655 153 0 76
0.066008 -0.654723 -0.140077 76 0 153
-0.004106 -0.524592 -0.132354 76 0 153
0.600358 0.313088 -0.003130 76 153 0
0.597827 0.577191 0.087740 153 0 76
-0.474188 -0.158631 0.611702 127 0 127
0.070746 -0.616226 0.507657 76 0 153
-0.563656 0.514564 0.162643 153 0 76
0.600358 -0.059820 0.476241 76 153 0
-0.255677 -0.041813 -0.609530 204 51 127
0.600358 -0.310594 0.066163 76 153 0
-0.004106 0.392516 -0.191304 76 0 153
-0.512326 -0.346809 -0.515818 153 0 76
-0.369137 -0.004816 -0.610588 204 51 127
-0.563656 0.089921 -0.549099 153 0 76
-0.512326 -0.338888 -0.129394 153 0 76
-0.547328 -0.654723 -0.249723 76 0 153
-0.124428 0.577191 0.261153 153 0 76
-0.432681 -0.170589 -0.559258 204 51 127
-0.004106 -0.070584 -0.445574 76 0 153
0.549028 -0.011653 -0.213571 76 153 0
-0.563656 -0.461990 0.317029 153 0 76
0.549028 -0.529865 0.297521 76 153 0
0.600358 -0.182730 0.212608 76 153 0
0.549028 0.060536 -0.080487 76 153 0
-0.444096 0.322791 0.573205 127 0 127
0.600358 0.378590 -0.459405 76 153 0
-0.294295 -0.081536 0.611702 127 0 127
-0.004106 0.347390 -0.248118 76 0 153
-0.512326 0.475186 -0.467858 153 0 76
-0.512326 -0.477954 -0.244159 153 0 76
-0.411396 -0.233839 0.611702 127 0 127
-0.563656 0.023970 -0.055917 153 0 76
-0.430738 0.152938 -0.610588 204 51 127
-0.563656 -0.313441 0.519670 153 0 76
-0.378393 0.538694 -0.247612 153 0 76
0.600358 -0.329439 0.288056 76 153 0
0.496586 -0.203988 -0.610588 0 0 255
-0.401375 -0.325643 0.611702 127 0 127
0.549028 0.435958 -0.124582 76 153 0
0.549028 -0.037196 0.137022 76 153 0
0.047224 0.293790 -0.212463 76 0 153
-0.367241 0.453932 -0.610588 204 51 127
0.047224 -0.216368 -0.057631 76 0 153
-0.563656 -0.605100 -0.562981 153 0 76
0.160603 -0.085756 0.573205 127 0 127
0.549028 0.445397 -0.203424 76 153 0
-0.512326 -0.380512 0.308814 153 0 76
0.083966 0.454544 -0.559258 153 76 0
-0.101963 -0.654723 -0.156350 76 0 153
0.549028 -0.003054 0.502926 76 153 0
0.600358 -0.515478 -0.004054 76 153 0
0.600358 0.498876 0.188396 76 153 0
-0.257964 0.468767 0.611702 127 0 127
-0.004106 0.451579 0.085088 76 0 153
-0.512326 -0.548478 0.120758 153 0 76
-0.512326 -0.520870 0.248075 153 0 76
0.047224 0.410725 -0.143072 76 0 153
0.262734 -0.117688 0.611702 127 0 127
-0.512326 -0.041090 0.010223 153 0 76
0.600358 0.071260 -0.017276 76 153 0
-0.563656 -0.548455 0.006027 153 0 76
0.155947 0.577191 0.403917 153 0 76
0.104939 0.577191 -0.135986 153 0 76
0.474227 0.538694 -0.474150 153 0 76
0.047224 -0.550018 0.291237 76 0 153
0.217370 0.313925 -0.572091 153 76 0
0.600358 0.467853 -0.288970 76 153 0
-0.287825 -0.616226 -0.457506 76 0 153
0.523179 0.237623 -0.610588 0 0 255
0.369884 0.538694 0.566740 127 0 127
-0.105106 -0.654723 0.094416 76 0 153
0.429890 -0.323293 -0.610588 0 0 255
-0.004106 0.441235 -0.106975 76 0 153
0.047224 -0.078359 0.296070 76 0 153
0.287421 0.538694 -0.098749 153 0 76
0.047224 0.113536 -0.298869 76 0 153
-0.512326 -0.513453 -0.104767 153 0 76
0.600358 -0.511291 -0.599394 76 153 0
-0.004106 0.117611 -0.344617 76 0 153
-0.004106 -0.375304 -0.091632 76 0 153
-0.482822 -0.543235 0.573205 127 0 127
0.549028 -0.475074 0.477141 76 153 0
0.047224 -0.150757 0.292016 76 0 153
0.194092 0.577191 0.555214 153 0 76
-0.373960 -0.654723 0.275916 76 0 153
-0.563656 0.221772 -0.035645 153 0 76
-0.004106 0.159941 0.348458 76 0 153
0.600358 -0.581836 0.109159 76 153 0
0.182766 0.577191 -0.554019 153 0 76
0.549028 -0.438666 -0.340029 76 153 0
0.494653 -0.654723 0.440674 76 0 153
-0.393774 0.538694 0.133763 153 0 76
0.600358 0.242434 0.611315 127 0 127
0.047224 -0.332942 -0.495124 76 0 153
0.600358 -0.135952 0.478954 76 153 0
-0.174739 -0.616226 0.373154 76 0 153
0.286194 0.287322 0.611702 127 0 127
-0.004106 0.203532 0.410457 76 0 153
-0.330038 0.577191 -0.583382 153 0 76
-0.563656 0.029472 -0.547972 153 0 76
0.600358 0.152018 -0.005133 76 153 0
-0.050474 0.423866 0.611702 127 0 127
-0.105387 0.577191 0.446676 153 0 76
-0.248760 -0.616226 0.193632 76 0 153
-0.371715 -0.654723 -0.434376 76 0 153
0.047224 0.507445 -0.083238 76 0 153
0.069111 -0.622177 -0.610588 76 0 153
0.549028 0.334046 0.172222 76 153 0
0.566954 0.004357 0.569996 127 0 127
0.047224 0.504157 0.262627 76 0 153
-0.004106 -0.158163 -0.272713 76 0 153
-0.105282 -0.616226 -0.379950 76 0 153
0.252077 -0.616226 0.302976 76 0 153
-0.512326 0.185452 -0.070798 153 0 76
0.047224 0.044172 0.235997 76 0 153
0.047224 0.385956 0.287671 76 0 153
-0.512326 -0.114754 0.385506 153 0 76
-0.004106 -0.163597 -0.355335 76 0 153
0.019619 0.538693 0.106889 76 0 153
0.600358 -0.524207 0.219173 76 153 0
-0.316531 -0.654723 -0.158507 76 0 153
-0.127480 0.577191 -0.260450 153 0 76
0.152976 -0.293507 0.573205 127 0 127
0.047224 -0.094832 -0.346123 76 0 153
0.420500 0.577191 -0.298143 153 0 76
-0.563656 0.429364 -0.081127 153 0 76
-0.324113 0.269607 0.573205 127 0 127
0.600358 -0.274365 -0.184764 76 153 0
0.047224 -0.387398 0.119452 76 0 153
0.327809 -0.654723 0.039920 76 0 153
0.047224 0.318037 0.358191 76 0 153
-0.512326 -0.102771 -0.443178 153 0 76
-0.322112 0.538694 0.205348 153 0 76
-0.004106 -0.093093 -0.509897 76 0 153
0.047224 0.245982 0.022099 76 0 153
-0.563656 0.038946 -0.154412 153 0 76
-0.227446 0.577191 -0.307809 153 0 76
-0.563656 0.303392 -0.515439 153 0 76
-0.563656 -0.276014 -0.371159 153 0 76
-0.512326 0.135933 -0.419477 153 0 76
0.299814 -0.176753 -0.559258 153 76 0
-0.088028 -0.654723 0.367692 76 0 153
-0.512326 -0.514313 -0.421222 153 0 76
-0.451807 0.429279 -0.610588 204 51 127
0.600358 0.340961 0.522676 76 153 0
-0.512326 -0.613740 -0.608730 153 0 76
-0.085980 0.577191 0.149321 153 0 76
-0.431953 -0.342415 -0.610588 204 51 127
0.546231 -0.616226 -0.400517 76 153 0
-0.563656 -0.512877 -0.243290 153 0 76
-0.563656 -0.075833 -0.329253 153 0 76
0.039756 -0.616226 0.255356 76 0 153
0.553699 0.538693 -0.223872 76 153 0
0.305165 0.577191 -0.150008 153 0 76
-0.282661 0.538694 -0.144868 153 0 76
0.005273 -0.616226 -0.145152 76 0 153
0.496885 0.538694 -0.028501 153 0 76
-0.107858 0.538694 -0.481121 153 0 76
0.225422 0.056033 0.573205 127 0 127
-0.497447 -0.033694 0.611702 127 0 127
-0.004106 -0.565137 0.185833 76 0 153
0.047224 -0.183336 0.207512 76 0 153
-0.563656 -0.028580 -0.405513 153 0 76
-0.512326 0.217072 -0.264358 153 0 76
0.047224 -0.444036 0.220175 76 0 153
0.390905 -0.172384 0.573205 127 0 127
0.549028 -0.079554 0.182297 76 153 0
-0.423204 -0.616226 0.103149 76 0 153
0.047224 0.161817 0.027849 76 0 153
0.011669 0.511661 0.573205 76 0 153
0.600358 -0.315149 -0.581760 76 153 0
-0.563656 -0.598822 0.428263 153 0 76
0.312821 -0.410699 -0.610588 0 0 255
-0.563656 -0.106062 -0.204519 153 0 76
0.335836 -0.654723 0.206802 76 0 153
-0.563656 0.158757 -0.307183 153 0 76
-0.230357 0.332136 0.573205 127 0 127
0.219421 0.538694 0.314249 153 0 76
-0.034548 -0.616226 0.445464 76 0 153
0.549028 -0.207362 -0.439163 76 153 0
0.549028 -0.367665 0.219529 76 153 0
-0.514579 0.538693 -0.566252 153 0 76
-0.056483 -0.249813 0.573205 127 0 127
0.600358 -0.543320 0.497235 76 153 0
0.229209 -0.616226 0.035185 76 0 153
-0.004106 -0.421125 -0.216653 76 0 153
0.478003 -0.616226 -0.232855 76 0 153
0.047224 0.233521 0.414297 76 0 153
-0.056517 0.538694 0.350556 153 0 76
0.600358 -0.246829 -0.316345 76 153 0
0.565806 -0.353841 0.611702 127 0 127
-0.114125 -0.498716 -0.572091 153 76 0
-0.466306 -0.654723 0.500067 76 0 153
-0.563656 0.380421 -0.326993 153 0 76
-0.512326 -0.403046 -0.148472 153 0 76
0.047224 -0.468011 0.020775 76 0 153
-0.004106 -0.346745 0.078157 76 0 153
-0.512326 0.416051 -0.560354 204 51 127
-0.004106 0.057825 -0.334817 76 0 153
-0.512326 0.124488 -0.540557 153 76 0
-0.004106 -0.212768 0.215543 76 0 153
-0.384270 -0.616226 0.503561 76 0 153
-0.329645 0.577191 -0.504678 153 0 76
0.600358 0.157267 -0.452733 76 153 0
-0.516110 -0.459790 0.569996 153 0 76
0.326654 0.577191 -0.231092 153 0 76
0.159014 -0.616226 -0.482146 76 0 153
-0.268490 0.577191 0.108996 153 0 76
-0.194127 0.577191 0.070944 153 0 76
-0.004106 0.448152 -0.016080 76 0 153
0.600358 -0.120515 0.114693 76 153 0
0.339528 0.577191 -0.288578 153 0 76
0.014751 -0.654723 0.554728 127 0 127
-0.143334 0.577191 -0.343734 153 0 76
0.047224 -0.564360 0.140101 76 0 153
-0.449828 0.501154 0.573205 153 0 76
0.047224 0.395211 0.049978 76 0 153
0.047224 -0.521529 -0.373995 76 0 153
0.518845 0.577191 -0.376516 153 0 76
-0.004106 0.299725 0.455479 76 0 153
0.047224 -0.016485 0.326405 76 0 153
0.549028 0.122527 0.456358 76 153 0
-0.059008 -0.616226 -0.000979 76 0 153
0.549028 0.475008 -0.081612 76 153 0
0.549028 0.075350 -0.273098 76 153 0
0.094596 0.525436 0.573205 127 0 127
-0.396302 -0.199321 -0.610588 204 51 127
-0.470197 0.538694 0.370774 153 0 76
0.549028 -0.126661 -0.189997 76 153 0
0.600358 0.338710 -0.310743 76 153 0
0.047224 -0.041772 0.544721 76 0 153
-0.444899 -0.349017 0.573205 127 0 127
0.549028 0.324409 -0.196446 76 153 0
0.063990 -0.654723 -0.412648 76 0 153
-0.004106 0.296413 -0.133474 76 0 153
0.412577 -0.616226 0.104794 76 0 153
0.143597 0.072118 0.573205 127 0 127
-0.563656 0.220384 0.082211 153 0 76
-0.396347 0.356345 -0.559258 153 76 0
0.110923 -0.582637 0.573205 127 0 127
-0.030306 0.539292 -0.610588 153 0 76
-0.004106 0.265053 0.546772 76 0 153
0.047224 -0.152544 -0.444147 76 0 153
0.266588 0.577191 -0.307036 153 0 76
0.559162 0.002128 -0.610588 76 153 0
0.330157 -0.519949 0.573205 127 0 127
0.549028 -0.060002 0.074594 76 153 0
0.549028 0.123041 0.068557 76 153 0
0.368963 0.301988 -0.559258 0 0 255
-0.004106 -0.596676 -0.299633 76 0 153
-0.308106 0.577191 -0.004485 153 0 76
-0.512326 0.380306 0.324206 153 0 76
-0.185258 0.538694 -0.450844 153 0 76
0.549028 -0.177698 0.037971 76 153 0
0.103093 0.538694 0.398527 153 0 76
-0.563656 -0.254868 -0.549746 153 0 76
0.549028 -0.273876 -0.557283 76 153 0
-0.557239 -0.644262 0.604258 127 0 127
0.047224 -0.055750 0.212026 76 0 153
-0.004106 -0.385506 0.005810 76 0 153
-0.563656 0.320941 0.181143 153 0 76
0.278283 -0.654723 0.458368 76 0 153
-0.563656 0.041378 0.301863 153 0 76
0.549028 -0.450965 -0.455045 76 153 0
-0.512326 -0.214889 -0.577303 153 76 0
0.047224 0.340332 0.478063 76 0 153
-0.512326 0.308892 0.288736 153 0 76
0.486180 0.441464 -0.559258 153 76 0
-0.004106 -0.060887 -0.331527 76 0 153
-0.512326 0.462932 -0.206380 153 0 76
0.600358 0.340009 0.332504 76 153 0
-0.563656 -0.085494 -0.102171 153 0 76
-0.563656 0.500390 -0.431491 153 0 76
0.047224 0.147839 -0.350089 76 0 153
0.600358 0.446075 0.287467 76 153 0
-0.518338 0.538693 0.022576 153 0 76
-0.339006 -0.654723 -0.609099 76 0 153
-0.563656 -0.233836 -0.015119 153 0 76
-0.563656 0.084483 0.413809 153 0 76
-0.512326 0.536412 -0.138958 153 0 76
-0.563656 -0.287686 0.218242 153 0 76
0.600358 0.458901 0.024872 76 153 0
-0.199482 -0.095826 -0.559258 153 76 0
0.047224 0.101821 -0.407393 76 0 153
0.549028 -0.156917 -0.336556 76 153 0
-0.512326 -0.258087 0.062878 153 0 76
-0.004106 -0.479896 -0.009798 76 0 153
-0.512326 -0.484506 0.143853 153 0 76
0.389565 -0.446372 -0.559258 153 76 0
0.600358 -0.084271 0.225869 76 153 0
-0.512326 0.524658 -0.354026 153 0 76
0.024770 -0.616226 0.085505 76 0 153
0.047224 -0.323804 0.435610 76 0 153
0.600358 -0.123936 -0.464336 76 153 0
0.232927 -0.498045 0.573205 127 0 127
0.029858 -0.654723 -0.018270 76 0 153
-0.169996 0.134884 0.611702 127 0 127
-0.563656 -0.186748 -0.374117 153 0 76
0.421442 -0.542171 0.573205 127 0 127
0.047224 0.178349 0.115093 76 0 153
-0.231597 -0.616226 -0.491269 76 0 153
-0.004106 0.232620 0.052952 76 0 153
-0.563656 0.429687 0.322869 153 0 76
0.463149 -0.654723 -0.343423 76 0 153
0.600358 -0.571984 0.573870 76 153 0
0.600358 -0.015446 -0.315516 76 153 0
0.417423 0.577191 0.447319 153 0 76
-0.512326 0.436222 0.032223 153 0 76
0.325615 0.529709 -0.572091 153 0 76
0.549028 -0.543749 -0.507052 76 153 0
0.600358 -0.356934 0.168041 76 153 0
-0.428862 -0.399864 -0.610588 204 51 127
0.444096 -0.202853 -0.559258 0 0 255
-0.518181 -0.654723 0.152389 76 0 153
-0.563656 -0.435225 -0.116459 153 0 76
0.600358 -0.299170 0.153174 76 153 0
0.258244 -0.616226 -0.329208 76 0 153
0.549028 -0.521113 -0.269422 76 153 0
-0.512326 -0.077057 -0.558436 153 76 0
-0.563656 -0.230293 0.318781 153 0 76
0.047224 0.181468 0.333964 76 0 153
0.409055 0.473430 -0.559258 153 76 0
0.469178 0.152070 -0.559258 153 76 0
-0.443613 -0.430119 -0.559258 153 76 0
-0.104452 -0.046232 0.573205 127 0 127
0.450228 -0.616226 -0.164691 76 0 153
-0.407072 -0.654723 0.014200 76 0 153
-0.556458 0.572927 0.573205 153 0 76
0.600358 0.095279 -0.550835 76 153 0
-0.004106 -0.508054 0.473548 76 0 153
-0.541159 0.576460 -0.610588 153 0 76
0.146688 0.538694 -0.070527 153 0 76
-0.512326 0.461461 -0.079620 153 0 76
0.047224 0.116515 0.147561 76 0 153
0.164183 -0.616226 -0.608808 76 0 153
0.600358 0.099887 -0.448629 76 153 0
-0.512326 -0.414458 0.397085 153 0 76
0.600358 -0.195926 -0.500581 76 153 0
0.055106 0.538951 -0.610588 153 0 76
-0.512326 0.288393 -0.152856 153 0 76
-0.308204 0.204102 -0.610588 204 51 127
-0.311355 -0.654723 0.128090 76 0 153
-0.315153 0.538694 -0.093954 153 0 76
-0.081707 0.531651 -0.559258 153 0 76
0.469834 0.577191 -0.167250 153 0 76
-0.563656 0.177651 -0.251491 153 0 76
0.549028 -0.285851 0.325945 76 153 0
0.564417 0.528653 0.611702 127 0 127
0.600358 -0.218004 -0.136934 76 153 0
0.334364 0.577191 0.456320 153 0 76
0.047224 0.351056 -0.139516 76 0 153
-0.563656 -0.600634 -0.149065 153 0 76
0.411571 -0.654723 -0.257115 76 0 153
-0.139270 -0.194496 -0.572091 153 76 0
-0.563656 0.283990 0.451924 153 0 76
0.253219 -0.395397 0.611702 127 0 127
-0.563656 -0.360264 0.045340 153 0 76
0.600358 -0.316233 0.399085 76 153 0
-0.477488 0.199951 0.573205 127 0 127
-0.562265 0.438817 -0.610588 153 0 76
0.366495 -0.348193 0.573205 127 0 127
0.047224 0.258774 -0.102949 76 0 153
-0.147965 0.577191 0.316702 153 0 76
0.140820 -0.654723 -0.080141 76 0 153
0.600358 -0.039707 -0.241587 76 153 0
-0.563656 -0.088291 0.178400 153 0 76
0.160814 -0.616226 -0.254327 76 0 153
-0.004106 -0.039860 -0.396670 76 0 153
0.467409 0.034885 0.611702 127 0 127
0.600358 -0.380384 -0.231352 76 153 0
-0.167291 -0.559403 -0.572091 153 76 0
0.047224 0.030475 0.392438 76 0 153
-0.004106 0.331947 -0.015177 76 0 153
-0.004106 0.218780 0.218243 76 0 153
-0.086240 -0.654723 -0.245749 76 0 153
0.047224 0.176553 -0.464486 76 0 153
0.030907 0.016100 -0.572091 153 76 0
0.549028 -0.244632 0.202535 76 153 0
-0.563656 -0.512650 -0.358620 153 0 76
0.543641 -0.654723 0.404462 76 0 153
-0.068802 0.090923 -0.559258 153 76 0
0.600358 0.152041 0.494029 76 153 0
-0.371246 -0.137521 0.573205 127 0 127
0.384077 -0.095470 0.573205 127 0 127
-0.563656 0.467065 -0.274225 153 0 76
-0.563656 0.271135 -0.318347 153 0 76
-0.412564 0.538694 -0.330522 153 0 76
0.043408 0.577191 -0.549059 153 0 76
-0.004106 -0.323176 0.512170 76 0 153
-0.512326 -0.502578 0.469790 153 0 76
0.378539 -0.654723 -0.497141 76 0 153
0.148359 0.277875 -0.572091 153 76 0
0.247713 0.577191 -0.007053 153 0 76
-0.311125 0.538694 0.376219 153 0 76
0.047224 -0.072204 0.494909 76 0 153
-0.081410 -0.186556 0.573205 127 0 127
0.549028 0.511719 -0.355427 76 153 0
-0.512326 0.237794 0.044490 153 0 76
-0.512326 -0.428288 -0.592353 204 51 127
-0.461444 -0.059096 0.573205 127 0 127
0.545085 -0.199051 0.573205 127 0 127
0.600358 0.201656 0.328896 76 153 0
-0.512326 0.426883 -0.409707 153 0 76
0.600358 0.154475 -0.184318 76 153 0
0.528341 -0.525108 0.611702 127 0 127
-0.004106 0.528532 -0.001798 153 0 76
-0.004106 0.431775 -0.389917 76 0 153
0.549028 0.300114 0.516080 76 153 0
0.549028 0.523844 -0.004903 76 153 0
0.542889 0.381788 -0.610588 76 153 0
0.224231 -0.577153 -0.572091 153 76 0
0.047224 -0.300122 0.188715 76 0 153
-0.237600 -0.442540 0.611702 127 0 127
-0.512326 0.461171 0.105336 153 0 76
-0.512326 0.484538 0.284526 153 0 76
0.600358 -0.452686 0.413781 76 153 0
-0.560942 0.577191 -0.203097 153 0 76
0.549028 0.083552 0.200493 76 153 0
-0.057178 -0.654723 0.306710 76 0 153
0.600358 -0.640684 0.480201 76 0 153
0.440513 -0.616226 -0.104505 76 0 153
-0.509911 -0.654723 -0.503366 76 0 153
-0.004106 -0.544944 -0.487120 76 0 153
0.458918 -0.327451 0.573205 127 0 127
0.047224 -0.126725 -0.143104 76 0 153
0.600358 -0.479145 -0.169099 76 153 0
0.549028 -0.339185 -0.166568 76 153 0
-0.020148 -0.096513 0.611702 127 0 127
0.047224 -0.496306 0.514320 76 0 153
0.059870 -0.616226 -0.480983 76 0 153
-0.156562 -0.651990 -0.610588 76 0 153
0.385783 -0.654723 0.429856 76 0 153
-0.264563 0.538694 0.466473 153 0 76
0.138251 0.577191 -0.184532 153 0 76
0.265311 0.163296 0.573205 127 0 127
0.047224 -0.014396 -0.439709 76 0 153
-0.563656 -0.333945 0.467707 153 0 76
-0.026574 -0.624582 -0.610588 76 0 153
0.126441 -0.654723 -0.409565 76 0 153
-0.416653 0.577191 0.201773 153 0 76
0.047224 0.454409 0.034927 76 0 153
-0.425138 0.538694 0.296637 153 0 76
0.545137 -0.654723 -0.184949 76 0 153
-0.271941 -0.310879 -0.559258 153 76 0
-0.528325 0.538693 -0.036370 153 0 76
-0.512326 0.016893 0.377973 153 0 76
-0.004106 0.261286 -0.019581 76 0 153
0.434609 -0.565174 -0.559258 0 0 255
0.047224 0.264403 -0.305272 76 0 153
0.037199 -0.616226 0.457921 76 0 153
0.600358 -0.184675 -0.348796 76 153 0
0.452764 0.077201 -0.610588 0 0 255
0.338534 -0.654723 0.132067 76 0 153
-0.512326 -0.509750 0.011344 153 0 76
-0.502840 0.538694 -0.458326 153 0 76
0.549028 0.502128 0.148486 76 153 0
0.481033 0.328269 -0.559258 153 76 0
-0.004106 0.486295 0.417128 76 0 153
0.314601 0.094022 -0.559258 153 76 0
-0.004106 0.120596 -0.202576 76 0 153
-0.563656 0.430916 -0.210733 153 0 76
-0.141910 -0.557206 0.611702 127 0 127
-0.512326 0.302356 -0.438668 153 0 76
-0.275461 0.123756 0.611702 127 0 127
-0.004106 0.211245 -0.272959 76 0 153
0.047224 -0.366506 -0.226806 76 0 153
0.047224 -0.297362 0.064889 76 0 153
-0.512326 0.260910 0.425909 153 0 76
0.477614 -0.396172 0.573205 127 0 127
-0.030206 -0.088576 -0.559258 153 76 0
-0.460435 -0.115229 -0.610588 204 51 127
0.392198 -0.654723 -0.166180 76 0 153
0.244170 -0.654723 0.074511 76 0 153
0.097690 -0.239883 0.573205 127 0 127
-0.346656 0.290564 -0.559258 153 76 0
0.047224 -0.276082 -0.156003 76 0 153
-0.004106 0.524663 -0.181873 76 0 153
0.600358 -0.283773 -0.408443 76 153 0
-0.472068 -0.616226 -0.125725 76 0 153
0.600358 -0.377398 -0.090464 76 153 0
-0.206307 0.420388 0.611702 127 0 127
0.025887 -0.174273 -0.559258 76 0 153
-0.042333 -0.328985 0.573205 127 0 127
0.600358 -0.224268 0.410877 76 153 0
0.393871 -0.011738 0.611702 127 0 127
0.385431 0.577191 0.233994 153 0 76
0.538713 0.285376 0.611702 127 0 127
0.549028 -0.234747 0.487261 76 153 0
-0.320634 -0.000722 0.573205 127 0 127
0.549028 -0.018640 0.218318 76 153 0
0.089243 -0.654723 0.089751 76 0 153
0.047224 -0.451831 0.312281 76 0 153
-0.512326 -0.332812 -0.300108 153 0 76
0.600358 -0.088612 -0.104061 76 153 0
-0.004040 -0.025940 0.573205 127 0 127
-0.563656 -0.040914 -0.496043 153 0 76
-0.512326 -0.568213 -0.291164 153 0 76
-0.563656 0.524990 0.459694 153 0 76
0.600358 0.148098 -0.067449 76 153 0
-0.512326 0.084782 0.151752 153 0 76
-0.512326 -0.387775 -0.043420 153 0 76
0.251401 -0.307143 0.611702 127 0 127
0.600358 -0.437799 0.536532 76 153 0
-0.287669 -0.540093 -0.610588 204 51 127
0.285597 0.538694 -0.391965 153 0 76
0.071468 0.538694 0.074519 153 0 76
-0.272134 -0.341319 -0.610588 204 51 127
0.347520 0.538694 0.173876 153 0 76
0.047224 0.369202 -0.347864 76 0 153
-0.004106 -0.289599 0.468203 76 0 153
-0.184624 0.577191 0.225652 153 0 76
-0.384640 0.530929 -0.572091 153 76 0
0.600358 0.276576 0.445501 76 153 0
-0.388768 -0.616226 -0.528811 76 0 153
-0.004106 -0.017219 0.504387 76 0 153
-0.356669 0.042416 -0.559258 204 51 127
0.047224 0.080002 0.497281 76 0 153
0.549028 0.217614 -0.512875 76 153 0
-0.014851 -0.654723 -0.501390 76 0 153
-0.512326 0.231238 -0.429396 153 0 76
0.236615 0.577191 0.242409 153 0 76
0.047224 0.087812 0.270972 76 0 153
-0.312016 -0.452276 0.573205 127 0 127
0.600358 0.177090 -0.266214 76 153 0
-0.563656 -0.338007 0.297207 153 0 76
0.515199 0.538694 0.423405 153 0 76
-0.004106 0.010534 0.300566 76 0 153
0.521334 0.538694 -0.119089 153 0 76
-0.512326 -0.114732 0.101851 153 0 76
0.125720 0.577191 -0.538022 153 0 76
-0.257887 -0.398285 0.573205 127 0 127
0.332406 0.055397 0.611702 127 0 127
-0.010232 0.538694 0.504949 153 0 76
0.317796 -0.108373 -0.610588 0 0 255
-0.191908 -0.616226 -0.419186 76 0 153
-0.479262 -0.654723 -0.219233 76 0 153
0.164785 -0.183214 0.611702 127 0 127
-0.512326 0.316855 0.514491 153 0 76
-0.011804 -0.616226 -0.229473 76 0 153
0.600358 -0.057941 -0.549516 76 153 0
-0.004106 0.051585 -0.404321 76 0 153
0.600358 0.313957 0.088310 76 153 0
0.600358 -0.470711 -0.479803 76 153 0
0.468723 0.517784 -0.610588 0 0 255
-0.129891 0.538694 0.156781 153 0 76
-0.294687 -0.593796 0.573205 127 0 127
0.047224 0.295350 0.142957 76 0 153
0.142869 0.577191 -0.012309 153 0 76
-0.276134 0.330058 -0.559258 204 51 127
0.600358 0.309267 -0.494777 76 153 0
0.047224 -0.216553 -0.527467 76 0 153
-0.512326 0.054247 0.263203 153 0 76
-0.004106 -0.587507 -0.082381 76 0 153
-0.459502 0.130167 -0.559258 204 51 127
0.273639 -0.450752 -0.559258 153 76 0
0.294080 -0.018371 -0.610588 0 0 255
0.110437 -0.616226 0.320448 76 0 153
-0.388735 -0.137473 -0.559258 153 76 0
0.224844 0.538694 -0.221350 153 0 76
0.600358 -0.045649 0.411536 76 153 0
0.242028 0.538694 0.483782 153 0 76
-0.376775 0.538694 -0.037701 153 0 76
-0.512326 0.532894 0.419577 153 0 76
0.421830 -0.135334 -0.610588 0 0 255
0.359963 -0.654723 0.508143 76 0 153
0.202943 -0.247570 -0.572091 153 76 0
-0.563656 0.319864 0.366255 153 0 76
0.549355 0.577191 0.276964 153 0 76
-0.163969 -0.461225 0.573205 127 0 127
-0.418106 -0.616226 -0.305300 76 0 153
-0.563656 0.292338 -0.023027 153 0 76
-0.398282 -0.458898 0.611702 127 0 127
-0.512326 -0.586312 0.080938 153 0 76
0.114659 0.577191 0.213789 153 0 76
0.047224 0.166752 -0.265582 76 0 153
-0.423222 -0.654723 0.241405 76 0 153
0.549028 0.320758 -0.525229 76 153 0
0.264952 0.246703 -0.559258 153 76 0
0.318496 0.153925 -0.572091 153 76 0
0.472378 -0.654723 0.222428 76 0 153
0.277735 0.538694 0.164896 153 0 76
-0.004106 -0.479067 -0.087695 76 0 153
0.086286 0.538694 0.146826 153 0 76
-0.512326 -0.524476 0.391869 153 0 76
0.549874 -0.616226 -0.270630 76 0 153
0.401278 -0.079084 -0.559258 153 76 0
0.547864 0.523313 -0.559258 153 0 76
0.047224 -0.164219 0.537260 76 0 153
0.549028 -0.165471 0.354276 76 153 0
0.047224 0.197543 0.456055 76 0 153
-0.328286 -0.388896 -0.559258 153 76 0
-0.563656 0.300422 -0.189200 153 0 76
-0.512326 0.352993 -0.493845 153 0 76
0.062995 -0.616226 -0.332423 76 0 153
0.600358 0.029555 0.533017 76 153 0
0.221991 0.489309 -0.572091 153 76 0
-0.373401 -0.026790 0.611702 127 0 127
-0.004106 0.260020 0.311632 76 0 153
0.047224 0.524858 0.420868 76 0 153
0.047224 -0.519112 -0.288368 76 0 153
-0.126916 -0.654723 -0.534293 76 0 153
-0.563656 0.106020 -0.349887 153 0 76
0.421357 0.290298 -0.572091 153 76 0
0.047224 -0.123345 -0.017252 76 0 153
-0.242618 0.538694 0.340204 153 0 76
0.549028 -0.517342 -0.323976 76 153 0
0.600358 0.029594 0.153258 76 153 0
-0.004106 -0.590654 0.486331 76 0 153
0.597973 -0.259666 0.573205 76 153 0
0.390319 -0.616226 0.280704 76 0 153
0.435279 -0.446920 -0.610588 0 0 255
0.600358 0.028036 0.323463 76 153 0
-0.026496 0.049568 0.611702 127 0 127
-0.004106 -0.154208 -0.160382 76 0 153
-0.098131 0.369438 0.611702 127 0 127
-0.004106 0.323914 -0.354084 76 0 153
0.259139 0.538694 0.406325 153 0 76
-0.512326 0.072507 -0.434005 153 0 76
0.426946 0.576410 -0.610588 153 0 76
-0.270442 0.058450 0.573205 127 0 127
-0.049178 -0.616226 -0.153671 76 0 153
-0.004106 -0.548181 -0.014768 76 0 153
-0.512326 0.351572 0.079084 153 0 76
-0.354863 -0.375515 0.611702 127 0 127
-0.057060 0.175566 0.611702 127 0 127
0.047224 -0.424192 0.430261 76 0 153
0.549028 -0.480672 -0.404391 76 153 0
0.549028 -0.010383 0.020795 76 153 0
-0.407973 0.033411 0.611702 127 0 127
-0.512326 -0.011179 0.171512 153 0 76
0.506777 -0.265927 0.573205 127 0 127
-0.004106 0.181396 -0.063145 76 0 153
-0.563656 0.494435 0.544989 153 0 76
-0.004106 0.098187 0.194061 76 0 153
-0.229144 0.577191 0.274592 153 0 76
-0.512326 -0.094292 -0.242913 153 0 76
-0.244099 -0.530161 0.611702 127 0 127
0.549028 0.300722 0.251934 76 153 0
0.600358 0.367819 -0.264034 76 153 0
0.600358 0.496364 -0.470414 76 153 0
0.209238 -0.654723 0.147509 76 0 153
-0.563656 0.520948 -0.147682 153 0 76
-0.512326 -0.102720 0.504432 153 0 76
0.240600 0.142571 -0.572091 153 76 0
-0.004106 0.071601 0.438758 76 0 153
0.549028 0.480654 0.240475 76 153 0
-0.563656 0.455867 0.191770 153 0 76
-0.563656 -0.610717 -0.450898 153 0 76
0.047224 0.429426 0.555278 76 0 153
-0.563656 0.490115 -0.511203 153 0 76
0.600358 -0.198125 -0.025245 76 153 0
0.496532 -0.480859 -0.559258 153 76 0
0.549028 0.524883 -0.430342 76 153 0
-0.512326 -0.573426 -0.479058 153 0 76
-0.198834 -0.654723 0.054992 76 0 153
0.566317 -0.136101 0.569996 76 153 0
0.415579 0.538694 0.297877 153 0 76
-0.276828 -0.145794 0.573205 127 0 127
-0.455084 0.538694 0.457639 153 0 76
0.489120 0.538694 -0.526238 153 0 76
0.549028 -0.043880 -0.563985 0 0 255
-0.485790 -0.654723 0.422037 76 0 153
0.549028 0.226257 0.459697 76 153 0
-0.117831 0.067406 0.573205 127 0 127
-0.563656 -0.460308 0.383784 153 0 76
0.549028 0.379150 0.004867 76 153 0
-0.512326 0.366308 0.270539 153 0 76
-0.136127 0.538694 0.222784 153 0 76
-0.512326 -0.093800 -0.497840 153 0 76
-0.201248 -0.574210 0.611702 127 0 127
0.253685 -0.654723 0.197008 76 0 153
-0.305159 -0.095929 -0.559258 153 76 0
0.432205 0.506026 0.611702 127 0 127
-0.512326 -0.314637 -0.472408 153 0 76
0.549028 -0.070197 -0.314827 76 153 0
-0.512326 -0.326028 0.155325 153 0 76
-0.194512 -0.616226 -0.169785 76 0 153
0.047224 0.082895 -0.527968 76 0 153
-0.335970 0.538694 0.301133 153 0 76
-0.235089 0.577191 -0.009925 153 0 76
-0.563656 0.281053 0.077151 153 0 76
0.343282 0.132540 0.611702 127 0 127
0.309456 -0.606670 -0.610588 76 0 153
0.075985 0.243281 0.611702 127 0 127
-0.043666 -0.616226 0.257994 76 0 153
-0.294888 0.538694 0.563609 127 0 127
-0.512326 0.390857 0.201953 153 0 76
-0.355275 0.349714 -0.610588 204 51 127
-0.275903 -0.654723 0.064192 76 0 153
0.166026 0.516653 0.611702 127 0 127
0.549028 -0.471781 -0.087701 76 153 0
-0.375703 0.129404 0.573205 127 0 127
0.549028 0.069250 -0.403418 76 153 0
0.549028 -0.126713 -0.420272 76 153 0
-0.004106 0.365133 0.522362 76 0 153
0.374747 0.538694 -0.210565 153 0 76
-0.563656 0.336156 0.120326 153 0 76
0.047224 -0.249418 0.149898 76 0 153
0.288862 -0.481706 0.573205 127 0 127
-0.415875 -0.654723 0.478472 76 0 153
0.366231 -0.283094 0.611702 127 0 127
0.600358 -0.589755 -0.013262 76 153 0
-0.563656 -0.427144 -0.004089 153 0 76
-0.563656 0.383437 -0.453577 153 0 76
-0.563656 -0.009432 0.319607 153 0 76
-0.036325 0.538694 -0.394244 153 0 76
-0.004106 -0.210042 0.358725 76 0 153
-0.038591 0.388204 0.573205 127 0 127
0.127792 -0.616226 0.127966 76 0 153
0.355895 0.133489 -0.610588 0 0 255
0.423256 -0.406435 -0.572091 0 0 255
-0.384551 0.220910 0.611702 127 0 127
0.549028 -0.250377 0.019042 76 153 0
0.432325 0.538694 0.002501 153 0 76
-0.279539 0.577191 -0.241134 153 0 76
0.358601 -0.616226 -0.075478 76 0 153
-0.148410 0.542852 0.569996 153 0 76
0.384648 0.262233 -0.610588 0 0 255
0.423266 0.049387 0.573205 127 0 127
0.600358 0.244985 0.540056 76 153 0
-0.563656 -0.251195 0.036313 153 0 76
-0.512326 0.294822 0.187777 153 0 76
-0.379671 0.577191 -0.114796 153 0 76
-0.103882 0.538694 -0.426147 153 0 76
-0.004106 -0.264377 0.200667 76 0 153
0.480450 -0.118673 0.611702 127 0 127
-0.231717 0.538694 -0.082326 153 0 76
-0.090305 0.577191 0.546542 153 0 76
0.387459 0.577191 0.002106 153 0 76
0.006995 -0.528289 0.611702 127 0 127
-0.512326 0.060857 -0.012906 153 0 76
0.219480 -0.107885 0.573205 127 0 127
-0.263107 0.252332 0.573205 127 0 127
0.374640 -0.497219 0.611702 127 0 127
-0.004106 -0.185590 -0.466917 76 0 153
-0.563656 -0.496538 0.090390 153 0 76
-0.155354 0.376750 -0.572091 153 76 0
0.456065 -0.309089 -0.559258 153 76 0
0.322441 -0.654723 -0.260431 76 0 153
0.004132 0.538694 0.166577 76 0 153
-0.032784 -0.654723 -0.067707 76 0 153
-0.557239 0.467959 0.595707 127 0 127
0.549028 0.117862 -0.165600 76 153 0
0.324524 0.000781 0.611702 127 0 127
0.422203 0.199140 0.573205 127 0 127
0.407368 0.577191 0.558365 153 0 76
-0.004106 0.120535 0.534765 76 0 153
-0.285790 0.538694 -0.345617 153 0 76
-0.004106 -0.159275 -0.515288 76 0 153
0.600358 0.240176 -0.061397 76 153 0
0.463565 0.290163 0.611702 127 0 127
0.492620 0.577191 0.008338 153 0 76
0.300285 0.429184 -0.559258 153 76 0
0.110213 0.577191 0.362139 153 0 76
0.416182 0.577191 -0.470967 153 0 76
0.548226 -0.532347 -0.559258 76 153 0
0.549028 -0.087593 0.434837 76 153 0
0.398772 0.577191 -0.111231 153 0 76
-0.004106 0.387978 0.208363 76 0 153
0.600358 -0.306546 -0.472472 76 153 0
0.549028 0.038341 -0.333599 76 153 0
-0.493928 0.235909 -0.610588 153 0 76
0.549028 -0.422262 0.350177 76 153 0
-0.004106 -0.209463 0.537085 76 0 153
-0.141888 -0.654723 -0.082802 76 0 153
0.276669 -0.596236 0.611702 127 0 127
-0.563656 0.106530 0.013015 153 0 76
0.207599 -0.350560 -0.572091 153 76 0
0.196128 -0.463029 0.611702 127 0 127
-0.290664 0.577191 0.185668 153 0 76
0.339201 -0.434862 0.573205 127 0 127
-0.004106 0.109292 0.322439 76 0 153
-0.512326 0.472701 0.522075 153 0 76
0.152770 -0.549508 0.573205 127 0 127
0.466678 -0.654723 0.360902 76 0 153
-0.563656 0.188350 -0.492326 153 0 76
-0.459017 -0.024215 -0.559258 153 76 0
0.549028 0.316108 0.391402 76 153 0
-0.466405 0.538948 0.611702 127 0 127
0.022549 0.304221 -0.559258 153 76 0
-0.557594 -0.654723 -0.542563 76 0 153
-0.004106 0.030316 -0.172886 76 0 153
-0.026828 0.394264 -0.559258 153 76 0
0.223529 -0.425606 0.573205 127 0 127
0.461157 -0.616226 0.457584 76 0 153
0.600358 -0.161589 0.528676 76 153 0
-0.349688 -0.472205 -0.610588 204 51 127
0.600358 -0.596747 -0.440880 76 153 0
-0.223354 -0.654723 -0.235971 76 0 153
-0.563656 -0.431530 -0.529692 153 0 76
-0.296214 0.356338 0.611702 127 0 127
0.600358 0.339154 0.265304 76 153 0
-0.004106 -0.235139 0.100338 76 0 153
0.068300 0.577191 -0.025339 153 0 76
-0.512326 0.027677 -0.483039 153 0 76
0.507310 -0.616226 -0.473531 76 0 153
-0.246592 -0.654723 0.544926 76 0 153
-0.004106 -0.072636 -0.011044 76 0 153
0.250753 0.538694 -0.490072 153 0 76
0.549028 0.200299 -0.016949 76 153 0
-0.004106 0.134405 -0.471967 76 0 153
-0.433657 -0.616226 -0.229742 76 0 153
0.458773 0.577191 0.215896 153 0 76
-0.379557 0.538694 0.473710 153 0 76
-0.347394 -0.654723 -0.367197 76 0 153
-0.563656 0.095118 0.300939 153 0 76
-0.414333 -0.523224 -0.559258 153 76 0
0.600358 0.075331 -0.259435 76 153 0
0.047224 -0.265478 0.335619 76 0 153
0.039795 0.538693 0.302281 76 0 153
-0.091130 -0.616226 0.404143 76 0 153
-0.512326 -0.228605 -0.234619 153 0 76
-0.512326 -0.278280 -0.027450 153 0 76
0.395428 0.266687 0.611702 127 0 127
0.600358 0.298748 0.212378 76 153 0
0.210150 -0.654723 0.295559 76 0 153
-0.563656 0.128992 -0.079558 153 0 76
-0.519704 0.367766 0.573205 127 0 127
0.333513 -0.654723 0.259809 76 0 153
0.544342 0.577191 0.062084 153 0 76
0.047224 -0.364156 -0.346368 76 0 153
0.600358 -0.324881 -0.242561 76 153 0
0.543993 0.088532 -0.572091 153 76 0
0.338984 -0.616226 -0.532548 76 0 153
0.013244 0.577191 0.259916 153 0 76
0.549028 0.079576 0.490538 76 153 0
-0.004106 -0.407816 0.153991 76 0 153
0.488071 0.538694 0.542077 153 0 76
-0.493784 0.538694 0.074449 153 0 76
-0.397816 -0.562502 -0.610588 204 51 127
0.454007 -0.023523 -0.572091 153 76 0
-0.383822 0.307132 0.573205 127 0 127
0.007702 0.168101 -0.559258 76 0 153
0.047224 -0.471570 -0.156502 76 0 153
0.259815 0.577191 -0.557684 153 0 76
-0.065563 0.577191 -0.110433 153 0 76
0.484696 -0.654723 0.165137 76 0 153
-0.222468 0.443677 -0.559258 153 76 0
-0.058787 0.012876 -0.559258 153 76 0
0.334936 0.208812 0.611702 127 0 127
0.047224 0.067314 -0.036174 76 0 153
0.456811 0.207495 -0.559258 153 76 0
0.047224 0.458572 -0.519226 76 0 153
-0.004106 -0.152755 -0.090316 76 0 153
0.047224 0.400189 0.412292 76 0 153
0.486350 0.412813 0.611702 127 0 127
0.199802 0.538694 -0.113478 153 0 76
0.047224 -0.362055 0.514497 76 0 153
0.593438 -0.616226 -0.548626 76 153 0
0.549028 0.283330 -0.267543 76 153 0
0.549028 -0.589310 0.495840 76 153 0
0.549028 0.094738 -0.484163 76 153 0
-0.087014 0.195737 0.573205 127 0 127
0.600358 -0.502319 -0.057129 76 153 0
-0.004106 -0.210082 -0.305692 76 0 153
-0.189158 0.538694 0.489624 153 0 76
-0.328270 -0.616226 0.344344 76 0 153
0.047224 0.054677 0.183168 76 0 153
-0.374054 -0.651515 0.576332 127 0 127
0.375314 -0.382998 -0.572091 0 0 255
-0.458449 -0.654723 -0.606516 76 0 153
0.192928 -0.654723 -0.211288 76 0 153
0.280528 -0.654723 -0.131141 76 0 153
-0.563656 -0.278590 -0.312587 153 0 76
-0.004106 0.492105 -0.120900 76 0 153
0.047224 -0.543655 0.432650 76 0 153
0.047224 -0.270617 0.533443 76 0 153
-0.512326 -0.306928 0.332397 153 0 76
0.549028 -0.345846 0.138827 76 153 0
-0.511614 -0.654723 -0.293673 76 0 153
-0.563656 -0.306760 -0.540478 153 0 76
-0.004106 -0.456615 0.301365 76 0 153
0.032558 -0.318101 0.611702 127 0 127
0.047224 0.030416 -0.135646 76 0 153
-0.004106 -0.116123 0.521279 76 0 153
0.292379 -0.341109 -0.606089 0 0 255
0.047224 -0.125463 -0.201394 76 0 153
-0.563656 -0.027353 -0.042169 153 0 76
-0.224958 -0.136687 0.573205 127 0 127
0.600358 -0.383415 -0.475147 76 153 0
-0.512326 0.435622 -0.274925 153 0 76
-0.563656 0.019846 0.011103 153 0 76
-0.182729 0.577191 0.150099 153 0 76
-0.563656 -0.505605 -0.456039 153 0 76
-0.004106 -0.104518 0.339249 76 0 153
0.166023 0.162431 0.611702 127 0 127
0.552360 -0.651515 0.594622 127 0 127
-0.062857 0.458878 0.573205 127 0 127
0.549028 -0.333516 0.364706 76 153 0
0.418851 0.538694 0.404593 153 0 76
0.047224 -0.197158 -0.349424 76 0 153
-0.563656 -0.055469 0.547483 153 0 76
0.549028 0.210742 -0.112574 76 153 0
-0.563656 0.479898 -0.038281 153 0 76
-0.518230 -0.582100 0.573205 153 0 76
0.407636 -0.336553 0.611702 127 0 127
0.600358 -0.370110 0.039579 76 153 0
0.046141 0.120544 0.611702 127 0 127
-0.563656 0.273647 0.562067 153 0 76
0.192290 0.339883 0.611702 127 0 127
0.600358 -0.117143 -0.154115 76 153 0
0.597888 -0.193378 -0.610588 76 153 0
-0.452668 0.577191 -0.117197 153 0 76
0.549028 0.368582 0.087839 76 153 0
0.553952 -0.425574 0.569996 76 153 0
0.549028 0.217803 -0.227983 76 153 0
-0.258551 -0.654723 -0.351267 76 0 153
-0.319511 -0.654723 0.439595 76 0 153
0.513797 0.178775 -0.610588 0 0 255
0.600358 0.281469 -0.216571 76 153 0
0.236237 -0.616226 0.529149 76 0 153
-0.088801 0.538694 -0.025584 153 0 76
0.600358 -0.131687 -0.291754 76 153 0
-0.200191 -0.654723 0.348178 76 0 153
-0.004106 0.317189 0.095055 76 0 153
-0.213858 -0.598512 -0.572091 76 0 153
-0.382785 -0.654723 -0.300505 76 0 153
0.514441 0.538694 0.098066 153 0 76
0.221154 0.538694 0.159084 153 0 76
-0.523703 -0.010938 -0.610588 204 51 127
-0.191777 -0.616226 0.097860 76 0 153
0.191471 0.538694 -0.485548 153 0 76
0.455569 -0.654723 -0.479991 76 0 153
-0.004106 -0.286043 -0.073852 76 0 153
0.549028 -0.518254 0.517737 76 153 0
0.319987 -0.616226 0.456307 76 0 153
0.150947 0.577191 -0.429333 153 0 76
0.549028 -0.607095 -0.150387 76 153 0
-0.398325 -0.046974 -0.559258 153 76 0
-0.258981 -0.616226 0.246597 76 0 153
-0.416913 0.538694 0.413324 153 0 76
-0.004106 0.116055 0.089344 76 0 153
-0.512326 -0.035368 0.495900 153 0 76
-0.019205 0.538694 -0.251349 153 0 76
-0.563656 -0.600691 0.009868 153 0 76
-0.119056 -0.070121 -0.559258 153 76 0
0.549028 0.413223 0.511644 76 153 0
-0.204683 0.073991 0.573205 127 0 127
-0.563656 0.519988 0.347692 153 0 76
0.462855 -0.654723 -0.273581 76 0 153
-0.004106 0.386504 0.328182 76 0 153
0.549028 -0.547592 -0.024652 76 153 0
0.368993 0.538694 0.329985 153 0 76
0.047224 -0.231738 0.497846 76 0 153
0.422491 0.538694 0.191706 153 0 76
0.470986 0.538694 0.358449 153 0 76
-0.512326 -0.285490 -0.131001 153 0 76
-0.437365 0.538694 -0.607542 204 51 127
-0.407398 -0.271164 -0.559258 153 76 0
-0.004106 0.042131 -0.478168 76 0 153
-0.123207 0.538694 -0.084883 153 0 76
0.499060 -0.108839 -0.610588 0 0 255
-0.563656 0.339958 -0.293912 153 0 76
-0.004106 -0.046577 0.240882 76 0 153
-0.512326 0.098940 -0.294586 153 0 76
-0.314130 0.577191 -0.162961 153 0 76
0.047224 0.276326 0.533365 76 0 153
0.505505 -0.616226 0.281225 76 0 153
-0.004106 -0.285799 -0.341403 76 0 153
-0.434032 -0.654723 -0.155639 76 0 153
0.047224 0.262637 -0.484469 76 0 153
0.437852 -0.616226 0.336525 76 0 153
0.549028 -0.356424 -0.519404 76 153 0
0.600358 0.280865 -0.119016 76 153 0
0.197523 -0.021892 -0.559258 153 76 0
-0.194840 0.538694 0.374097 153 0 76
0.169921 -0.375310 0.573205 127 0 127
-0.563656 -0.178115 0.527233 153 0 76
-0.028504 -0.654723 0.067967 76 0 153
0.047224 -0.177857 0.123632 76 0 153
0.600358 0.567986 -0.194491 153 0 76
0.272464 0.389890 0.573205 127 0 127
0.549028 0.274446 0.037806 76 153 0
0.401944 -0.029974 -0.610588 0 0 255
-0.563656 -0.650304 -0.068525 76 0 153
-0.512326 -0.458428 -0.050909 153 0 76
-0.358442 -0.616226 -0.077596 76 0 153
0.553576 0.132147 -0.610588 76 153 0
-0.153623 0.021460 0.611702 127 0 127
-0.076064 0.577191 0.321439 153 0 76
-0.087350 0.185652 -0.559258 153 76 0
0.287127 0.577191 0.057964 153 0 76
-0.040298 0.577191 -0.014421 153 0 76
-0.069011 -0.613026 -0.572091 76 0 153
-0.169560 0.538694 -0.234995 153 0 76
-0.563656 -0.155949 -0.485479 153 0 76
-0.399051 -0.600088 0.611702 127 0 127
-0.563656 -0.123859 0.303398 153 0 76
-0.512326 0.037467 -0.218177 153 0 76
-0.306026 0.239667 0.611702 127 0 127
-0.394523 -0.544207 0.573205 127 0 127
-0.004106 0.530691 0.275583 153 0 76
-0.388432 -0.425850 -0.559258 204 51 127
-0.157897 -0.654723 -0.252967 76 0 153
-0.004106 0.134416 -0.026313 76 0 153
0.600358 0.389394 0.357225 76 153 0
-0.563656 0.345911 0.527587 153 0 76
0.023506 0.365255 -0.559258 153 76 0
-0.092936 0.477687 0.611702 127 0 127
0.350616 0.538694 -0.131604 153 0 76
0.549028 -0.346245 -0.432635 76 153 0
-0.563656 -0.255159 0.472031 153 0 76
-0.341175 -0.280390 -0.610588 204 51 127
0.513951 -0.359714 -0.610588 0 0 255
0.189435 0.577191 0.355046 153 0 76
-0.482702 0.577191 0.273349 153 0 76
-0.004106 -0.171362 0.027903 76 0 153
-0.512326 0.141852 0.405755 153 0 76
0.227699 0.538694 0.546107 153 0 76
-0.137820 -0.654723 0.171232 76 0 153
-0.512326 0.346423 0.168251 153 0 76
-0.512326 -0.448379 -0.478366 153 0 76
0.481561 -0.615650 0.611702 127 0 127
-0.032414 0.538694 0.074420 76 0 153
0.314083 -0.654723 -0.015298 76 0 153
-0.563656 -0.119805 -0.062118 153 0 76
-0.563656 -0.200445 0.127101 153 0 76
0.549028 0.228711 -0.336732 76 153 0
0.349030 -0.202962 0.573205 127 0 127
0.600358 0.173912 0.130614 76 153 0
-0.133248 0.577191 -0.172258 153 0 76
0.298777 -0.299656 0.573205 127 0 127
-0.512326 -0.398585 -0.279240 153 0 76
-0.563656 -0.043833 0.206860 153 0 76
0.549028 -0.369377 -0.326209 76 153 0
0.398114 -0.616226 0.205064 76 0 153
0.123251 0.343239 0.573205 127 0 127
0.600358 -0.596233 -0.128462 76 153 0
-0.206332 -0.193669 0.573205 127 0 127
0.549028 0.415847 0.318131 76 153 0
-0.320030 -0.280106 0.573205 127 0 127
-0.105674 -0.011380 -0.559258 153 76 0
0.600358 0.576760 0.480667 153 0 76
0.188124 0.538694 0.449186 153 0 76
-0.512326 -0.247084 -0.320706 153 0 76
0.135183 -0.616226 -0.345114 76 0 153
-0.563656 -0.436801 0.257499 153 0 76
-0.309648 0.062577 -0.610588 204 51 127
0.549028 -0.342053 -0.220461 76 153 0
0.470138 -0.371697 -0.559258 153 76 0
0.450362 0.538694 -0.374583 153 0 76
0.549028 -0.178389 -0.189980 76 153 0
-0.563656 0.230118 -0.108573 153 0 76
-0.139061 0.464107 0.662274 0 127 127
0.549028 -0.417836 -0.518715 76 153 0
-0.512326 -0.229266 -0.524680 153 0 76
-0.217832 0.300696 -0.559258 153 76 0
0.089902 -0.654723 0.159124 76 0 153
0.561601 -0.616226 -0.040720 76 0 153
-0.013513 -0.464870 0.611702 127 0 127
0.125312 0.538694 0.523979 153 0 76
-0.563656 0.504668 -0.238533 153 0 76
-0.449612 0.337826 -0.559258 153 76 0
0.047224 -0.341041 0.290630 76 0 153
0.047224 -0.466755 -0.274843 76 0 153
-0.004106 -0.364865 -0.504944 76 0 153
-0.563656 0.014879 0.511766 153 0 76
-0.563656 0.166810 0.534956 153 0 76
0.292298 0.538694 0.216501 153 0 76
-0.274725 0.577191 0.370566 153 0 76
0.600358 -0.356985 -0.371117 76 153 0
0.600358 0.228362 0.398934 76 153 0
-0.004106 -0.501606 -0.232938 76 0 153
0.549028 -0.447406 -0.219026 76 153 0
0.039074 0.577191 0.212337 153 0 76
0.047224 0.052612 0.072900 76 0 153
-0.562398 0.577191 -0.439857 153 0 76
0.047224 -0.102687 -0.430839 76 0 153
-0.522287 0.075642 0.569996 127 0 127
0.576257 0.387095 0.573205 127 0 127
-0.090874 0.577191 -0.326184 153 0 76
0.072431 -0.654723 0.289240 76 0 153
0.461039 0.577191 -0.564111 153 0 76
0.175422 0.538694 -0.258316 153 0 76
-0.563656 -0.544975 0.525366 153 0 76
-0.330305 -0.654723 -0.025703 76 0 153
-0.004106 -0.074082 -0.080891 76 0 153
0.532110 -0.290813 0.611702 127 0 127
-0.112891 -0.616226 0.265358 76 0 153
-0.376578 -0.616226 -0.582921 204 51 127
-0.512326 -0.084192 -0.018018 153 0 76
-0.512326 0.212945 0.498198 153 0 76
-0.130691 -0.286538 0.573205 127 0 127
-0.104527 0.538694 0.410258 153 0 76
-0.012728 0.577191 0.127888 153 0 76
0.258640 -0.654723 -0.068903 76 0 153
-0.004106 0.001698 -0.533855 76 0 153
0.549028 -0.484133 0.356649 76 153 0
-0.077983 -0.654723 0.523373 76 0 153
-0.563656 0.154154 0.191297 153 0 76
0.549028 -0.234290 -0.387896 76 153 0
0.600358 0.515575 -0.261800 76 153 0
0.516986 0.577191 0.560259 153 0 76
-0.532603 -0.542174 0.611702 127 0 127
-0.512326 -0.207175 0.055397 153 0 76
0.502024 0.060473 -0.559258 0 0 255
0.243247 -0.654723 0.408206 76 0 153
-0.512326 -0.225818 -0.047626 153 0 76
-0.457241 -0.257161 0.611702 127 0 127
-0.512326 0.065753 0.330650 153 0 76
0.195210 0.085105 -0.559258 153 76 0
-0.512326 0.491614 0.149484 153 0 76
0.245855 -0.616226 0.146963 76 0 153
-0.025877 0.303403 0.573205 127 0 127
-0.563656 -0.210514 -0.121100 153 0 76
-0.512326 -0.426544 0.062091 153 0 76
-0.004106 0.088699 0.138264 76 0 153
-0.455209 0.538694 0.224217 153 0 76
-0.361963 0.078001 0.573205 127 0 127
0.600358 0.186059 0.222386 76 153 0
0.338851 0.538694 0.499655 153 0 76
-0.563656 -0.549632 -0.125228 153 0 76
-0.237506 -0.654723 -0.127875 76 0 153
-0.381138 0.577191 0.006298 153 0 76
0.549028 -0.604011 0.185325 76 153 0
0.600358 0.015384 -0.362365 76 153 0
0.195579 0.499018 0.573205 127 0 127
-0.004106 -0.219382 0.307560 76 0 153
0.252751 -0.654723 -0.253635 76 0 153
-0.512326 -0.568763 -0.062663 153 0 76
0.600358 0.345386 -0.042934 76 153 0
-0.016120 0.445131 -0.559258 76 0 153
-0.512326 -0.227843 0.226645 153 0 76
0.421487 0.369748 -0.610588 0 0 255
-0.512326 0.134300 -0.117243 153 0 76
-0.563656 0.136686 -0.144288 153 0 76
-0.004106 -0.015943 0.151685 76 0 153
-0.144557 -0.495468 0.611702 127 0 127
0.181952 0.538694 -0.180003 153 0 76
-0.309926 -0.525418 0.573205 127 0 127
0.269246 0.464047 0.611702 127 0 127
-0.165493 -0.654723 0.475929 76 0 153
0.360710 0.533099 -0.610588 0 0 255
-0.431375 -0.415038 0.573205 127 0 127
0.228794 0.230606 0.573205 127 0 127
-0.257062 0.538694 0.188001 153 0 76
-0.004106 0.234062 -0.452219 76 0 153
0.473956 0.498394 0.573205 127 0 127
0.549028 0.210467 -0.404317 76 153 0
0.315487 -0.616226 -0.299048 76 0 153
0.483538 -0.539842 -0.610588 0 0 255
0.288591 -0.616226 -0.491654 76 0 153
-0.106955 -0.616226 -0.018619 76 0 153
-0.215679 0.085501 -0.572091 153 76 0
-0.058860 -0.174698 -0.572091 153 76 0
0.372432 0.577191 0.499061 153 0 76
0.147425 0.539795 0.569996 153 0 76
0.600358 -0.458995 -0.315004 76 153 0
-0.025014 0.577191 0.430996 153 0 76
0.600358 0.072458 0.227155 76 153 0
0.224007 0.190849 -0.572091 153 76 0
-0.255425 0.538694 0.520655 153 0 76
0.355811 -0.586757 0.573205 127 0 127
0.256956 -0.350412 -0.559258 153 76 0
-0.563656 0.419684 0.472566 153 0 76
-0.085163 0.013937 0.611702 127 0 127
0.497211 -0.616226 0.005851 76 0 153
0.047224 -0.066245 -0.264242 76 0 153
-0.563656 -0.353091 0.563270 153 0 76
0.549028 -0.293148 -0.138616 76 153 0
0.552568 0.577191 -0.095425 153 0 76
0.544626 0.416083 -0.572091 153 76 0
-0.512326 -0.613819 0.444447 153 0 76
0.600358 0.223441 -0.151513 76 153 0
0.600358 -0.158179 0.420205 76 153 0
0.152275 0.538694 0.132918 153 0 76
-0.512326 -0.430310 -0.355382 153 0 76
0.600358 -0.486415 -0.244138 76 153 0
-0.277657 0.188698 0.573205 127 0 127
-0.475698 0.577191 -0.545113 153 0 76
0.036857 0.170066 0.557164 76 0 153
0.314044 0.456337 0.573205 127 0 127
-0.014485 0.577191 -0.492773 153 0 76
-0.336075 0.118202 -0.559258 204 51 127
-0.448113 0.538694 -0.050600 153 0 76
0.491105 0.577191 0.067312 153 0 76
-0.204327 -0.654723 -0.367305 76 0 153
-0.419221 0.271463 -0.610588 204 51 127
0.239914 0.577191 -0.105609 153 0 76
-0.004106 0.297949 0.156543 76 0 153
-0.521901 -0.214932 0.573205 127 0 127
0.549028 0.382682 -0.519075 76 153 0
-0.188865 0.316272 0.611702 127 0 127
-0.133955 -0.651515 0.604046 127 0 127
0.313244 -0.616226 0.360193 76 0 153
-0.563656 -0.009498 -0.169683 153 0 76
-0.004106 -0.306917 -0.459606 76 0 153
-0.103628 0.577191 -0.376787 153 0 76
-0.004106 -0.018846 -0.231883 76 0 153
0.549028 -0.034124 -0.420488 76 153 0
-0.132398 -0.616226 -0.169335 76 0 153
0.068543 -0.654723 0.408518 76 0 153
0.047224 0.482873 -0.180697 76 0 153
-0.512326 0.483393 -0.312591 153 0 76
-0.512326 -0.534409 -0.182129 153 0 76
-0.004106 0.468813 0.544272 76 0 153
0.542189 -0.156376 0.611702 127 0 127
0.013398 0.222703 0.573205 127 0 127
0.498127 -0.413545 -0.610588 0 0 255
-0.084671 -0.376920 0.611702 127 0 127
0.226964 0.577191 -0.412427 153 0 76
-0.004106 -0.287588 -0.015578 76 0 153
0.547945 0.321658 0.573205 76 153 0
-0.131937 0.577191 -0.576404 153 0 76
-0.512326 0.035579 -0.322056 153 0 76
0.113937 -0.285498 -0.559258 153 76 0
0.178781 -0.616226 -0.307367 76 0 153
0.600358 0.560834 -0.296964 153 0 76
-0.004106 -0.322965 -0.169197 76 0 153
-0.407606 0.577191 -0.500342 153 0 76
0.600358 0.455764 -0.038216 76 153 0
0.303190 -0.364681 0.611702 127 0 127
-0.151031 -0.446206 -0.572091 153 76 0
0.271001 -0.218665 0.573205 127 0 127
0.143340 -0.654723 -0.029612 76 0 153
-0.504971 -0.277823 0.573205 127 0 127
-0.273344 0.577191 -0.416622 153 0 76
0.549028 0.366065 -0.383140 76 153 0
0.047224 -0.607809 -0.173923 76 0 153
-0.357579 0.400963 -0.559258 153 76 0
-0.563656 0.451662 0.248081 153 0 76
0.549028 0.127449 -0.385379 76 153 0
0.113446 0.347902 -0.559258 153 76 0
-0.004106 -0.543585 0.082091 76 0 153
0.087937 -0.654723 0.235130 76 0 153
-0.338898 -0.616226 0.231858 76 0 153
-0.550748 -0.654723 0.519408 76 0 153
-0.483539 0.080126 -0.572091 153 76 0
0.458992 0.109059 0.611702 127 0 127
-0.169885 0.538694 0.119241 153 0 76
0.600358 0.430456 -0.556602 76 153 0
-0.177764 0.479130 -0.572091 153 76 0
-0.563656 -0.327512 -0.072155 153 0 76
-0.512326 -0.110673 -0.358091 153 0 76
-0.121759 -0.616226 -0.593018 76 0 153
-0.559150 0.577191 0.124468 153 0 76
0.289179 -0.505754 -0.559258 0 0 255
-0.004106 0.214796 -0.153956 76 0 153
-0.274528 0.573983 0.607027 127 0 127
0.047224 0.329431 0.309089 76 0 153
0.600358 0.260993 -0.011937 76 153 0
0.186593 -0.616226 0.555703 76 0 153
0.600358 -0.471801 -0.561373 76 153 0
0.549028 0.177736 0.475227 76 153 0
0.549028 0.075422 0.291858 76 153 0
-0.035718 -0.616226 -0.473991 76 0 153
-0.157956 0.215760 0.611702 127 0 127
0.549028 -0.492738 -0.135825 76 153 0
-0.004106 -0.258879 0.428331 76 0 153
-0.533083 0.190572 -0.610588 153 0 76
0.549028 -0.552073 0.165401 76 153 0
0.499923 0.240331 0.611702 127 0 127
-0.512326 0.182563 0.106774 153 0 76
0.600358 0.373594 -0.348411 76 153 0
-0.462989 0.538694 0.025978 153 0 76
0.600358 -0.231703 0.069998 76 153 0
0.171569 -0.654723 -0.519243 76 0 153
-0.434135 -0.616226 0.509694 76 0 153
-0.168300 -0.060674 0.573205 127 0 127
-0.185124 -0.289001 0.573205 127 0 127
0.047224 -0.013670 -0.165060 76 0 153
0.038493 -0.654723 0.506959 76 0 153
-0.128244 0.443668 -0.559258 153 76 0
0.549028 -0.022312 0.275538 76 153 0
-0.512326 0.060134 0.480024 153 0 76
-0.548964 -0.101051 0.573205 127 0 127
0.549028 -0.488339 0.258719 76 153 0
-0.059045 -0.616226 -0.271788 76 0 153
-0.437936 0.021639 0.573205 127 0 127
0.600358 0.468442 0.401714 76 153 0
0.549028 -0.396339 -0.101780 76 153 0
0.358113 0.538694 -0.261503 153 0 76
-0.248200 0.049515 -0.559258 153 76 0
-0.495426 -0.654723 0.091554 76 0 153
0.015299 0.538694 -0.472003 76 0 153
-0.531921 -0.400701 0.611702 127 0 127
-0.285204 -0.616226 0.393673 76 0 153
0.549028 -0.184840 -0.290526 76 153 0
-0.493264 -0.616226 0.003366 76 0 153
0.242244 0.538694 -0.329556 153 0 76
0.549028 -0.180715 0.464231 76 153 0
0.269895 0.577191 0.308939 153 0 76
-0.453318 -0.559230 -0.559258 153 76 0
-0.192032 -0.154915 -0.559258 153 76 0
-0.004106 0.221160 -0.535596 153 76 0
-0.140856 0.166434 -0.572091 153 76 0
-0.017455 0.577191 -0.149914 153 0 76
0.047224 -0.067587 -0.119009 76 0 153
0.549028 0.236569 0.566733 76 153 0
-0.476131 0.577191 0.159448 153 0 76
0.047224 -0.354104 -0.440400 76 0 153
0.001188 0.533441 -0.572091 153 76 0
-0.074360 0.375304 -0.572091 153 76 0
0.506210 0.376483 0.573205 127 0 127
-0.004106 0.417961 -0.518340 76 0 153
0.460606 0.538694 -0.292632 153 0 76
0.350274 -0.616226 0.095385 76 0 153
0.549028 -0.277896 0.437066 76 153 0
0.047224 -0.423897 0.047893 76 0 153
0.436047 0.429569 0.611702 127 0 127
-0.407107 0.262730 0.573205 127 0 127
-0.563656 -0.144272 0.255408 153 0 76
0.490004 0.538694 0.229895 153 0 76
0.600358 -0.227495 0.302507 76 153 0
0.048563 -0.616226 0.569968 76 0 153
-0.386386 -0.328008 -0.559258 153 76 0
-0.328506 -0.616226 -0.267174 76 0 153
0.008525 -0.616226 -0.359718 76 0 153
-0.512326 -0.584302 0.343408 153 0 76
-0.563656 0.539779 -0.329767 153 0 76
-0.458638 0.577191 -0.456781 153 0 76
-0.512326 -0.114806 -0.595290 204 51 127
-0.481663 0.289821 0.573205 127 0 127
0.200870 0.577191 0.478395 153 0 76
-0.430502 0.538694 0.072637 153 0 76
-0.392440 -0.616226 0.233179 76 0 153
0.549028 0.470847 0.051958 76 153 0
-0.563656 -0.404830 -0.476262 153 0 76
0.088458 -0.654723 -0.564184 76 0 153
0.460406 0.170782 0.611702 127 0 127
0.146648 -0.335080 0.611702 127 0 127
0.199429 0.538694 0.051797 153 0 76
-0.563656 0.555986 0.226549 153 0 76
-0.520741 0.538693 -0.514812 153 0 76
-0.563656 -0.484145 -0.195415 153 0 76
0.122009 -0.020202 0.573205 127 0 127
0.047224 0.272737 -0.395497 76 0 153
-0.004106 0.082198 -0.097243 76 0 153
-0.209948 0.577191 -0.105702 153 0 76
0.467217 0.538694 -0.133543 153 0 76
0.055554 0.575673 0.569996 127 0 127
0.096119 -0.654723 0.009671 76 0 153
0.218745 0.538694 -0.067355 153 0 76
-0.352672 -0.616226 -0.143687 76 0 153
-0.379695 -0.102693 -0.610588 204 51 127
-0.218151 0.193943 -0.559258 153 76 0
0.382658 -0.409979 0.573205 127 0 127
-0.472362 -0.616226 0.064612 76 0 153
-0.144314 -0.336838 0.573205 127 0 127
0.140883 0.538694 -0.462235 153 0 76
0.047224 -0.343396 -0.050099 76 0 153
-0.004106 0.348213 -0.407759 76 0 153
0.047224 0.135904 -0.076157 76 0 153
-0.156268 0.012456 -0.559258 153 76 0
0.549028 0.346254 -0.074587 76 153 0
-0.320778 0.577191 0.532744 153 0 76
0.600358 0.256355 0.174877 76 153 0
0.047224 -0.115548 -0.092191 76 0 153
-0.300354 -0.046371 -0.559258 153 76 0
0.295652 0.519772 -0.610588 0 0 255
-0.338295 -0.654723 0.063421 76 0 153
0.292379 -0.458544 -0.607860 0 0 255
0.444019 0.336726 0.573205 127 0 127
0.047224 0.442663 -0.467071 76 0 153
0.370582 0.538694 -0.378740 153 0 76
0.600358 -0.397797 0.103084 76 153 0
-0.440582 -0.169657 0.573205 127 0 127
-0.316515 0.577191 0.122426 153 0 76
0.047224 -0.284725 -0.224549 76 0 153
0.099013 0.577191 0.453850 153 0 76
-0.512326 0.235347 -0.065517 153 0 76
-0.563656 0.415811 0.122076 153 0 76
-0.563656 0.124003 -0.460714 153 0 76
-0.563656 -0.556072 0.402862 153 0 76
-0.004106 -0.359874 0.413528 76 0 153
-0.295890 0.538693 -0.580389 153 0 76
0.568562 -0.413438 -0.610588 76 153 0
0.517064 -0.654723 0.093272 76 0 153
0.600358 -0.016225 0.063531 76 153 0
-0.375029 0.432348 0.573205 127 0 127
-0.106456 0.538694 0.105226 153 0 76
0.014335 -0.616226 0.366633 76 0 153
-0.307718 0.577191 -0.305318 153 0 76
0.549028 0.454800 0.456474 76 153 0
0.515289 0.036781 0.573205 127 0 127
0.188650 -0.499021 -0.559258 153 76 0
0.559466 -0.533671 0.573205 127 0 127
-0.563656 -0.188851 0.198692 153 0 76
-0.150477 -0.256689 0.611702 127 0 127
-0.225193 -0.616226 0.498429 76 0 153
-0.171879 -0.424316 0.611702 127 0 127
0.450426 -0.029468 0.611702 127 0 127
0.486123 0.538694 0.293081 153 0 76
0.042938 0.538693 -0.044948 153 0 76
-0.433035 -0.616226 -0.092088 76 0 153
0.008199 0.423831 0.611702 127 0 127
0.174521 -0.603009 -0.559258 153 76 0
0.522882 0.577191 -0.229040 153 0 76
0.206100 -0.654723 0.466972 76 0 153
0.374490 0.138261 0.573205 127 0 127
-0.342065 -0.654723 0.392853 76 0 153
0.047224 -0.019775 -0.371320 76 0 153
0.600358 0.025004 -0.035048 76 153 0
0.212416 0.027683 0.611702 127 0 127
-0.432612 0.038937 -0.610588 204 51 127
-0.352929 -0.175401 0.611702 127 0 127
-0.004106 -0.070754 -0.167818 76 0 153
-0.210828 0.543623 -0.610588 153 0 76
-0.542025 -0.061919 -0.610588 153 0 76
-0.004106 -0.064024 0.378348 76 0 153
0.377652 -0.228937 -0.610588 0 0 255
-0.226272 0.538694 -0.523886 153 0 76
0.434534 0.577191 0.131851 153 0 76
-0.004106 0.469736 0.270134 76 0 153
-0.563656 0.281078 -0.471075 153 0 76
-0.012309 -0.654723 0.174317 76 0 153
0.040468 0.461405 0.669587 0 127 127
-0.512326 -0.582362 0.161794 153 0 76
-0.443481 -0.616226 -0.427821 76 0 153
0.364714 0.471472 0.611702 127 0 127
-0.386584 0.481514 -0.572091 204 51 127
0.047224 0.136198 0.365257 76 0 153
0.600358 0.229228 0.048055 76 153 0
-0.512326 0.374608 0.124973 153 0 76
-0.322695 0.089157 0.611702 127 0 127
0.047224 0.166486 -0.181325 76 0 153
0.052632 0.577191 -0.245337 153 0 76
-0.068083 -0.654723 -0.493999 76 0 153
-0.520742 -0.654723 0.359140 76 0 153
0.600358 -0.564847 0.321743 76 153 0
0.549028 0.064589 -0.145626 76 153 0
-0.553788 0.577191 -0.510244 153 0 76
0.600358 -0.109079 0.004308 76 153 0
-0.092296 -0.215530 0.611702 127 0 127
0.586352 0.577191 0.160299 153 0 76
-0.132645 -0.616226 0.108415 76 0 153
0.549028 -0.591696 -0.351608 76 153 0
0.013581 0.088388 -0.572091 153 76 0
0.549028 0.039040 -0.576061 76 153 0
0.600358 0.205837 -0.462554 76 153 0
0.553550 -0.654723 -0.557391 76 0 153
-0.027493 -0.654723 0.522142 76 0 153
-0.512326 -0.287873 0.460661 153 0 76
-0.563656 0.557969 0.032689 153 0 76
-0.563656 -0.081975 0.373491 153 0 76
0.600358 -0.062370 0.126019 76 153 0
-0.512326 0.310246 -0.351338 153 0 76
0.392551 -0.612201 0.611702 127 0 127
-0.004106 -0.602999 0.123260 76 0 153
-0.433143 -0.232116 -0.610588 204 51 127
0.328298 0.538694 0.407731 153 0 76
0.600358 -0.523236 -0.392143 76 153 0
-0.088867 0.120821 0.611702 127 0 127
-0.512326 0.000181 -0.081796 153 0 76
-0.022992 -0.616226 0.332784 76 0 153
-0.563656 0.177757 0.361545 153 0 76
0.036963 0.577191 0.375452 153 0 76
0.162481 0.577191 0.201977 153 0 76
-0.004106 -0.504205 0.371376 76 0 153
0.600358 0.401907 -0.098581 76 153 0
0.291749 -0.654723 -0.217698 76 0 153
-0.285343 -0.616226 -0.177152 76 0 153
0.131588 -0.509996 -0.559258 153 76 0
0.439189 0.577191 0.278231 153 0 76
0.549028 -0.595521 0.258542 76 153 0
-0.235433 0.265573 0.611702 127 0 127
-0.498941 -0.654723 -0.370676 76 0 153
0.433120 -0.616226 0.517844 76 0 153
0.549028 -0.358851 0.268955 76 153 0
-0.563656 -0.091830 -0.392789 153 0 76
-0.512326 -0.314642 0.218703 153 0 76
-0.004106 -0.316280 0.340389 76 0 153
0.549028 0.017964 0.123110 76 153 0
0.047224 -0.294400 -0.104376 76 0 153
0.134288 0.463016 0.664626 0 127 127
-0.029225 0.246568 0.611702 127 0 127
0.600358 -0.481464 0.575960 76 153 0
0.549028 0.349252 0.485755 76 153 0
0.313533 -0.003841 -0.559258 153 76 0
0.600358 -0.274429 -0.061097 76 153 0
-0.267387 -0.334237 0.573205 127 0 127
0.600358 0.068403 0.435790 76 153 0
0.340049 -0.654723 -0.134347 76 0 153
0.549028 0.362293 0.408130 76 153 0
0.383875 0.023236 -0.559258 153 76 0
-0.512326 0.334643 0.398256 153 0 76
0.494297 -0.616226 -0.092087 76 0 153
0.466125 -0.616226 -0.511265 76 0 153
0.162775 -0.616226 -0.115166 76 0 153
-0.004106 0.443121 -0.213934 76 0 153
-0.512326 0.293840 -0.542605 153 0 76
0.468736 -0.652041 -0.610588 76 0 153
0.366944 0.503271 -0.572091 153 76 0
0.415623 -0.616226 -0.434454 76 0 153
0.600358 -0.152908 -0.395256 76 153 0
0.110903 0.008844 -0.559258 153 76 0
0.235458 -0.616226 -0.285151 76 0 153
-0.207571 0.166399 0.611702 127 0 127
-0.180313 0.347170 0.573205 127 0 127
0.550903 -0.616226 -0.495949 76 0 153
0.094267 0.538694 -0.175589 153 0 76
0.144559 0.538694 0.022705 153 0 76
0.600358 0.481268 0.532355 76 153 0
-0.563656 0.402334 0.415004 153 0 76
0.600358 0.233555 0.489568 76 153 0
0.555791 0.101293 0.569996 76 153 0
-0.466989 0.577191 0.530265 153 0 76
0.600358 0.048393 -0.536752 76 153 0
0.245968 0.538694 -0.439821 153 0 76
-0.563656 0.008479 0.199135 153 0 76
0.090085 0.538694 0.305005 153 0 76
0.549028 -0.563372 0.065772 76 153 0
0.549028 0.294298 -0.053538 76 153 0
0.549028 0.396377 -0.444919 76 153 0
-0.004106 0.349759 -0.060717 76 0 153
0.320981 0.577191 -0.549883 153 0 76
0.549028 -0.207045 0.380015 76 153 0
0.047224 0.216006 0.368575 76 0 153
-0.163433 0.538694 -0.168813 153 0 76
0.047224 0.375161 0.137848 76 0 153
0.127538 0.538694 -0.604815 153 0 76
0.353123 0.577191 -0.340361 153 0 76
0.444738 -0.612003 0.573205 76 0 153
0.293802 0.538694 0.521576 153 0 76
0.493437 -0.654723 -0.205469 76 0 153
0.600358 0.484781 -0.159075 76 153 0
-0.320002 -0.654723 0.311270 76 0 153
-0.563656 -0.597927 0.125601 153 0 76
-0.512326 0.429727 -0.158051 153 0 76
0.355724 0.354204 -0.610588 0 0 255
-0.515129 0.577191 0.323691 153 0 76
-0.386362 0.577191 -0.345093 153 0 76
0.187822 -0.654723 -0.274079 76 0 153
-0.365739 0.538694 -0.294736 153 0 76
-0.563656 0.208072 -0.404253 153 0 76
-0.563656 -0.632575 0.342421 76 0 153
-0.563656 0.477063 -0.578368 153 0 76
-0.004106 -0.012030 0.373560 76 0 153
-0.068927 -0.345063 -0.559258 153 76 0
0.549028 -0.161847 -0.064050 76 153 0
-0.004106 -0.475071 -0.445038 76 0 153
-0.411225 -0.616226 0.053207 76 0 153
-0.209898 -0.616226 -0.041853 76 0 153
-0.254154 0.498406 0.573205 127 0 127
0.066550 -0.532252 0.611702 127 0 127
-0.563656 0.391802 -0.559334 153 0 76
-0.004106 0.021819 -0.036579 76 0 153
-0.563656 -0.424727 -0.577923 153 0 76
0.189693 -0.106251 0.611702 127 0 127
0.600358 -0.352338 -0.134978 76 153 0
0.600358 -0.456565 -0.125968 76 153 0
0.591194 -0.277010 -0.610588 76 153 0
0.549028 0.146267 0.376848 76 153 0
-0.453015 0.216910 0.611702 127 0 127
0.049529 -0.320365 -0.572091 153 76 0
0.077772 0.213572 0.573205 127 0 127
-0.320328 -0.095943 0.573205 127 0 127
0.600358 0.547140 0.250757 153 0 76
-0.512326 -0.433999 -0.186227 153 0 76
-0.327538 0.482253 -0.610588 204 51 127
0.102722 -0.125080 0.573205 127 0 127
-0.004106 -0.304172 0.255296 76 0 153
-0.389079 -0.654723 -0.492139 76 0 153
-0.512326 -0.524305 -0.526817 153 0 76
0.194389 -0.426193 -0.559258 153 76 0
-0.116549 0.459762 0.573205 127 0 127
0.428499 0.577191 -0.198518 153 0 76
-0.275983 -0.616226 -0.409134 76 0 153
0.047224 0.413892 -0.253168 76 0 153
0.125222 -0.654723 0.279282 76 0 153
-0.230103 -0.236237 -0.559258 153 76 0
0.600358 -0.115465 0.055653 76 153 0
0.501346 0.299468 -0.610588 0 0 255
0.387104 -0.580859 -0.610588 0 0 255
-0.450421 0.266088 -0.572091 204 51 127
0.549028 -0.404642 -0.249148 76 153 0
-0.006596 -0.297167 -0.559258 76 0 153
-0.512326 -0.340302 -0.354146 153 0 76
-0.512326 0.133459 -0.186338 153 0 76
-0.315344 -0.616226 0.488818 76 0 153
0.549028 -0.265055 0.078279 76 153 0
0.237397 0.577191 -0.257931 153 0 76
-0.004106 -0.500924 0.169888 76 0 153
0.277904 -0.046893 0.611702 127 0 127
-0.033207 -0.509813 0.573205 127 0 127
0.534329 -0.137815 -0.559258 0 0 255
0.475546 0.577191 0.469277 153 0 76
-0.563656 -0.116251 -0.157122 153 0 76
-0.251048 -0.616226 -0.536736 76 0 153
-0.131808 -0.616226 -0.448786 76 0 153
0.358003 0.538694 0.001887 153 0 76
-0.004106 0.459018 -0.277715 76 0 153
-0.004106 -0.239023 -0.402213 76 0 153
0.165457 -0.426905 0.573205 127 0 127
0.047224 -0.504639 0.210999 76 0 153
0.066864 0.383560 -0.572091 153 76 0
0.195047 -0.654723 0.216203 76 0 153
0.253825 0.276023 0.573205 127 0 127
-0.082803 0.538694 0.183301 153 0 76
0.390572 0.538694 0.137819 153 0 76
0.292927 0.538694 -0.230272 153 0 76
-0.512326 -0.038224 0.327454 153 0 76
0.451199 0.573983 0.602096 127 0 127
-0.563656 -0.422518 0.108438 153 0 76
0.600358 -0.543284 -0.173674 76 153 0
-0.366679 0.538694 0.066605 153 0 76
0.349603 -0.654723 -0.300489 76 0 153
-0.563656 0.125120 0.338914 153 0 76
0.047224 -0.180522 -0.217973 76 0 153
0.336554 0.577191 0.096011 153 0 76
-0.512326 0.199654 -0.206582 153 0 76
-0.335046 0.310460 0.611702 127 0 127
0.600358 -0.533485 0.107503 76 153 0
0.369931 0.319093 0.573205 127 0 127
0.235826 -0.654723 -0.425237 76 0 153
-0.456949 0.577191 -0.295137 153 0 76
-0.290209 0.538694 0.245067 153 0 76
-0.201340 0.538694 -0.000473 153 0 76
0.067850 -0.417712 0.611702 127 0 127
-0.092652 0.224424 0.611702 127 0 127
0.031880 -0.511263 0.573205 127 0 127
-0.563656 0.038071 -0.438396 153 0 76
0.356998 -0.616226 0.393326 76 0 153
0.380856 -0.244793 -0.559258 153 76 0
-0.067441 -0.493677 0.611702 127 0 127
-0.563656 -0.264588 0.133823 153 0 76
-0.563656 0.377070 -0.121332 153 0 76
0.170171 0.577191 0.085413 153 0 76
0.414932 -0.616226 0.429052 76 0 153
-0.004106 -0.262890 -0.126037 76 0 153
-0.436476 -0.476123 -0.572091 153 76 0
0.467023 0.434637 0.573205 127 0 127
-0.512326 -0.230523 0.410822 153 0 76
0.600358 -0.543342 0.440600 76 153 0
-0.563656 -0.511177 -0.028089 153 0 76
-0.401093 0.397672 0.611702 127 0 127
0.419776 -0.654723 -0.124910 76 0 153
-0.262587 -0.120427 0.611702 127 0 127
-0.408120 0.538694 -0.382949 153 0 76
-0.420358 0.577191 0.362947 153 0 76
-0.563656 0.266297 0.253045 153 0 76
-0.563656 0.205545 0.027382 153 0 76
-0.453086 0.083665 0.611702 127 0 127
0.136824 0.316528 0.611702 127 0 127
0.257677 -0.616226 -0.207218 76 0 153
0.446265 -0.240617 -0.610588 0 0 255
0.094677 0.110282 -0.559258 153 76 0
-0.500776 -0.474491 -0.572091 153 0 76
0.486629 0.538694 -0.075596 153 0 76
0.549028 0.324627 -0.292937 76 153 0
-0.422693 0.367095 0.573205 127 0 127
-0.004106 0.293870 -0.313847 76 0 153
-0.161027 0.496484 0.573205 127 0 127
-0.258297 0.538694 0.077072 153 0 76
0.095540 -0.616226 -0.514411 76 0 153
-0.259671 -0.228232 -0.610588 204 51 127
0.489099 0.393408 -0.559258 153 76 0
-0.512326 0.140700 -0.592921 204 51 127
-0.197034 0.370723 0.611702 127 0 127
0.088842 -0.654723 -0.306921 76 0 153
-0.563656 -0.426360 -0.228713 153 0 76
-0.482179 0.002696 0.573205 127 0 127
0.105443 0.299398 -0.559258 153 76 0
0.600358 -0.502193 0.400116 76 153 0
0.047224 0.311941 -0.107343 76 0 153
0.155321 -0.616226 -0.424612 76 0 153
0.047224 0.517803 -0.512707 76 0 153
-0.402296 -0.654723 -0.243793 76 0 153
-0.563656 0.035524 0.404033 153 0 76
0.600358 -0.131511 -0.511841 76 153 0
-0.512326 0.164770 0.330049 153 0 76
-0.219620 0.538694 0.218939 153 0 76
0.549028 0.258293 0.090399 76 153 0
-0.149683 0.577191 0.415193 153 0 76
0.324471 0.365740 0.611702 127 0 127
0.354816 0.577191 -0.033170 153 0 76
0.510817 -0.480149 0.611702 127 0 127
0.549028 0.223147 0.184242 76 153 0
0.326269 -0.551046 0.611702 127 0 127
-0.255152 0.419986 0.611702 127 0 127
-0.067115 -0.616226 -0.415895 76 0 153
-0.264267 0.577191 0.321322 153 0 76
0.561716 -0.616226 0.379153 76 0 153
-0.454881 0.423052 0.611702 127 0 127
0.047224 0.481223 -0.332802 76 0 153
-0.095686 0.577191 -0.207753 153 0 76
0.600358 0.300652 0.611227 127 0 127
0.348047 -0.019708 0.573205 127 0 127
-0.512326 0.187430 0.172116 153 0 76
-0.004106 -0.164461 0.374528 76 0 153
-0.004106 0.303454 0.381018 76 0 153
0.298643 0.577191 -0.349947 153 0 76
0.047224 -0.009873 0.432288 76 0 153
-0.477531 -0.400745 -0.610588 204 51 127
-0.512326 -0.168219 0.293813 153 0 76
0.600358 0.562884 -0.381495 76 153 0
-0.523718 0.577191 -0.167094 153 0 76
0.416088 -0.616226 -0.021877 76 0 153
-0.399438 -0.461167 -0.610588 204 51 127
0.600358 -0.133837 0.328844 76 153 0
-0.056753 0.538694 -0.080755 153 0 76
0.549028 -0.086791 0.292287 76 153 0
0.549028 0.526199 0.193818 76 153 0
-0.061061 0.538694 0.289612 153 0 76
0.532708 -0.654723 0.508699 76 0 153
-0.077438 -0.654723 -0.362509 76 0 153
0.596587 0.538693 0.545839 76 153 0
0.055545 0.577191 -0.392436 153 0 76
0.448244 -0.654723 -0.415204 76 0 153
-0.512326 0.486207 -0.581620 153 76 0
0.047224 -0.022587 -0.007626 76 0 153
0.549028 -0.324243 0.519229 76 153 0
0.531841 -0.654723 0.192667 76 0 153
-0.004106 0.316331 -0.511910 76 0 153
-0.512326 0.163001 -0.282840 153 0 76
-0.442156 -0.513087 0.573205 127 0 127
-0.341084 0.515787 -0.559258 153 76 0
0.600358 -0.648803 -0.367429 76 0 153
0.179707 -0.616226 0.071605 76 0 153
0.600358 0.414483 -0.400600 76 153 0
0.549028 -0.266985 -0.489079 76 153 0
0.549028 0.386916 -0.304282 76 153 0
0.549028 -0.470093 -0.502612 76 153 0
-0.563656 -0.250768 0.362013 153 0 76
-0.105371 -0.654723 0.293994 76 0 153
-0.563656 0.128838 0.087556 153 0 76
-0.563656 -0.320623 0.101761 153 0 76
0.513552 0.577191 -0.328990 153 0 76
-0.029411 -0.001357 0.611702 127 0 127
0.047224 0.288852 0.398861 76 0 153
0.189660 -0.654723 0.370996 76 0 153
-0.370290 -0.616226 0.370857 76 0 153
-0.272554 0.001889 0.573205 127 0 127
0.533584 0.577191 -0.606344 153 0 76
0.600358 -0.629492 -0.475698 76 0 153
-0.004106 0.263197 0.486300 76 0 153
-0.563656 -0.510620 -0.595799 153 0 76
-0.026461 0.577191 0.360008 153 0 76
0.508276 0.538694 -0.254532 153 0 76
0.047224 -0.226331 -0.158881 76 0 153
-0.004106 0.171545 -0.340589 76 0 153
-0.512326 0.372149 -0.331022 153 0 76
-0.141387 -0.024704 0.611702 127 0 127
-0.196051 -0.654723 0.287724 76 0 153
0.052545 0.577191 0.095509 153 0 76
0.047224 -0.152820 0.341833 76 0 153
0.047224 -0.576266 -0.520528 76 0 153
0.319957 -0.616226 -0.348747 76 0 153
0.374925 0.523470 0.611702 127 0 127
0.212584 0.042536 -0.572091 153 76 0
0.600358 -0.399209 -0.574587 76 153 0
0.600358 -0.463898 0.300868 76 153 0
0.126349 0.049798 0.611702 127 0 127
0.047224 0.203715 -0.000062 76 0 153
0.536324 0.538694 -0.514234 153 0 76
-0.495855 -0.361752 0.611702 127 0 127
-0.116505 0.092237 -0.559258 153 76 0
0.047224 0.349129 -0.466573 76 0 153
-0.004106 -0.462183 0.074662 76 0 153
0.239167 -0.654723 0.355866 76 0 153
0.559982 0.577191 0.345237 153 0 76
-0.014119 -0.429435 0.573205 127 0 127
0.047224 -0.206171 0.391140 76 0 153
-0.039277 0.577191 0.239729 153 0 76
-0.217548 -0.623746 0.569996 127 0 127
-0.517239 -0.654723 -0.021875 76 0 153
-0.181067 -0.654723 -0.040198 76 0 153
0.407899 0.538694 -0.269738 153 0 76
-0.255677 -0.512968 -0.585481 153 76 0
-0.317915 0.259923 -0.610588 204 51 127
-0.345446 0.538694 0.130129 153 0 76
-0.562935 -0.606951 -0.610588 153 0 76
-0.431218 -0.616226 -0.483233 76 0 153
-0.415776 -0.654723 -0.409131 76 0 153
-0.512326 0.341080 -0.237261 153 0 76
-0.482023 0.113626 0.573205 127 0 127
-0.289189 0.538694 0.016227 153 0 76
0.424602 0.538694 -0.328475 153 0 76
-0.223844 0.538694 -0.186382 153 0 76
0.064706 -0.007874 0.573205 127 0 127
-0.197405 -0.159973 0.611702 127 0 127
-0.416666 -0.616306 0.569996 76 0 153
0.575736 -0.610120 -0.610588 76 153 0
-0.563656 -0.384764 0.463746 153 0 76
0.086535 -0.616226 0.377131 76 0 153
0.513524 -0.616226 0.348902 76 0 153
-0.563656 -0.511831 0.328199 153 0 76
0.241130 -0.616226 -0.148526 76 0 153
0.391328 -0.651515 0.577757 127 0 127
-0.004106 -0.297157 0.091222 76 0 153
-0.004106 -0.397969 0.054763 76 0 153
0.309760 -0.124570 0.611702 127 0 127
-0.561501 0.538693 -0.103647 153 0 76
-0.512326 0.163243 -0.460345 153 0 76
-0.392561 0.573983 0.606438 127 0 127
-0.004106 -0.370891 0.513470 76 0 153
-0.563656 0.340771 -0.552580 153 0 76
0.356398 0.577191 0.048124 153 0 76
0.047224 0.444643 0.509936 76 0 153
0.047224 -0.456765 -0.384860 76 0 153
0.047224 0.170407 -0.511696 76 0 153
-0.512326 0.335276 -0.142510 153 0 76
-0.004106 -0.475048 -0.367220 76 0 153
-0.308791 -0.616226 0.036287 76 0 153
-0.103703 -0.278284 -0.559258 153 76 0
-0.512326 -0.488493 0.312113 153 0 76
-0.307987 -0.278930 -0.559258 153 76 0
0.341032 -0.577060 -0.559258 153 76 0
0.078799 0.577191 0.180262 153 0 76
0.257340 -0.074429 0.573205 127 0 127
0.600358 0.155525 0.179282 76 153 0
-0.165441 -0.654723 0.558594 76 0 153
-0.438508 -0.616226 -0.359721 76 0 153
-0.114863 0.538694 -0.598215 153 0 76
0.047224 -0.588403 -0.287645 76 0 153
-0.004106 0.381334 -0.009932 76 0 153
0.549028 -0.016565 -0.026210 76 153 0
0.292379 -0.549773 -0.576566 153 76 0
0.047224 -0.277122 0.443806 76 0 153
0.529500 0.311303 -0.572091 153 76 0
-0.154047 0.169085 0.573205 127 0 127
0.047224 -0.464683 -0.203376 76 0 153
0.189931 0.269800 0.573205 127 0 127
0.600358 -0.196964 0.266305 76 153 0
0.292203 0.169368 0.611702 127 0 127
-0.381048 -0.366909 0.573205 127 0 127
0.303703 -0.616226 0.163782 76 0 153
-0.048220 0.577191 0.043259 153 0 76
0.600358 0.321127 -0.597351 76 153 0
-0.143547 0.577191 -0.066322 153 0 76
-0.347024 -0.616226 0.536517 76 0 153
-0.080588 0.470797 -0.559258 153 76 0
-0.218996 0.577191 -0.448781 153 0 76
0.100892 0.538694 -0.108785 153 0 76
-0.512326 -0.338744 -0.568718 204 51 127
-0.011652 -0.612737 -0.559258 76 0 153
0.496479 0.538694 -0.572968 153 0 76
-0.092940 -0.076290 0.611702 127 0 127
0.047224 0.032880 0.501406 76 0 153
-0.004106 -0.338272 -0.414691 76 0 153
-0.439024 0.577191 -0.004186 153 0 76
0.047224 -0.442755 0.114884 76 0 153
0.000692 0.318490 0.611702 127 0 127
0.549028 -0.014465 -0.522029 76 153 0
0.374462 -0.654723 0.021426 76 0 153
0.444762 -0.476716 -0.559258 0 0 255
0.136458 -0.654723 0.408685 76 0 153
-0.563656 -0.373429 0.177723 153 0 76
-0.004106 -0.375497 -0.230190 76 0 153
0.047224 0.264256 0.285677 76 0 153
0.047224 -0.338124 -0.304626 76 0 153
-0.325235 -0.031013 0.611702 127 0 127
-0.303977 0.448570 0.611702 127 0 127
0.207349 0.577191 -0.507858 153 0 76
-0.011581 -0.173834 0.611702 127 0 127
-0.402217 0.491728 0.573205 127 0 127
-0.107677 -0.616226 0.448384 76 0 153
0.047224 0.318166 0.045081 76 0 153
0.279857 0.538694 -0.538910 153 0 76
-0.563656 0.363414 -0.399944 153 0 76
-0.512326 0.425769 -0.040735 153 0 76
0.478277 -0.616226 -0.366964 76 0 153
0.600358 0.189491 0.611659 127 0 127
-0.004106 -0.557157 -0.413768 76 0 153
-0.233529 0.464527 0.680551 0 127 127
0.243408 0.099643 0.573205 127 0 127
-0.423242 0.577191 -0.252150 153 0 76
0.549028 0.413790 -0.347554 76 153 0
0.043146 -0.654723 0.105609 76 0 153
0.301976 -0.616226 0.009088 76 0 153
-0.357578 -0.058366 -0.610588 204 51 127
0.549028 -0.066175 -0.196261 76 153 0
-0.373987 0.538694 -0.084767 153 0 76
0.047224 -0.150994 0.448534 76 0 153
0.047224 0.322593 -0.394494 76 0 153
-0.041804 0.244450 -0.559258 153 76 0
0.381030 -0.616226 -0.311841 76 0 153
-0.352879 -0.616226 0.110659 76 0 153
0.364326 -0.488747 -0.559258 153 76 0
-0.512326 -0.401208 -0.514433 153 0 76
-0.174491 0.538694 0.322613 153 0 76
-0.563656 -0.376104 0.326167 153 0 76
0.173091 -0.616226 -0.005518 76 0 153
-0.428466 0.577191 -0.165092 153 0 76
-0.479489 -0.174474 -0.572091 204 51 127
-0.512326 -0.616081 -0.097956 153 0 76
0.595055 -0.060355 0.569996 76 153 0
-0.107069 0.538694 -0.349875 153 0 76
0.166583 0.538694 0.316708 153 0 76
0.375379 -0.436090 0.611702 127 0 127
-0.004106 0.017218 0.467802 76 0 153
-0.392078 0.538694 0.182186 153 0 76
0.590346 0.577191 0.434204 153 0 76
0.411276 -0.267295 0.611702 127 0 127
0.600358 0.038732 -0.436078 76 153 0
0.549028 0.280555 0.360323 76 153 0
0.460163 -0.184972 0.573205 127 0 127
0.549028 0.514450 0.278205 76 153 0
-0.093125 0.577191 -0.453707 153 0 76
0.486373 0.474176 -0.610588 0 0 255
-0.112856 0.284700 -0.559258 153 76 0
0.523474 -0.654723 -0.310599 76 0 153
-0.255677 0.168116 -0.608525 204 51 127
0.047224 -0.181075 0.072379 76 0 153
0.274999 -0.654723 0.288505 76 0 153
-0.490047 0.577191 0.109914 153 0 76
0.213352 0.577191 -0.308293 153 0 76
-0.465929 -0.278583 -0.572091 153 76 0
-0.191481 -0.654723 -0.196585 76 0 153
-0.256906 -0.415846 -0.559258 153 76 0
0.250425 0.066077 0.611702 127 0 127
-0.512090 0.527954 0.611702 127 0 127
-0.398143 -0.654723 -0.104844 76 0 153
0.117655 -0.654723 0.494653 76 0 153
0.549028 -0.211567 -0.070871 76 153 0
-0.512326 -0.512224 0.546564 153 0 76
-0.066036 -0.623100 0.611702 127 0 127
0.340820 0.538694 -0.440633 153 0 76
0.600358 -0.055061 -0.447968 76 153 0
0.292639 0.538694 -0.000803 153 0 76
-0.563656 0.454076 -0.371233 153 0 76
0.153026 0.415403 -0.572091 153 76 0
-0.218677 -0.252504 0.573205 127 0 127
-0.336885 -0.495792 -0.572091 204 51 127
0.549028 -0.340610 -0.063942 76 153 0
-0.279663 -0.654723 -0.035305 76 0 153
-0.512326 -0.133807 -0.177897 153 0 76
0.478525 0.577191 -0.213747 153 0 76
0.460362 0.029202 -0.610588 0 0 255
0.049143 -0.654723 -0.066417 76 0 153
-0.512326 -0.279289 0.139282 153 0 76
-0.168267 -0.000980 0.573205 127 0 127
0.516355 0.538694 0.151454 153 0 76
-0.020288 -0.654723 -0.314860 76 0 153
-0.563656 0.006481 -0.281642 153 0 76
0.088124 -0.654723 -0.216210 76 0 153
0.464655 0.390159 -0.610588 0 0 255
0.047224 0.429836 0.364242 76 0 153
0.080455 -0.616226 -0.015641 76 0 153
0.247619 -0.235158 0.611702 127 0 127
-0.525636 0.577191 0.538163 153 0 76
0.549028 -0.132832 0.156400 76 153 0
0.549028 -0.154452 -0.149507 76 153 0
-0.181714 0.538694 -0.076248 153 0 76
0.047224 0.296665 0.216544 76 0 153
0.097817 -0.208225 0.611702 127 0 127
0.074405 0.471835 0.573205 127 0 127
-0.358524 0.577191 0.457335 153 0 76
-0.221376 -0.040245 0.573205 127 0 127
0.586686 -0.654723 0.432110 76 0 153
-0.468956 -0.654723 -0.013643 76 0 153
0.118207 -0.293448 0.611702 127 0 127
0.600358 0.423353 0.055309 76 153 0
-0.512326 -0.329509 0.491072 153 0 76
-0.326208 0.538694 0.459671 153 0 76
0.086581 -0.134415 -0.559258 153 76 0
-0.329837 -0.227955 -0.559258 153 76 0
-0.242531 0.538694 -0.388425 153 0 76
-0.512326 0.438814 0.411759 153 0 76
-0.004106 0.537595 0.451502 76 0 153
-0.452013 0.538694 -0.149543 153 0 76
-0.068754 0.251709 0.573205 127 0 127
0.549028 0.357578 0.212618 76 153 0
-0.308550 0.538694 -0.257735 153 0 76
0.235545 -0.372975 0.573205 127 0 127
0.341582 -0.616226 -0.222489 76 0 153
-0.392968 -0.654723 0.384575 76 0 153
0.369002 0.167976 -0.559258 153 76 0
-0.445867 -0.089635 0.611702 127 0 127
0.549028 0.028845 -0.190255 76 153 0
-0.563656 0.053493 -0.264758 153 0 76
0.525158 0.577191 -0.178486 153 0 76
-0.410526 0.100657 -0.610588 204 51 127
0.480133 0.538694 0.495329 153 0 76
-0.314709 -0.616226 -0.097125 76 0 153
0.537473 -0.035791 0.611702 127 0 127
0.192956 -0.654723 -0.396497 76 0 153
-0.128726 0.520847 0.611702 127 0 127
-0.244171 0.577191 0.429091 153 0 76
0.062382 0.040682 0.611702 127 0 127
0.600358 0.526613 -0.069895 76 153 0
0.047224 -0.280855 0.291539 76 0 153
0.443119 -0.157792 -0.572091 153 76 0
-0.147455 0.577191 0.071822 153 0 76
0.549028 -0.451724 0.182538 76 153 0
0.600358 0.412113 0.115550 76 153 0
-0.004106 0.529872 -0.361677 76 0 153
-0.563656 0.399995 0.078187 153 0 76
0.305184 -0.654723 -0.383780 76 0 153
0.547761 -0.348491 -0.572091 0 0 255
0.008538 0.538694 -0.407017 76 0 153
0.085387 -0.099255 0.611702 127 0 127
0.549028 -0.438015 0.020798 76 153 0
-0.228365 -0.616226 0.140554 76 0 153
0.110816 -0.616226 -0.388408 76 0 153
0.263740 0.538694 0.334507 153 0 76
0.298073 -0.616226 -0.077259 76 0 153
0.047224 0.439064 0.174918 76 0 153
-0.217855 -0.051421 -0.572091 153 76 0
0.355142 0.577191 0.147213 153 0 76
0.600358 -0.280154 0.283834 76 153 0
0.182021 -0.654723 -0.343054 76 0 153
-0.312009 -0.444795 -0.610588 204 51 127
-0.512326 -0.487353 -0.383225 153 0 76
-0.563656 -0.090858 0.487440 153 0 76
0.326124 0.577191 0.325622 153 0 76
-0.170908 0.538694 -0.281559 153 0 76
0.074377 0.346967 0.573205 127 0 127
0.282303 0.060464 -0.559258 153 76 0
0.549028 -0.047752 0.516000 76 153 0
0.549028 0.164829 -0.413552 76 153 0
0.223725 -0.616226 0.427209 76 0 153
-0.203406 0.033315 0.611702 127 0 127
-0.018852 -0.654723 0.367331 76 0 153
-0.415730 0.577191 0.519625 153 0 76
0.272528 0.326906 0.573205 127 0 127
-0.219310 -0.616226 -0.325760 76 0 153
-0.451083 -0.616226 0.252414 76 0 153
-0.512326 0.380765 0.475835 153 0 76
0.541186 0.466146 -0.610588 0 0 255
0.442802 -0.070720 0.573205 127 0 127
-0.004106 -0.417884 0.377857 76 0 153
-0.512326 -0.575695 0.476748 153 0 76
-0.004106 0.145412 -0.241921 76 0 153
0.352977 -0.616226 0.242406 76 0 153
-0.221044 0.398854 0.573205 127 0 127
-0.210961 -0.308543 0.611702 127 0 127
-0.075269 -0.616226 -0.086206 76 0 153
-0.272285 -0.270427 0.573205 127 0 127
-0.447180 -0.616226 0.324371 76 0 153
-0.110304 -0.616226 -0.315284 76 0 153
0.015291 -0.400283 -0.559258 153 76 0
0.377437 0.538694 0.269536 153 0 76
-0.203766 -0.616226 0.024365 76 0 153
0.014736 -0.654723 -0.551396 76 0 153
0.241859 -0.629824 0.573205 127 0 127
-0.563656 -0.274143 -0.084613 153 0 76
0.413870 0.538694 -0.404393 153 0 76
-0.045182 -0.616226 0.159883 76 0 153
0.088769 -0.298344 0.573205 127 0 127
-0.402910 -0.654723 0.185386 76 0 153
-0.004106 -0.161459 0.531311 76 0 153
-0.389380 0.088882 -0.559258 153 76 0
0.218811 0.538694 0.261855 153 0 76
-0.184003 -0.654723 -0.443896 76 0 153
0.103131 -0.616226 0.423134 76 0 153
0.364828 -0.616226 -0.436988 76 0 153
0.549028 0.477433 0.347362 76 153 0
-0.346069 0.129251 0.611702 127 0 127
0.600358 0.472696 0.150080 76 153 0
0.042484 -0.228369 -0.572091 76 0 153
0.353608 -0.054002 -0.610588 0 0 255
0.408612 -0.116147 0.611702 127 0 127
0.549028 0.156126 0.157575 76 153 0
0.562356 0.538694 -0.177087 76 153 0
-0.212470 -0.616226 -0.275689 76 0 153
0.282986 0.577191 0.242038 153 0 76
0.233669 0.577191 -0.179920 153 0 76
0.087579 -0.086183 -0.572091 153 76 0
-0.331638 -0.654723 0.256623 76 0 153
-0.066447 0.523367 0.611702 127 0 127
-0.351428 -0.441635 0.611702 127 0 127
-0.494531 -0.200852 0.611702 127 0 127
-0.563656 0.292820 -0.405245 153 0 76
-0.384051 0.538694 -0.173745 153 0 76
0.030284 0.577191 -0.331134 153 0 76
-0.004106 0.028139 0.126772 76 0 153
-0.132343 0.538694 0.009828 153 0 76
-0.563656 -0.177587 -0.588517 153 0 76
0.047224 -0.427849 -0.437284 76 0 153
0.560237 -0.406480 0.611702 127 0 127
-0.004106 0.324917 0.282202 76 0 153
-0.472800 -0.616226 -0.518454 76 0 153
-0.512326 0.356996 -0.069927 153 0 76
-0.342335 -0.567250 -0.572091 153 76 0
0.549028 0.410506 -0.029177 76 153 0
0.549028 0.294592 -0.154195 76 153 0
-0.004106 -0.419606 -0.473637 76 0 153
0.269923 -0.616226 -0.443042 76 0 153
0.064556 -0.651515 0.599129 127 0 127
0.600358 0.522941 0.290158 153 0 76
0.381894 -0.654723 0.177039 76 0 153
-0.116272 -0.484382 0.573205 127 0 127
-0.563656 -0.288386 -0.232653 153 0 76
-0.244422 -0.654723 0.334799 76 0 153
0.415739 0.187634 -0.610588 0 0 255
-0.241094 -0.654723 0.031570 76 0 153
-0.220434 0.573983 0.596851 127 0 127
0.272591 0.577191 -0.419687 153 0 76
0.151395 -0.616226 -0.184696 76 0 153
-0.563656 -0.067964 0.029958 153 0 76
-0.563656 -0.204783 -0.463236 153 0 76
0.514520 -0.241601 0.611702 127 0 127
0.073386 0.299274 0.573205 127 0 127
-0.351777 0.357079 0.611702 127 0 127
0.346202 -0.654723 0.462488 76 0 153
-0.512326 0.282678 0.094112 153 0 76
0.423521 -0.616226 -0.544912 76 0 153
-0.512326 -0.120419 0.176004 153 0 76
-0.291686 0.577191 -0.555295 153 0 76
0.055933 0.577191 0.518458 153 0 76
-0.119826 -0.616226 0.368006 76 0 153
0.205490 -0.654723 -0.485400 76 0 153
0.220301 -0.342371 0.611702 127 0 127
0.156832 -0.616226 0.201099 76 0 153
-0.464097 0.577191 -0.070371 153 0 76
0.047224 -0.406171 -0.519601 76 0 153
0.050273 0.253270 0.573205 127 0 127
0.207865 -0.606624 0.611702 127 0 127
0.447403 -0.616226 0.048038 76 0 153
0.600358 0.361763 0.011985 76 153 0
-0.086091 0.320195 0.611702 127 0 127
-0.563656 0.065005 0.205214 153 0 76
0.178125 -0.616226 0.142711 76 0 153
0.600358 0.103807 -0.315939 76 153 0
-0.004106 -0.388577 -0.040167 76 0 153
-0.563656 0.045301 -0.096760 153 0 76
-0.288730 -0.186922 0.611702 127 0 127
-0.071425 0.577191 -0.504634 153 0 76
-0.246739 -0.654723 -0.401433 76 0 153
0.047224 -0.556312 -0.221594 76 0 153
0.357196 0.577191 0.197169 153 0 76
-0.563656 0.463200 -0.131968 153 0 76
0.359659 -0.616226 -0.171769 76 0 153
0.340459 -0.136165 0.573205 127 0 127
0.513617 -0.654723 -0.151460 76 0 153
0.600358 -0.457831 0.491093 76 153 0
-0.281084 -0.050096 0.573205 127 0 127
-0.257796 0.036753 0.611702 127 0 127
-0.563656 -0.165136 -0.069692 153 0 76
-0.512326 -0.416660 0.528156 153 0 76
0.600358 0.063203 0.056544 76 153 0
-0.512326 -0.194114 -0.446716 153 0 76
0.057876 0.577191 -0.130372 153 0 76
0.047224 -0.559763 0.361925 76 0 153
0.012925 0.023924 0.611702 127 0 127
0.549028 -0.292911 0.223455 76 153 0
0.047224 -0.407447 -0.123195 76 0 153
-0.353313 -0.654723 -0.263392 76 0 153
0.363018 0.538694 -0.081240 153 0 76
-0.477759 -0.654723 0.189014 76 0 153
-0.072195 0.538694 -0.291300 153 0 76
0.283651 0.538694 0.089357 153 0 76
-0.114349 -0.616226 0.043638 76 0 153
-0.563656 -0.199160 0.367238 153 0 76
0.400012 0.040344 0.611702 127 0 127
0.600358 0.267237 -0.395580 76 153 0
-0.112619 0.273426 0.611702 127 0 127
0.047224 0.484449 -0.243200 76 0 153
0.151262 0.411104 0.573205 127 0 127
-0.004106 0.064660 0.393461 76 0 153
-0.339418 -0.586903 0.611702 127 0 127
-0.248312 0.538694 -0.580810 153 0 76
0.571679 -0.297190 0.573205 127 0 127
0.047224 -0.096252 0.190604 76 0 153
-0.218819 -0.514283 0.573205 127 0 127
0.411872 0.435230 0.573205 127 0 127
-0.512326 0.072784 0.042374 153 0 76
-0.512326 -0.094916 0.342722 153 0 76
-0.326910 0.577191 -0.115777 153 0 76
-0.291108 -0.654723 0.493905 76 0 153
-0.202655 -0.654723 0.140963 76 0 153
0.600358 -0.653213 0.337141 76 0 153
-0.563656 -0.160344 0.569409 153 0 76
-0.514420 0.442576 0.611702 127 0 127
0.549028 0.493226 -0.226001 76 153 0
-0.563656 -0.483968 -0.311182 153 0 76
0.549028 -0.442842 0.105454 76 153 0
0.575625 -0.616226 -0.316232 76 0 153
0.186185 -0.616226 0.500577 76 0 153
-0.512326 0.120329 -0.376499 153 0 76
0.255955 0.538694 -0.037558 153 0 76
0.426350 0.120887 -0.559258 153 76 0
0.339217 0.439436 -0.610588 0 0 255
-0.563656 0.380955 -0.031086 153 0 76
0.549028 -0.123914 0.387039 76 153 0
0.047224 0.375390 0.237299 76 0 153
-0.512326 -0.010046 -0.231844 153 0 76
-0.295570 0.141597 -0.559258 153 76 0
-0.291698 0.538694 -0.400243 153 0 76
-0.512326 -0.569963 0.212856 153 0 76
-0.512326 -0.518125 -0.293009 153 0 76
-0.033805 -0.616226 -0.105347 76 0 153
-0.364962 -0.654723 0.444048 76 0 153
-0.512326 -0.269090 0.246242 153 0 76
0.327591 -0.654723 0.085967 76 0 153
-0.329157 -0.616226 -0.413655 76 0 153
-0.065727 -0.396597 0.573205 127 0 127
0.592926 0.538693 -0.446970 76 153 0
0.296625 0.122414 0.573205 127 0 127
-0.563656 -0.231354 -0.383706 153 0 76
-0.438298 0.577191 -0.580468 153 0 76
0.393643 -0.654723 -0.568161 76 0 153
0.047224 -0.599495 0.196856 76 0 153
0.118501 -0.654723 -0.270504 76 0 153
-0.273587 0.347222 0.573205 127 0 127
0.369996 -0.158550 -0.610588 0 0 255
-0.004106 -0.465425 0.347439 76 0 153
-0.512326 -0.548361 -0.589938 204 51 127
-0.239954 -0.616226 -0.173172 76 0 153
0.047224 0.491438 -0.424000 76 0 153
0.047224 0.062356 0.551617 76 0 153
0.450239 -0.280664 0.573205 127 0 127
-0.040770 0.121276 0.611702 127 0 127
-0.563656 -0.189822 0.255931 153 0 76
0.413265 -0.365695 -0.610588 0 0 255
-0.459243 0.538694 0.113608 153 0 76
-0.165041 -0.654723 -0.500824 76 0 153
0.600358 -0.432777 -0.030992 76 153 0
0.549028 0.388511 -0.207527 76 153 0
0.549028 -0.405653 0.281307 76 153 0
0.581565 0.538694 0.464220 76 153 0
0.047224 0.252597 -0.191926 76 0 153
0.232837 0.148784 0.611702 127 0 127
-0.520820 0.577191 -0.114605 153 0 76
0.392610 0.412919 -0.572091 0 0 255
-0.374373 0.538694 -0.437338 153 0 76
0.314593 0.538694 0.304333 153 0 76
0.047224 -0.584427 0.055711 76 0 153
-0.563656 -0.367931 -0.322005 153 0 76
-0.563656 -0.646501 0.170960 76 0 153
-0.083849 -0.324365 0.611702 127 0 127
-0.402479 -0.616226 0.458378 76 0 153
-0.057283 -0.133775 0.611702 127 0 127
0.047224 -0.531777 -0.106231 76 0 153
0.549028 -0.610585 0.445210 76 0 153
-0.512326 0.244164 -0.517108 153 0 76
-0.507015 0.577191 0.054292 153 0 76
0.010097 -0.563718 -0.559258 76 0 153
0.549028 -0.315616 -0.539373 76 153 0
0.563659 0.538693 0.035451 76 153 0
0.488594 -0.654723 -0.437998 76 0 153
-0.459192 0.456718 0.573205 127 0 127
0.076889 0.509107 0.611702 127 0 127
0.451239 0.258065 0.573205 127 0 127
-0.183060 -0.616226 -0.601181 76 0 153
0.470931 -0.074291 0.611702 127 0 127
0.329837 0.509110 0.573205 127 0 127
0.574809 0.538694 0.094605 76 153 0
0.549028 -0.108480 -0.244794 76 153 0
-0.512326 -0.464226 -0.120693 153 0 76
0.549028 -0.288741 -0.250502 76 153 0
-0.512326 0.152659 -0.504989 153 0 76
-0.004106 0.226479 -0.058028 76 0 153
0.492996 0.577191 -0.052194 153 0 76
-0.512326 0.391038 -0.257106 153 0 76
0.078743 0.538694 -0.461127 153 0 76
-0.512326 -0.322401 -0.213221 153 0 76
-0.092944 -0.654723 -0.405116 76 0 153
0.311223 0.538694 -0.489356 153 0 76
-0.198007 -0.388857 -0.572091 153 76 0
-0.355756 -0.179051 -0.610588 204 51 127
-0.163627 0.538694 -0.581677 153 76 0
-0.258022 -0.292762 0.611702 127 0 127
-0.476899 0.577191 0.447916 153 0 76
0.549028 0.147350 -0.321206 76 153 0
-0.231479 0.217816 0.573205 127 0 127
0.047224 -0.614991 -0.437518 76 0 153
-0.004106 0.069936 -0.200936 76 0 153
-0.555069 -0.502867 0.611702 127 0 127
0.600358 0.115885 -0.035651 76 153 0
0.047224 -0.248885 -0.463635 76 0 153
-0.250854 0.577191 -0.062438 153 0 76
0.047224 0.272196 -0.260692 76 0 153
0.047224 -0.378838 -0.276894 76 0 153
-0.121866 -0.166278 0.573205 127 0 127
0.549028 0.367288 0.327390 76 153 0
-0.563656 0.226382 0.453905 153 0 76
-0.563656 0.378424 -0.240367 153 0 76
-0.563656 0.317439 -0.097501 153 0 76
0.299328 0.385150 -0.572091 0 0 255
-0.470139 0.538694 -0.362382 153 0 76
-0.370577 -0.088681 0.573205 127 0 127
0.224938 0.577191 0.291177 153 0 76
0.600358 0.143911 0.551037 127 0 127
0.032493 0.379448 0.573205 127 0 127
0.516061 0.486110 0.611702 127 0 127
-0.563656 0.218381 -0.156549 153 0 76
0.410903 -0.303298 -0.572091 153 76 0
0.309635 0.283987 0.573205 127 0 127
0.141986 -0.502916 0.611702 127 0 127
0.027207 -0.185011 0.573205 127 0 127
0.549028 -0.333155 0.317055 76 153 0
-0.004106 -0.002713 -0.138662 76 0 153
-0.512326 -0.295823 -0.589678 153 0 76
0.047224 -0.399411 0.292010 76 0 153
-0.004106 0.057417 0.545493 76 0 153
0.393048 0.577191 -0.062806 153 0 76
-0.079722 -0.616226 0.229114 76 0 153
0.151670 0.538694 -0.515695 153 0 76
-0.287643 0.538694 0.337136 153 0 76
0.047224 -0.484968 0.345675 76 0 153
0.082586 0.538694 -0.262573 153 0 76
0.361150 0.538694 -0.481864 153 0 76
-0.004106 -0.417215 -0.170503 76 0 153
-0.412276 0.070708 0.573205 127 0 127
0.126596 0.461777 -0.572091 153 76 0
0.047224 0.028988 -0.010787 76 0 153
0.217773 0.577191 0.095043 153 0 76
0.600358 -0.398235 0.190331 76 153 0
-0.561542 0.577191 -0.354809 153 0 76
0.350504 -0.654723 -0.044017 76 0 153
0.151865 0.538694 -0.340828 153 0 76
-0.223596 0.538694 -0.284721 153 0 76
0.121836 0.415751 0.611702 127 0 127
0.393147 -0.550385 -0.572091 0 0 255
0.047224 0.384078 -0.048885 76 0 153
0.104004 -0.616226 0.471732 76 0 153
-0.240792 -0.241838 0.611702 127 0 127
0.145536 0.577191 0.535688 153 0 76
0.513103 -0.158838 -0.610588 0 0 255
0.120525 -0.208501 -0.572091 153 76 0
0.600358 -0.010016 0.487599 76 153 0
-0.165922 0.577191 -0.304339 153 0 76
-0.562467 -0.654723 -0.486427 76 0 153
0.424017 -0.616226 -0.589913 153 76 0
0.547367 0.039817 0.611702 127 0 127
0.600358 0.273110 -0.315655 76 153 0
0.138214 0.577191 -0.092232 153 0 76
-0.382860 -0.263310 0.573205 127 0 127
-0.563656 -0.058798 -0.545237 153 0 76
0.203838 -0.616226 -0.421574 76 0 153
0.022095 -0.616226 0.526860 76 0 153
-0.563656 0.019250 0.062342 153 0 76
-0.168908 0.244710 0.573205 127 0 127
-0.042778 0.577191 -0.371907 153 0 76
0.329446 0.261016 -0.559258 153 76 0
-0.563656 0.081819 -0.167985 153 0 76
0.047224 -0.066956 -0.219280 76 0 153
0.584409 0.577191 -0.035750 153 0 76
0.395107 -0.034919 0.573205 127 0 127
-0.004106 -0.134374 0.282613 76 0 153
0.311674 -0.654723 -0.485787 76 0 153
-0.269020 0.577191 0.493121 153 0 76
0.006709 -0.616226 0.022332 76 0 153
0.234607 -0.166453 0.573205 127 0 127
-0.035779 -0.654723 0.422325 76 0 153
-0.208827 0.212947 0.611702 127 0 127
0.405533 0.577191 -0.517885 153 0 76
-0.309745 -0.616226 -0.500504 76 0 153
0.560375 -0.616226 0.566595 76 0 153
0.120876 0.518182 0.611702 127 0 127
-0.004106 0.282947 -0.445887 76 0 153
0.600358 0.544472 -0.152855 76 153 0
-0.412134 -0.222477 -0.572091 204 51 127
0.310697 -0.616226 0.559920 127 0 127
0.470067 0.577191 -0.317812 153 0 76
-0.116130 0.425800 0.611702 127 0 127
0.407830 0.577191 0.328453 153 0 76
0.236794 -0.616226 -0.009585 76 0 153
-0.306117 -0.654723 -0.546555 76 0 153
-0.559610 0.577191 0.391054 153 0 76
-0.455538 -0.013685 -0.610588 204 51 127
0.117467 -0.616226 -0.240757 76 0 153
0.564546 -0.616226 -0.197298 76 153 0
0.600358 -0.005407 -0.558826 76 153 0
0.365294 -0.616226 0.049969 76 0 153
0.280289 0.538694 -0.180153 153 0 76
-0.563656 0.113182 0.212689 153 0 76
-0.225136 0.577191 -0.216189 153 0 76
-0.148580 0.538694 -0.499882 153 0 76
0.313584 0.096086 0.611702 127 0 127
0.505167 -0.616226 0.154707 76 0 153
-0.563656 0.231515 0.125870 153 0 76
-0.520774 0.538693 -0.400572 153 0 76
-0.272068 -0.654723 0.418300 76 0 153
0.047224 0.127637 -0.525507 76 0 153
-0.451057 -0.654723 0.301775 76 0 153
0.320660 -0.168708 0.611702 127 0 127
-0.512326 -0.581570 -0.336096 153 0 76
-0.364104 0.247723 0.573205 127 0 127
0.600358 -0.634811 -0.264243 76 0 153
-0.563656 -0.340641 -0.114966 153 0 76
0.086285 -0.607076 -0.572091 76 0 153
0.302904 -0.654723 0.380977 76 0 153
0.545306 -0.616226 0.092828 76 153 0
0.524102 0.538694 -0.303741 153 0 76
0.600358 0.361114 0.171010 76 153 0
-0.141347 0.577191 0.488243 153 0 76
0.012136 0.538693 0.355418 76 0 153
-0.122088 -0.092061 0.573205 127 0 127
0.549028 -0.490097 0.097135 76 153 0
-0.358126 0.518528 0.611702 127 0 127
-0.004106 -0.146982 -0.402824 76 0 153
-0.004106 -0.196396 -0.076070 76 0 153
0.502575 -0.602032 0.573205 127 0 127
0.432921 -0.616226 -0.228907 76 0 153
-0.512326 -0.088642 -0.188194 153 0 76
0.523448 -0.434821 -0.559258 153 76 0
0.122837 -0.616226 -0.044579 76 0 153
0.600358 0.365290 -0.155781 76 153 0
0.347408 0.300530 -0.610588 0 0 255
0.521238 -0.616226 -0.221498 76 0 153
0.024304 -0.130399 -0.572091 153 76 0
0.150146 0.577191 -0.240097 153 0 76
-0.315166 -0.317821 -0.610588 204 51 127
0.380452 -0.616226 0.324295 76 0 153
-0.364248 -0.654723 0.161125 76 0 153
-0.563656 -0.386085 0.082577 153 0 76
0.557569 0.339595 -0.610588 0 0 255
-0.305615 -0.225730 0.573205 127 0 127
0.047224 -0.269332 -0.266482 76 0 153
-0.344049 -0.654723 -0.496506 76 0 153
-0.215986 -0.484598 -0.572091 153 76 0
-0.018684 0.348224 0.573205 127 0 127
0.117186 -0.063498 0.611702 127 0 127
0.008667 -0.232395 0.573205 127 0 127
0.600358 -0.007986 -0.460875 76 153 0
-0.563656 0.311044 0.025911 153 0 76
-0.526732 -0.654723 -0.406734 76 0 153
0.279105 0.331387 -0.572091 153 76 0
-0.468041 0.177436 -0.610588 204 51 127
0.003651 -0.477830 -0.559258 76 0 153
0.047224 -0.323493 -0.142557 76 0 153
-0.381738 -0.244513 -0.610588 204 51 127
0.041804 -0.414508 0.573205 127 0 127
0.310207 0.577191 0.140411 153 0 76
-0.520917 0.538694 -0.257615 153 0 76
-0.194792 0.577191 -0.547234 153 0 76
0.002489 0.538694 -0.088866 76 0 153
0.556892 0.133747 0.611702 127 0 127
0.549028 -0.171432 -0.533894 76 153 0
-0.512326 -0.330939 -0.414575 153 0 76
-0.004106 0.448169 -0.062915 76 0 153
-0.563656 -0.199349 0.029231 153 0 76
-0.512326 -0.125874 -0.099130 153 0 76
-0.461499 -0.515619 -0.610588 204 51 127
-0.394144 -0.616226 -0.182130 76 0 153
-0.532313 0.267109 -0.610588 153 0 76
-0.021805 -0.654723 -0.444148 76 0 153
-0.004106 0.090163 0.032719 76 0 153
0.221639 0.577191 0.048720 153 0 76
-0.040861 -0.616226 -0.525450 76 0 153
-0.342672 0.577191 -0.214604 153 0 76
0.301869 -0.277471 0.611702 127 0 127
0.047224 0.076007 -0.177921 76 0 153
0.374681 -0.520919 0.573205 127 0 127
-0.004106 -0.160035 0.431767 76 0 153
0.006763 -0.300512 0.573205 127 0 127
-0.097440 -0.555130 0.611702 127 0 127
-0.141769 0.577191 0.184242 153 0 76
0.505109 0.577191 0.505326 153 0 76
-0.407913 -0.654723 -0.556846 76 0 153
0.549028 0.274703 0.138723 76 153 0
-0.533047 0.577191 -0.290428 153 0 76
0.549028 0.110962 -0.239821 76 153 0
0.047224 0.500397 0.353939 76 0 153
-0.225627 -0.654723 0.242343 76 0 153
-0.004106 0.296638 -0.213540 76 0 153
-0.479503 -0.616226 -0.390022 76 0 153
0.435935 0.538694 -0.044222 153 0 76
0.362701 0.267224 0.573205 127 0 127
0.549028 -0.401778 -0.364810 76 153 0
-0.135472 -0.616226 0.537986 76 0 153
0.036010 0.577191 -0.179283 153 0 76
0.600358 -0.083920 -0.255955 76 153 0
-0.328958 0.577191 0.049514 153 0 76
-0.135119 -0.654723 -0.291095 76 0 153
-0.512326 -0.229705 0.178971 153 0 76
-0.468560 0.243455 0.573205 127 0 127
0.252258 -0.616226 0.219068 76 0 153
0.549028 0.464574 -0.376935 76 153 0
-0.563656 0.450665 -0.325729 153 0 76
-0.442318 -0.362877 -0.572091 204 51 127
0.047224 -0.369988 0.470839 76 0 153
0.600358 0.420919 -0.267766 76 153 0
-0.085301 -0.625357 0.569996 76 0 153
0.318139 -0.080493 0.611702 127 0 127
0.047224 -0.525984 -0.044916 76 0 153
-0.514964 0.539743 -0.610588 153 0 76
-0.143925 -0.145986 0.611702 127 0 127
-0.245874 -0.616226 -0.099723 76 0 153
-0.048233 -0.251945 -0.559258 153 76 0
0.178395 -0.210643 -0.572091 153 76 0
0.549028 0.054603 0.378610 76 153 0
-0.467293 0.573983 0.579097 127 0 127
0.462661 -0.175444 -0.610588 0 0 255
-0.116624 -0.654723 0.481156 76 0 153
0.414438 0.538694 -0.492875 153 0 76
-0.512326 0.190793 -0.529842 153 0 76
-0.164583 -0.616226 0.000326 76 0 153
-0.102598 0.538694 -0.259076 153 0 76
-0.055197 0.573983 0.574836 153 0 76
-0.421945 0.127892 0.611702 127 0 127
0.047224 0.529473 0.553702 153 0 76
-0.209432 0.395300 -0.572091 153 76 0
0.549028 0.258606 0.265625 76 153 0
-0.048022 0.354939 0.611702 127 0 127
0.031832 -0.255913 0.611702 127 0 127
-0.302403 -0.617729 0.611702 127 0 127
-0.212656 -0.616226 0.404071 76 0 153
-0.004106 -0.086315 0.131148 76 0 153
0.549028 -0.200781 0.529165 76 153 0
-0.350812 0.011259 0.611702 127 0 127
0.190224 0.108756 0.573205 127 0 127
-0.563656 -0.476050 0.560235 127 0 127
0.435660 -0.654723 0.102003 76 0 153
0.600358 0.496100 -0.562685 76 153 0
-0.563656 -0.389571 -0.257241 153 0 76
0.556884 -0.616226 0.040929 76 153 0
0.192549 0.293948 0.611702 127 0 127
0.500171 0.320769 0.573205 127 0 127
-0.512326 0.080581 0.096416 153 0 76
-0.004106 -0.174783 0.192922 76 0 153
-0.115699 0.356637 0.573205 127 0 127
-0.004106 -0.219528 0.004639 76 0 153
-0.197582 -0.616226 -0.527837 76 0 153
0.402693 0.080076 -0.610588 0 0 255
-0.512326 -0.074525 -0.108561 153 0 76
0.281245 -0.654723 0.098518 76 0 153
-0.436953 -0.616226 0.415146 76 0 153
-0.004106 -0.571977 -0.144628 76 0 153
-0.563656 -0.325468 0.014057 153 0 76
0.320887 -0.352243 0.573205 127 0 127
0.549028 0.457690 -0.518318 76 153 0
-0.560155 0.538693 -0.534706 153 0 76
0.147845 0.183648 0.573205 127 0 127
-0.512326 0.154172 -0.031725 153 0 76
-0.563656 0.130091 -0.567388 153 0 76
0.419911 -0.654723 -0.320844 76 0 153
-0.004106 -0.219941 -0.180535 76 0 153
-0.563656 0.445407 -0.420841 153 0 76
0.503137 -0.616226 -0.277366 76 0 153
-0.483390 -0.654723 -0.451420 76 0 153
0.600358 0.109740 0.471565 76 153 0
0.600358 0.052604 -0.209186 76 153 0
0.169885 -0.654723 -0.166708 76 0 153
0.274153 0.577191 0.474265 153 0 76
0.501494 -0.288275 -0.572091 153 76 0
-0.256558 0.171749 0.611702 127 0 127
-0.004106 -0.554037 -0.323341 76 0 153
-0.563656 -0.014732 0.442078 153 0 76
-0.003191 -0.053163 0.611702 127 0 127
0.163298 -0.616226 0.339581 76 0 153
0.514040 0.577191 -0.427987 153 0 76
-0.405199 0.300357 0.611702 127 0 127
0.124390 0.577191 -0.336251 153 0 76
-0.512326 -0.138524 0.260829 153 0 76
0.600358 -0.564472 -0.553008 76 153 0
0.562291 0.538694 0.415749 153 0 76
-0.183896 0.577191 0.465911 153 0 76
-0.022714 -0.075234 0.573205 127 0 127
-0.512326 0.405426 -0.603227 153 0 76
0.408593 -0.654723 -0.374358 76 0 153
0.047224 0.533441 0.174048 153 0 76
-0.300111 0.538694 -0.485516 153 0 76
0.600358 0.281471 0.319366 76 153 0
0.028214 -0.616226 -0.070781 76 0 153
-0.029453 0.577191 0.532115 153 0 76
-0.385235 0.577191 0.415504 153 0 76
-0.563656 -0.118843 -0.430567 153 0 76
0.506854 -0.616226 0.460717 76 0 153
-0.477852 0.577191 -0.214525 153 0 76
0.147292 0.001105 0.611702 127 0 127
0.549028 0.207688 -0.185152 76 153 0
-0.004106 -0.601173 0.417474 76 0 153
-0.145357 -0.616226 -0.520285 76 0 153
0.600358 -0.061800 0.336563 76 153 0
-0.004106 0.042473 0.213480 76 0 153
-0.512326 -0.460319 0.107110 153 0 76
0.298517 0.469214 -0.610588 0 0 255
-0.409313 -0.654723 0.126174 76 0 153
-0.216911 0.538694 0.412141 153 0 76
-0.563656 0.529791 0.281237 153 0 76
0.549028 -0.057585 -0.491818 76 153 0
-0.365742 0.208859 -0.559258 204 51 127
-0.563656 0.500199 -0.387522 153 0 76
-0.080001 -0.616226 -0.475038 76 0 153
-0.161931 0.332341 -0.572091 153 76 0
0.491012 0.125519 0.573205 127 0 127
-0.342111 0.577191 -0.451866 153 0 76
0.586683 0.577191 -0.532645 153 0 76
0.549028 -0.335736 0.064191 76 153 0
0.600358 -0.478054 0.363403 76 153 0
-0.004106 -0.394148 -0.388409 76 0 153
-0.275877 -0.616226 0.144007 76 0 153
0.600358 -0.096589 0.500290 76 153 0
0.047224 -0.059115 0.356780 76 0 153
-0.475858 0.538694 0.303542 153 0 76
-0.462789 -0.616226 -0.294394 76 0 153
-0.523613 -0.300867 0.611702 127 0 127
-0.559008 -0.616226 0.494404 76 0 153
-0.525171 0.295665 0.573205 127 0 127
0.437761 0.577191 -0.137281 153 0 76
0.549028 -0.113085 -0.338908 76 153 0
-0.004106 0.505003 0.193480 76 0 153
-0.147390 0.577191 -0.407508 153 0 76
0.469198 -0.654723 0.272244 76 0 153
0.228423 -0.118212 -0.559258 153 76 0
0.494535 -0.570681 0.611702 127 0 127
0.047224 -0.050043 -0.544635 153 76 0
-0.178444 -0.654723 0.423782 76 0 153
-0.403121 -0.486910 0.573205 127 0 127
0.072043 -0.055912 0.611702 127 0 127
0.267283 -0.654723 -0.295020 76 0 153
-0.404512 -0.281893 0.611702 127 0 127
-0.512326 -0.434466 -0.309692 153 0 76
0.272243 -0.163362 0.611702 127 0 127
-0.512326 -0.023373 0.538089 153 0 76
0.047224 -0.363850 -0.168211 76 0 153
-0.563656 0.226759 -0.471176 153 0 76
-0.004106 -0.558333 0.315851 76 0 153
0.435086 0.577191 0.087536 153 0 76
0.190371 0.538694 -0.596931 153 0 76
-0.512326 -0.410382 0.210705 153 0 76
0.047224 -0.353667 0.091466 76 0 153
-0.563656 -0.441840 0.179724 153 0 76
-0.470984 0.217273 -0.572091 204 51 127
0.562338 -0.484850 0.611702 127 0 127
0.549028 -0.103557 -0.501180 76 153 0
0.047224 -0.508533 0.305301 76 0 153
0.047224 0.504801 0.053691 76 0 153
0.047224 -0.319740 0.389037 76 0 153
-0.403730 0.577191 0.152101 153 0 76
0.327259 0.476859 -0.559258 153 76 0
0.182451 0.538694 -0.303191 153 0 76
-0.450885 -0.204213 0.611702 127 0 127
0.208543 0.473456 0.611702 0 127 127
-0.242099 0.538694 -0.333865 153 0 76
0.292379 0.241149 -0.594457 0 0 255
-0.361422 -0.370822 -0.610588 204 51 127
-0.328543 0.577191 0.489677 153 0 76
-0.004106 -0.465168 0.452603 76 0 153
-0.244151 -0.595116 0.611702 127 0 127
0.479362 -0.654723 -0.036828 76 0 153
-0.004106 -0.602126 0.240530 76 0 153
0.120912 -0.654723 0.357958 76 0 153
0.070107 0.577191 0.310690 153 0 76
0.270541 0.516741 0.611702 127 0 127
0.339554 -0.650911 -0.610588 76 0 153
0.472244 0.538694 0.058713 153 0 76
-0.225997 0.577191 0.389342 153 0 76
0.600358 -0.006053 0.178524 76 153 0
-0.422824 0.577191 0.036390 153 0 76
-0.462119 0.034613 -0.572091 204 51 127
0.549028 0.479400 -0.038148 76 153 0
-0.004106 -0.064257 -0.217773 76 0 153
0.047224 -0.204882 -0.015494 76 0 153
0.234287 0.422015 0.573205 127 0 127
0.549028 0.196188 0.549140 76 153 0
-0.004106 0.239684 -0.234439 76 0 153
-0.040442 -0.616226 -0.319187 76 0 153
0.265824 0.538694 -0.580256 153 76 0
0.142581 -0.227718 0.573205 127 0 127
0.047224 -0.432171 -0.038765 76 0 153
-0.261664 -0.616226 0.031140 76 0 153
-0.328609 0.577191 0.405269 153 0 76
0.600358 0.175266 -0.503070 76 153 0
-0.165753 -0.241309 0.573205 127 0 127
0.402635 -0.392059 0.611702 127 0 127
-0.053499 0.538694 -0.160865 153 0 76
0.568296 0.538694 -0.484552 76 153 0
-0.021983 -0.010629 -0.572091 153 76 0
0.448002 0.538694 -0.439296 153 0 76
-0.563656 -0.213143 -0.215425 153 0 76
-0.330288 0.577191 -0.342639 153 0 76
-0.512326 -0.145441 0.443100 153 0 76
0.549028 -0.377318 0.428690 76 153 0
-0.038105 0.538694 -0.034771 153 0 76
-0.563656 0.026783 0.343885 153 0 76
0.320832 -0.654723 0.309154 76 0 153
-0.004106 0.230980 0.519578 76 0 153
0.047224 0.363150 -0.262199 76 0 153
0.600358 -0.349136 -0.001684 76 153 0
0.292379 0.298076 -0.608287 0 0 255
0.125674 -0.654723 0.043999 76 0 153
0.333896 0.538694 -0.308212 153 0 76
-0.454294 0.033863 0.611702 127 0 127
-0.563656 -0.543805 0.050698 153 0 76
-0.331131 -0.654723 -0.073608 76 0 153
-0.039104 -0.654723 0.228821 76 0 153
-0.359574 0.057751 0.611702 127 0 127
0.498755 -0.112670 -0.559258 153 76 0
0.033168 -0.654723 0.358823 76 0 153
-0.563656 -0.272972 0.545049 153 0 76
-0.489293 -0.338122 0.573205 127 0 127
-0.347159 0.538694 0.513331 153 0 76
0.399434 0.577191 -0.426199 153 0 76
0.100340 -0.155178 0.611702 127 0 127
-0.512326 0.061351 0.378384 153 0 76
0.484933 -0.654723 0.498947 76 0 153
0.265667 -0.616226 -0.600851 76 0 153
-0.004106 0.008131 0.049823 76 0 153
-0.563656 -0.345411 -0.575977 153 0 76
0.047224 -0.387956 -0.065760 76 0 153
-0.189746 0.538694 0.042193 153 0 76
0.600358 -0.196378 0.444294 76 153 0
0.600358 0.534441 0.006862 76 153 0
-0.004106 0.258268 0.199951 76 0 153
0.431582 0.577191 -0.248872 153 0 76
0.106312 -0.616226 -0.141135 76 0 153
0.573741 -0.570342 0.611702 127 0 127
-0.563656 -0.285552 -0.413605 153 0 76
0.294759 -0.654723 0.499803 76 0 153
-0.512326 -0.577080 -0.019970 153 0 76
-0.563656 -0.291709 0.389756 153 0 76
0.043498 0.577191 0.046399 153 0 76
-0.101198 0.154622 0.573205 127 0 127
-0.294348 0.035337 -0.559258 153 76 0
-0.563656 0.391081 0.027430 153 0 76
0.442638 0.371684 0.611702 127 0 127
-0.463062 -0.301102 -0.610588 204 51 127
0.549028 -0.025593 -0.112619 76 153 0
0.354851 0.432815 0.573205 127 0 127
0.193242 0.577191 -0.267838 153 0 76
-0.563656 -0.314843 0.252193 153 0 76
0.549028 -0.124458 0.461806 76 153 0
0.549028 -0.447652 -0.031846 76 153 0
0.047224 0.528604 -0.558377 153 0 76
0.166727 -0.654723 0.485371 76 0 153
-0.512326 0.231343 0.394059 153 0 76
-0.221624 0.538694 0.296484 153 0 76
0.250729 0.538694 0.119841 153 0 76
-0.004106 0.188126 0.047855 76 0 153
0.085171 -0.544567 0.573205 127 0 127
0.025776 -0.616226 0.296483 76 0 153
-0.070768 -0.616226 0.040836 76 0 153
-0.563656 -0.425476 -0.060247 153 0 76
0.047224 0.142053 -0.438102 76 0 153
0.600358 -0.615078 0.194974 76 0 153
-0.512326 0.041682 0.542823 153 0 76
0.600358 0.317669 0.564745 76 153 0
0.378779 0.538694 0.203996 153 0 76
0.107215 0.163474 0.611702 127 0 127
-0.512326 -0.280750 -0.499535 153 0 76
0.297558 0.577191 -0.025298 153 0 76
-0.563656 0.189404 0.218645 153 0 76
-0.384527 0.577191 0.057477 153 0 76
-0.061980 0.060303 0.573205 127 0 127
0.248018 0.507248 0.573205 127 0 127
-0.004106 -0.115336 -0.265693 76 0 153
-0.369337 0.577191 0.222115 153 0 76
-0.381667 0.538694 0.283084 153 0 76
-0.466752 -0.531310 0.611702 127 0 127
-0.015189 0.139966 0.573205 127 0 127
-0.457708 0.577191 -0.399126 153 0 76
-0.289613 -0.654723 -0.110772 76 0 153
-0.512326 -0.182432 -0.021491 153 0 76
-0.551599 -0.397329 0.573205 153 0 76
-0.547523 -0.654723 0.257218 76 0 153
0.490795 0.577191 0.422324 153 0 76
-0.201286 0.577191 0.526447 153 0 76
-0.563656 0.411957 -0.492869 153 0 76
-0.333279 0.516344 0.573205 127 0 127
-0.153367 -0.654723 0.211723 76 0 153
-0.004106 -0.053579 0.292908 76 0 153
0.549028 0.100537 0.028969 76 153 0
-0.563656 0.224505 0.296968 153 0 76
0.056207 0.289211 0.611702 127 0 127
0.277761 -0.136653 0.573205 127 0 127
0.045892 -0.483920 -0.572091 153 76 0
0.410817 -0.461001 0.611702 127 0 127
0.549028 -0.564011 -0.408154 76 153 0
0.504080 -0.654723 -0.552359 76 0 153
0.600358 0.388615 0.537267 76 153 0
0.543323 0.538694 -0.388804 76 153 0
-0.158006 0.577191 0.360108 153 0 76
-0.550283 -0.654723 0.037970 76 0 153
-0.324961 -0.019033 -0.610588 204 51 127
0.549028 -0.098100 0.558588 76 153 0
0.329678 -0.616226 -0.107674 76 0 153
0.073925 -0.158960 0.573205 127 0 127
0.390325 0.077455 0.573205 127 0 127
-0.563656 -0.028008 -0.448777 153 0 76
-0.563656 0.350683 0.212560 153 0 76
0.534182 -0.616226 -0.572510 0 0 255
-0.115391 -0.160791 -0.559258 153 76 0
-0.512326 0.222349 0.205875 153 0 76
-0.015118 -0.619673 0.569996 76 0 153
0.047224 -0.111680 -0.385949 76 0 153
0.600358 -0.224053 -0.263630 76 153 0
0.271866 -0.616226 0.439787 76 0 153
0.455781 -0.616226 0.388380 76 0 153
0.169482 0.052460 0.611702 127 0 127
-0.563656 -0.598462 -0.099532 153 0 76
-0.148775 0.397272 0.611702 127 0 127
-0.263755 -0.654723 0.180982 76 0 153
0.265424 -0.616226 0.345371 76 0 153
0.568626 0.058514 0.573205 76 153 0
-0.469505 -0.651515 0.576621 76 0 153
0.549028 0.124008 0.122318 76 153 0
0.353264 -0.616226 -0.588324 0 0 255
-0.563656 -0.251876 -0.133517 153 0 76
-0.559877 -0.654723 0.561711 76 0 153
0.549028 -0.401430 -0.297275 76 153 0
0.296736 0.577191 0.554792 153 0 76
-0.153608 -0.602098 0.611702 127 0 127
-0.563656 0.202616 -0.339640 153 0 76
-0.337645 -0.086941 0.611702 127 0 127
0.549028 -0.105206 -0.592263 76 153 0
-0.563656 -0.162490 0.341027 153 0 76
-0.512326 -0.124488 0.017135 153 0 76
0.549028 -0.488274 -0.355869 76 153 0
0.137778 -0.150969 0.573205 127 0 127
-0.512326 -0.609771 0.044723 153 0 76
-0.563656 0.214100 -0.201947 153 0 76
-0.188942 -0.616226 0.533503 76 0 153
0.047224 0.086071 0.415005 76 0 153
-0.481720 -0.488941 0.573205 127 0 127
-0.113249 0.577191 -0.101592 153 0 76
-0.563656 -0.009422 -0.366871 153 0 76
-0.512326 -0.411326 0.263303 153 0 76
-0.004106 0.268870 -0.353008 76 0 153
0.290114 -0.616226 0.275972 76 0 153
-0.563656 -0.499166 -0.498681 153 0 76
0.600358 -0.537815 0.539998 76 153 0
-0.150227 0.251500 -0.572091 153 76 0
0.600358 0.180500 -0.147672 76 153 0
0.373891 0.538694 0.087554 153 0 76
0.172610 -0.079304 -0.559258 153 76 0
-0.004106 -0.259380 -0.528312 76 0 153
0.092382 -0.576983 0.611702 127 0 127
-0.563656 -0.228640 -0.289897 153 0 76
-0.004106 0.242552 -0.393676 76 0 153
0.089776 0.538694 -0.058758 153 0 76
0.508040 -0.578378 -0.572091 0 0 255
-0.506599 0.043737 -0.572091 153 0 76
0.015153 0.572765 0.611702 127 0 127
0.047224 0.422066 0.311154 76 0 153
-0.522372 -0.616226 0.111549 153 0 76
-0.004106 -0.337946 0.554892 76 0 153
-0.412308 0.446435 -0.610588 204 51 127
-0.512326 -0.001034 0.268285 153 0 76
-0.529265 0.538693 0.569059 153 0 76
0.316012 -0.405782 0.611702 127 0 127
-0.525190 0.538693 0.505183 153 0 76
0.600358 0.407896 0.264182 76 153 0
0.421345 -0.654723 -0.453887 76 0 153
-0.262262 -0.623451 0.569996 127 0 127
0.235805 0.344496 0.611702 127 0 127
-0.004106 0.047167 -0.278321 76 0 153
-0.340378 -0.654723 -0.217023 76 0 153
0.100333 0.189922 -0.559258 153 76 0
0.566488 0.538694 -0.595649 153 0 76
-0.266460 -0.270202 -0.572091 204 51 127
0.549028 0.124209 -0.063317 76 153 0
-0.139954 -0.654723 0.044673 76 0 153
-0.057125 -0.616226 -0.226913 76 0 153
-0.004106 0.333998 -0.100706 76 0 153
0.328169 0.551938 0.569996 153 0 76
0.549028 0.459008 0.548688 76 153 0
0.418309 -0.486389 -0.610588 0 0 255
-0.004106 -0.134481 0.239655 76 0 153
-0.551339 0.577191 0.487214 153 0 76
-0.270959 -0.412143 0.611702 127 0 127
0.408539 0.225003 0.611702 127 0 127
-0.004106 -0.193829 0.112073 76 0 153
-0.563656 0.099512 -0.599602 153 0 76
0.600358 0.388244 -0.054690 76 153 0
-0.259053 0.449815 0.573205 127 0 127
0.436359 0.470483 0.573205 127 0 127
-0.557239 -0.239540 0.601314 127 0 127
0.495166 -0.506746 0.573205 127 0 127
0.394206 -0.616226 0.143581 76 0 153
0.366511 0.085015 0.611702 127 0 127
-0.340593 0.538694 -0.520145 153 0 76
0.243716 -0.616226 -0.499034 76 0 153
0.349601 -0.026812 -0.572091 153 76 0
0.047224 0.455534 -0.055916 76 0 153
-0.052841 0.538694 0.408042 153 0 76
0.047224 0.314706 -0.054806 76 0 153
0.050573 -0.253409 0.573205 76 0 153
0.339556 -0.075908 0.573205 127 0 127
0.549028 0.471972 -0.287026 76 153 0
-0.543686 0.160809 0.573205 127 0 127
0.383502 -0.616226 -0.523304 76 0 153
0.566851 -0.654723 -0.058846 76 0 153
0.047224 0.013304 -0.274774 76 0 153
0.122961 0.577191 -0.050276 153 0 76
0.345195 -0.654723 -0.364452 76 0 153
0.284801 -0.288563 -0.559258 153 76 0
-0.398549 0.229147 -0.610588 204 51 127
-0.512326 0.509096 -0.076678 153 0 76
0.511109 0.482831 -0.572091 153 76 0
-0.563656 -0.185099 0.420927 153 0 76
-0.004106 0.499363 -0.475359 76 0 153
-0.041192 0.538694 -0.436807 153 0 76
-0.176462 -0.616226 0.218130 76 0 153
-0.409671 0.538694 -0.276883 153 0 76
-0.520553 0.577191 -0.452074 153 0 76
0.549028 -0.132424 -0.095179 76 153 0
0.600358 -0.371606 0.296287 76 153 0
0.600358 0.150369 0.045787 76 153 0
-0.004106 -0.317801 0.156576 76 0 153
0.096191 0.373072 0.611702 127 0 127
-0.335377 -0.610946 -0.572091 204 51 127
0.047224 -0.190392 0.165275 76 0 153
0.429119 -0.654723 0.190294 76 0 153
0.532494 0.174116 0.611702 127 0 127
-0.299218 0.312923 0.573205 127 0 127
-0.004106 -0.343117 0.235506 76 0 153
0.006557 -0.654723 -0.225864 76 0 153
0.051879 -0.532952 -0.559258 153 76 0
-0.004106 -0.106394 -0.419096 76 0 153
-0.428189 -0.225687 0.573205 127 0 127
-0.274234 0.105131 0.573205 127 0 127
0.348597 -0.616226 0.535849 76 0 153
-0.055619 0.158994 -0.572091 153 76 0
-0.523046 -0.616226 -0.467498 153 0 76
0.240815 0.538694 0.224230 153 0 76
-0.004106 -0.420350 -0.308235 76 0 153
-0.117784 -0.569701 0.573205 127 0 127
0.432624 -0.654723 0.034496 76 0 153
0.237411 -0.654723 -0.116605 76 0 153
0.047224 -0.000038 0.529857 76 0 153
-0.493843 0.538694 -0.179023 153 0 76
-0.421934 -0.616226 -0.042761 76 0 153
-0.563656 0.112276 0.446258 153 0 76
0.019433 -0.087959 -0.572091 153 76 0
0.600358 0.099202 -0.401881 76 153 0
0.549028 0.417459 0.218666 76 153 0
-0.563656 -0.053705 -0.292740 153 0 76
0.600358 -0.160032 -0.222367 76 153 0
0.595528 -0.616226 0.084343 76 0 153
-0.512326 -0.109376 0.546815 153 0 76
-0.526909 0.538693 -0.307806 153 0 76
0.408352 0.251736 0.573205 127 0 127
-0.563656 0.335528 0.326555 153 0 76
-0.526525 -0.616226 0.243208 153 0 76
0.047224 -0.302560 -0.533377 76 0 153
-0.004106 -0.329036 -0.078964 76 0 153
0.549028 0.243187 -0.432217 76 153 0
-0.524450 0.200160 0.569996 153 0 76
-0.081353 -0.654723 -0.549432 76 0 153
0.086452 0.538694 0.026096 153 0 76
0.549028 0.184303 -0.539523 76 153 0
-0.328496 -0.210368 0.611702 127 0 127
0.334529 0.324825 -0.572091 153 76 0
0.405248 0.577191 0.375438 153 0 76
0.600358 -0.507104 -0.203417 76 153 0
-0.547751 -0.654723 0.080714 76 0 153
-0.069833 -0.654723 0.118368 76 0 153
-0.512326 -0.030772 0.130541 153 0 76
0.294514 -0.415873 -0.572091 0 0 255
-0.478408 0.538694 -0.519774 153 0 76
0.451852 -0.347618 0.611702 127 0 127
0.454885 -0.249311 0.611702 127 0 127
-0.350522 0.577191 -0.304871 153 0 76
-0.512326 -0.147899 0.067268 153 0 76
0.032236 -0.616226 -0.519205 76 0 153
0.047224 -0.532219 0.041633 76 0 153
0.417019 -0.616226 0.471871 76 0 153
-0.367107 -0.654723 0.523096 76 0 153
-0.161574 -0.405312 0.573205 127 0 127
-0.512326 0.406677 -0.368997 153 0 76
-0.004106 -0.256094 -0.310908 76 0 153
-0.004106 -0.150657 -0.215698 76 0 153
0.315696 -0.616226 0.403636 76 0 153
-0.398896 -0.616226 -0.455538 76 0 153
0.301865 -0.654723 -0.167969 76 0 153
-0.447131 0.538694 0.335012 153 0 76
0.295924 -0.654723 0.191870 76 0 153
0.141016 -0.616226 0.288150 76 0 153
-0.257947 -0.616226 -0.058942 76 0 153
0.142015 -0.354443 -0.572091 153 76 0
-0.521876 -0.616226 -0.160531 153 0 76
-0.193736 0.538694 -0.385972 153 0 76
0.360299 -0.090435 -0.559258 153 76 0
0.203217 -0.616226 -0.085406 76 0 153
0.047224 0.314065 0.513789 76 0 153
-0.004106 -0.575288 -0.248769 76 0 153
-0.512326 -0.092860 -0.400305 153 0 76
0.327172 -0.210065 -0.572091 0 0 255
-0.039042 0.577191 -0.233886 153 0 76
0.445991 -0.654723 0.307842 76 0 153
0.600358 0.415182 -0.488353 76 153 0
-0.472296 0.538693 -0.579003 153 0 76
0.600358 0.250619 -0.455360 76 153 0
-0.013851 0.565477 0.569996 153 0 76
0.443933 0.577191 -0.081597 153 0 76
0.600358 0.041349 0.195557 76 153 0
-0.440522 -0.616226 -0.607519 204 51 127
-0.004106 0.210928 0.111056 76 0 153
-0.187411 -0.654723 -0.324325 76 0 153
0.518697 -0.293412 -0.610588 0 0 255
0.196177 0.233062 0.611702 127 0 127
0.204665 0.577191 0.206878 153 0 76
0.047224 0.075538 -0.227165 76 0 153
-0.563656 -0.102085 0.410891 153 0 76
0.600358 -0.578773 0.471353 76 153 0
0.031748 -0.654723 0.146492 76 0 153
-0.365404 -0.616226 0.323820 76 0 153
0.090820 0.097204 0.573205 127 0 127
0.363552 0.538694 0.379453 153 0 76
0.060216 -0.401292 -0.572091 153 76 0
0.203534 -0.158001 0.611702 127 0 127
-0.303786 0.496123 -0.572091 153 76 0
-0.532446 -0.351087 -0.610588 153 0 76
-0.004978 0.517952 0.611702 127 0 127
-0.563656 -0.057043 -0.368543 153 0 76
0.200721 -0.529477 0.573205 127 0 127
-0.512326 0.488463 0.340121 153 0 76
0.208187 0.577191 0.008271 153 0 76
0.348205 -0.439388 -0.610588 0 0 255
0.147372 -0.419130 -0.572091 153 76 0
-0.535117 -0.322493 0.569996 153 0 76
0.113102 -0.455825 -0.559258 153 76 0
0.208467 0.573983 0.608684 127 0 127
-0.512326 -0.254763 -0.364446 153 0 76
0.600358 0.148888 0.350546 76 153 0
-0.381885 -0.654723 -0.019998 76 0 153
0.257536 -0.615755 -0.559258 76 0 153
-0.512326 0.432732 -0.115797 153 0 76
0.176977 0.577191 -0.037423 153 0 76
0.549028 0.191979 -0.582422 76 153 0
0.138674 -0.575775 -0.572091 153 76 0
0.563190 0.252043 -0.610588 76 153 0
0.483555 0.222687 -0.610588 0 0 255
-0.563656 -0.579303 -0.266012 153 0 76
0.360948 -0.089115 0.611702 127 0 127
0.600358 0.102452 0.593322 127 0 127
-0.110976 -0.654723 0.138496 76 0 153
-0.245324 0.577191 -0.143946 153 0 76
-0.457983 0.073265 -0.610588 204 51 127
-0.071824 -0.451034 0.611702 127 0 127
-0.004106 -0.536288 -0.187942 76 0 153
-0.563656 -0.643625 -0.151180 76 0 153
-0.548269 0.355604 0.611702 127 0 127
0.525210 0.538694 0.464519 153 0 76
-0.554100 -0.025230 0.611702 127 0 127
0.600358 -0.231861 -0.522897 76 153 0
-0.251170 0.538694 0.133072 153 0 76
-0.225425 -0.004315 0.611702 127 0 127
0.598750 -0.633689 0.569996 76 0 153
0.287151 -0.616226 0.124478 76 0 153
-0.484750 0.314856 -0.572091 204 51 127
0.491096 0.077335 0.611702 127 0 127
0.563626 0.577191 0.237162 153 0 76
-0.164420 -0.307341 -0.572091 153 76 0
0.561077 -0.558248 -0.610588 76 153 0
0.510673 0.577191 0.214808 153 0 76
-0.004106 0.182633 0.179832 76 0 153
0.549028 0.060562 0.236345 76 153 0
0.600358 0.450542 -0.331038 76 153 0
0.600358 -0.032153 0.242932 76 153 0
-0.512326 -0.016133 -0.401318 153 0 76
0.600358 0.216536 0.125132 76 153 0
0.185736 -0.503992 0.611702 127 0 127
0.462089 0.577191 0.170750 153 0 76
-0.038749 0.538694 -0.523421 153 0 76
0.600358 -0.086496 0.086408 76 153 0
-0.347100 0.538694 0.341888 153 0 76
0.527087 0.577191 -0.136284 153 0 76
-0.004106 -0.383763 -0.133015 76 0 153
0.532872 0.573983 0.603340 127 0 127
0.047224 -0.566694 -0.164264 76 0 153
-0.512326 0.246432 -0.297860 153 0 76
0.047224 -0.257998 -0.069309 76 0 153
0.151807 -0.654723 0.525559 76 0 153
-0.514853 -0.616226 -0.533280 76 0 153
0.600358 -0.509027 0.038694 76 153 0
-0.414327 0.577191 0.315936 153 0 76
-0.067274 -0.654723 -0.204170 76 0 153
-0.004106 0.451307 -0.453819 76 0 153
0.020629 0.538693 -0.265502 153 0 76
-0.094276 -0.616226 0.517864 76 0 153
0.360364 0.577191 -0.199405 153 0 76
0.047224 0.011175 0.080676 76 0 153
-0.512326 -0.028599 -0.327306 153 0 76
-0.512326 -0.010246 0.040534 153 0 76
0.600358 0.093238 0.136574 76 153 0
-0.051455 0.459951 0.674062 0 127 127
0.600358 -0.326705 0.454148 76 153 0
-0.206068 0.577191 0.022035 153 0 76
0.230181 -0.654723 0.501521 76 0 153
0.600358 -0.389108 0.527537 76 153 0
0.600358 0.325046 -0.407950 76 153 0
0.047224 -0.161013 -0.045165 76 0 153
0.047224 -0.369792 0.555889 76 0 153
-0.512326 0.208645 0.319292 153 0 76
0.051557 -0.072466 0.573205 127 0 127
0.217827 -0.654723 0.018888 76 0 153
-0.386673 0.270588 -0.572091 153 76 0
-0.004106 -0.406925 0.491726 76 0 153
0.597447 0.577191 -0.119731 153 0 76
0.443372 -0.616226 0.146747 76 0 153
0.549028 0.302393 0.006368 76 153 0
0.438813 -0.006915 -0.610588 0 0 255
-0.512326 -0.412533 0.441477 153 0 76
-0.367150 -0.654723 -0.152463 76 0 153
-0.493682 0.331490 0.573205 127 0 127
-0.174919 0.538694 -0.117745 153 0 76
-0.000892 -0.476130 0.573205 76 0 153
0.047224 -0.495363 -0.483512 76 0 153
-0.563656 0.374728 0.561690 127 0 127
0.549028 -0.453360 0.385301 76 153 0
0.142180 0.577191 0.247297 153 0 76
0.503686 0.359626 -0.610588 0 0 255
-0.512326 0.084924 0.229943 153 0 76
-0.563656 -0.102551 -0.471996 153 0 76
-0.234507 0.577191 0.082638 153 0 76
-0.004106 0.504360 0.375550 76 0 153
-0.512326 0.033772 -0.056527 153 0 76
-0.430969 -0.127494 -0.572091 153 76 0
-0.205208 -0.364479 0.611702 127 0 127
0.047224 0.136397 -0.123881 76 0 153
-0.004106 -0.374569 0.314946 76 0 153
-0.512326 0.029044 0.020471 153 0 76
0.533169 -0.367090 0.573205 76 153 0
-0.226548 -0.616226 0.322552 76 0 153
-0.218037 0.538694 0.160487 153 0 76
0.560754 -0.616226 0.293632 76 0 153
-0.363547 0.577191 0.263721 153 0 76
0.279973 -0.654723 -0.426364 76 0 153
-0.512326 -0.539169 0.079797 153 0 76
0.137495 -0.460751 0.573205 127 0 127
0.109830 -0.651515 0.577454 76 0 153
0.410291 0.306983 0.611702 127 0 127
-0.246531 0.290878 0.573205 127 0 127
0.182931 -0.616226 0.386269 76 0 153
-0.004106 -0.018451 -0.329717 76 0 153
0.034641 -0.654723 -0.372191 76 0 153
0.497385 -0.616226 -0.133917 76 0 153
0.568480 0.062775 -0.610588 76 153 0
-0.512326 -0.243405 -0.430204 153 0 76
-0.563656 0.265372 -0.276824 153 0 76
-0.100295 -0.445074 0.573205 127 0 127
-0.291649 -0.448585 0.611702 127 0 127
-0.494207 0.075607 0.611702 127 0 127
-0.004106 0.113921 -0.126972 76 0 153
-0.004106 0.473402 -0.385178 76 0 153
-0.105391 0.577191 0.354086 153 0 76
-0.349623 -0.122473 -0.559258 153 76 0
-0.292688 -0.369536 0.611702 127 0 127
0.276924 0.126137 -0.559258 153 76 0
0.549028 -0.479840 0.018701 76 153 0
0.535930 0.433440 0.611702 127 0 127
0.600358 -0.637445 -0.189117 76 0 153
0.047224 0.280763 -0.522209 76 0 153
-0.275251 0.538694 -0.081282 153 0 76
0.549028 0.263228 0.479328 76 153 0
0.600358 0.208034 -0.308300 76 153 0
-0.243124 -0.616226 0.460439 76 0 153
0.513720 -0.448901 0.573205 127 0 127
-0.563656 -0.131210 0.080200 153 0 76
-0.026570 -0.616226 0.047710 76 0 153
0.600358 0.539790 0.368712 153 0 76
0.547239 0.546603 0.569996 153 0 76
-0.038867 0.502224 0.573205 127 0 127
-0.292755 -0.620833 -0.610588 204 51 127
-0.337904 0.311541 -0.610588 204 51 127
-0.004106 -0.357065 0.037630 76 0 153
0.191646 0.577191 -0.438933 153 0 76
0.600358 0.381177 -0.571618 76 153 0
-0.208008 -0.654723 0.467593 76 0 153
0.047224 -0.510258 -0.333744 76 0 153
0.591053 -0.087056 -0.610588 76 153 0
0.047224 0.359977 0.385170 76 0 153
0.047224 0.391041 -0.389295 76 0 153
0.524863 0.324803 0.611702 127 0 127
0.407563 -0.238395 0.573205 127 0 127
0.549028 -0.328110 -0.332787 76 153 0
0.559859 -0.210700 -0.610588 76 153 0
-0.173600 0.046063 0.573205 127 0 127
0.305846 0.238800 0.611702 127 0 127
0.321402 0.577191 0.369971 153 0 76
0.600358 -0.292007 -0.289850 76 153 0
0.424940 -0.654723 -0.510979 76 0 153
-0.363824 -0.622517 0.611702 127 0 127
0.565228 0.538694 -0.126802 76 153 0
-0.184846 0.577191 -0.350700 153 0 76
0.097984 0.577191 -0.411338 153 0 76
0.512575 0.470332 0.573205 127 0 127
0.480811 -0.654723 0.400186 76 0 153
0.395840 0.538694 -0.127116 153 0 76
-0.512326 0.381553 -0.536851 153 0 76
0.132894 0.577191 -0.580339 153 0 76
-0.208058 0.000719 -0.572091 153 76 0
0.600358 0.038628 0.251599 76 153 0
0.047224 -0.567000 0.253112 76 0 153
0.011134 0.577191 0.408235 153 0 76
-0.563656 -0.053992 0.282805 153 0 76
0.600358 -0.149564 -0.587960 76 153 0
-0.004106 0.000637 0.189972 76 0 153
0.600358 -0.424572 0.444606 76 153 0
-0.438593 -0.136875 0.611702 127 0 127
-0.011381 -0.545365 0.573205 127 0 127
0.549028 -0.218194 -0.202461 76 153 0
-0.357545 0.577191 -0.157585 153 0 76
0.005500 -0.135780 0.611702 127 0 127
-0.563656 -0.272975 0.175579 153 0 76
-0.015573 -0.654723 -0.125234 76 0 153
0.387522 -0.654723 -0.021143 76 0 153
0.429999 -0.471409 0.573205 127 0 127
0.082190 -0.616226 0.027934 76 0 153
0.113522 0.280160 0.611702 127 0 127
0.188821 -0.570461 0.573205 127 0 127
0.047224 0.329637 -0.237391 76 0 153
0.549028 -0.477971 -0.250822 76 153 0
-0.512326 0.431740 0.529862 153 0 76
-0.512326 0.036370 -0.383718 153 0 76
-0.270811 0.577191 0.273229 153 0 76
0.047224 0.310006 0.103930 76 0 153
-0.034487 0.577191 0.092330 153 0 76
0.600358 0.197217 0.509979 76 153 0
0.372079 0.577191 0.349872 153 0 76
-0.299026 -0.006747 -0.572091 153 76 0
0.053124 -0.654723 0.458696 76 0 153
0.234217 -0.554997 0.611702 127 0 127
-0.512326 0.218562 -0.166066 153 0 76
0.016611 0.538694 0.061834 76 0 153
0.025292 -0.616226 -0.208325 76 0 153
-0.069852 0.577191 0.268282 153 0 76
-0.255677 0.323997 -0.596586 153 76 0
0.203344 -0.654723 0.093707 76 0 153
0.108817 0.577191 0.413359 153 0 76
-0.542710 0.331010 -0.610588 153 0 76
0.549028 -0.395094 -0.005762 76 153 0
0.600358 -0.215254 0.602810 127 0 127
-0.121297 0.538694 -0.537799 153 0 76
-0.144320 0.538694 0.279033 153 0 76
0.013337 0.109617 0.573205 127 0 127
0.040498 0.538693 0.235860 153 0 76
0.338840 -0.243978 -0.610588 0 0 255
-0.217918 -0.448954 0.573205 127 0 127
-0.185712 0.136715 0.573205 127 0 127
-0.040218 0.310053 0.611702 127 0 127
-0.165126 -0.616226 -0.123769 76 0 153
-0.359985 -0.616226 0.469769 76 0 153
0.169268 -0.022069 0.573205 127 0 127
0.457950 0.538694 -0.182463 153 0 76
0.345274 -0.350639 -0.559258 153 76 0
0.553600 -0.372312 -0.610588 0 0 255
-0.409601 -0.654723 0.298274 76 0 153
0.398093 0.360316 0.573205 127 0 127
0.240400 -0.654723 -0.604250 76 0 153
0.152568 -0.616226 0.242828 76 0 153
0.404464 -0.654723 0.388946 76 0 153
-0.465876 -0.654723 0.027835 76 0 153
-0.063753 0.326884 -0.572091 153 76 0
0.549028 0.395984 0.181779 76 153 0
0.219051 -0.654723 -0.153897 76 0 153
-0.563656 -0.553589 -0.227275 153 0 76
-0.004106 0.133047 -0.514270 76 0 153
0.047224 -0.335182 0.215661 76 0 153
0.237972 0.004051 0.573205 127 0 127
-0.193084 -0.530235 0.611702 127 0 127
-0.295053 0.577191 -0.065133 153 0 76
0.549028 -0.387897 -0.418188 76 153 0
0.037882 0.057211 -0.559258 76 0 153
-0.004106 0.459358 0.171339 76 0 153
-0.426873 -0.616226 0.144524 76 0 153
0.429309 -0.410271 0.573205 127 0 127
0.600358 -0.428929 -0.393819 76 153 0
-0.321363 0.047959 0.573205 127 0 127
-0.563656 0.256128 0.509059 153 0 76
0.252449 0.577191 0.147148 153 0 76
0.600358 0.280915 0.404204 76 153 0
0.600358 0.278226 -0.530487 76 153 0
0.047224 0.223936 0.295582 76 0 153
-0.048893 -0.263383 0.611702 127 0 127
-0.232285 -0.363959 0.573205 127 0 127
0.053898 0.577191 -0.438614 153 0 76
0.600358 -0.416266 0.016800 76 153 0
-0.081742 0.538694 -0.518355 153 0 76
-0.512326 -0.344231 0.058915 153 0 76
0.406828 -0.184549 -0.559258 0 0 255
-0.563656 -0.615479 0.220430 153 0 76
-0.563656 -0.002860 -0.521248 153 0 76
-0.502264 -0.654723 -0.610105 76 0 153
-0.512326 0.498984 -0.176913 153 0 76
0.203364 0.431891 -0.572091 153 76 0
0.504790 0.108057 -0.572091 0 0 255
0.600358 -0.237037 -0.425543 76 153 0
0.083162 -0.456246 0.611702 127 0 127
-0.563656 -0.285713 -0.165894 153 0 76
-0.004106 0.429586 0.259779 76 0 153
0.047224 0.534373 -0.190990 153 0 76
-0.004106 0.411849 0.360998 76 0 153
-0.036677 0.577191 -0.451527 153 0 76
-0.563656 -0.142333 -0.610329 153 0 76
-0.492364 -0.654723 0.295270 76 0 153
0.042489 0.231333 -0.559258 76 0 153
-0.315598 0.367314 -0.610588 204 51 127
0.347717 -0.159782 -0.572091 153 76 0
-0.004106 0.066826 0.327680 76 0 153
-0.346287 -0.616226 -0.532465 76 0 153
0.600358 0.093829 -0.116975 76 153 0
0.450143 0.355963 -0.572091 0 0 255
-0.174747 -0.654723 -0.546270 76 0 153
0.600358 0.337322 -0.463086 76 153 0
-0.247358 -0.632024 -0.610588 76 0 153
-0.437524 0.577191 -0.528996 153 0 76
-0.365527 0.538694 -0.392993 153 0 76
0.461563 -0.654723 -0.080634 76 0 153
0.463254 -0.654723 -0.156714 76 0 153
-0.451327 -0.654723 -0.553801 76 0 153
0.047224 0.326178 -0.321707 76 0 153
-0.346516 0.184073 0.611702 127 0 127
0.457260 -0.651515 0.585611 127 0 127
-0.127598 0.055720 0.611702 127 0 127
-0.292753 -0.371982 -0.572091 153 76 0
0.047224 0.440132 0.423148 76 0 153
-0.469697 -0.064499 -0.572091 153 76 0
0.283501 0.538694 -0.326327 153 0 76
-0.537846 -0.616226 -0.202226 76 0 153
0.257809 -0.616226 0.067929 76 0 153
0.041995 0.360003 0.611702 127 0 127
-0.512326 0.449447 -0.517428 153 0 76
-0.512326 0.207692 0.268997 153 0 76
-0.532092 -0.616226 -0.424767 153 0 76
0.047224 -0.168891 0.252060 76 0 153
-0.273282 0.577191 -0.512244 153 0 76
-0.511922 -0.654723 0.225033 76 0 153
0.092903 0.577191 -0.492654 153 0 76
0.180400 0.354771 0.573205 127 0 127
-0.512326 0.519733 0.367361 153 0 76
0.600358 -0.168161 0.172510 76 153 0
0.140570 -0.616226 0.561650 76 0 153
-0.456705 -0.469711 0.611702 127 0 127
-0.304037 0.538694 0.424824 153 0 76
-0.434987 0.538694 0.552538 153 0 76
0.310622 -0.616226 -0.450029 76 0 153
0.518081 -0.616226 -0.520996 76 0 153
0.047224 0.186513 -0.217429 76 0 153
0.472337 -0.616226 0.530724 76 0 153
-0.393157 -0.096321 -0.572091 153 76 0
-0.512326 0.328469 0.015737 153 0 76
0.313704 0.388289 0.573205 127 0 127
-0.512326 -0.435974 0.336066 153 0 76
-0.512326 0.144127 0.246305 153 0 76
-0.004106 -0.234126 0.258440 76 0 153
0.600358 -0.563189 0.232938 76 153 0
0.549028 -0.353530 0.023062 76 153 0
0.047224 -0.553295 -0.400520 76 0 153
-0.415382 -0.097590 0.573205 127 0 127
-0.089377 -0.139362 0.573205 127 0 127
0.474212 -0.334593 -0.610588 0 0 255
0.549028 -0.335774 0.183389 76 153 0
-0.406916 0.538694 -0.515076 153 0 76
-0.299149 0.438299 -0.572091 153 76 0
0.375742 0.577191 -0.483848 153 0 76
-0.401155 0.538694 0.514801 153 0 76
-0.509550 -0.654723 0.466297 76 0 153
-0.004106 0.148109 0.406308 76 0 153
0.013777 -0.616226 -0.405158 76 0 153
-0.260869 -0.117002 -0.572091 153 76 0
0.095143 -0.359174 0.611702 127 0 127
-0.549374 0.577191 -0.245275 153 0 76
-0.510803 -0.038220 -0.572091 153 76 0
0.195403 0.435612 0.573205 127 0 127
0.600358 0.339327 -0.212527 76 153 0
0.047224 0.066177 0.326703 76 0 153
0.047224 0.397519 -0.445395 76 0 153
-0.563656 -0.529529 0.478554 153 0 76
0.448678 0.533332 -0.572091 153 76 0
0.600358 -0.564027 -0.397710 76 153 0
-0.320717 0.538694 -0.020239 153 0 76
0.070146 0.538694 -0.340190 153 0 76
0.047224 -0.518438 0.125130 76 0 153
-0.512326 0.365883 -0.029746 153 0 76
0.507039 -0.616226 -0.413060 76 0 153
0.096822 -0.616226 0.542984 76 0 153
0.600358 -0.598730 -0.063069 76 153 0
-0.177876 0.577191 0.567446 153 0 76
-0.089127 -0.654723 -0.081934 76 0 153
-0.424659 0.490337 -0.559258 153 76 0
0.600358 0.110877 0.265303 76 153 0
-0.255677 -0.162429 -0.604173 204 51 127
-0.330666 -0.567200 0.573205 127 0 127
-0.512326 0.100865 0.402473 153 0 76
0.511406 -0.008398 0.573205 127 0 127
-0.418010 0.538694 0.246486 153 0 76
-0.512326 0.464812 0.454434 153 0 76
0.445596 0.577191 -0.355774 153 0 76
-0.260021 0.366862 -0.572091 153 76 0
0.549028 -0.128546 -0.379205 76 153 0
-0.004106 -0.219921 0.449636 76 0 153
-0.563656 -0.246257 -0.474613 153 0 76
0.047224 0.524089 0.133604 153 0 76
-0.563656 -0.639757 0.431831 76 0 153
-0.512326 -0.278160 -0.226945 153 0 76
-0.255677 0.009229 -0.601540 204 51 127
0.549028 -0.206963 0.119852 76 153 0
-0.563656 0.536248 -0.014666 153 0 76
0.288251 -0.446210 0.611702 127 0 127
0.600358 0.227609 -0.546582 76 153 0
-0.465413 0.468027 -0.610588 204 51 127
-0.512326 0.020699 0.465751 153 0 76
0.340813 -0.589444 0.611702 127 0 127
-0.512326 -0.147381 -0.266121 153 0 76
0.172961 0.241675 -0.572091 153 76 0
-0.275346 -0.554473 -0.572091 153 76 0
0.549028 -0.086326 -0.038789 76 153 0
-0.004106 -0.114223 -0.172525 76 0 153
0.047224 0.386918 -0.109636 76 0 153
-0.563656 -0.464754 -0.568832 153 0 76
-0.188532 -0.654723 -0.080557 76 0 153
0.047224 0.215982 -0.120483 76 0 153
0.453694 -0.616226 -0.004709 76 0 153
0.047224 -0.191661 0.288905 76 0 153
0.126888 0.020523 0.573205 127 0 127
0.047224 -0.476878 0.396572 76 0 153
-0.137887 -0.616226 0.328284 76 0 153
0.600358 -0.065952 -0.017151 76 153 0
0.491160 -0.244627 -0.610588 0 0 255
0.600358 0.198865 -0.358854 76 153 0
-0.273725 -0.654723 -0.457538 76 0 153
-0.308218 0.303181 -0.572091 153 76 0
0.047224 0.364563 -0.516331 76 0 153
0.361895 -0.387290 -0.610588 0 0 255
-0.482928 0.538694 0.500933 153 0 76
-0.420600 -0.100030 -0.610588 204 51 127
0.183263 0.403295 0.611702 127 0 127
0.273743 -0.616226 0.491741 76 0 153
-0.489338 0.192392 0.611702 127 0 127
0.047224 0.015888 0.354140 76 0 153
-0.109694 0.577191 0.050414 153 0 76
-0.563656 -0.295328 0.481422 153 0 76
0.549909 -0.616226 0.526718 76 153 0
-0.146093 -0.616226 0.409601 76 0 153
0.600358 -0.001026 -0.277173 76 153 0
-0.050320 -0.654723 -0.393210 76 0 153
-0.201858 0.500645 0.573205 127 0 127
0.549028 -0.442383 -0.178376 76 153 0
-0.542961 -0.616226 0.381732 76 0 153
0.600358 -0.491425 0.122943 76 153 0
0.251999 -0.616226 0.260989 76 0 153
0.235783 -0.616226 -0.395960 76 0 153
-0.563656 -0.411773 0.151935 153 0 76
0.095068 -0.654723 -0.169560 76 0 153
-0.004106 -0.496524 0.272546 76 0 153
-0.521431 -0.616226 -0.303540 153 0 76
0.047224 -0.079122 0.245632 76 0 153
0.179758 0.577191 0.312277 153 0 76
-0.148379 -0.654723 -0.373049 76 0 153
0.300942 -0.096703 -0.572091 153 76 0
-0.391961 0.178948 -0.572091 204 51 127
0.189497 0.577191 -0.342607 153 0 76
0.549028 0.316739 -0.358594 76 153 0
0.549028 -0.107472 0.254688 76 153 0
0.401177 0.577191 0.058314 153 0 76
0.566889 0.538694 0.156932 153 0 76
-0.512326 -0.479681 -0.442970 153 0 76
-0.431246 -0.571392 0.573205 127 0 127
-0.563656 0.166934 0.069138 153 0 76
0.071402 -0.616226 -0.066240 76 0 153
0.492710 0.577191 -0.503728 153 0 76
-0.553182 0.538694 -0.182985 153 0 76
-0.394541 -0.616226 0.008612 76 0 153
0.366000 -0.654723 -0.087002 76 0 153
-0.563656 -0.554569 -0.378617 153 0 76
-0.563656 -0.543379 -0.564714 153 0 76
-0.563656 0.398235 0.272736 153 0 76
-0.417666 0.118250 -0.572091 153 76 0
0.278205 0.562891 0.611702 127 0 127
-0.297134 -0.616226 -0.002839 76 0 153
-0.420261 -0.423109 0.611702 127 0 127
-0.563656 -0.069823 -0.223297 153 0 76
0.549028 -0.467403 0.536230 76 153 0
-0.066373 0.050866 -0.572091 153 76 0
-0.004106 0.440715 0.125297 76 0 153
-0.206703 -0.654723 -0.157717 76 0 153
-0.512326 -0.298601 0.051215 153 0 76
-0.452167 -0.654723 -0.371887 76 0 153
0.261595 -0.444029 0.573205 127 0 127
-0.247746 -0.654723 -0.490029 76 0 153
0.111904 -0.654723 0.123673 76 0 153
0.530919 -0.654723 0.054903 76 0 153
0.290539 0.577191 -0.111877 153 0 76
0.600358 -0.180819 -0.106229 76 153 0
-0.547729 -0.273985 -0.610588 153 0 76
0.079147 0.538694 0.250742 76 0 153
0.417429 -0.616226 -0.334065 76 0 153
0.334419 -0.288702 -0.610588 0 0 255
0.425546 0.538694 0.060978 153 0 76
0.482767 -0.201302 -0.572091 0 0 255
0.047224 -0.056099 0.420646 76 0 153
0.290375 -0.528879 0.573205 127 0 127
0.264086 0.577191 -0.477299 153 0 76
-0.512326 0.093035 0.455137 153 0 76
0.459468 -0.468774 0.611702 127 0 127
0.600358 -0.278819 0.210082 76 153 0
0.135401 -0.616226 -0.298587 76 0 153
-0.004602 0.193104 0.611702 127 0 127
-0.512326 -0.192928 0.372564 153 0 76
-0.008237 0.577191 0.208729 153 0 76
-0.399024 -0.616226 -0.349621 76 0 153
0.600358 -0.424385 -0.489573 76 153 0
0.600358 -0.195832 0.036065 76 153 0
0.549028 0.412298 0.424537 76 153 0
0.569146 0.538693 -0.313304 76 153 0
0.600358 -0.096728 -0.537027 76 153 0
0.189918 -0.283984 -0.559258 153 76 0
-0.512326 -0.408896 -0.428749 153 0 76
-0.004106 -0.515938 -0.520926 76 0 153
-0.419344 0.577191 0.079941 153 0 76
0.151932 0.538694 -0.022091 153 0 76
0.329342 0.238582 0.573205 127 0 127
0.367362 -0.654723 -0.457886 76 0 153
-0.219806 0.127546 0.611702 127 0 127
0.549028 0.377326 -0.119952 76 153 0
-0.557239 0.023335 0.598522 127 0 127
-0.295871 -0.654723 -0.195500 76 0 153
-0.250262 0.538817 0.569996 153 0 76
0.047224 0.485716 0.226319 76 0 153
-0.040729 -0.184750 0.573205 127 0 127
-0.534298 -0.616226 0.167129 153 0 76
-0.481508 -0.613300 -0.572091 76 0 153
0.206446 -0.616226 0.227642 76 0 153
0.093197 -0.654723 -0.103662 76 0 153
-0.123593 -0.654723 -0.579929 76 0 153
0.047224 0.364390 0.443088 76 0 153
-0.047916 0.577191 -0.595016 153 0 76
0.600358 0.023658 0.071639 76 153 0
-0.395144 -0.179051 0.573205 127 0 127
0.335817 0.577191 0.241480 153 0 76
-0.118056 -0.346415 0.611702 127 0 127
-0.369535 0.325734 -0.559258 204 51 127
0.600358 -0.586259 -0.328315 76 153 0
-0.193479 0.538694 0.449169 153 0 76
0.158858 0.209583 0.611702 127 0 127
-0.472354 -0.616226 0.171230 76 0 153
0.047224 0.193830 0.152707 76 0 153
0.047224 0.226724 -0.289962 76 0 153
0.549028 -0.117460 0.085954 76 153 0
0.374627 -0.263265 0.573205 127 0 127
-0.303159 -0.654723 -0.343331 76 0 153
-0.512326 0.402792 0.244104 153 0 76
-0.169896 0.303729 0.573205 127 0 127
-0.004106 0.237160 0.273738 76 0 153
-0.247951 0.577191 -0.266718 153 0 76
0.600358 0.005211 0.606348 127 0 127
0.428414 0.310238 -0.610588 0 0 255
-0.047268 -0.616226 0.545222 76 0 153
0.305402 0.577191 -0.265729 153 0 76
-0.289043 -0.616226 -0.225160 76 0 153
-0.512326 0.281832 0.137283 153 0 76
0.462895 0.183525 0.573205 127 0 127
0.209102 -0.014637 0.611702 127 0 127
-0.529528 -0.616226 -0.015525 76 0 153
-0.512326 0.454456 -0.376009 153 0 76
-0.255677 -0.203496 -0.578627 204 51 127
-0.512326 0.001740 0.210317 153 0 76
-0.078394 0.538694 -0.378631 153 0 76
-0.004106 -0.527382 -0.441371 76 0 153
-0.288495 0.149580 0.573205 127 0 127
-0.283202 0.236759 -0.572091 153 76 0
0.555895 0.577191 -0.204997 153 0 76
0.446503 -0.519509 -0.572091 153 76 0
-0.163716 -0.503476 0.573205 127 0 127
0.355651 0.329969 0.611702 127 0 127
-0.489432 -0.654723 -0.258519 76 0 153
-0.176326 0.577191 0.280253 153 0 76
-0.338439 0.398160 0.573205 127 0 127
0.298474 -0.651515 0.576507 76 0 153
0.549028 0.101710 -0.534058 76 153 0
-0.230920 -0.616226 0.280801 76 0 153
0.075429 -0.616226 0.232520 76 0 153
-0.512326 -0.384060 -0.594813 204 51 127
-0.524248 -0.654723 -0.078977 76 0 153
-0.004106 -0.542443 0.518624 76 0 153
0.047224 0.441745 0.077263 76 0 153
-0.004106 0.147571 0.308815 76 0 153
-0.016001 -0.654723 -0.025377 76 0 153
0.522594 -0.330974 0.611702 127 0 127
-0.067470 -0.547234 -0.572091 153 76 0
0.114931 0.577191 0.161870 153 0 76
-0.512326 0.078874 -0.049223 153 0 76
-0.004106 0.506029 0.528159 76 0 153
0.600358 0.503256 -0.365074 76 153 0
-0.512326 -0.483956 -0.523006 153 0 76
-0.386379 0.518418 -0.610588 204 51 127
-0.004106 0.289578 -0.173408 76 0 153
-0.025574 0.577191 -0.305821 153 0 76
0.047224 -0.420269 0.337662 76 0 153
-0.157947 0.132048 -0.559258 153 76 0
0.555715 -0.654723 -0.408706 76 0 153
-0.386159 0.195360 0.573205 127 0 127
0.368339 0.073581 -0.572091 0 0 255
-0.189069 -0.115695 0.573205 127 0 127
0.570192 0.538694 0.334180 76 153 0
0.218195 0.577191 -0.053453 153 0 76
0.047224 -0.061729 -0.436523 76 0 153
0.189061 0.538694 0.568657 127 0 127
-0.004106 0.397059 0.452927 76 0 153
0.584087 -0.654723 0.241982 76 0 153
-0.347004 0.538694 0.170553 153 0 76
0.600358 -0.341554 0.594480 127 0 127
-0.204363 0.577191 0.190344 153 0 76
0.047224 -0.020738 -0.483494 76 0 153
-0.255677 0.116771 -0.599601 204 51 127
0.047224 -0.199280 -0.309045 76 0 153
0.484065 -0.106850 0.573205 127 0 127
0.047224 -0.095570 0.395098 76 0 153
-0.512326 -0.504743 -0.150923 153 0 76
0.545456 0.577191 0.421886 153 0 76
-0.563656 -0.546936 0.348229 153 0 76
-0.365091 -0.654723 0.032012 76 0 153
0.549028 0.155625 0.250418 76 153 0
-0.563656 -0.466312 -0.090643 153 0 76
0.549028 -0.037764 -0.064197 76 153 0
0.047224 0.122567 0.017562 76 0 153
0.092250 0.577191 0.500762 153 0 76
-0.122283 -0.654723 0.237529 76 0 153
-0.202342 0.462992 0.611702 127 0 127
0.549028 0.211238 0.421789 76 153 0
-0.094024 0.103330 0.573205 127 0 127
0.505608 0.577191 0.310536 153 0 76
-0.157010 0.538694 0.079442 153 0 76
0.164746 -0.654723 0.270957 76 0 153
0.600358 0.573888 -0.425210 153 0 76
-0.004106 0.317823 -0.280366 76 0 153
-0.563656 -0.590032 -0.410950 153 0 76
-0.130914 -0.231857 -0.559258 153 76 0
-0.293732 -0.654723 0.270533 76 0 153
-0.512326 -0.080634 -0.313191 153 0 76
0.047224 -0.293910 -0.397293 76 0 153
-0.147592 0.577191 -0.022441 153 0 76
0.130042 0.538694 -0.264943 153 0 76
-0.473831 0.577191 0.020630 153 0 76
-0.230783 -0.616226 -0.435249 76 0 153
-0.549105 0.563352 0.611702 127 0 127
-0.004106 0.181572 0.444299 76 0 153
0.565576 -0.066640 0.611702 127 0 127
-0.409108 0.577191 -0.087215 153 0 76
-0.512326 -0.388087 -0.098413 153 0 76
0.600358 -0.389489 0.389713 76 153 0
0.424561 -0.654723 0.352838 76 0 153
-0.004106 -0.303873 0.297718 76 0 153
-0.004106 -0.077682 0.416288 76 0 153
-0.465281 0.538694 -0.220048 153 0 76
-0.353189 0.577191 0.557979 153 0 76
0.600358 -0.423984 0.260157 76 153 0
0.063828 -0.616226 -0.107188 76 0 153
0.509762 0.167525 -0.572091 153 76 0
0.415710 0.469249 0.611702 127 0 127
-0.512326 -0.476282 0.270641 153 0 76
0.164945 0.577191 0.460133 153 0 76
0.515323 0.538694 0.366078 153 0 76
-0.004106 -0.552954 0.472109 76 0 153
-0.369405 -0.527011 -0.572091 153 76 0
0.595457 0.577191 -0.571965 153 0 76
0.600358 -0.308361 0.108679 76 153 0
0.424872 0.010716 -0.572091 0 0 255
0.418671 0.538694 0.459101 153 0 76
-0.244675 -0.654723 -0.565289 76 0 153
-0.550758 0.538693 -0.437848 153 0 76
-0.160367 0.538694 0.405302 153 0 76
-0.489796 -0.217273 -0.610588 204 51 127
-0.558927 -0.578103 0.569996 127 0 127
0.403298 -0.654723 0.508459 76 0 153
-0.512326 0.407191 -0.311206 153 0 76
-0.242448 0.313654 0.611702 127 0 127
-0.324881 -0.616226 -0.312818 76 0 153
-0.403905 0.047859 -0.572091 153 76 0
0.549028 -0.160206 -0.451828 76 153 0
0.487049 -0.654723 0.124972 76 0 153
-0.533729 -0.616226 -0.345794 76 0 153
-0.299856 -0.486775 -0.559258 153 76 0
0.047224 0.173406 -0.061640 76 0 153
0.047224 0.492981 0.490520 76 0 153
-0.394239 0.026951 -0.610588 204 51 127
-0.473241 -0.654723 -0.328895 76 0 153
0.183614 0.296279 -0.559258 153 76 0
-0.563656 -0.203700 -0.417717 153 0 76
-0.371666 -0.238889 -0.572091 153 76 0
-0.471889 -0.583110 0.573205 127 0 127
0.164720 0.577191 -0.122427 153 0 76
0.195567 -0.273443 0.573205 127 0 127
0.174138 -0.197272 0.573205 127 0 127
0.047224 -0.087118 -0.298539 76 0 153
-0.512326 -0.322727 0.425424 153 0 76
0.549028 0.285192 -0.506615 76 153 0
-0.216568 -0.654723 0.091002 76 0 153
-0.537285 -0.616226 0.295052 76 0 153
0.600358 0.488625 -0.431031 76 153 0
0.027597 0.463068 0.573205 127 0 127
-0.121945 -0.408278 0.611702 127 0 127
-0.563656 0.455413 0.554353 127 0 127
-0.201222 -0.615046 0.611702 127 0 127
0.047224 0.238703 0.454088 76 0 153
-0.283730 0.079573 0.611702 127 0 127
0.600358 0.295735 0.366915 76 153 0
0.600358 0.253901 -0.177629 76 153 0
0.217340 -0.616226 -0.566124 76 0 153
0.138111 -0.654723 -0.447951 76 0 153
-0.152932 0.442860 0.573205 127 0 127
-0.209532 0.577191 0.120256 153 0 76
-0.069491 -0.092065 -0.572091 153 76 0
-0.306383 0.228421 0.573205 127 0 127
0.384037 0.373740 -0.572091 153 76 0
0.553646 -0.654723 -0.281208 76 0 153
-0.493275 -0.616226 -0.208658 76 0 153
0.549028 0.194990 0.320591 76 153 0
0.540882 -0.654723 -0.500866 76 0 153
0.491277 0.198397 0.611702 127 0 127
-0.494993 0.490192 0.611702 127 0 127
-0.044000 -0.028949 0.573205 127 0 127
-0.004106 0.002071 -0.479164 76 0 153
-0.563656 -0.035762 0.079458 153 0 76
-0.378614 -0.010604 -0.572091 204 51 127
0.047224 0.122032 0.250133 76 0 153
-0.318232 0.538694 0.045641 153 0 76
-0.512326 -0.501314 0.199725 153 0 76
0.047224 0.124194 0.485657 76 0 153
0.381777 -0.616226 -0.478155 76 0 153
-0.512326 -0.378172 0.417967 153 0 76
-0.563656 0.120352 0.126697 153 0 76
-0.563656 0.089208 -0.238845 153 0 76
-0.015069 -0.237069 0.611702 127 0 127
0.248399 0.288606 -0.572091 153 76 0
-0.420709 -0.654723 0.348648 76 0 153
0.600358 0.135310 -0.551728 76 153 0
-0.307255 -0.319670 0.573205 127 0 127
0.116378 0.538694 0.335196 153 0 76
0.380070 0.577191 -0.303001 153 0 76
-0.106391 0.538694 0.457613 153 0 76
-0.180807 -0.654723 0.240873 76 0 153
0.382669 0.538694 -0.165444 153 0 76
0.047224 0.243739 -0.018862 76 0 153
0.488754 -0.057523 -0.610588 0 0 255
0.168010 0.538694 -0.382282 153 0 76
0.570006 0.577191 -0.454319 153 0 76
0.600358 0.056340 -0.352603 76 153 0
-0.503656 -0.654723 0.514409 76 0 153
-0.004106 -0.467460 -0.145945 76 0 153
0.318905 0.020673 0.573205 127 0 127
0.549028 0.316502 0.208173 76 153 0
-0.509188 -0.576063 0.611702 127 0 127
0.047224 0.035282 -0.231965 76 0 153
-0.004106 0.343742 0.186652 76 0 153
0.210608 0.577191 0.518784 153 0 76
0.538898 0.577191 0.022458 153 0 76
-0.523280 0.577191 0.260003 153 0 76
-0.415872 0.145311 0.573205 127 0 127
-0.350876 0.083353 -0.572091 153 76 0
0.203747 -0.470651 0.573205 127 0 127
0.047269 0.577191 -0.284952 153 0 76
0.549028 -0.356310 -0.471468 76 153 0
0.549028 -0.230688 -0.535257 76 153 0
-0.144771 -0.616226 -0.335485 76 0 153
-0.298620 0.408981 0.611702 127 0 127
0.047224 -0.206050 -0.103276 76 0 153
0.549028 -0.418244 0.071858 76 153 0
0.421307 0.577191 -0.571066 153 0 76
0.514467 -0.077223 0.573205 127 0 127
-0.184935 -0.654723 -0.404000 76 0 153
-0.019081 0.577191 0.483697 153 0 76
-0.158307 0.577191 -0.531080 153 0 76
-0.506420 -0.249977 -0.559258 153 76 0
-0.278288 -0.186875 0.573205 127 0 127
-0.001861 -0.110915 0.573205 127 0 127
-0.527294 0.577191 0.017290 153 0 76
0.600358 -0.531737 -0.086795 76 153 0
-0.004106 0.169086 0.005283 76 0 153
-0.203000 0.538694 -0.565419 153 76 0
-0.004106 -0.234214 0.391951 76 0 153
0.089740 0.577191 -0.307069 153 0 76
0.072105 0.079335 0.611702 127 0 127
-0.078584 -0.616226 0.185444 76 0 153
-0.004106 0.383362 -0.096032 76 0 153
0.047224 -0.061022 0.171986 76 0 153
0.268440 -0.654723 -0.029491 76 0 153
-0.512326 -0.613048 0.548820 76 0 153
0.600358 0.105231 0.306046 76 153 0
-0.061595 0.577191 0.454493 153 0 76
0.447668 0.577191 0.560863 127 0 127
0.462864 0.025729 0.573205 127 0 127
-0.512326 -0.193748 0.206062 153 0 76
-0.163085 0.538694 0.520897 153 0 76
-0.520764 0.577191 -0.574357 153 0 76
-0.486053 -0.428592 0.573205 127 0 127
0.581580 -0.654723 0.045813 76 0 153
-0.512326 -0.147686 -0.343401 153 0 76
0.234420 0.378147 0.573205 127 0 127
-0.004106 0.183314 0.242257 76 0 153
-0.070144 -0.616226 -0.044695 76 0 153
-0.512326 0.251644 -0.463575 153 0 76
0.600358 0.520849 -0.501796 76 153 0
0.434926 0.440297 -0.572091 153 76 0
-0.512326 0.159117 0.501699 153 0 76
0.549028 0.001212 0.451025 76 153 0
0.549028 -0.502648 0.169174 76 153 0
-0.563656 0.232068 -0.567633 153 0 76
-0.315417 -0.654723 0.171564 76 0 153
0.600358 -0.450859 -0.261999 76 153 0
0.047224 -0.259983 0.238181 76 0 153
0.600358 -0.506933 0.269231 76 153 0
0.143641 0.538694 0.220569 153 0 76
-0.563656 0.277615 -0.361633 153 0 76
0.385796 -0.180958 0.611702 127 0 127
-0.200543 -0.537591 -0.572091 153 76 0
0.322674 0.376309 -0.610588 0 0 255
-0.154059 0.577191 -0.206220 153 0 76
-0.456807 -0.616226 0.379049 76 0 153
-0.442798 0.430399 -0.559258 153 76 0
-0.250784 -0.616226 0.107752 76 0 153
-0.470564 0.123753 0.611702 127 0 127
0.549028 0.046139 0.090274 76 153 0
0.124451 0.577191 0.075523 153 0 76
-0.512326 0.158434 -0.365297 153 0 76
-0.563656 0.101899 0.052461 153 0 76
0.600358 -0.262684 0.400884 76 153 0
-0.107622 -0.616226 -0.063209 76 0 153
-0.126767 0.136623 0.611702 127 0 127
-0.293915 -0.414940 0.573205 127 0 127
-0.563656 0.271261 -0.557355 153 0 76
-0.107892 -0.377556 -0.572091 153 76 0
-0.079818 -0.616226 0.362614 76 0 153
0.376293 -0.654723 0.274127 76 0 153
0.497760 -0.341518 0.573205 127 0 127
-0.563656 0.449459 -0.505816 153 0 76
0.290521 0.577191 0.345064 153 0 76
0.549028 -0.535233 0.422153 76 153 0
0.347677 -0.212435 0.611702 127 0 127
0.412076 0.577191 0.500385 153 0 76
-0.563656 0.392681 0.512018 153 0 76
0.440376 -0.072417 -0.559258 153 76 0
0.549028 -0.033322 -0.300246 76 153 0
0.003777 0.577191 -0.550347 153 0 76
0.216347 -0.616226 -0.048006 76 0 153
0.228843 -0.506558 0.611702 127 0 127
0.549028 -0.577831 -0.050274 76 153 0
-0.004106 0.488904 -0.002331 76 0 153
-0.226666 -0.404453 0.611702 127 0 127
-0.166721 -0.192659 0.573205 127 0 127
-0.437871 -0.654723 -0.110831 76 0 153
-0.342178 -0.654723 0.103195 76 0 153
-0.133571 -0.654723 0.519589 76 0 153
0.044627 0.577191 0.006423 153 0 76
0.047224 -0.454976 0.478273 76 0 153
0.345495 -0.419949 -0.559258 153 76 0
-0.563656 -0.459561 0.448786 153 0 76
0.064463 -0.616226 0.071831 76 0 153
-0.004106 0.212712 -0.486399 76 0 153
0.150658 0.577191 0.342546 153 0 76
-0.349697 -0.654723 -0.327666 76 0 153
0.124476 -0.389762 0.573205 127 0 127
0.435597 0.090359 0.573205 127 0 127
-0.222938 -0.616226 -0.131994 76 0 153
0.292379 -0.147147 -0.600402 0 0 255
0.047224 -0.464776 0.185376 76 0 153
-0.004106 -0.438305 -0.088761 76 0 153
-0.512326 -0.169936 0.525678 153 0 76
0.208453 -0.616226 -0.333567 76 0 153
-0.084236 0.538694 0.539666 153 0 76
0.243098 0.538694 -0.373378 153 0 76
0.042124 0.577191 -0.055298 153 0 76
-0.512326 0.359915 0.432244 153 0 76
-0.563656 0.320614 0.466883 153 0 76
-0.279814 0.577191 0.409799 153 0 76
0.202414 -0.208666 0.611702 127 0 127
0.076209 0.577191 0.225971 153 0 76
-0.512326 0.132850 0.099363 153 0 76
-0.563656 -0.394357 0.018004 153 0 76
-0.004106 -0.486846 -0.307873 76 0 153
-0.004106 -0.292390 -0.246668 76 0 153
-0.316802 -0.616226 0.135216 76 0 153
-0.004106 -0.422129 -0.011984 76 0 153
-0.512326 -0.040619 0.411045 153 0 76
-0.466424 0.326919 0.611702 127 0 127
-0.532025 0.538694 0.086328 153 0 76
-0.192568 -0.248543 -0.559258 153 76 0
-0.024598 0.430464 0.573205 127 0 127
0.418941 -0.654723 -0.608714 76 0 153
0.549028 0.031313 -0.107059 76 153 0
-0.440505 -0.020112 0.573205 127 0 127
-0.365583 -0.308945 0.611702 127 0 127
0.600358 -0.419369 -0.112689 76 153 0
-0.444347 0.538694 -0.305769 153 0 76
-0.563656 -0.459601 0.224399 153 0 76
0.390620 0.538693 -0.580442 153 76 0
0.569392 0.577191 0.505171 153 0 76
0.600358 0.114618 0.387641 76 153 0
-0.004106 0.498252 -0.282181 76 0 153
0.462335 0.298860 0.573205 127 0 127
0.354286 -0.654723 -0.528301 76 0 153
-0.256120 0.538694 -0.498036 153 0 76
-0.512326 0.375611 -0.184850 153 0 76
-0.437227 0.178576 0.573205 127 0 127
0.047224 0.244981 0.501765 76 0 153
-0.004106 0.408989 -0.153589 76 0 153
0.294030 -0.654723 0.060346 76 0 153
-0.145636 0.056349 -0.572091 153 76 0
0.461801 -0.616226 0.300117 76 0 153
-0.061022 -0.616226 0.298915 76 0 153
-0.351614 -0.418028 -0.572091 204 51 127
0.390468 -0.325107 -0.610588 0 0 255
-0.563656 -0.354676 0.261436 153 0 76
-0.249453 -0.654723 -0.271353 76 0 153
0.600358 -0.381909 -0.321435 76 153 0
-0.358939 0.486378 0.573205 127 0 127
0.549028 -0.253404 -0.276004 76 153 0
0.047224 0.433703 -0.311016 76 0 153
0.338370 0.439051 0.611702 127 0 127
0.461100 0.536858 0.611702 127 0 127
-0.255677 -0.458117 -0.608993 204 51 127
0.066408 -0.616226 0.295369 76 0 153
0.427075 0.408792 -0.610588 0 0 255
0.114646 -0.060526 -0.559258 153 76 0
-0.304318 0.577191 -0.205410 153 0 76
-0.418990 -0.616226 -0.396914 76 0 153
0.600358 -0.503121 -0.455424 76 153 0
0.573322 -0.358558 0.569996 127 0 127
-0.068020 0.291131 0.573205 127 0 127
-0.455250 0.577191 0.215726 153 0 76
-0.563656 -0.082744 0.217426 153 0 76
0.358338 0.227747 -0.610588 0 0 255
-0.524820 -0.175099 0.611702 127 0 127
-0.004106 0.384367 -0.283728 76 0 153
0.047224 -0.420689 -0.346802 76 0 153
-0.211059 0.538694 -0.048647 153 0 76
0.201559 0.577191 -0.588663 153 0 76
0.600358 -0.231990 -0.185078 76 153 0
0.600358 -0.537728 -0.487366 76 153 0
0.422461 -0.196431 0.573205 127 0 127
-0.563656 0.133518 0.507486 153 0 76
0.535309 -0.237068 -0.572091 153 76 0
0.045706 0.538694 -0.107184 76 0 153
-0.016867 0.577191 -0.110016 153 0 76
0.549028 -0.575346 -0.266609 76 153 0
-0.288117 0.095554 -0.610588 204 51 127
0.047224 0.337485 -0.176487 76 0 153
-0.547158 0.538694 0.194218 153 0 76
0.047224 -0.168809 0.498155 76 0 153
0.227968 0.538694 0.438948 153 0 76
0.600358 -0.005818 -0.070109 76 153 0
0.333429 -0.475588 0.573205 127 0 127
-0.375070 0.577191 -0.255154 153 0 76
-0.512326 -0.442652 -0.261579 153 0 76
0.313311 0.538694 -0.148883 153 0 76
0.144040 0.538694 -0.415031 153 0 76
0.296996 -0.616226 -0.211436 76 0 153
-0.238902 -0.654723 -0.026198 76 0 153
0.047224 0.412546 -0.540653 76 0 153
-0.467778 -0.654723 -0.181594 76 0 153
-0.563656 0.060742 -0.580486 153 0 76
-0.517262 -0.462800 -0.610588 153 0 76
0.339409 0.577191 -0.511753 153 0 76
-0.563656 -0.471854 -0.233930 153 0 76
-0.368924 0.538694 0.376156 153 0 76
-0.466834 -0.654723 0.460661 76 0 153
-0.493303 -0.616226 0.264263 76 0 153
-0.512326 0.138102 0.566283 153 0 76
0.243622 0.538694 -0.098474 153 0 76
-0.077481 0.538694 -0.114171 153 0 76
0.129828 0.538694 0.484741 153 0 76
-0.004106 -0.574036 -0.044391 76 0 153
0.600358 0.413088 -0.216558 76 153 0
-0.440224 0.568278 0.611702 127 0 127
0.128954 0.443478 0.573205 127 0 127
-0.363961 -0.616226 0.262144 76 0 153
-0.004106 -0.507868 0.208579 76 0 153
0.247325 -0.313958 0.573205 127 0 127
-0.475432 -0.616226 0.516516 76 0 153
0.047224 0.153578 -0.310357 76 0 153
-0.512326 0.163000 0.010798 153 0 76
-0.250281 0.577191 0.034871 153 0 76
-0.523126 -0.654723 -0.218768 76 0 153
0.364218 0.577191 -0.443627 153 0 76
0.579962 0.538694 -0.027169 153 0 76
-0.141574 0.538694 -0.443435 153 0 76
-0.378799 -0.139625 0.611702 127 0 127
-0.477128 -0.654723 -0.140836 76 0 153
0.028467 0.538693 0.511673 153 0 76
-0.134330 -0.593321 -0.559258 76 0 153
0.598147 -0.654723 -0.554825 76 0 153
0.288296 0.039660 0.611702 127 0 127
0.559234 -0.616226 0.221226 76 153 0
0.232632 -0.616226 0.388965 76 0 153
-0.512326 0.181365 0.419069 153 0 76
-0.270608 -0.616226 -0.497404 76 0 153
0.047224 -0.537512 0.174955 76 0 153
-0.411784 -0.043005 0.611702 127 0 127
-0.512326 0.018583 -0.124987 153 0 76
-0.478172 -0.616226 0.421892 76 0 153
0.011740 0.128636 -0.559258 153 76 0
0.290142 0.538694 0.050656 153 0 76
-0.083684 0.538694 0.054286 153 0 76
-0.512326 -0.075455 0.308649 153 0 76
0.586542 -0.616226 -0.400560 76 0 153
-0.563656 -0.443331 -0.406849 153 0 76
0.600358 0.083266 -0.508135 76 153 0
-0.563656 -0.307886 -0.454887 153 0 76
-0.512326 -0.190802 -0.485804 153 0 76
0.549028 0.146631 -0.024087 76 153 0
0.139733 0.479841 0.611702 127 0 127
-0.438195 -0.345653 0.611702 127 0 127
0.143265 -0.654723 -0.548661 76 0 153
-0.512326 0.099729 -0.098733 153 0 76
-0.563656 -0.150127 0.490855 153 0 76
0.473739 -0.616226 0.352323 76 0 153
-0.004106 -0.467574 0.243048 76 0 153
-0.372153 -0.616226 -0.214585 76 0 153
0.600358 0.174461 -0.038433 76 153 0
0.357026 0.241194 0.611702 127 0 127
0.322644 0.160032 -0.610588 0 0 255
0.354744 0.396513 0.611702 127 0 127
0.549028 0.243255 -0.575115 153 76 0
0.062929 -0.654723 -0.456862 76 0 153
-0.563656 -0.397537 -0.176463 153 0 76
-0.294352 0.577191 0.226459 153 0 76
0.507077 -0.374128 -0.572091 0 0 255
-0.004106 -0.501931 -0.042190 76 0 153
0.577443 -0.176979 0.573205 76 153 0
-0.004106 -0.003301 -0.006535 76 0 153
0.047224 0.062862 -0.305220 76 0 153
-0.563656 0.475730 0.038325 153 0 76
-0.563656 -0.323407 -0.153471 153 0 76
0.600358 -0.257189 -0.149586 76 153 0
-0.112809 -0.654723 -0.118736 76 0 153
0.385922 -0.616226 -0.047447 76 0 153
-0.088479 -0.654723 0.410701 76 0 153
0.246199 -0.624268 0.611702 127 0 127
0.549028 0.122701 0.177930 76 153 0
0.047224 -0.298563 -0.292502 76 0 153
-0.487861 0.538694 0.159636 153 0 76
0.439581 -0.299878 0.611702 127 0 127
0.337563 -0.297779 -0.572091 153 76 0
0.047224 -0.237340 0.058663 76 0 153
0.600358 -0.157989 -0.262792 76 153 0
-0.012808 0.025678 0.573205 76 0 153
-0.460850 -0.616226 -0.064589 76 0 153
0.107799 -0.425394 0.611702 127 0 127
0.600358 -0.269398 -0.352646 76 153 0
0.600358 -0.277984 -0.569574 76 153 0
0.182817 -0.650566 -0.610588 76 0 153
0.177099 0.538694 0.273344 153 0 76
-0.140995 -0.527131 -0.572091 153 76 0
-0.081673 0.538694 0.487918 153 0 76
0.600358 0.357387 -0.505706 76 153 0
0.549028 -0.395891 -0.161525 76 153 0
0.369843 -0.326537 0.611702 127 0 127
-0.218444 -0.129103 -0.572091 153 76 0
-0.306952 0.372847 -0.572091 204 51 127
0.159617 -0.292041 0.611702 127 0 127
0.600358 0.570566 0.569351 153 0 76
0.549028 -0.526643 0.250909 76 153 0
0.600358 0.461070 0.581659 127 0 127
-0.014810 0.292727 -0.559258 153 76 0
0.440749 0.249301 -0.572091 0 0 255
-0.016089 0.090731 0.611702 127 0 127
-0.226695 0.493741 0.611702 127 0 127
0.600358 -0.292708 -0.219274 76 153 0
-0.427583 0.538694 -0.454065 153 0 76
-0.329073 0.538694 0.249011 153 0 76
0.032041 0.502117 0.611702 127 0 127
0.600358 -0.408092 0.141051 76 153 0
-0.105623 0.538694 0.259539 153 0 76
-0.067697 0.538694 -0.599350 153 0 76
0.549028 -0.074270 -0.412518 76 153 0
0.498059 -0.194364 0.573205 127 0 127
-0.004106 0.193059 0.323828 76 0 153
-0.255677 -0.306720 -0.603143 204 51 127
-0.563656 0.461807 -0.003697 153 0 76
-0.449908 0.380773 -0.610588 204 51 127
-0.475518 0.535961 0.573205 153 0 76
-0.119421 -0.654723 0.440931 76 0 153
-0.334880 0.577191 -0.543347 153 0 76
0.047224 0.024479 0.136803 76 0 153
0.059581 0.157751 -0.559258 153 76 0
-0.004106 0.384445 -0.470730 76 0 153
0.549028 -0.292320 -0.008957 76 153 0
-0.147400 -0.616226 0.148500 76 0 153
0.519963 -0.616226 -0.360250 76 0 153
-0.004106 -0.235650 -0.096103 76 0 153
-0.512326 -0.451371 0.474441 153 0 76
0.493938 -0.042805 0.611702 127 0 127
-0.557239 0.214324 0.601265 127 0 127
0.106677 -0.654723 0.315506 76 0 153
0.246745 -0.654723 -0.513942 76 0 153
0.097534 0.538694 0.445182 153 0 76
-0.563656 0.191034 -0.011657 153 0 76
0.334278 0.527403 0.611702 127 0 127
0.414374 -0.616226 0.247997 76 0 153
-0.563656 0.007315 -0.131624 153 0 76
0.518810 0.089384 0.573205 127 0 127
0.486373 -0.616226 -0.604249 0 0 255
-0.537453 0.479211 -0.610588 153 0 76
0.141815 0.538694 -0.179579 153 0 76
0.549028 0.248919 -0.299145 76 153 0
0.481547 0.538694 0.129007 153 0 76
0.211838 0.195518 0.573205 127 0 127
0.076883 -0.361246 -0.572091 153 76 0
0.461090 -0.242041 -0.572091 153 76 0
-0.252096 -0.080232 0.611702 127 0 127
-0.512326 0.192607 -0.434742 153 0 76
0.549028 0.040774 0.493979 76 153 0
0.047224 0.277961 -0.067731 76 0 153
0.526462 0.538694 -0.157701 153 0 76
-0.168822 -0.654723 0.373152 76 0 153
-0.313111 0.538694 -0.302912 153 0 76
0.254285 -0.546932 0.573205 127 0 127
0.235226 -0.654723 0.118519 76 0 153
0.355375 0.036197 -0.610588 0 0 255
0.600358 0.065138 0.338622 76 153 0
0.487932 -0.654723 0.035773 76 0 153
0.510857 -0.616226 -0.030605 76 0 153
-0.493500 0.381246 -0.572091 204 51 127
-0.038803 -0.324496 0.611702 127 0 127
-0.328503 0.478786 0.611702 127 0 127
-0.386384 0.326331 -0.610588 204 51 127
-0.045493 0.538694 0.172235 153 0 76
-0.004106 -0.505555 0.090342 76 0 153
0.519210 -0.509758 -0.572091 153 76 0
0.373879 -0.654723 -0.206304 76 0 153
0.600358 -0.522214 -0.554717 76 153 0
-0.148392 -0.616226 -0.224065 76 0 153
0.412960 -0.222303 -0.572091 0 0 255
-0.563656 0.543471 -0.052877 153 0 76
0.322765 -0.616226 0.042088 76 0 153
0.047224 -0.235885 -0.345924 76 0 153
0.549028 -0.502587 0.444657 76 153 0
-0.563656 -0.532685 0.198442 153 0 76
-0.548801 0.311249 0.611702 127 0 127
0.549028 0.172141 0.071102 76 153 0
0.047224 -0.271304 0.117765 76 0 153
0.239151 0.577191 0.548290 153 0 76
0.600358 0.010565 0.395674 76 153 0
-0.334386 -0.654723 0.350184 76 0 153
0.600358 -0.093625 0.161644 76 153 0
-0.340533 0.021508 -0.610588 204 51 127
0.481137 0.538694 0.395971 153 0 76
0.600358 -0.306562 0.522657 76 153 0
-0.384727 -0.616226 0.088181 76 0 153
0.600358 -0.438291 -0.442570 76 153 0
0.047224 -0.212298 -0.402108 76 0 153
-0.227055 -0.337886 -0.572091 153 76 0
0.284219 0.431451 0.573205 127 0 127
-0.004106 0.050821 -0.516021 76 0 153
-0.563656 0.545606 0.318361 153 0 76
-0.062573 -0.654723 -0.154111 76 0 153
-0.337402 -0.479455 0.611702 127 0 127
0.343143 0.577191 -0.583390 153 0 76
0.047224 0.108237 -0.259546 76 0 153
-0.396491 -0.324580 0.573205 127 0 127
0.145915 0.126019 -0.572091 153 76 0
0.600358 -0.615748 0.393502 76 153 0
-0.093985 -0.299155 0.573205 127 0 127
-0.563656 0.042807 -0.511524 153 0 76
0.040915 -0.616226 -0.021601 76 0 153
0.188374 0.503848 -0.559258 153 76 0
-0.563656 -0.271802 0.091904 153 0 76
-0.063207 -0.580208 0.611702 127 0 127
-0.532720 -0.543899 0.569996 153 0 76
-0.512326 -0.082339 0.249931 153 0 76
0.047224 -0.107749 -0.053045 76 0 153
0.265644 -0.354886 0.611702 127 0 127
0.047224 0.310375 0.451040 76 0 153
0.342934 -0.384171 0.573205 127 0 127
0.006201 0.577191 0.011792 153 0 76
-0.512326 0.051533 -0.155923 153 0 76
-0.004106 -0.135660 -0.015372 76 0 153
-0.004106 0.274136 -0.101718 76 0 153
0.600358 -0.408992 0.604312 127 0 127
0.081152 0.227771 -0.559258 153 76 0
-0.055147 -0.654723 -0.003706 76 0 153
0.425302 -0.654723 -0.003592 76 0 153
0.498641 0.167059 0.573205 127 0 127
0.010603 -0.616226 -0.603417 76 0 153
0.600358 -0.559196 0.019150 76 153 0
0.600358 -0.132952 -0.027470 76 153 0
-0.480442 0.375179 0.573205 127 0 127
0.479160 -0.505041 0.611702 127 0 127
0.014381 0.538694 -0.608142 153 0 76
-0.519992 0.283262 0.611702 127 0 127
0.600358 -0.062752 0.271343 76 153 0
0.270698 0.208237 0.573205 127 0 127
0.516586 -0.654723 0.004322 76 0 153
0.047224 0.092737 -0.445050 76 0 153
0.104525 0.577191 0.268890 153 0 76
0.565264 0.170280 -0.610588 76 153 0
0.523278 0.538694 -0.344975 153 0 76
-0.304014 -0.231437 -0.610588 204 51 127
0.025140 -0.654723 0.287904 76 0 153
0.600358 0.324061 -0.136412 76 153 0
0.453608 -0.616226 0.087288 76 0 153
0.549028 0.313145 0.288612 76 153 0
0.600358 -0.194848 -0.403839 76 153 0
-0.363202 0.577191 -0.610297 153 0 76
0.543736 -0.450898 0.611702 127 0 127
-0.563656 0.106855 -0.495415 153 0 76
-0.512326 0.036821 0.168436 153 0 76
0.597672 0.538694 0.180388 76 153 0
-0.347018 0.155383 0.573205 127 0 127
-0.360488 -0.616226 0.179379 76 0 153
-0.366508 -0.616226 -0.434362 76 0 153
0.073153 0.577191 0.350086 153 0 76
-0.512326 0.240769 -0.233771 153 0 76
-0.512326 -0.190109 -0.238509 153 0 76
0.549028 -0.198372 0.204792 76 153 0
-0.127812 0.577191 0.556031 153 0 76
-0.030111 -0.616226 -0.190431 76 0 153
-0.423677 0.577191 -0.210867 153 0 76
0.204037 0.350230 -0.572091 153 76 0
-0.512326 -0.227718 0.088164 153 0 76
0.577375 -0.130114 0.611702 127 0 127
0.561860 -0.654723 -0.020498 76 0 153
0.364077 -0.654723 0.397856 76 0 153
0.009905 0.538694 -0.126816 153 0 76
0.549028 0.435683 -0.067698 76 153 0
-0.093199 -0.616226 -0.240831 76 0 153
0.363044 0.028340 0.611702 127 0 127
0.381128 -0.654723 -0.125940 76 0 153
0.568091 -0.616226 -0.118016 76 153 0
0.080575 -0.388017 0.573205 127 0 127
0.119062 0.538694 -0.539903 153 0 76
-0.371254 0.577191 -0.486155 153 0 76
-0.522443 0.577191 -0.208703 153 0 76
0.438044 -0.141193 0.611702 127 0 127
-0.327957 0.538694 -0.383986 153 0 76
-0.490245 0.538694 -0.042883 153 0 76
-0.563656 0.547189 -0.583579 153 0 76
0.010734 0.213475 -0.572091 153 76 0
-0.101334 -0.516707 0.611702 127 0 127
0.273513 -0.591730 0.573205 127 0 127
0.114297 -0.616226 -0.605279 76 0 153
-0.227936 0.538694 0.484631 153 0 76
0.461827 0.273266 -0.610588 0 0 255
0.076055 -0.616226 -0.223142 76 0 153
-0.284342 0.577191 0.147579 153 0 76
0.104593 -0.492244 0.611702 127 0 127
-0.334707 0.577191 0.198011 153 0 76
0.549028 -0.048083 -0.369429 76 153 0
0.435193 0.059423 0.611702 127 0 127
0.047224 -0.462116 -0.535900 76 0 153
-0.563656 0.283820 -0.116438 153 0 76
-0.494475 0.451566 -0.572091 153 76 0
0.047224 0.007126 0.249331 76 0 153
-0.512326 0.017301 -0.520199 153 0 76
0.308207 0.319007 0.611702 127 0 127
-0.257496 -0.377013 -0.610588 204 51 127
-0.512326 -0.570053 0.393407 153 0 76
0.477252 -0.165378 0.611702 127 0 127
-0.004106 0.144871 0.501346 76 0 153
0.596375 -0.261337 0.611702 127 0 127
-0.557239 0.141440 0.603675 127 0 127
-0.486796 0.577191 -0.373807 153 0 76
-0.037330 -0.370507 0.573205 127 0 127
-0.004106 -0.078434 0.219151 76 0 153
-0.004106 0.456279 0.045123 76 0 153
0.291832 -0.654723 0.230200 76 0 153
0.566597 -0.186211 0.611702 127 0 127
0.600358 -0.478166 0.210181 76 153 0
-0.004106 0.287556 0.338597 76 0 153
0.425079 0.577191 0.242171 153 0 76
0.368950 0.577191 0.561386 153 0 76
0.549028 0.296877 -0.444471 76 153 0
0.600358 0.329714 -0.253221 76 153 0
0.315308 -0.372244 -0.610588 0 0 255
-0.523255 0.538693 -0.098947 153 0 76
0.549028 0.346100 -0.157318 76 153 0
0.507084 0.540886 -0.610588 0 0 255
-0.325381 0.577191 0.159922 153 0 76
0.600358 -0.138063 0.377525 76 153 0
-0.292420 -0.616226 0.271315 76 0 153
-0.482465 -0.654723 0.137942 76 0 153
-0.531826 0.577191 -0.391971 153 0 76
-0.284885 -0.616226 0.218084 76 0 153
0.600358 0.389987 0.459233 76 153 0
0.031417 -0.616226 -0.310373 76 0 153
-0.034596 -0.048513 -0.559258 153 76 0
-0.340346 0.222204 0.611702 127 0 127
0.173949 -0.654723 -0.053510 76 0 153
-0.275109 0.538694 -0.182627 153 0 76
0.049587 0.538694 0.382362 76 0 153
0.105649 -0.251510 0.611702 127 0 127
0.063805 0.000754 -0.559258 153 76 0
0.600358 0.159461 -0.357350 76 153 0
-0.197314 0.270959 0.611702 127 0 127
-0.141943 0.310219 0.611702 127 0 127
-0.325995 -0.654723 -0.448376 76 0 153
-0.435417 -0.612705 0.611702 127 0 127
0.569034 -0.654723 0.159818 76 0 153
-0.103802 0.549176 0.573205 127 0 127
0.013029 -0.616226 0.209081 76 0 153
0.600358 -0.273565 0.055668 76 153 0
-0.004106 -0.562619 0.230067 76 0 153
-0.490989 -0.573449 -0.610588 204 51 127
-0.479805 0.161550 0.573205 127 0 127
-0.069660 -0.545399 0.573205 127 0 127
0.002413 -0.616226 -0.479070 76 0 153
-0.065047 -0.627885 -0.610588 76 0 153
0.351346 -0.624980 0.573205 127 0 127
-0.563656 0.278326 0.342942 153 0 76
-0.053410 -0.616226 0.122310 76 0 153
0.069545 0.084156 -0.572091 153 76 0
0.047224 0.533225 0.460660 153 0 76
0.078742 -0.275458 -0.572091 153 76 0
-0.563231 -0.654723 -0.427359 76 0 153
0.470227 -0.012945 0.573205 127 0 127
0.600358 0.050132 -0.170158 76 153 0
0.600358 -0.050959 0.373444 76 153 0
0.047224 0.511713 -0.008880 76 0 153
-0.512326 -0.409921 -0.555221 153 76 0
0.111540 0.538694 0.117854 153 0 76
-0.563656 0.154776 -0.408179 153 0 76
0.143132 0.086664 0.611702 127 0 127
-0.004106 0.250212 -0.273059 76 0 153
-0.463391 0.538694 0.408587 153 0 76
-0.512326 -0.521343 0.286491 153 0 76
0.600358 0.460462 0.188824 76 153 0
0.600358 0.369121 0.396980 76 153 0
-0.512326 0.231392 -0.370953 153 0 76
0.262213 -0.654723 -0.336097 76 0 153
-0.512326 -0.367054 -0.011082 153 0 76
-0.207717 -0.078730 0.573205 127 0 127
0.469202 0.577191 -0.387649 153 0 76
0.047224 -0.022780 -0.051306 76 0 153
0.600358 -0.055917 -0.081715 76 153 0
0.243756 -0.265884 -0.559258 153 76 0
-0.077719 0.577191 -0.546465 153 0 76
-0.563656 0.181381 -0.061462 153 0 76
0.365638 -0.616226 -0.346984 76 0 153
0.265610 0.577191 0.383368 153 0 76
-0.512326 -0.356407 -0.475041 153 0 76
-0.512326 -0.459701 0.173111 153 0 76
0.549028 0.222162 0.019793 76 153 0
0.483519 0.563646 0.573205 153 0 76
0.481579 -0.403474 0.611702 127 0 127
-0.563656 -0.394805 0.386698 153 0 76
-0.004106 -0.060781 0.477020 76 0 153
-0.004106 -0.344923 0.000113 76 0 153
-0.427639 0.374417 -0.572091 153 76 0
0.600358 -0.466673 0.163788 76 153 0
-0.004106 -0.463298 -0.231598 76 0 153
0.516266 0.275090 -0.572091 153 76 0
0.460367 -0.564572 0.573205 127 0 127
-0.563656 0.532871 0.553185 153 0 76
-0.293877 -0.651515 0.595765 127 0 127
-0.004106 -0.030144 -0.445292 76 0 153
-0.512326 -0.512622 0.350813 153 0 76
0.083762 -0.654723 -0.254355 76 0 153
0.564568 0.314296 0.611702 127 0 127
-0.004106 0.489615 0.089609 76 0 153
-0.293520 0.434753 -0.610588 204 51 127
0.371843 0.198591 0.611702 127 0 127
-0.313503 0.555909 -0.610588 153 0 76
-0.455676 0.283153 -0.610588 204 51 127
0.600358 0.494039 0.117127 76 153 0
-0.563656 -0.021329 0.530171 153 0 76
-0.294978 0.577191 0.565431 127 0 127
0.210053 -0.544006 -0.559258 153 76 0
-0.004106 0.493401 -0.159806 76 0 153
-0.563656 -0.516033 -0.166708 153 0 76
0.524182 -0.080762 -0.572091 0 0 255
0.600358 -0.252368 0.481380 76 153 0
-0.563656 -0.422129 0.315459 153 0 76
0.047224 -0.528403 -0.433616 76 0 153
0.549028 0.432340 0.161011 76 153 0
-0.468131 -0.396835 0.611702 127 0 127
0.600358 0.316423 0.480302 76 153 0
-0.540685 -0.616226 -0.248904 153 0 76
0.047224 0.162673 0.295475 76 0 153
0.032172 0.538694 -0.328963 153 0 76
-0.004106 0.333395 0.235525 76 0 153
0.247284 0.538694 0.004286 153 0 76
-0.508522 0.394067 0.611702 127 0 127
0.600358 -0.120521 0.579050 127 0 127
-0.563656 -0.578374 -0.525989 153 0 76
0.133714 0.577191 0.024814 153 0 76
0.396264 0.169689 0.573205 127 0 127
-0.255677 0.209179 -0.605636 204 51 127
-0.301832 -0.195095 -0.572091 204 51 127
0.600358 -0.143925 0.219412 76 153 0
0.454408 0.577191 0.437432 153 0 76
-0.512326 0.125975 -0.255634 153 0 76
-0.431762 -0.654723 -0.022436 76 0 153
0.318661 0.083677 -0.610588 0 0 255
-0.512326 0.297254 0.410270 153 0 76
0.466241 -0.616226 0.224154 76 0 153
-0.563656 -0.331481 0.367840 153 0 76
-0.401917 -0.608993 -0.610588 204 51 127
-0.004106 -0.314818 -0.371670 76 0 153
0.549028 -0.305896 -0.080134 76 153 0
-0.563656 -0.041041 0.365495 153 0 76
-0.512326 -0.258836 0.376046 153 0 76
0.372076 -0.531414 -0.610588 0 0 255
0.600358 0.191873 0.033030 76 153 0
0.047224 0.454653 0.133780 76 0 153
-0.004106 -0.216881 -0.265013 76 0 153
0.590590 -0.442093 0.573205 76 153 0
0.600358 -0.636894 0.525935 76 0 153
-0.004106 -0.453124 -0.521139 76 0 153
0.285339 -0.616226 0.197268 76 0 153
0.189233 -0.168456 -0.559258 153 76 0
0.357661 -0.654723 -0.245667 76 0 153
0.047224 0.175820 0.076214 76 0 153
0.304474 0.577191 -0.387682 153 0 76
0.331776 0.405265 -0.572091 153 76 0
-0.512326 0.058186 -0.263053 153 0 76
-0.563656 0.385069 -0.365473 153 0 76
0.193592 -0.616226 -0.208183 76 0 153
-0.512326 -0.052528 0.172125 153 0 76
-0.563656 0.250398 -0.185214 153 0 76
-0.004106 0.393037 -0.401609 76 0 153
0.323447 -0.512998 0.611702 127 0 127
0.563046 0.577191 -0.491826 153 0 76
0.563212 0.495879 0.569996 76 153 0
-0.204155 -0.654723 0.389956 76 0 153
0.047224 -0.584737 0.438885 76 0 153
0.095220 0.538694 -0.222989 153 0 76
0.549028 -0.323697 -0.276673 76 153 0
-0.030472 0.577191 -0.413720 153 0 76
0.600358 0.097483 0.074235 76 153 0
0.449136 0.538694 -0.523839 153 0 76
-0.004106 0.239626 0.448271 76 0 153
-0.480116 -0.426203 -0.572091 204 51 127
0.412384 -0.616226 -0.160221 76 0 153
-0.310784 0.577191 -0.430172 153 0 76
-0.004106 0.486289 -0.198030 76 0 153
0.549028 -0.511101 -0.173986 76 153 0
0.047224 -0.148959 -0.535940 76 0 153
-0.149817 -0.090171 -0.572091 153 76 0
0.250460 -0.079719 -0.559258 153 76 0
0.188022 -0.616226 0.309768 76 0 153
0.549028 -0.033951 -0.603783 0 0 255
-0.512326 0.503341 0.005293 153 0 76
0.047224 -0.524424 0.342115 76 0 153
0.064543 -0.491327 0.573205 127 0 127
0.026536 -0.582429 0.573205 76 0 153
0.549028 -0.565699 0.282212 76 153 0
-0.255677 0.283888 -0.598743 204 51 127
0.109398 0.538694 -0.438550 153 0 76
0.047224 0.085382 -0.129321 76 0 153
-0.004106 0.186549 -0.124772 76 0 153
0.047224 -0.050796 0.463432 76 0 153
-0.512326 0.448132 0.307700 153 0 76
0.248873 0.577191 -0.521229 153 0 76
0.440573 -0.509267 0.573205 127 0 127
0.600358 -0.224943 0.220281 76 153 0
-0.020793 -0.502283 0.611702 127 0 127
-0.004106 -0.051764 -0.535193 76 0 153
-0.512326 0.400016 0.368057 153 0 76
-0.417015 0.538694 -0.025753 153 0 76
0.549028 0.381134 0.042863 76 153 0
0.600358 0.496909 0.023140 76 153 0
-0.512326 -0.412467 0.169981 153 0 76
-0.524183 0.577191 0.139458 153 0 76
0.047224 0.105760 -0.017438 76 0 153
0.292379 -0.189209 -0.601036 0 0 255
0.393033 0.156816 -0.610588 0 0 255
0.015795 0.538693 -0.214843 76 0 153
0.137060 -0.654723 -0.371407 76 0 153
-0.512326 -0.237974 -0.175293 153 0 76
-0.563656 -0.078453 -0.064808 153 0 76
0.600358 0.187213 -0.583822 76 153 0
0.047224 -0.405102 0.201638 76 0 153
0.305213 -0.616226 0.317271 76 0 153
-0.321960 -0.616226 0.447377 76 0 153
0.492970 0.577191 0.349626 153 0 76
0.047224 0.509973 -0.274515 76 0 153
-0.293242 0.492866 0.573205 127 0 127
-0.025383 0.081686 -0.559258 153 76 0
0.506992 0.577191 -0.578102 153 0 76
-0.252853 -0.602227 -0.572091 153 76 0
-0.512326 -0.419778 -0.019420 153 0 76
0.370246 0.337763 -0.572091 153 76 0
-0.039318 0.538694 -0.573692 153 0 76
0.573257 0.269581 0.611702 127 0 127
0.111068 0.195295 0.573205 127 0 127
-0.275700 -0.654723 0.313254 76 0 153
0.197490 0.538694 0.349622 153 0 76
-0.469998 -0.654723 0.537864 76 0 153
0.062910 0.483422 -0.572091 153 76 0
-0.062041 -0.171447 0.611702 127 0 127
-0.512326 0.217552 -0.582875 153 0 76
-0.343583 -0.625381 0.573205 127 0 127
-0.047516 0.171320 0.573205 127 0 127
-0.220504 0.577191 -0.595738 153 0 76
0.600358 0.470533 -0.197938 76 153 0
-0.316687 0.166110 -0.610588 204 51 127
-0.335865 -0.405891 0.573205 127 0 127
0.047224 -0.229921 -0.258657 76 0 153
-0.512326 0.345999 0.538775 153 0 76
-0.082578 -0.015239 0.573205 127 0 127
0.281840 -0.376006 -0.572091 153 76 0
-0.512326 -0.501315 0.510239 153 0 76
0.328684 0.538694 0.450671 153 0 76
0.047224 0.159720 0.453290 76 0 153
-0.055041 -0.212855 -0.559258 153 76 0
-0.317481 -0.504053 -0.610588 204 51 127
-0.417892 0.538694 0.464982 153 0 76
-0.563656 0.081644 -0.073023 153 0 76
-0.015567 -0.616226 0.522600 76 0 153
0.005773 0.538693 -0.037527 153 0 76
0.600358 -0.235730 -0.020575 76 153 0
-0.512326 -0.482687 0.038847 153 0 76
0.157326 -0.616226 0.028936 76 0 153
0.133674 0.046162 -0.572091 153 76 0
0.600358 -0.471007 -0.523507 76 153 0
0.262227 -0.172299 -0.559258 153 76 0
0.600358 -0.030271 -0.004066 76 153 0
-0.398560 0.577191 -0.569579 153 0 76
0.328603 0.577191 0.495865 153 0 76
-0.563656 0.142603 0.285272 153 0 76
0.549028 0.006798 0.299686 76 153 0
-0.254538 0.153099 -0.559258 153 76 0
-0.075449 -0.616226 -0.124017 76 0 153
0.418904 -0.084167 -0.610588 0 0 255
0.381702 -0.654723 0.475476 76 0 153
-0.563656 -0.543273 0.438427 153 0 76
-0.563656 0.149835 -0.225904 153 0 76
0.262355 -0.572278 -0.572091 153 76 0
0.324059 -0.485301 -0.610588 0 0 255
0.251774 -0.616226 -0.063881 76 0 153
0.088947 0.538694 0.538281 153 0 76
-0.450800 -0.654723 0.099553 76 0 153
-0.563656 0.285828 -0.224740 153 0 76
0.549028 0.318276 -0.233714 76 153 0
-0.512326 0.278644 0.263439 153 0 76
-0.512326 -0.369278 0.123298 153 0 76
-0.004106 -0.165991 0.143608 76 0 153
-0.004106 -0.030838 -0.078310 76 0 153
0.549028 0.033673 -0.275636 76 153 0
0.600358 -0.043298 0.093441 76 153 0
-0.432637 0.538694 0.374537 153 0 76
-0.512326 -0.404677 0.360627 153 0 76
0.047224 -0.524905 0.242843 76 0 153
-0.512326 -0.511421 -0.333436 153 0 76
0.600358 -0.542958 -0.272019 76 153 0
-0.563656 0.369320 0.248482 153 0 76
0.365494 0.577191 -0.545977 153 0 76
-0.004106 -0.133360 0.484192 76 0 153
-0.352329 0.220449 -0.610588 204 51 127
-0.001501 0.382685 0.557164 76 0 153
-0.512326 0.440886 -0.452161 153 0 76
-0.145824 0.208533 0.573205 127 0 127
0.208517 -0.654723 0.055438 76 0 153
-0.512326 0.069450 -0.198188 153 0 76
0.137888 -0.616226 -0.513388 76 0 153
-0.521038 0.577191 -0.034726 153 0 76
0.600358 0.487442 0.302881 76 153 0
-0.004106 -0.323792 0.381330 76 0 153
0.600358 0.310745 -0.092963 76 153 0
-0.563656 0.032637 0.126270 153 0 76
-0.364935 -0.356227 -0.572091 204 51 127
0.549028 -0.041904 0.180441 76 153 0
-0.416637 0.494098 0.611702 127 0 127
-0.213814 0.170234 0.573205 127 0 127
0.600358 0.459606 -0.594242 76 153 0
0.549028 0.228306 0.348796 76 153 0
0.156034 -0.651515 0.607534 127 0 127
0.511803 -0.654723 0.378747 76 0 153
-0.053127 -0.654723 0.351674 76 0 153
0.549028 -0.245295 -0.044651 76 153 0
-0.512326 -0.144031 -0.555921 153 76 0
0.398608 0.482567 -0.610588 0 0 255
-0.117065 -0.654723 -0.036101 76 0 153
0.389859 0.004314 0.573205 127 0 127
0.343453 0.170209 0.611702 127 0 127
-0.262171 0.504772 -0.572091 153 76 0
-0.004106 0.015329 0.523332 76 0 153
-0.256726 -0.079440 -0.610588 204 51 127
-0.177365 -0.654723 0.019967 76 0 153
0.323628 0.577191 -0.054268 153 0 76
-0.511492 0.577191 -0.533436 153 0 76
0.047224 -0.145162 0.042361 76 0 153
0.491841 0.538694 -0.381263 153 0 76
-0.563656 0.308870 -0.328980 153 0 76
0.600358 -0.129048 -0.189826 76 153 0
0.600358 -0.602973 -0.215794 76 153 0
-0.471507 0.463687 0.662561 0 127 127
0.189328 0.577191 -0.398612 153 0 76
-0.159656 0.577191 -0.484876 153 0 76
-0.345273 0.577191 -0.010355 153 0 76
0.549028 0.449315 -0.459581 76 153 0
-0.068757 0.538694 0.093663 153 0 76
-0.129504 0.407254 0.573205 127 0 127
-0.415026 0.538694 -0.228978 153 0 76
0.549028 -0.483717 -0.298084 76 153 0
-0.004106 -0.428570 0.197164 76 0 153
0.549028 0.021091 -0.534268 76 153 0
0.549028 0.202851 -0.075809 76 153 0
0.001547 0.467819 0.611702 127 0 127
-0.529815 -0.214609 -0.610588 153 0 76
0.455519 -0.616226 -0.262992 76 0 153
-0.030816 -0.406519 -0.572091 153 76 0
-0.512326 -0.509713 -0.211935 153 0 76
-0.512326 0.485684 -0.355080 153 0 76
-0.512326 -0.244730 0.529706 153 0 76
0.270513 0.453410 -0.572091 153 76 0
-0.287190 0.538694 -0.220031 153 0 76
0.600358 -0.481218 -0.019504 76 153 0
0.192885 0.136154 0.611702 127 0 127
-0.495481 0.577191 -0.291164 153 0 76
0.549028 -0.109797 0.521473 76 153 0
0.594461 0.538693 -0.352852 153 0 76
0.281772 0.577191 0.008802 153 0 76
-0.004106 -0.553790 -0.108717 76 0 153
0.549028 -0.092445 -0.168292 76 153 0
-0.370366 -0.654723 -0.055753 76 0 153
-0.120071 0.375851 -0.559258 153 76 0
-0.517433 -0.651515 0.608836 127 0 127
0.112021 0.307429 0.573205 127 0 127
-0.044091 0.538694 0.488764 153 0 76
0.600358 -0.067664 -0.215040 76 153 0
-0.004106 0.145306 -0.369933 76 0 153
-0.563656 -0.338473 -0.036189 153 0 76
0.517603 -0.616226 0.118127 76 0 153
-0.512326 -0.149204 0.400358 153 0 76
0.018033 0.071781 0.573205 127 0 127
0.461581 -0.107356 -0.610588 0 0 255
-0.563656 -0.290832 -0.270074 153 0 76
0.002934 0.577191 0.162103 153 0 76
-0.512326 -0.514419 -0.574014 153 0 76
-0.163611 0.101721 0.573205 127 0 127
0.246900 0.538694 0.081970 153 0 76
0.047224 0.085772 -0.488354 76 0 153
-0.563656 0.320475 -0.051538 153 0 76
0.549028 0.068042 -0.041301 76 153 0
0.424732 -0.444901 -0.572091 153 76 0
-0.335963 0.538694 -0.054458 153 0 76
-0.512326 0.452581 0.152314 153 0 76
-0.563656 0.167002 0.156110 153 0 76
0.549028 -0.175131 0.000607 76 153 0
-0.004106 0.367826 0.423453 76 0 153
0.404672 -0.519585 0.611702 127 0 127
0.254608 0.398354 -0.572091 153 76 0
0.047224 0.028984 -0.525810 76 0 153
0.600358 0.180837 -0.221839 76 153 0
0.600358 -0.316684 -0.162619 76 153 0
0.297633 0.220789 -0.559258 0 0 255
0.215274 -0.654723 -0.065628 76 0 153
0.047224 -0.353505 0.359920 76 0 153
0.462971 0.427530 -0.610588 0 0 255
0.321533 0.538694 -0.526694 153 0 76
-0.004106 0.330056 0.415836 76 0 153
-0.406193 -0.602803 -0.559258 153 76 0
0.047224 0.043870 0.023529 76 0 153
-0.083431 0.538694 0.141346 153 0 76
-0.027310 -0.616226 -0.393042 76 0 153
-0.309674 -0.158867 -0.610588 204 51 127
-0.012088 -0.654723 -0.577455 76 0 153
0.549028 0.029450 0.049053 76 153 0
0.147010 -0.616226 0.095891 76 0 153
0.549028 -0.334019 0.235827 76 153 0
-0.085943 0.538694 0.377821 153 0 76
-0.563656 -0.052606 -0.119944 153 0 76
0.324134 -0.616226 0.129898 76 0 153
0.549028 0.278305 0.550328 76 153 0
-0.011035 -0.654723 -0.354845 76 0 153
-0.048613 -0.292148 0.573205 127 0 127
0.350044 0.573983 0.593459 127 0 127
0.007755 -0.331669 -0.559258 76 0 153
-0.474103 -0.343249 -0.572091 153 76 0
0.047224 0.269431 0.116062 76 0 153
0.391215 -0.574858 0.573205 127 0 127
0.047224 0.448049 -0.557606 153 76 0
-0.310424 -0.616226 0.543947 76 0 153
-0.165812 -0.654723 0.081288 76 0 153
-0.170268 -0.654723 0.319171 76 0 153
-0.059414 -0.654723 0.490980 76 0 153
0.490240 0.513517 0.611702 127 0 127
-0.442199 -0.291331 0.611702 127 0 127
0.143259 0.379371 -0.572091 153 76 0
-0.441242 -0.310423 0.573205 127 0 127
-0.291532 -0.616226 -0.272264 76 0 153
-0.129834 -0.605236 0.573205 127 0 127
0.549028 -0.259069 -0.319590 76 153 0
-0.062847 0.538694 -0.255178 153 0 76
0.340564 0.538694 0.277546 153 0 76
0.600358 0.020528 -0.401326 76 153 0
0.471682 -0.573311 -0.559258 153 76 0
0.600358 -0.358679 0.205304 76 153 0
-0.512326 -0.501972 0.421619 153 0 76
0.600358 0.498240 0.369981 76 153 0
-0.004106 0.271855 0.066492 76 0 153
0.549028 -0.267166 -0.175476 76 153 0
-0.321113 -0.144088 0.573205 127 0 127
-0.563656 0.496983 -0.469395 153 0 76
-0.319070 -0.343192 0.611702 127 0 127
0.549028 -0.284784 0.536467 76 153 0
0.432157 0.577191 0.006846 153 0 76
-0.430472 -0.654723 -0.311747 76 0 153
-0.004106 0.502760 -0.525607 76 0 153
0.216329 0.113008 -0.572091 153 76 0
-0.189617 -0.654723 -0.272534 76 0 153
0.600358 0.336499 -0.351994 76 153 0
-0.563656 -0.197603 0.569174 153 0 76
-0.512326 -0.575776 -0.523020 153 0 76
0.549028 0.352842 0.361729 76 153 0
0.339239 -0.654723 0.169313 76 0 153
0.549028 0.079104 0.350551 76 153 0
-0.259719 -0.543625 0.573205 127 0 127
0.549028 -0.508843 -0.520054 76 153 0
0.047224 -0.481594 0.119687 76 0 153
-0.334612 -0.616226 0.381534 76 0 153
0.502245 0.277838 0.611702 127 0 127
0.549028 -0.320350 -0.376126 76 153 0
-0.563656 0.417999 -0.343589 153 0 76
0.575850 0.538693 0.216412 76 153 0
0.105056 0.577191 -0.233453 153 0 76
-0.364024 0.439486 0.611702 127 0 127
0.130169 -0.140967 -0.559258 153 76 0
-0.395224 -0.012791 0.573205 127 0 127
0.466113 -0.654723 -0.236510 76 0 153
-0.447463 0.274108 0.573205 127 0 127
-0.512326 -0.413058 -0.391775 153 0 76
0.374397 0.211727 -0.572091 0 0 255
-0.190775 -0.616226 0.479912 76 0 153
-0.004106 0.220637 -0.344020 76 0 153
0.600358 0.570513 0.526949 76 153 0
0.521472 0.538694 0.272191 153 0 76
-0.318941 0.274542 0.611702 127 0 127
0.407519 -0.131085 0.573205 127 0 127
0.600358 0.163740 0.256516 76 153 0
-0.563656 -0.203665 -0.561058 153 0 76
-0.121197 0.202729 -0.559258 153 76 0
0.510265 0.577191 0.455961 153 0 76
-0.004106 -0.451217 0.150602 76 0 153
0.549028 0.339389 0.121155 76 153 0
-0.145784 0.555226 -0.610588 153 0 76
0.002726 0.538693 0.544552 76 0 153
0.572928 0.072831 0.611702 127 0 127
0.472579 -0.149927 0.573205 127 0 127
0.107436 -0.654723 0.530399 76 0 153
0.549028 -0.248882 0.338465 76 153 0
0.347409 0.472718 0.573205 127 0 127
0.600358 -0.096407 -0.326496 76 153 0
-0.004106 -0.126139 0.068780 76 0 153
0.047224 0.268929 -0.432458 76 0 153
0.245124 -0.654723 0.310594 76 0 153
-0.523410 -0.654723 0.411647 76 0 153
-0.455015 -0.053628 0.611702 127 0 127
0.533444 -0.234986 0.573205 127 0 127
-0.182059 0.577191 -0.444822 153 0 76
-0.563656 -0.494920 0.154216 153 0 76
-0.176934 0.538694 0.234755 153 0 76
-0.191603 0.538694 -0.504740 153 0 76
-0.004106 -0.162137 -0.438124 76 0 153
-0.192998 -0.196846 0.611702 127 0 127
0.047224 -0.279519 0.007127 76 0 153
0.549028 0.502990 0.406272 76 153 0
-0.563656 0.424721 0.158126 153 0 76
-0.563656 -0.240636 0.281367 153 0 76
0.453841 -0.654723 -0.535932 76 0 153
0.257375 0.509258 -0.559258 153 76 0
-0.512326 0.507434 -0.115727 153 0 76
-0.512326 -0.078986 0.091836 153 0 76
0.047224 -0.058085 -0.024262 76 0 153
0.549028 -0.314130 0.457200 76 153 0
-0.512326 -0.603306 -0.373234 153 0 76
0.549028 -0.535406 -0.235169 76 153 0
-0.563656 -0.131634 -0.289174 153 0 76
0.036894 -0.027310 -0.572091 153 76 0
0.549028 0.225266 -0.044400 76 153 0
-0.512326 -0.024587 -0.170134 153 0 76
0.600358 -0.293957 0.249401 76 153 0
-0.522611 -0.361852 0.573205 127 0 127
-0.006407 0.176005 0.573205 127 0 127
0.600358 -0.271800 0.322612 76 153 0
0.047224 -0.066819 -0.511560 76 0 153
-0.373965 -0.066160 0.611702 127 0 127
-0.324151 -0.532715 0.611702 127 0 127
-0.483225 0.538694 -0.397077 153 0 76
0.600358 0.301081 0.123992 76 153 0
-0.512326 0.095002 -0.505398 153 0 76
-0.472761 -0.150189 -0.610588 204 51 127
0.047224 -0.259362 -0.030298 76 0 153
-0.404104 -0.616226 0.333957 76 0 153
-0.374161 0.320619 0.611702 127 0 127
0.600358 -0.528324 0.362496 76 153 0
0.600358 0.409751 -0.356547 76 153 0
0.600358 -0.035415 -0.152229 76 153 0
-0.512326 -0.458166 -0.157247 153 0 76
-0.512326 -0.270658 0.324846 153 0 76
0.549028 0.295896 0.177387 76 153 0
0.139968 0.219846 0.573205 127 0 127
-0.354566 -0.314040 -0.572091 204 51 127
-0.512326 -0.138934 -0.435143 153 0 76
0.047224 -0.264652 -0.429418 76 0 153
-0.512326 -0.066942 0.472016 153 0 76
0.600358 0.102804 -0.195867 76 153 0
-0.563656 -0.358118 -0.178902 153 0 76
0.376700 -0.279273 -0.572091 153 76 0
-0.346820 0.305913 0.573205 127 0 127
-0.139788 -0.131339 0.573205 127 0 127
-0.355638 -0.532404 0.573205 127 0 127
-0.331437 0.444552 -0.610588 204 51 127
0.487659 -0.234234 0.573205 127 0 127
-0.463340 -0.616226 0.287409 76 0 153
-0.182010 -0.335644 0.611702 127 0 127
-0.199591 0.089449 0.611702 127 0 127
0.268169 0.577191 -0.150852 153 0 76
0.549028 -0.018456 0.547032 76 153 0
0.078947 -0.616226 -0.369609 76 0 153
-0.512326 0.291499 -0.066023 153 0 76
-0.440104 0.365560 0.611702 127 0 127
-0.263230 -0.044927 -0.572091 204 51 127
0.549028 0.163614 -0.118746 76 153 0
0.600358 -0.349009 -0.488729 76 153 0
0.228339 0.538694 -0.184527 153 0 76
-0.563656 0.107202 0.263228 153 0 76
0.004262 -0.654723 0.044388 76 0 153
0.047224 -0.198206 0.035558 76 0 153
0.047224 -0.169093 -0.123830 76 0 153
-0.512326 -0.057933 0.047855 153 0 76
0.047224 0.228835 -0.395385 76 0 153
0.398661 0.123444 0.611702 127 0 127
-0.076123 0.249332 -0.572091 153 76 0
-0.004106 -0.201630 -0.543705 76 0 153
0.047224 0.282774 0.018589 76 0 153
0.006761 -0.616226 -0.102950 76 0 153
-0.563656 -0.219611 0.506908 153 0 76
0.009475 -0.654723 0.219561 76 0 153
0.600358 0.252455 0.287936 76 153 0
0.218488 0.431258 0.611702 127 0 127
0.536416 -0.211450 0.611702 127 0 127
-0.147606 -0.616226 -0.082826 76 0 153
-0.291507 -0.414169 -0.572091 204 51 127
0.578013 -0.616226 0.496547 76 153 0
-0.441117 0.538694 -0.090645 153 0 76
0.600358 -0.129207 0.292206 76 153 0
0.600358 -0.026749 0.318827 76 153 0
0.549028 -0.221677 0.172952 76 153 0
0.549028 -0.553396 0.506398 76 153 0
-0.512326 -0.179615 -0.375386 153 0 76
0.600358 0.483711 -0.074039 76 153 0
-0.537244 -0.053562 0.573205 127 0 127
0.077246 0.420598 -0.572091 153 76 0
-0.004106 -0.378741 0.265174 76 0 153
-0.562146 -0.654723 -0.367682 76 0 153
0.115543 0.243314 0.611702 127 0 127
0.253901 -0.616226 0.108476 76 0 153
-0.512326 -0.189668 0.477025 153 0 76
0.439859 0.538694 0.510093 153 0 76
0.549028 -0.061620 0.324945 76 153 0
0.148261 0.173461 -0.572091 153 76 0
0.549028 0.080895 -0.449990 76 153 0
0.600358 0.435296 0.450722 76 153 0
0.600358 -0.408007 -0.206943 76 153 0
-0.544696 0.538694 -0.364701 153 0 76
-0.132934 -0.371894 0.573205 127 0 127
-0.004106 0.466554 0.500717 76 0 153
-0.004106 0.396980 0.503817 76 0 153
-0.417863 0.577191 -0.322819 153 0 76
-0.004106 0.004319 0.336886 76 0 153
0.204862 0.538694 -0.151149 153 0 76
-0.563656 -0.167960 0.162115 153 0 76
0.047224 -0.116971 0.120466 76 0 153
0.223072 0.577191 -0.215406 153 0 76
0.357766 0.171081 0.573205 127 0 127
-0.512326 0.265908 -0.123636 153 0 76
-0.563656 -0.153050 -0.208545 153 0 76
-0.500262 0.538694 0.453881 153 0 76
-0.348350 -0.458249 0.573205 127 0 127
0.445865 0.314585 -0.559258 0 0 255
0.549028 -0.567464 0.104624 76 153 0
0.600358 0.220338 0.577548 76 153 0
-0.262747 -0.654723 0.374328 76 0 153
-0.563656 0.305348 0.543373 153 0 76
0.047224 -0.505088 0.425368 76 0 153
-0.106937 -0.654723 -0.192809 76 0 153
0.285971 -0.616226 0.042559 76 0 153
-0.468112 -0.458530 -0.559258 153 76 0
0.549028 -0.186172 0.416146 76 153 0
-0.000361 -0.654723 -0.158729 76 0 153
-0.032243 0.256190 0.573205 127 0 127
-0.563656 0.490039 0.442800 153 0 76
-0.004106 0.187830 0.373856 76 0 153
-0.263050 -0.443544 0.573205 127 0 127
0.549028 -0.269215 0.114815 76 153 0
-0.004106 0.450204 0.444683 76 0 153
-0.563656 -0.505950 -0.281712 153 0 76
0.292379 -0.257515 -0.586535 0 0 255
-0.563656 -0.546841 -0.036987 153 0 76
0.047224 -0.131652 -0.354236 76 0 153
0.047224 -0.120933 0.317240 76 0 153
0.549028 -0.106093 0.000751 76 153 0
0.542559 0.371133 0.573205 76 153 0
0.047224 -0.206665 0.237487 76 0 153
0.171713 0.538694 0.170355 153 0 76
-0.467313 0.577191 0.375983 153 0 76
0.162219 0.538694 0.533465 153 0 76
-0.004106 0.091908 0.505091 76 0 153
-0.046467 0.461341 -0.572091 153 76 0
0.240964 -0.017073 -0.572091 153 76 0
0.561644 -0.312631 0.611702 127 0 127
-0.004106 -0.393734 -0.333532 76 0 153
-0.563656 -0.386196 0.242602 153 0 76
-0.004106 0.033820 -0.134970 76 0 153
0.373308 -0.654723 0.212887 76 0 153
0.482257 -0.001256 -0.559258 153 76 0
-0.255677 0.412019 -0.579935 153 76 0
0.549028 -0.467627 0.426874 76 153 0
-0.563656 0.007655 -0.417833 153 0 76
-0.098613 -0.193444 -0.559258 153 76 0
-0.563656 0.105506 0.382336 153 0 76
0.549028 -0.556939 -0.338917 76 153 0
-0.512326 0.257808 -0.343521 153 0 76
0.131403 0.572652 0.573205 153 0 76
-0.004106 0.530454 -0.441967 76 0 153
-0.004106 -0.292961 -0.206185 76 0 153
-0.083077 -0.616226 -0.349115 76 0 153
-0.028822 -0.527180 -0.572091 153 76 0
-0.291483 0.471384 -0.610588 204 51 127
0.549028 -0.305321 -0.576177 76 153 0
0.549028 0.053454 0.020934 76 153 0
0.600358 0.315625 0.046490 76 153 0
0.600358 -0.625751 -0.006227 76 0 153
-0.512326 -0.108809 -0.531304 153 0 76
0.600358 -0.375776 -0.183004 76 153 0
-0.512326 0.339058 -0.430886 153 0 76
0.600358 0.103595 0.512576 76 153 0
0.549028 0.043399 -0.377417 76 153 0
0.169811 0.577191 0.502324 153 0 76
0.037925 -0.654723 0.243350 76 0 153
-0.004106 -0.332566 -0.315043 76 0 153
-0.563656 -0.161938 0.017198 153 0 76
0.566145 -0.616226 -0.436600 76 153 0
-0.563656 -0.580543 0.054282 153 0 76
0.295998 0.538694 0.260363 153 0 76
-0.004106 0.423764 -0.482160 76 0 153
-0.492005 -0.184412 0.573205 127 0 127
0.443830 -0.654723 -0.045780 76 0 153
0.047224 0.125868 -0.379749 76 0 153
0.047224 0.453200 0.283764 76 0 153
-0.369404 -0.592116 -0.610588 204 51 127
0.328481 -0.616226 0.190763 76 0 153
0.549028 0.158197 -0.463383 76 153 0
-0.004106 0.079462 -0.236302 76 0 153
0.059615 -0.616226 0.166726 76 0 153
0.454559 -0.605262 -0.572091 76 0 153
-0.004106 0.105419 -0.003960 76 0 153
0.047224 0.410295 0.248350 76 0 153
0.456341 -0.616226 -0.337657 76 0 153
0.549028 -0.405671 0.476896 76 153 0
-0.512326 -0.475931 -0.004440 153 0 76
-0.102605 0.577191 -0.291525 153 0 76
0.537854 -0.654723 -0.231374 76 0 153
0.073542 -0.616226 0.342638 76 0 153
0.365829 0.267868 -0.572091 153 76 0
-0.563656 -0.047916 0.131092 153 0 76
0.600358 0.316296 0.440259 76 153 0
0.047224 0.431263 0.213899 76 0 153
0.549028 0.499031 -0.524586 76 153 0
0.549028 0.501169 -0.399402 76 153 0
-0.004106 -0.120269 0.373248 76 0 153
-0.004106 -0.324452 0.452843 76 0 153
0.577786 0.350169 0.569996 76 153 0
-0.490268 0.577191 -0.134679 153 0 76
0.102987 0.538694 -0.359310 153 0 76
0.047224 0.153066 0.147401 76 0 153
-0.145774 0.335208 0.573205 127 0 127
0.047224 0.223360 0.174245 76 0 153
-0.357324 -0.454105 -0.559258 204 51 127
-0.512326 -0.131429 0.134360 153 0 76
0.549028 0.414671 0.102308 76 153 0
-0.512326 -0.003479 0.341783 153 0 76
-0.512326 -0.234949 -0.095952 153 0 76
0.555884 -0.648035 -0.610588 76 0 153
-0.124349 -0.289016 0.611702 127 0 127
0.101507 -0.654723 -0.530068 76 0 153
0.012606 0.426281 0.573205 76 0 153
0.077330 -0.454260 0.573205 127 0 127
0.560094 -0.616226 -0.233548 76 0 153
-0.563656 0.287952 0.165413 153 0 76
0.549028 0.005864 -0.439176 76 153 0
-0.280024 -0.616226 0.069041 76 0 153
0.395914 -0.457160 -0.610588 0 0 255
0.260957 -0.024314 0.573205 127 0 127
0.549028 0.501564 0.522794 76 153 0
-0.302737 0.205508 -0.572091 153 76 0
0.099736 -0.654723 0.389578 76 0 153
-0.563656 0.511333 0.122460 153 0 76
0.074463 -0.581373 0.573205 127 0 127
-0.174134 -0.413270 -0.559258 153 76 0
-0.512326 0.157481 0.369456 153 0 76
0.047224 0.098724 0.057797 76 0 153
0.333549 -0.202325 -0.610588 0 0 255
-0.138316 -0.435316 0.573205 127 0 127
-0.512326 -0.240720 -0.269005 153 0 76
-0.116896 -0.106504 -0.559258 153 76 0
0.600358 -0.391688 -0.391634 76 153 0
-0.563656 -0.542898 -0.267675 153 0 76
-0.374782 0.577191 -0.067722 153 0 76
-0.452262 -0.654723 -0.481198 76 0 153
0.549028 0.089803 0.440335 76 153 0
0.181643 0.538694 0.019999 153 0 76
0.526598 0.538694 -0.479121 153 0 76
-0.563656 -0.311974 0.191085 153 0 76
0.588146 -0.616226 -0.156360 76 153 0
0.584717 -0.616226 0.321072 76 0 153
-0.563656 -0.129197 0.164668 153 0 76
0.427081 0.003218 0.611702 127 0 127
-0.022317 0.538694 0.039428 153 0 76
-0.004106 -0.126061 -0.543485 76 0 153
-0.383395 0.538694 -0.136396 153 0 76
-0.004106 0.443815 0.390665 76 0 153
0.549028 0.124962 -0.201315 76 153 0
0.047224 -0.200644 -0.487919 76 0 153
0.187578 -0.616226 0.431560 76 0 153
0.130802 -0.059417 0.573205 127 0 127
-0.209420 0.538694 -0.423617 153 0 76
0.549028 0.089710 -0.373312 76 153 0
0.302922 -0.239436 0.573205 127 0 127
-0.512326 -0.022239 -0.043690 153 0 76
-0.022703 -0.616226 -0.273623 76 0 153
-0.329701 -0.351180 -0.610588 204 51 127
0.600358 0.244382 -0.121757 76 153 0
0.047224 0.268637 0.239745 76 0 153
-0.133449 0.410023 -0.572091 153 76 0
0.321063 0.577191 -0.319927 153 0 76
-0.059275 -0.428538 -0.559258 153 76 0
-0.234003 0.538694 0.252350 153 0 76
-0.512326 0.446141 0.240151 153 0 76
-0.255158 -0.495511 0.611702 127 0 127
0.047224 -0.054258 0.106359 76 0 153
0.600358 -0.553703 -0.018084 76 153 0
0.600358 0.034161 0.468271 76 153 0
-0.529224 -0.616226 0.339190 153 0 76
0.047224 -0.242560 0.455097 76 0 153
-0.102757 0.538694 -0.176526 153 0 76
-0.108374 -0.654723 -0.445394 76 0 153
-0.563656 -0.535830 0.276365 153 0 76
0.526614 -0.654723 0.311067 76 0 153
-0.004106 -0.277478 0.397095 76 0 153
0.549028 -0.562538 0.024527 76 153 0
0.023870 -0.454733 0.611702 127 0 127
0.225685 -0.654723 0.541794 76 0 153
-0.563656 -0.597171 0.313577 153 0 76
-0.439525 0.232833 -0.559258 153 76 0
-0.401136 -0.616226 0.409086 76 0 153
-0.512326 -0.579917 -0.256783 153 0 76
-0.004106 0.032541 0.271681 76 0 153
0.047224 -0.407574 0.080330 76 0 153
0.600358 0.468540 -0.126605 76 153 0
0.070708 0.577191 0.126942 153 0 76
-0.450078 -0.654723 0.408634 76 0 153
0.600358 -0.333446 0.037960 76 153 0
-0.450590 0.302583 -0.572091 204 51 127
0.380493 0.008475 -0.610588 0 0 255
-0.563656 -0.186910 -0.334668 153 0 76
0.549028 -0.087223 -0.274203 76 153 0
0.600358 -0.404219 -0.065706 76 153 0
0.013777 0.345879 0.557164 127 0 127
0.136626 -0.654723 0.444968 76 0 153
0.396241 0.136532 -0.572091 153 76 0
-0.128095 0.236357 0.611702 127 0 127
0.047224 0.207374 0.503119 76 0 153
-0.004106 -0.538189 0.387279 76 0 153
-0.512326 0.284464 -0.203628 153 0 76
0.047224 0.143811 0.207078 76 0 153
-0.103910 0.577191 0.291053 153 0 76
-0.545926 0.429254 0.573205 127 0 127
-0.306289 0.080932 0.573205 127 0 127
-0.189604 0.577191 -0.223382 153 0 76
0.549028 -0.230206 0.236244 76 153 0
-0.512326 -0.308761 -0.103205 153 0 76
-0.114360 0.095051 0.611702 127 0 127
-0.336271 0.538694 -0.476739 153 0 76
-0.401203 0.433917 0.611702 127 0 127
0.052318 -0.654723 -0.561450 76 0 153
0.317795 -0.616226 -0.414503 76 0 153
0.434744 0.259131 0.611702 127 0 127
0.600358 0.241744 0.435490 76 153 0
-0.563656 -0.015247 -0.205463 153 0 76
-0.405166 0.452470 0.573205 127 0 127
-0.019867 0.538694 0.309816 153 0 76
0.047224 -0.342390 0.251170 76 0 153
-0.407804 -0.616226 0.177311 76 0 153
-0.243875 0.577191 -0.485240 153 0 76
0.600358 0.372517 0.504815 76 153 0
0.600358 -0.141447 -0.429617 76 153 0
-0.081874 -0.222771 0.573205 127 0 127
-0.541373 0.538693 0.147391 153 0 76
0.382744 -0.616226 -0.384691 76 0 153
-0.563656 -0.495115 -0.062502 153 0 76
-0.204506 -0.654723 0.556554 76 0 153
0.549028 -0.072313 0.033309 76 153 0
0.414666 0.538694 0.547126 153 0 76
-0.563656 -0.461389 0.098986 153 0 76
-0.563656 0.394370 0.315006 153 0 76
-0.563656 0.414614 -0.048098 153 0 76
-0.290362 0.204749 0.611702 127 0 127
0.246620 -0.654723 -0.213919 76 0 153
-0.004106 0.377604 -0.228238 76 0 153
0.146456 -0.616226 -0.382279 76 0 153
0.549028 0.061341 0.171957 76 153 0
-0.554919 0.538694 -0.224872 153 0 76
0.488787 0.538694 0.006736 153 0 76
-0.478187 -0.253537 0.573205 127 0 127
0.082137 -0.310519 0.611702 127 0 127
0.362796 -0.126578 -0.572091 0 0 255
-0.411967 0.577191 -0.375376 153 0 76
-0.450784 -0.654723 -0.241493 76 0 153
0.554456 -0.481967 -0.610588 76 153 0
0.211058 -0.654723 -0.521110 76 0 153
-0.463398 -0.380400 0.573205 127 0 127
-0.512326 -0.375987 0.526387 153 0 76
-0.203021 0.538694 -0.248641 153 0 76
0.066262 -0.616226 -0.537231 153 76 0
-0.563656 0.448595 -0.243170 153 0 76
-0.272860 0.084264 -0.572091 153 76 0
0.549028 -0.441128 0.464695 76 153 0
-0.032042 -0.654723 0.280767 76 0 153
-0.512326 -0.394766 -0.185153 153 0 76
-0.540518 0.538693 0.382580 153 0 76
-0.512326 -0.541945 -0.127987 153 0 76
-0.004106 0.260575 0.163911 76 0 153
-0.463544 -0.359915 -0.610588 204 51 127
0.549028 0.191093 0.040363 76 153 0
0.271467 -0.206256 0.611702 127 0 127
-0.004106 -0.409473 0.530950 76 0 153
0.501608 0.577191 0.168422 153 0 76
-0.297487 -0.000367 0.611702 127 0 127
-0.089717 -0.585182 -0.559258 153 76 0
0.294007 -0.654723 -0.061651 76 0 153
0.558172 -0.654723 -0.320570 76 0 153
-0.563656 -0.325279 -0.509496 153 0 76
0.047224 -0.496501 -0.071037 76 0 153
0.556392 0.538693 0.536010 76 153 0
-0.418813 -0.407278 -0.572091 153 76 0
0.271667 -0.616226 0.535931 76 0 153
0.325644 0.056112 0.573205 127 0 127
0.577203 0.577191 -0.271176 153 0 76
-0.563656 -0.192531 -0.282908 153 0 76
-0.563656 0.456020 0.283882 153 0 76
-0.004106 0.488304 0.235711 76 0 153
0.503639 -0.654723 0.261550 76 0 153
0.121341 0.577191 -0.372183 153 0 76
-0.563656 0.387465 -0.086804 153 0 76
0.207503 -0.063465 0.573205 127 0 127
0.549028 -0.565721 -0.577435 153 76 0
-0.485190 0.538694 -0.265184 153 0 76
0.425236 0.502976 -0.572091 153 76 0
0.178863 0.538694 -0.054278 153 0 76
-0.512326 -0.059311 -0.251876 153 0 76
0.006367 -0.244155 -0.559258 76 0 153
-0.356033 -0.654723 0.312216 76 0 153
0.589012 -0.123908 -0.610588 76 153 0
0.549028 0.030811 -0.048171 76 153 0
0.207046 0.173958 0.611702 127 0 127
-0.512326 0.297453 0.330468 153 0 76
0.457538 0.144227 -0.610588 0 0 255
0.549028 -0.305850 -0.449931 76 153 0
0.047224 0.191883 -0.349990 76 0 153
0.549028 -0.418102 0.392715 76 153 0
0.082883 -0.654723 -0.486858 76 0 153
-0.168388 -0.616226 0.278612 76 0 153
0.047224 -0.444004 0.277117 76 0 153
0.600358 0.129954 -0.268485 76 153 0
0.600358 -0.608876 -0.583203 76 153 0
-0.563656 -0.229060 0.440968 153 0 76
0.098111 0.265031 -0.572091 153 76 0
0.416240 -0.616226 0.307718 76 0 153
0.549028 0.099121 0.232961 76 153 0
-0.397771 -0.189465 -0.572091 153 76 0
-0.249403 -0.616226 0.424990 76 0 153
0.600358 0.403281 0.021810 76 153 0
-0.512326 0.345335 0.482143 153 0 76
0.350501 -0.616226 0.497135 76 0 153
0.277597 0.577191 0.202646 153 0 76
-0.415523 -0.651515 0.577988 76 0 153
-0.234931 0.052694 0.573205 127 0 127
-0.250265 0.538694 -0.115953 153 0 76
0.047224 0.404816 -0.216902 76 0 153
0.440642 0.577191 0.477964 153 0 76
-0.142927 0.573983 0.588511 127 0 127
0.599768 0.019083 0.569996 76 153 0
-0.292218 -0.494114 0.573205 127 0 127
-0.297309 -0.654723 -0.381093 76 0 153
0.449030 0.538694 0.311067 153 0 76
0.047224 0.232176 0.218064 76 0 153
0.549028 0.376435 -0.474840 76 153 0
0.487504 0.577191 -0.353775 153 0 76
-0.004106 0.010837 -0.403064 76 0 153
0.002233 -0.654723 0.086612 76 0 153
0.047224 -0.199854 0.516270 76 0 153
0.567004 -0.654723 0.121250 76 0 153
-0.173403 -0.654723 0.181887 76 0 153
0.281452 -0.616226 -0.115113 76 0 153
-0.144570 0.538694 0.479633 153 0 76
-0.512326 -0.512724 0.117233 153 0 76
-0.004106 -0.255294 0.007990 76 0 153
-0.563656 0.228225 0.221904 153 0 76
0.549028 0.412006 -0.234698 76 153 0
0.600358 0.564350 0.054295 153 0 76
-0.563656 0.517363 -0.563572 153 0 76
0.600358 0.543646 -0.608643 76 153 0
0.140548 -0.654723 0.189433 76 0 153
-0.004106 0.353841 0.305530 76 0 153
-0.004106 -0.064036 -0.045904 76 0 153
0.549028 -0.413992 0.126828 76 153 0
0.070161 -0.616226 -0.142529 76 0 153
0.412754 -0.253507 -0.610588 0 0 255
0.047224 0.345707 -0.032962 76 0 153
-0.522643 0.371842 -0.610588 153 0 76
0.047224 0.447125 -0.171741 76 0 153
-0.434409 -0.654723 0.202568 76 0 153
0.600358 0.057171 0.556511 127 0 127
0.549028 -0.527481 -0.126867 76 153 0
-0.563656 0.305500 0.423216 153 0 76
-0.218395 0.538694 -0.464578 153 0 76
-0.300389 0.538694 0.289972 153 0 76
0.047224 -0.372774 -0.498239 76 0 153
-0.231688 -0.616226 -0.225165 76 0 153
-0.543410 0.244046 0.569996 153 0 76
-0.004106 0.104811 -0.064957 76 0 153
0.047224 -0.459388 0.437054 76 0 153
0.549028 0.428348 0.370657 76 153 0
0.417144 -0.654723 0.541518 76 0 153
0.549028 -0.190249 -0.147917 76 153 0
0.047224 -0.088065 0.527040 76 0 153
-0.191928 0.538694 -0.202664 153 0 76
-0.049653 -0.465368 -0.559258 153 76 0
-0.563656 0.063501 -0.202249 153 0 76
0.488569 0.230479 -0.559258 153 76 0
-0.512326 0.104899 -0.594021 204 51 127
-0.563656 0.323440 0.277592 153 0 76
0.128356 0.503449 -0.572091 153 76 0
-0.563656 -0.180745 0.095381 153 0 76
0.242698 0.490814 0.611702 127 0 127
0.290217 -0.493183 0.611702 127 0 127
-0.563656 0.569760 -0.307418 153 0 76
-0.563656 -0.651141 -0.309254 76 0 153
-0.449209 0.577191 0.479948 153 0 76
0.470846 0.371017 0.573205 127 0 127
0.600358 -0.368898 -0.055714 76 153 0
-0.070873 0.577191 0.221926 153 0 76
0.211734 -0.616226 -0.128139 76 0 153
0.189815 -0.651440 0.569996 127 0 127
-0.113415 -0.244396 0.611702 127 0 127
-0.512326 0.343075 0.315962 153 0 76
-0.456961 0.577191 -0.492508 153 0 76
-0.116277 0.577191 0.521956 153 0 76
0.047224 -0.358022 0.009165 76 0 153
0.515030 -0.654723 -0.358391 76 0 153
0.575497 0.538694 -0.272984 153 0 76
0.301147 -0.076749 -0.610588 0 0 255
-0.218947 0.538694 0.069105 153 0 76
0.046510 0.129958 0.573205 127 0 127
0.547350 0.577191 0.386204 153 0 76
0.449218 0.323651 0.611702 127 0 127
-0.512326 0.366838 0.040660 153 0 76
-0.004106 -0.199011 -0.350113 76 0 153
0.448756 0.477980 -0.610588 0 0 255
0.548554 0.096779 -0.610588 0 0 255
-0.563656 -0.084156 0.142925 153 0 76
-0.280825 -0.654723 -0.157949 76 0 153
-0.142490 -0.616226 0.456334 76 0 153
-0.563656 -0.009674 0.283900 153 0 76
0.041117 -0.290777 0.573205 127 0 127
0.549028 -0.204634 -0.366755 76 153 0
0.215919 -0.382824 -0.559258 153 76 0
-0.114024 -0.616226 0.168155 76 0 153
-0.563656 -0.591648 0.519880 153 0 76
-0.289452 0.538694 0.117369 153 0 76
0.047224 0.083024 0.235260 76 0 153
0.382180 0.577191 0.452983 153 0 76
0.600358 -0.583113 0.408777 76 153 0
0.407374 0.538694 -0.225036 153 0 76
-0.271008 0.262702 0.611702 127 0 127
0.307635 0.577191 -0.200896 153 0 76
-0.004106 0.249023 0.371885 76 0 153
0.190401 0.577191 -0.474596 153 0 76
-0.482508 -0.107053 0.573205 127 0 127
0.549028 0.276953 0.318860 76 153 0
-0.512326 0.304918 -0.403082 153 0 76
0.549028 0.423615 0.477516 76 153 0
-0.409582 0.538694 0.101783 153 0 76
0.047224 -0.404578 -0.213275 76 0 153
-0.091891 -0.111938 0.611702 127 0 127
-0.297057 -0.654723 0.092905 76 0 153
0.340997 0.204578 0.573205 127 0 127
0.023513 -0.385900 0.611702 127 0 127
-0.512326 -0.467592 0.391947 153 0 76
0.383408 -0.191591 -0.610588 0 0 255
-0.433284 0.538694 0.138056 153 0 76
0.600358 0.139783 -0.421420 76 153 0
0.600358 -0.332694 0.362297 76 153 0
0.047224 -0.523365 -0.203539 76 0 153
-0.512326 0.267546 -0.430982 153 0 76
-0.563656 0.347163 -0.468302 153 0 76
0.549028 0.492968 0.012899 76 153 0
-0.563656 -0.280518 -0.574490 153 0 76
0.419724 0.511696 0.573205 127 0 127
0.358643 0.352896 0.573205 127 0 127
-0.014427 0.538694 0.117419 153 0 76
-0.512326 -0.322096 -0.266121 153 0 76
0.047224 -0.041980 -0.082225 76 0 153
0.549028 -0.015709 -0.161164 76 153 0
0.186018 0.538694 -0.552210 153 76 0
0.143167 -0.616226 -0.085421 76 0 153
-0.512326 -0.004873 -0.468577 153 0 76
-0.004106 -0.075286 0.050992 76 0 153
0.600358 -0.276843 0.365165 76 153 0
-0.004106 0.043126 -0.441731 76 0 153
0.600358 -0.162752 -0.487641 76 153 0
0.549028 0.038707 0.208238 76 153 0
0.571894 0.425349 0.569996 127 0 127
0.549028 0.515849 0.061151 76 153 0
0.204369 0.577191 0.387358 153 0 76
-0.538813 -0.616226 -0.074175 153 0 76
0.030735 -0.654723 -0.492674 76 0 153
-0.089847 -0.651515 0.593699 127 0 127
-0.004106 -0.384081 0.443818 76 0 153
-0.563656 0.246514 0.424561 153 0 76
0.194862 -0.654723 -0.011043 76 0 153
-0.563656 -0.574255 -0.582392 153 0 76
0.549028 0.509061 0.314385 76 153 0
-0.469102 0.161923 -0.572091 153 76 0
0.420103 0.577191 0.407755 153 0 76
0.450340 -0.654723 0.447219 76 0 153
0.400477 -0.329010 0.573205 127 0 127
0.020152 0.573983 0.576516 153 0 76
-0.530801 -0.583414 -0.610588 153 0 76
0.251232 0.538694 0.367794 153 0 76
0.600358 -0.096423 0.259916 76 153 0
0.600358 -0.456945 0.061561 76 153 0
0.047224 -0.287062 0.375028 76 0 153
0.047224 0.459476 -0.092551 76 0 153
0.600358 -0.256224 0.152141 76 153 0
0.600358 -0.099163 -0.376254 76 153 0
0.600358 0.116065 -0.582312 76 153 0
-0.359052 0.538694 0.207539 153 0 76
-0.431957 -0.054336 -0.572091 153 76 0
0.600358 -0.343151 0.239739 76 153 0
-0.004106 -0.513783 0.425516 76 0 153
0.247047 -0.486052 -0.559258 153 76 0
0.570201 0.385113 0.611702 127 0 127
0.250759 0.538694 0.519091 153 0 76
-0.177558 -0.077585 0.611702 127 0 127
0.047224 -0.452842 -0.117447 76 0 153
0.600358 0.351349 0.298853 76 153 0
0.511249 0.541699 0.569996 153 0 76
0.549028 -0.198410 -0.256599 76 153 0
0.582801 -0.654723 -0.456485 76 0 153
0.490997 0.376811 0.611702 127 0 127
-0.563656 0.148910 -0.273073 153 0 76
-0.376753 -0.654723 -0.591051 76 0 153
0.258496 0.430215 0.611702 127 0 127
0.333623 0.577191 0.404489 153 0 76
-0.231897 -0.651515 0.586817 76 0 153
-0.085365 -0.310610 -0.572091 153 76 0
0.550392 -0.616226 0.345513 76 153 0
0.501222 0.577191 -0.291698 153 0 76
0.123361 -0.381775 -0.559258 153 76 0
0.590670 0.502427 0.611702 127 0 127
-0.387151 0.577191 0.350427 153 0 76
0.423817 -0.232160 0.611702 127 0 127
-0.512326 -0.153376 0.224571 153 0 76
-0.415458 0.184862 0.611702 127 0 127
-0.320400 -0.654723 0.515733 76 0 153
-0.533167 0.488535 0.611702 127 0 127
0.047224 -0.216559 0.136522 76 0 153
0.194271 -0.654723 0.327282 76 0 153
0.303389 -0.571717 -0.610588 0 0 255
0.600358 0.451933 -0.475127 76 153 0
0.200988 0.467872 0.647398 0 127 127
0.600358 -0.231977 0.522298 76 153 0
0.458613 0.538694 0.209296 153 0 76
-0.495072 -0.278116 0.611702 127 0 127
-0.563656 -0.381513 -0.504089 153 0 76
-0.487661 -0.616226 -0.438132 76 0 153
-0.279842 0.577191 -0.152025 153 0 76
0.213819 0.524933 -0.572091 153 76 0
0.600358 -0.034402 -0.200033 76 153 0
0.267027 0.320638 0.611702 127 0 127
0.600358 -0.208854 0.338472 76 153 0
-0.512326 0.509142 -0.478011 153 0 76
0.210038 0.577191 0.132876 153 0 76
0.532415 0.026774 -0.610588 0 0 255
0.600358 -0.412707 -0.245853 76 153 0
-0.317544 -0.616226 -0.162389 76 0 153
0.598849 -0.525584 0.573205 127 0 127
0.250985 -0.203873 -0.572091 153 76 0
-0.482486 0.502735 -0.572091 153 76 0
-0.093995 -0.616226 -0.438950 76 0 153
0.600358 -0.561222 -0.123153 76 153 0
0.058278 -0.654723 0.002852 76 0 153
-0.098167 0.538694 0.219499 153 0 76
0.245852 0.548515 0.611702 127 0 127
-0.563656 -0.567674 0.143989 153 0 76
0.147193 0.577191 0.113098 153 0 76
-0.389172 0.577191 0.564441 127 0 127
0.242501 0.136237 0.573205 127 0 127
0.549028 0.423380 -0.160580 76 153 0
0.403110 0.577191 0.271326 153 0 76
0.047224 0.019177 -0.353994 76 0 153
0.047224 -0.392581 -0.434446 76 0 153
-0.548115 0.538693 0.430291 153 0 76
0.549028 -0.161925 0.069639 76 153 0
0.183450 -0.654723 0.122963 76 0 153
-0.512326 0.488215 0.232705 153 0 76
0.047224 -0.571836 -0.009540 76 0 153
-0.186479 0.258685 -0.572091 153 76 0
-0.221311 -0.178425 -0.572091 153 76 0
0.600358 -0.189990 -0.246802 76 153 0
0.549028 -0.533880 -0.439375 76 153 0
-0.383102 -0.616226 0.538916 76 0 153
-0.448928 0.538694 0.270460 153 0 76
-0.512326 0.114427 0.487464 153 0 76
-0.439231 -0.616226 -0.151733 76 0 153
0.292379 0.172112 -0.587526 0 0 255
-0.138905 0.538694 -0.252639 153 0 76
0.047224 -0.223735 0.421832 76 0 153
-0.512326 -0.573028 -0.443699 153 0 76
-0.563656 -0.066311 0.461990 153 0 76
0.600358 0.496116 0.445021 76 153 0
-0.563656 0.178615 0.260034 153 0 76
0.549028 -0.026710 0.095200 76 153 0
0.359303 -0.616226 0.358046 76 0 153
0.600358 0.288433 0.544870 76 153 0
-0.004106 0.212198 -0.189212 76 0 153
-0.411797 0.190333 -0.610588 204 51 127
0.409449 -0.112324 -0.572091 153 76 0
-0.045093 -0.363676 0.611702 127 0 127
-0.489505 0.154083 0.611702 127 0 127
-0.373544 0.340942 0.573205 127 0 127
-0.004106 0.250100 -0.155453 76 0 153
-0.394881 -0.650836 0.611702 127 0 127
0.571688 -0.616226 0.154762 76 0 153
-0.142662 0.538694 -0.351198 153 0 76
0.047224 -0.329562 0.150000 76 0 153
-0.359700 0.561753 0.611702 127 0 127
-0.468332 -0.616226 0.029523 76 0 153
0.549028 0.133894 0.295816 76 153 0
-0.049341 -0.125601 -0.572091 153 76 0
-0.512326 -0.142285 -0.520057 153 0 76
-0.512326 0.007080 -0.200186 153 0 76
0.292738 0.538694 0.395462 153 0 76
0.047224 0.360243 0.045070 76 0 153
0.335168 -0.439112 0.611702 127 0 127
0.423917 0.207254 -0.572091 0 0 255
0.214065 0.007258 -0.572091 153 76 0
0.600358 -0.046589 -0.482222 76 153 0
-0.508893 -0.023764 0.573205 153 0 76
0.517366 -0.654723 0.541319 76 0 153
0.600358 0.484668 -0.395970 76 153 0
-0.101867 0.577191 -0.028391 153 0 76
-0.563656 -0.461496 0.041614 153 0 76
-0.060495 0.577191 0.116160 153 0 76
-0.512326 0.495203 0.096055 153 0 76
-0.512326 -0.080155 0.414358 153 0 76
0.166851 -0.133440 0.611702 127 0 127
-0.512326 0.428289 0.118069 153 0 76
0.273115 -0.616226 -0.523330 76 0 153
0.018104 -0.609092 0.611702 127 0 127
0.047224 -0.180885 -0.420667 76 0 153
-0.512326 -0.347177 0.273856 153 0 76
0.543093 0.417033 -0.610588 76 153 0
0.549028 -0.512600 0.328246 76 153 0
0.086747 0.577191 0.012209 153 0 76
0.262740 0.577191 0.440934 153 0 76
-0.285676 0.538694 0.208553 153 0 76
0.062606 0.538694 -0.388894 153 0 76
-0.307832 0.366271 0.573205 127 0 127
0.549028 -0.049010 -0.454516 76 153 0
-0.563656 -0.129417 -0.238771 153 0 76
-0.323247 0.018820 -0.572091 204 51 127
0.579864 -0.239674 -0.610588 76 153 0
-0.512326 -0.216917 0.310385 153 0 76
0.067734 0.538694 -0.018406 153 0 76
0.075140 0.577191 -0.523046 153 0 76
0.367016 -0.055881 -0.559258 0 0 255
0.258075 0.538694 -0.207456 153 0 76
0.357946 -0.010239 0.611702 127 0 127
0.600358 0.064046 0.017164 76 153 0
0.549028 -0.122203 -0.455170 76 153 0
0.058681 0.577191 -0.596827 153 0 76
-0.563656 -0.320393 0.416010 153 0 76
0.600358 -0.331986 -0.094308 76 153 0
0.549028 -0.451406 0.265031 76 153 0
-0.512326 -0.489666 -0.078847 153 0 76
-0.397756 0.577191 0.107718 153 0 76
0.549028 0.186960 -0.490329 76 153 0
-0.294641 0.577191 0.299094 153 0 76
-0.205819 0.577191 0.300909 153 0 76
0.600358 0.265777 -0.251297 76 153 0
0.143371 0.372073 0.573205 127 0 127
0.079721 -0.039664 0.573205 127 0 127
-0.563656 -0.462603 -0.140784 153 0 76
0.600358 -0.174181 -0.071710 76 153 0
0.549028 -0.211774 0.282149 76 153 0
0.433682 -0.539421 0.611702 127 0 127
0.530464 -0.629980 0.611702 127 0 127
0.600358 0.423127 0.383474 76 153 0
-0.237378 0.577191 -0.519773 153 0 76
-0.026097 -0.581489 0.573205 127 0 127
-0.112753 -0.418492 -0.572091 153 76 0
-0.318904 0.269020 -0.559258 153 76 0
0.549028 0.478346 -0.116585 76 153 0
-0.563656 0.486024 -0.308281 153 0 76
-0.512326 -0.307836 -0.158108 153 0 76
-0.318741 -0.556482 -0.610588 204 51 127
-0.195371 -0.476964 0.573205 127 0 127
0.037215 -0.616226 0.044663 76 0 153
0.484891 0.237720 0.573205 127 0 127
-0.150718 -0.654723 -0.167463 76 0 153
0.071800 -0.616226 0.451959 76 0 153
-0.563656 -0.546132 -0.342293 153 0 76
0.512605 -0.399039 0.573205 127 0 127
-0.563656 0.444747 0.396955 153 0 76
0.549028 0.094566 0.522281 76 153 0
-0.004106 0.354561 0.105468 76 0 153
-0.427006 -0.616226 -0.264209 76 0 153
0.444335 0.056744 -0.572091 153 76 0
0.549028 -0.249618 -0.353763 76 153 0
0.541166 -0.654723 0.226504 76 0 153
-0.529683 -0.491998 0.573205 153 0 76
0.600358 0.568868 0.349062 153 0 76
-0.563656 0.146636 0.434346 153 0 76
-0.428633 0.242151 0.611702 127 0 127
0.266143 0.538694 -0.263602 153 0 76
-0.563656 -0.348111 -0.227309 153 0 76
0.074236 0.538694 0.113873 153 0 76
0.019091 -0.141940 0.573205 127 0 127
-0.563656 0.071922 -0.358123 153 0 76
0.061097 0.577191 0.483762 153 0 76
0.600358 -0.499415 -0.101521 76 153 0
-0.270448 -0.616226 0.353594 76 0 153
0.549028 -0.431781 -0.074923 76 153 0
-0.239846 0.224745 -0.572091 153 76 0
-0.004106 -0.200343 0.499428 76 0 153
0.201238 0.303127 0.573205 127 0 127
0.487118 0.577191 -0.540670 153 0 76
-0.512326 0.008454 0.554024 127 0 127
-0.330117 0.418583 -0.572091 153 76 0
0.292379 0.012392 -0.582022 0 0 255
0.377500 0.577191 -0.381147 153 0 76
-0.166045 -0.616226 -0.193780 76 0 153
-0.512326 0.205398 0.020109 153 0 76
-0.522594 -0.654723 -0.540695 76 0 153
0.014732 0.577191 -0.472132 153 0 76
0.047224 -0.155663 -0.254772 76 0 153
0.299976 0.490766 0.573205 127 0 127
0.125166 -0.272185 0.573205 127 0 127
0.054174 0.089833 0.573205 76 0 153
-0.512326 -0.472254 -0.349437 153 0 76
0.507640 -0.301794 0.573205 127 0 127
-0.004106 0.097224 -0.383082 76 0 153
0.337675 -0.555606 0.573205 127 0 127
0.549028 -0.242368 -0.451175 76 153 0
-0.004106 -0.594740 -0.335115 76 0 153
-0.004106 0.340593 -0.539935 76 0 153
0.219471 -0.124675 0.611702 127 0 127
0.600358 0.538778 0.602871 127 0 127
-0.277458 0.577191 -0.287704 153 0 76
-0.563656 -0.470544 -0.441586 153 0 76
-0.004106 -0.452345 -0.393872 76 0 153
0.320507 0.538694 -0.113741 153 0 76
0.248623 0.212176 -0.559258 153 76 0
0.047224 -0.402203 0.020421 76 0 153
0.101880 -0.523342 -0.572091 153 76 0
-0.026884 0.538694 -0.204443 153 0 76
0.549028 -0.566343 0.447999 76 153 0
-0.372565 0.538694 -0.534366 153 0 76
0.047224 0.035093 -0.434955 76 0 153
0.549028 -0.162371 0.209008 76 153 0
0.600358 -0.210257 -0.448323 76 153 0
0.047224 -0.125438 0.420023 76 0 153
0.549028 -0.190680 -0.477053 76 153 0
0.167498 -0.252586 0.573205 127 0 127
0.047224 -0.077038 0.046825 76 0 153
0.503806 -0.654723 -0.071211 76 0 153
0.256771 0.538694 0.193133 153 0 76
-0.255677 0.476269 -0.607247 204 51 127
-0.512326 -0.135334 0.520783 153 0 76
0.167597 0.538694 0.477466 153 0 76
0.600358 0.463624 0.249385 76 153 0
-0.356204 -0.559772 -0.610588 204 51 127
-0.563656 -0.263042 -0.208610 153 0 76
0.373659 -0.651515 0.607891 127 0 127
0.014430 0.577191 0.503157 153 0 76
-0.004106 -0.086718 -0.245670 76 0 153
-0.563656 -0.516992 0.236030 153 0 76
0.047224 -0.404686 0.385992 76 0 153
-0.393373 -0.616226 -0.490012 76 0 153
-0.557239 -0.320643 0.603013 127 0 127
0.167936 -0.119887 0.573205 127 0 127
-0.563656 -0.181012 -0.100783 153 0 76
0.549028 -0.050905 -0.526083 76 153 0
-0.255677 -0.556231 -0.600875 204 51 127
-0.077088 -0.616226 -0.301667 76 0 153
-0.167561 0.538694 0.154068 153 0 76
-0.004106 -0.260766 0.076641 76 0 153
-0.320266 0.115483 -0.610588 204 51 127
-0.512326 -0.315773 0.371745 153 0 76
0.373317 -0.524702 -0.559258 153 76 0
0.490287 -0.654723 -0.299822 76 0 153
-0.004106 0.011456 -0.255760 76 0 153
-0.004106 -0.045180 0.070078 76 0 153
-0.512326 0.082557 0.195138 153 0 76
-0.423276 0.152679 -0.572091 153 76 0
-0.563656 -0.524535 0.116500 153 0 76
-0.485302 0.286805 0.611702 127 0 127
0.549028 -0.005824 -0.573976 153 76 0
-0.108074 -0.183794 0.611702 127 0 127
-0.432963 -0.539901 0.611702 127 0 127
-0.004106 -0.441758 0.478438 76 0 153
-0.563656 0.377435 0.122420 153 0 76
-0.512326 0.307582 -0.269186 153 0 76
0.047224 -0.141040 -0.479628 76 0 153
-0.241667 0.275262 -0.559258 153 76 0
0.461503 0.462848 -0.572091 153 76 0
0.549028 -0.257948 -0.209313 76 153 0
0.600358 0.276996 -0.481616 76 153 0
-0.563656 0.036786 0.255447 153 0 76
0.399594 0.218516 -0.610588 0 0 255
0.549028 0.510498 -0.317014 76 153 0
0.549028 0.527595 0.115226 76 153 0
0.600358 -0.086058 -0.464330 76 153 0
-0.004106 0.060263 -0.059752 76 0 153
0.600358 -0.542128 0.154124 76 153 0
-0.563656 0.382090 0.443336 153 0 76
-0.563656 -0.137260 0.421181 153 0 76
-0.081097 -0.488220 0.573205 127 0 127
0.413908 -0.292370 -0.610588 0 0 255
-0.277824 -0.654723 0.456258 76 0 153
-0.469771 -0.654723 -0.050312 76 0 153
-0.450948 0.577191 -0.038145 153 0 76
-0.512326 0.195176 -0.120290 153 0 76
0.357778 -0.654723 0.303592 76 0 153
-0.340893 -0.404955 -0.610588 204 51 127
0.219696 0.538694 -0.462620 153 0 76
-0.032423 -0.328160 -0.572091 153 76 0
0.600358 -0.343346 0.423610 76 153 0
0.007297 -0.654723 -0.275456 76 0 153
0.549028 0.398418 0.545707 76 153 0
0.273340 0.255019 0.611702 127 0 127
0.483203 -0.007276 0.611702 127 0 127
0.047224 0.000955 0.296341 76 0 153
0.222696 0.115542 0.611702 127 0 127
-0.403859 -0.016691 -0.610588 204 51 127
-0.042898 -0.654723 -0.604859 76 0 153
0.289097 -0.654723 -0.096056 76 0 153
-0.499683 -0.616226 0.149767 153 0 76
0.600358 -0.220315 0.110728 76 153 0
0.549028 0.515855 0.491121 76 153 0
-0.329284 0.577191 0.089199 153 0 76
-0.016081 -0.395524 0.611702 127 0 127
-0.381156 -0.654723 0.477155 76 0 153
-0.004106 -0.351132 -0.148858 76 0 153
-0.512326 0.073972 -0.393759 153 0 76
-0.384606 -0.498094 -0.610588 204 51 127
0.047224 0.090729 0.105286 76 0 153
0.047224 -0.570069 -0.435760 76 0 153
0.600358 -0.279144 -0.449505 76 153 0
-0.563656 0.188681 -0.527053 153 0 76
-0.043607 -0.654723 -0.340590 76 0 153
0.413391 0.577191 -0.022367 153 0 76
-0.319664 -0.102140 -0.610588 204 51 127
-0.563656 -0.086062 0.300244 153 0 76
-0.512326 0.149189 0.045851 153 0 76
0.512561 -0.387818 0.611702 127 0 127
0.494056 0.357774 -0.572091 153 76 0
0.047224 -0.386810 0.160440 76 0 153
-0.361140 -0.170723 0.573205 127 0 127
-0.353120 -0.164517 -0.572091 153 76 0
-0.004106 -0.022518 0.464498 76 0 153
-0.062576 -0.654723 0.074555 76 0 153
0.047224 0.389729 0.524840 76 0 153
-0.004106 0.017992 0.093588 76 0 153
0.047224 -0.375009 -0.402265 76 0 153
-0.067675 -0.654723 0.160338 76 0 153
0.047224 -0.538919 -0.251613 76 0 153
0.600358 -0.386483 0.070164 76 153 0
0.549028 -0.308930 0.390415 76 153 0
0.549028 -0.458851 0.219640 76 153 0
0.047224 0.050893 -0.104643 76 0 153
-0.345669 -0.049252 -0.572091 153 76 0
-0.512326 0.508311 0.541515 153 0 76
-0.387748 -0.654723 0.238359 76 0 153
0.047224 -0.591582 0.280289 76 0 153
0.600358 0.480621 -0.252966 76 153 0
0.268695 0.075409 0.573205 127 0 127
-0.531007 -0.616226 -0.566553 153 0 76
-0.368177 -0.654723 0.126672 76 0 153
-0.563656 -0.574910 -0.016628 153 0 76
-0.004106 -0.103865 0.166571 76 0 153
-0.091877 0.538694 0.343659 153 0 76
-0.059227 -0.654723 0.392087 76 0 153
0.519899 0.577191 0.094590 153 0 76
0.600358 -0.196255 0.070728 76 153 0
0.157563 -0.342923 0.573205 127 0 127
0.599231 -0.375143 0.611702 127 0 127
0.480061 -0.650580 0.611702 127 0 127
0.600358 0.178702 0.471884 76 153 0
-0.512326 -0.540338 -0.082494 153 0 76
0.251595 0.541720 0.573205 153 0 76
-0.004106 -0.017348 0.270363 76 0 153
0.270865 0.014943 0.573205 127 0 127
-0.512326 0.290825 -0.583451 153 76 0
-0.004106 -0.452649 0.547263 76 0 153
-0.004106 -0.034065 -0.296863 76 0 153
0.047224 0.339449 0.227503 76 0 153
0.115770 -0.616226 0.220907 76 0 153
-0.427853 -0.578904 -0.572091 204 51 127
0.438448 -0.397782 -0.610588 0 0 255
-0.004106 0.379306 0.024651 76 0 153
0.600358 -0.083823 -0.144646 76 153 0
-0.098077 -0.654723 -0.511312 76 0 153
0.055641 -0.116983 0.611702 127 0 127
0.464995 -0.423597 -0.610588 0 0 255
-0.512326 0.383441 -0.477363 153 0 76
0.367697 -0.654723 -0.390763 76 0 153
-0.297405 -0.140877 0.611702 127 0 127
-0.060310 0.212091 0.611702 127 0 127
0.194588 0.542418 0.611702 127 0 127
-0.157689 -0.157471 -0.572091 153 76 0
0.047224 -0.599901 -0.358550 76 0 153
-0.229277 -0.129815 0.611702 127 0 127
0.047224 -0.583641 -0.198692 76 0 153
0.213337 -0.654723 -0.582685 76 0 153
-0.563656 -0.187701 -0.147325 153 0 76
0.600358 0.066158 -0.580444 76 153 0
0.562760 -0.616226 0.413734 76 0 153
0.167743 0.538694 0.421230 153 0 76
0.549028 0.185904 0.508846 76 153 0
0.549028 0.350659 -0.429342 76 153 0
-0.390579 0.417472 -0.610588 204 51 127
-0.271465 0.538694 -0.555029 204 51 127
-0.512326 -0.356800 -0.440452 153 0 76
-0.512326 0.110606 0.324857 153 0 76
-0.196229 -0.654723 -0.578341 76 0 153
0.229909 -0.155521 -0.572091 153 76 0
-0.512326 -0.481500 0.236459 153 0 76
0.131140 -0.588615 0.611702 127 0 127
0.600358 -0.550584 -0.521351 76 153 0
-0.066379 0.577191 0.420256 153 0 76
0.549028 0.190637 0.155588 76 153 0
0.289250 -0.616226 -0.173147 76 0 153
0.408059 0.533321 0.611702 127 0 127
-0.531545 0.042493 0.573205 127 0 127
0.047224 -0.543628 -0.498461 76 0 153
-0.004106 0.338256 0.488303 76 0 153
0.398807 0.100015 -0.559258 153 76 0
-0.407348 -0.303715 -0.572091 153 76 0
-0.348987 -0.256475 0.573205 127 0 127
0.383704 -0.654723 0.139945 76 0 153
0.047224 0.186636 0.231758 76 0 153
-0.170837 0.577191 0.097257 153 0 76
-0.161652 -0.465448 0.611702 127 0 127
0.600358 0.532228 -0.227209 153 0 76
-0.136813 -0.022968 0.573205 127 0 127
-0.004106 0.475349 0.319549 76 0 153
-0.512326 -0.424152 -0.055179 153 0 76
0.285286 -0.654723 -0.570007 76 0 153
0.047224 0.450466 -0.249370 76 0 153
-0.512326 0.234355 0.470428 153 0 76
-0.534129 -0.616226 -0.124734 76 0 153
-0.563656 -0.089386 0.057036 153 0 76
-0.512326 -0.038905 -0.102046 153 0 76
-0.004106 0.414352 0.000158 76 0 153
0.047224 0.400054 0.084156 76 0 153
0.600358 0.033984 0.289465 76 153 0
0.600358 0.125012 -0.160314 76 153 0
0.002724 -0.616226 0.459479 76 0 153
0.018944 0.577191 -0.519349 153 0 76
0.022555 -0.082068 0.557164 127 0 127
0.549028 -0.238786 0.399177 76 153 0
-0.108000 -0.016019 0.611702 127 0 127
-0.052599 -0.081402 0.611702 127 0 127
0.452051 -0.621412 -0.610588 76 0 153
-0.270864 -0.616226 -0.350086 76 0 153
-0.315518 0.459549 0.676933 0 127 127
-0.563656 0.365198 -0.153710 153 0 76
0.549028 0.020721 0.422591 76 153 0
-0.284559 -0.019904 -0.610588 204 51 127
0.047224 -0.584096 -0.473522 76 0 153
-0.563656 -0.379752 -0.572892 153 0 76
0.441715 0.538693 -0.605426 0 0 255
-0.563656 0.210852 -0.438606 153 0 76
-0.563656 0.219692 0.382508 153 0 76
-0.512326 0.415643 -0.007794 153 0 76
0.600358 0.234225 0.317630 76 153 0
0.443197 0.538694 0.164165 153 0 76
-0.563656 -0.258178 -0.039506 153 0 76
-0.153972 -0.480358 -0.559258 153 76 0
0.192244 -0.616226 -0.268442 76 0 153
0.073455 -0.654723 0.518782 76 0 153
-0.004106 -0.238342 0.156586 76 0 153
-0.373938 0.538694 0.105597 153 0 76
0.403027 -0.654723 -0.290816 76 0 153
-0.563656 0.076722 0.465214 153 0 76
-0.563656 -0.459994 0.007203 153 0 76
-0.381810 -0.654723 -0.368517 76 0 153
0.565031 0.185409 0.611702 127 0 127
-0.004106 0.095363 -0.318330 76 0 153
-0.248581 0.538694 0.435968 153 0 76
-0.004106 -0.061893 -0.370205 76 0 153
-0.235767 0.538694 0.000205 153 0 76
-0.512326 0.331429 -0.324196 153 0 76
-0.369021 0.538694 -0.214486 153 0 76
0.600358 -0.313366 -0.381368 76 153 0
0.047224 -0.026704 -0.196923 76 0 153
0.549028 -0.333097 0.485928 76 153 0
-0.031869 0.394907 0.611702 127 0 127
-0.032190 0.577191 -0.181128 153 0 76
0.047224 -0.604438 0.369417 76 0 153
-0.004106 0.260195 -0.064889 76 0 153
-0.099921 -0.654723 0.001954 76 0 153
0.600358 0.429056 -0.119696 76 153 0
0.047224 0.025410 0.463006 76 0 153
0.549028 -0.491301 -0.577935 76 153 0
-0.047095 -0.651515 0.607630 127 0 127
0.569113 0.538694 0.262382 153 0 76
0.047224 -0.536405 0.506115 76 0 153
0.323030 -0.614097 -0.572091 153 76 0
0.600358 -0.044890 0.210995 76 153 0
0.549028 -0.090355 0.394516 76 153 0
-0.512326 0.093345 -0.555120 153 0 76
-0.563656 0.254525 -0.025200 153 0 76
-0.512326 0.372404 -0.111173 153 0 76
-0.341650 0.082605 -0.610588 204 51 127
-0.075267 -0.616226 0.459835 76 0 153
-0.004106 0.103052 0.424912 76 0 153
0.549028 0.063347 0.411835 76 153 0
-0.512326 0.061334 -0.476149 153 0 76
0.047233 0.326049 0.611702 127 0 127
-0.512326 0.103834 -0.346363 153 0 76
0.549028 -0.431667 0.303738 76 153 0
0.517863 0.437613 -0.572091 153 76 0
-0.186502 -0.616226 -0.346944 76 0 153
0.403951 0.326477 0.573205 127 0 127
0.137437 -0.654723 -0.185739 76 0 153
0.549028 0.080472 0.090031 76 153 0
-0.234130 0.577191 -0.395385 153 0 76
-0.289667 0.577191 -0.360068 153 0 76
0.213997 -0.242085 0.611702 127 0 127
-0.419549 0.074737 0.611702 127 0 127
-0.563656 0.071088 0.521004 153 0 76
-0.004106 -0.259659 -0.493987 76 0 153
-0.512326 -0.210041 0.272449 153 0 76
-0.040664 0.538694 0.258416 153 0 76
0.298937 0.577191 -0.078109 153 0 76
0.600358 -0.050065 -0.402642 76 153 0
0.240403 -0.654723 0.465958 76 0 153
-0.457793 -0.079710 -0.610588 204 51 127
0.240085 -0.616226 -0.358327 76 0 153
0.549028 0.253341 0.437932 76 153 0
-0.239180 -0.654723 0.210134 76 0 153
0.337802 -0.291972 0.573205 127 0 127
0.044022 0.230815 0.611702 127 0 127
0.549028 -0.320488 -0.034519 76 153 0
-0.316967 -0.654723 0.205835 76 0 153
-0.518051 0.538693 0.220538 153 0 76
-0.004106 -0.086376 0.302961 76 0 153
-0.004106 0.101155 -0.480654 76 0 153
-0.563656 0.026861 -0.358871 153 0 76
0.347136 -0.254603 0.611702 127 0 127
-0.341244 0.577191 0.316151 153 0 76
-0.160142 0.489627 0.611702 127 0 127
-0.107594 0.577191 -0.135411 153 0 76
0.570698 0.573983 0.586206 127 0 127
0.160780 0.247092 0.573205 127 0 127
-0.131890 0.272876 0.573205 127 0 127
-0.512326 0.330920 -0.520063 153 0 76
-0.203579 -0.270393 0.611702 127 0 127
0.524467 0.577191 -0.065754 153 0 76
-0.308252 0.338603 -0.572091 153 76 0
-0.512326 0.518706 0.287082 153 0 76
0.600358 -0.389354 -0.526528 76 153 0
-0.563656 0.203339 -0.595750 153 0 76
0.021067 0.577191 0.122273 153 0 76
0.600358 0.198455 -0.399675 76 153 0
-0.563656 -0.512970 -0.096411 153 0 76
0.047224 -0.392950 0.529297 76 0 153
-0.523862 -0.433993 0.611702 127 0 127
0.233557 -0.434928 -0.559258 153 76 0
0.047224 -0.267731 0.499313 76 0 153
0.047224 -0.337612 0.482014 76 0 153
0.549028 0.414292 -0.532247 153 76 0
-0.277979 -0.157689 -0.572091 153 76 0
-0.194210 0.577191 -0.152200 153 0 76
-0.512326 0.109633 0.253649 153 0 76
0.047224 0.049794 0.358914 76 0 153
0.047224 0.440595 0.003599 76 0 153
0.293186 -0.324935 0.611702 127 0 127
-0.004106 0.207287 -0.412708 76 0 153
-0.071574 0.391030 0.611702 127 0 127
0.236391 0.296430 0.611702 127 0 127
0.600358 0.392026 0.192090 76 153 0
-0.563656 0.008413 0.547099 153 0 76
-0.041323 -0.654723 -0.472257 76 0 153
-0.414068 0.577191 0.397079 153 0 76
0.387276 -0.342600 -0.572091 0 0 255
0.425070 -0.588981 -0.610588 0 0 255
-0.065399 0.577191 0.183240 153 0 76
-0.512326 0.194493 -0.303086 153 0 76
-0.263782 0.383843 0.573205 127 0 127
-0.004106 -0.256929 -0.209054 76 0 153
-0.563656 -0.134434 -0.012308 153 0 76
0.449571 -0.654723 0.133255 76 0 153
-0.258252 -0.111976 0.573205 127 0 127
-0.512326 -0.173091 -0.170726 153 0 76
0.024424 0.577191 -0.406576 153 0 76
-0.062964 0.040597 0.611702 127 0 127
-0.563656 0.512190 -0.271876 153 0 76
0.192215 -0.616226 -0.490268 76 0 153
-0.512326 -0.146625 -0.008903 153 0 76
0.229554 0.577191 -0.138176 153 0 76
0.549028 0.034298 -0.486854 76 153 0
0.600358 -0.141291 0.141826 76 153 0
0.600358 -0.040506 0.448049 76 153 0
-0.150124 -0.558658 0.573205 127 0 127
-0.563656 0.486879 0.401500 153 0 76
-0.563656 0.483264 0.261077 153 0 76
0.047224 0.265442 0.373973 76 0 153
-0.004106 -0.406360 -0.076640 76 0 153
0.549028 0.383169 0.235256 76 153 0
-0.512326 -0.534198 0.456847 153 0 76
-0.259579 -0.616226 -0.201136 76 0 153
0.394989 0.577191 0.131622 153 0 76
-0.269396 0.540135 -0.610588 204 51 127
0.208617 -0.393993 0.573205 127 0 127
0.588164 -0.335354 -0.610588 76 153 0
-0.438626 0.453084 0.611702 127 0 127
0.047224 0.338013 0.123824 76 0 153
-0.563656 0.113124 -0.029865 153 0 76
0.600358 0.109303 0.002968 76 153 0
0.010751 -0.616226 0.327597 76 0 153
-0.048939 -0.426321 0.573205 127 0 127
0.600358 -0.580785 0.270842 76 153 0
-0.563656 -0.623701 -0.331169 153 0 76
0.549028 -0.349916 0.095242 76 153 0
-0.398200 -0.337326 -0.610588 204 51 127
-0.481003 -0.309819 -0.572091 153 76 0
0.549028 -0.577774 -0.509774 76 0 153
0.176807 0.018249 0.611702 127 0 127
0.473231 -0.616226 0.166740 76 0 153
-0.344327 0.538694 -0.249611 153 0 76
0.296826 0.577191 0.096127 153 0 76
-0.512326 -0.267863 0.427250 153 0 76
-0.004106 -0.271987 0.497422 76 0 153
0.579175 0.538694 -0.093755 153 0 76
0.600358 0.123099 0.153070 76 153 0
0.047224 0.246936 0.081707 76 0 153
0.047224 0.504261 0.318756 76 0 153
0.292002 -0.616226 -0.324327 76 0 153
0.600358 0.387656 -0.130030 76 153 0
0.549028 -0.021981 0.405193 76 153 0
0.600358 -0.069382 0.520859 76 153 0
0.549028 0.470045 -0.252974 76 153 0
0.081808 -0.306908 -0.559258 153 76 0
0.365042 0.538694 -0.416624 153 0 76
-0.490054 -0.616226 0.344687 76 0 153
0.600358 -0.367902 0.489058 76 153 0
0.096133 -0.616226 -0.312287 76 0 153
0.047224 0.349665 0.345448 76 0 153
0.162198 -0.406815 0.611702 127 0 127
0.600358 -0.575618 0.075635 76 153 0
-0.478403 -0.592593 0.611702 127 0 127
-0.004106 -0.395629 -0.432398 76 0 153
0.600358 0.036617 0.358037 76 153 0
-0.178920 -0.071865 -0.572091 153 76 0
0.291751 -0.654723 0.422873 76 0 153
-0.406686 -0.654723 0.063994 76 0 153
0.549028 0.040868 0.300506 76 153 0
-0.529501 0.577191 0.209171 153 0 76
-0.012077 -0.616226 0.288788 76 0 153
-0.004106 -0.281637 -0.436758 76 0 153
-0.563656 -0.046124 -0.191055 153 0 76
-0.453327 0.538694 -0.006695 153 0 76
0.047224 -0.258374 -0.193375 76 0 153
-0.388704 0.395757 -0.572091 204 51 127
-0.004106 -0.577823 -0.478224 76 0 153
0.047224 -0.452246 -0.305659 76 0 153
0.033329 -0.616226 0.491757 76 0 153
-0.227917 0.577191 -0.179810 153 0 76
0.172056 -0.654723 -0.478938 76 0 153
-0.136157 0.038522 0.573205 127 0 127
-0.393573 -0.544968 0.611702 127 0 127
0.572171 0.130954 0.573205 76 153 0
0.120876 0.113234 0.573205 127 0 127
-0.512326 -0.440224 0.371717 153 0 76
0.600358 -0.153303 0.564687 76 153 0
-0.512857 -0.654723 -0.134843 76 0 153
0.047224 -0.239072 0.369618 76 0 153
0.405423 -0.654723 -0.223646 76 0 153
0.600358 0.348791 0.369693 76 153 0
-0.377717 -0.142360 -0.610588 204 51 127
0.320860 -0.039361 -0.610588 0 0 255
0.071494 -0.111574 0.573205 127 0 127
0.047224 0.077006 -0.384125 76 0 153
0.007191 -0.443193 -0.559258 153 76 0
-0.381396 -0.354235 0.611702 127 0 127
-0.563656 0.560619 0.460188 153 0 76
-0.563656 0.428615 0.508755 153 0 76
0.549028 -0.299896 0.132372 76 153 0
0.519889 0.577191 0.247537 153 0 76
0.053402 -0.086539 -0.572091 153 76 0
-0.293544 -0.126372 -0.572091 153 76 0
0.443590 0.538694 0.272601 153 0 76
-0.563656 -0.079695 0.519542 153 0 76
0.133375 -0.521599 0.573205 127 0 127
-0.512326 -0.094105 -0.281988 153 0 76
-0.070879 -0.654723 -0.279994 76 0 153
-0.563656 -0.622327 -0.032679 153 0 76
-0.004106 -0.536547 0.166699 76 0 153
0.475700 -0.616226 -0.297407 76 0 153
0.047224 0.241631 -0.142766 76 0 153
-0.563656 0.345289 -0.337689 153 0 76
0.549028 -0.062590 -0.117573 76 153 0
-0.488768 -0.614891 0.573205 127 0 127
-0.004106 -0.524374 -0.369788 76 0 153
0.302213 -0.380601 0.573205 127 0 127
0.517795 -0.616226 0.546379 76 0 153
-0.512326 -0.543275 -0.460052 153 0 76
0.493073 -0.616226 0.246445 76 0 153
0.549028 0.334793 0.084542 76 153 0
0.549028 0.013549 0.535721 76 153 0
0.157352 0.577191 -0.525707 153 0 76
-0.512326 0.068081 0.296787 153 0 76
-0.505478 0.236855 0.573205 127 0 127
0.549028 0.380971 -0.575179 0 0 255
0.549028 0.385023 -0.412933 76 153 0
0.301815 0.577191 -0.464548 153 0 76
0.047224 -0.032276 0.512136 76 0 153
0.549028 0.009286 -0.316058 76 153 0
0.600358 -0.053607 -0.330616 76 153 0
0.071984 0.538694 -0.537475 153 0 76
0.021085 0.538693 0.207974 76 0 153
-0.512326 -0.272536 0.009670 153 0 76
-0.489039 0.116226 -0.572091 153 76 0
-0.563656 -0.200172 -0.029714 153 0 76
-0.563656 0.405914 -0.427780 153 0 76
0.434304 0.577191 0.190219 153 0 76
0.283426 -0.090802 0.611702 127 0 127
-0.562539 0.399983 -0.610588 153 0 76
0.498244 -0.654723 0.197347 76 0 153
-0.386313 0.019837 -0.559258 153 76 0
0.577953 -0.232477 0.569996 127 0 127
-0.320856 0.182572 0.573205 127 0 127
-0.563656 0.442880 0.101644 153 0 76
0.272878 0.538694 -0.068113 153 0 76
0.549028 0.145706 -0.356412 76 153 0
-0.041347 -0.616226 -0.062601 76 0 153
0.315296 -0.654723 0.526783 76 0 153
0.047224 0.024117 0.425742 76 0 153
-0.356239 -0.654723 -0.464530 76 0 153
-0.263651 -0.216813 0.611702 127 0 127
0.420317 0.538694 -0.192108 153 0 76
-0.004106 0.171245 -0.265021 76 0 153
-0.164294 0.538694 -0.314786 153 0 76
0.260234 0.538694 0.449265 153 0 76
0.018286 0.538694 0.477393 76 0 153
0.240883 -0.268353 0.611702 127 0 127
-0.255677 0.392296 -0.608563 204 51 127
-0.563656 -0.375572 -0.424514 153 0 76
0.035273 -0.654723 -0.154288 76 0 153
0.378754 -0.654723 0.340514 76 0 153
0.600358 -0.548224 0.598734 127 0 127
-0.122993 -0.616226 0.297877 76 0 153
0.549028 0.358023 0.449296 76 153 0
0.600358 -0.318544 -0.525245 76 153 0
-0.004106 0.140922 0.183559 76 0 153
-0.004106 0.087546 0.230372 76 0 153
0.426352 0.538694 0.120619 153 0 76
-0.274351 0.577191 0.011076 153 0 76
0.174451 0.538694 -0.224483 153 0 76
-0.563656 -0.258170 0.420883 153 0 76
0.579686 -0.030384 0.573205 127 0 127
0.000803 0.577191 0.292178 153 0 76
0.061841 -0.226654 0.611702 127 0 127
-0.534989 -0.177890 0.573205 153 0 76
0.600358 -0.218232 -0.353023 76 153 0
-0.057811 0.538694 0.206090 153 0 76
0.161103 -0.369786 0.611702 127 0 127
0.600358 -0.170380 0.108374 76 153 0
-0.004106 -0.121457 -0.490939 76 0 153
-0.240048 0.577191 0.514761 153 0 76
0.241179 0.577191 0.492821 153 0 76
0.047224 -0.423675 0.465515 76 0 153
-0.325567 0.538694 0.549054 153 0 76
0.502935 -0.572045 -0.610588 0 0 255
-0.238306 -0.616226 0.529572 76 0 153
-0.563656 -0.049798 -0.082711 153 0 76
0.047224 -0.530738 0.463869 76 0 153
0.348370 0.577191 0.275548 153 0 76
-0.495454 0.197155 -0.610588 204 51 127
0.600358 0.333590 0.133131 76 153 0
0.549028 0.012149 0.351002 76 153 0
-0.004106 0.060264 0.111190 76 0 153
-0.109083 0.577191 0.413130 153 0 76
0.549028 -0.234262 0.048695 76 153 0
0.390179 0.577191 -0.215209 153 0 76
0.456765 -0.140755 -0.610588 0 0 255
0.349238 0.577191 -0.135953 153 0 76
0.600358 0.022263 0.110849 76 153 0
0.197395 -0.654723 0.262455 76 0 153
0.178976 -0.319672 0.611702 127 0 127
-0.310789 -0.654723 -0.478490 76 0 153
-0.004106 0.385579 0.064882 76 0 153
-0.210125 0.538694 0.328195 153 0 76
0.454798 0.577191 -0.446745 153 0 76
0.600358 -0.212612 -0.311546 76 153 0
-0.563656 -0.501677 0.057057 153 0 76
-0.512326 -0.124043 0.471602 153 0 76
0.556665 -0.008059 0.611702 127 0 127
-0.512326 -0.300610 0.177490 153 0 76
0.409426 -0.477174 -0.572091 153 76 0
0.047224 0.019298 -0.493507 76 0 153
-0.004106 0.262991 -0.541989 76 0 153
0.569005 -0.654723 0.372054 76 0 153
0.160542 0.455769 0.573205 127 0 127
0.600358 -0.092539 0.463382 76 153 0
0.519759 -0.654723 0.476297 76 0 153
0.207491 -0.186476 0.573205 127 0 127
-0.519922 0.450685 0.573205 127 0 127
0.047224 0.095527 0.173921 76 0 153
0.111173 0.538694 0.211566 153 0 76
0.600358 -0.204036 0.164992 76 153 0
-0.563656 -0.379566 0.428934 153 0 76
-0.347660 0.577191 -0.399758 153 0 76
-0.185673 0.577191 0.379323 153 0 76
0.600358 -0.255650 -0.115936 76 153 0
-0.054423 0.098186 0.573205 127 0 127
-0.111154 -0.616226 -0.550733 76 0 153
-0.218001 0.577191 0.230175 153 0 76
-0.284485 -0.616226 -0.082264 76 0 153
0.600358 -0.165553 -0.039155 76 153 0
0.454171 -0.523360 -0.610588 0 0 255
0.284250 0.538694 0.123034 153 0 76
0.103892 0.538694 -0.574929 153 76 0
0.450700 0.111256 -0.610588 0 0 255
0.138666 0.538694 0.392314 153 0 76
-0.484544 -0.554927 -0.572091 153 76 0
0.309536 -0.029365 0.611702 127 0 127
0.003507 -0.654723 -0.073362 76 0 153
-0.476729 0.538694 0.198328 153 0 76
-0.060097 0.577191 -0.312541 153 0 76
0.060368 -0.616226 -0.269968 76 0 153
0.337075 -0.654723 -0.331786 76 0 153
0.469164 -0.272092 -0.559258 153 76 0
0.549028 0.047055 -0.238422 76 153 0
-0.480719 0.006571 -0.572091 153 76 0
0.054957 0.160933 0.611702 127 0 127
-0.531870 -0.654723 -0.593688 76 0 153
0.047224 0.526962 -0.461384 76 0 153
0.047224 -0.461116 -0.065552 76 0 153
-0.401383 0.266943 0.611702 127 0 127
-0.512326 0.158972 -0.091530 153 0 76
-0.563656 0.489484 0.190894 153 0 76
0.541802 0.577191 -0.351944 153 0 76
0.483543 -0.510096 -0.572091 153 76 0
-0.478765 -0.604775 -0.610588 204 51 127
0.047224 -0.309849 0.308572 76 0 153
-0.563656 -0.473184 0.483373 153 0 76
-0.512326 0.359302 0.375398 153 0 76
-0.512326 0.237217 0.007178 153 0 76
0.600358 0.457920 0.320511 76 153 0
-0.108484 -0.616226 0.085045 76 0 153
-0.061811 -0.010300 0.611702 127 0 127
-0.348057 -0.622037 -0.610588 204 51 127
0.110046 0.432892 -0.559258 153 76 0
-0.087904 0.303222 -0.572091 153 76 0
0.174926 -0.654723 0.055930 76 0 153
-0.563656 -0.027151 0.403273 153 0 76
-0.512326 -0.363096 0.491687 153 0 76
0.313249 -0.207473 0.573205 127 0 127
-0.512326 -0.063130 -0.484146 153 0 76
-0.005740 0.577191 -0.238266 153 0 76
-0.215854 0.577191 0.563733 153 0 76
0.600358 0.245798 0.018013 76 153 0
0.549028 0.179973 0.392930 76 153 0
0.359728 0.538693 -0.567285 153 76 0
-0.065937 0.127043 -0.572091 153 76 0
0.060982 -0.152140 -0.572091 153 76 0
-0.004106 -0.263194 -0.378916 76 0 153
0.454801 -0.208082 -0.610588 0 0 255
-0.021962 -0.212581 0.573205 127 0 127
0.165447 -0.564052 0.611702 127 0 127
0.130385 0.139188 0.611702 127 0 127
-0.158037 -0.115534 0.611702 127 0 127
0.323148 -0.654723 -0.545307 76 0 153
-0.173607 0.174658 -0.572091 153 76 0
0.047224 -0.587916 -0.078365 76 0 153
0.016656 0.538694 0.420722 76 0 153
-0.004106 0.419527 0.219785 76 0 153
0.318128 0.577191 0.045137 153 0 76
-0.381070 0.538694 0.011288 153 0 76
-0.512326 0.378586 0.158285 153 0 76
-0.063670 0.577191 -0.471996 153 0 76
0.600358 0.016663 -0.002556 76 153 0
0.047224 0.191689 0.278641 76 0 153
-0.512326 -0.182227 -0.569662 153 0 76
0.551030 -0.270758 0.573205 76 153 0
-0.474297 0.006940 0.611702 127 0 127
-0.563656 0.329883 -0.400537 153 0 76
0.600358 0.211642 -0.041326 76 153 0
-0.361932 0.431636 -0.572091 204 51 127
-0.330656 -0.616226 -0.002219 76 0 153
0.549028 -0.150515 -0.213554 76 153 0
0.600358 -0.239997 0.449081 76 153 0
0.074221 -0.654723 -0.380369 76 0 153
-0.512326 -0.303365 -0.393848 153 0 76
-0.004106 -0.512658 -0.092960 76 0 153
0.210335 -0.654723 -0.239927 76 0 153
-0.288554 0.538694 0.061209 153 0 76
-0.563656 -0.496844 0.298017 153 0 76
-0.004106 0.209137 0.077590 76 0 153
0.482927 -0.402669 -0.559258 153 76 0
0.482420 -0.539440 0.611702 127 0 127
0.047224 0.491759 0.426073 76 0 153
-0.004106 -0.184640 -0.248052 76 0 153
0.578681 0.030863 -0.610588 76 153 0
-0.518435 0.577191 0.172462 153 0 76
-0.320528 -0.616226 -0.450245 76 0 153
-0.512326 -0.536578 0.218488 153 0 76
-0.005078 0.577191 -0.335286 153 0 76
0.451231 -0.347204 -0.572091 153 76 0
-0.165843 -0.222430 0.611702 127 0 127
-0.512326 -0.348343 0.318145 153 0 76
-0.563656 0.201916 0.332027 153 0 76
-0.563656 -0.038074 0.244512 153 0 76
-0.520858 0.577191 0.096804 153 0 76
-0.563656 -0.264826 0.512571 153 0 76
-0.264656 0.437710 -0.559258 153 76 0
0.096521 0.483782 -0.572091 153 76 0
-0.563656 -0.616388 -0.178604 76 0 153
-0.164960 -0.616226 -0.444140 76 0 153
0.509867 -0.026490 -0.572091 0 0 255
0.041608 -0.616226 -0.590159 76 0 153
0.549028 -0.376242 0.066649 76 153 0
0.578893 -0.094327 0.573205 76 153 0
-0.563656 0.299767 -0.155624 153 0 76
-0.274878 -0.520929 -0.559258 153 76 0
-0.512326 -0.553594 0.356701 153 0 76
0.577160 -0.654723 0.509697 76 0 153
0.518081 0.396917 0.611702 127 0 127
-0.479777 0.403146 -0.610588 204 51 127
0.560297 -0.268457 0.611702 127 0 127
-0.563656 0.418034 -0.307718 153 0 76
-0.004106 -0.126065 -0.343102 76 0 153
-0.563656 -0.168889 -0.516320 153 0 76
0.600358 -0.209727 -0.547968 76 153 0
-0.004106 -0.364802 -0.538386 76 0 153
0.549028 0.493309 0.187776 76 153 0
-0.213527 0.246027 0.573205 127 0 127
0.047224 -0.105079 -0.174887 76 0 153
-0.394252 0.538694 0.441336 153 0 76
0.600358 0.206679 -0.180618 76 153 0
-0.139340 -0.616226 -0.482232 76 0 153
0.326860 0.186293 -0.572091 153 76 0
0.600358 0.400950 -0.434555 76 153 0
-0.563656 0.344934 0.155351 153 0 76
-0.512326 -0.366153 -0.287333 153 0 76
0.047224 -0.004943 -0.307575 76 0 153
-0.512326 -0.450606 -0.224944 153 0 76
0.090289 0.573983 0.580455 127 0 127
0.600358 0.273945 0.146469 76 153 0
0.079305 -0.654723 0.038545 76 0 153
-0.149351 0.577191 0.148622 153 0 76
0.532119 -0.514418 0.573205 127 0 127
0.002446 0.119295 0.611702 127 0 127
-0.004106 -0.438755 0.417143 76 0 153
-0.288570 -0.279263 0.611702 127 0 127
0.438380 0.150570 -0.572091 153 76 0
-0.563656 -0.111954 0.334598 153 0 76
-0.528324 -0.127302 0.573205 153 0 76
0.417622 -0.051617 -0.572091 153 76 0
0.238882 0.577191 -0.583700 153 0 76
0.047224 -0.256682 -0.546846 76 0 153
0.211573 0.468142 0.683177 0 127 127
-0.004106 0.346321 -0.213273 76 0 153
-0.352059 0.150442 -0.559258 153 76 0
0.395069 0.552314 -0.610588 153 0 76
0.600358 0.231859 -0.602091 76 153 0
-0.003717 -0.182809 -0.572091 153 76 0
-0.563656 0.228366 0.003028 153 0 76
0.226100 -0.654723 -0.273724 76 0 153
0.070728 -0.461630 -0.572091 153 76 0
-0.536819 -0.616226 0.418749 153 0 76
0.047224 -0.212857 -0.189410 76 0 153
0.047224 -0.156901 0.097663 76 0 153
-0.512326 -0.479361 0.540840 153 0 76
0.600358 0.457374 0.501812 76 153 0
-0.563656 -0.003934 -0.600964 153 0 76
0.476562 -0.223961 0.611702 127 0 127
-0.223698 -0.654723 0.306381 76 0 153
0.047224 -0.129186 -0.291755 76 0 153
-0.354059 -0.654723 -0.399877 76 0 153
0.014907 0.272265 0.573205 127 0 127
-0.512326 0.145236 -0.155142 153 0 76
-0.354648 -0.507993 0.611702 127 0 127
0.549028 0.191010 -0.309545 76 153 0
-0.380391 0.470549 0.662274 0 127 127
-0.502303 0.577191 0.426326 153 0 76
-0.512326 -0.590438 0.304384 153 0 76
-0.512326 -0.205310 0.011038 153 0 76
0.292177 0.202702 0.611702 127 0 127
0.047224 -0.023287 0.219582 76 0 153
-0.563656 -0.419617 -0.383428 153 0 76
0.549028 -0.425147 0.202649 76 153 0
0.480479 -0.616226 0.053616 76 0 153
-0.025325 0.448120 0.611702 127 0 127
-0.376148 0.577191 -0.446027 153 0 76
0.600358 0.384573 0.147357 76 153 0
0.532284 -0.616226 -0.073569 76 0 153
0.600358 -0.002065 -0.124934 76 153 0
-0.077342 -0.654723 0.219399 76 0 153
0.047224 -0.268511 0.178230 76 0 153
-0.087710 0.538694 -0.321630 153 0 76
0.047224 -0.145039 0.200293 76 0 153
0.050683 -0.192776 -0.572091 153 76 0
-0.004106 -0.572608 0.007866 76 0 153
0.047224 -0.341141 0.046510 76 0 153
-0.475814 0.538694 -0.477780 153 0 76
-0.265384 0.538694 -0.466051 153 0 76
-0.090547 0.154076 0.611702 127 0 127
0.208735 -0.432210 0.611702 127 0 127
0.549028 -0.477863 -0.172033 76 153 0
0.324571 0.538694 0.197998 153 0 76
-0.326295 -0.654723 0.018309 76 0 153
-0.004106 -0.429790 -0.263154 76 0 153
0.549028 -0.561516 -0.099498 76 153 0
0.600358 -0.506523 -0.421874 76 153 0
-0.004106 -0.165118 -0.121218 76 0 153
-0.523745 -0.002497 0.611702 127 0 127
-0.415437 -0.385828 0.573205 127 0 127
-0.512326 -0.152747 -0.044984 153 0 76
0.581056 0.577191 0.266856 153 0 76
-0.536583 -0.619262 0.611702 127 0 127
-0.563656 -0.107944 -0.320546 153 0 76
0.549028 -0.053524 0.292141 76 153 0
-0.106227 0.577191 0.479932 153 0 76
-0.093688 -0.425963 0.611702 127 0 127
0.549028 0.448499 0.271006 76 153 0
-0.563656 0.177363 0.496252 153 0 76
0.600358 0.004405 -0.602898 76 153 0
-0.004106 -0.450956 -0.326619 76 0 153
0.392767 0.538694 -0.523507 153 0 76
-0.459905 -0.392328 -0.572091 153 76 0
-0.422824 0.454233 -0.572091 153 76 0
0.047224 0.508120 -0.137948 76 0 153
-0.344274 0.538694 -0.178116 153 0 76
0.047224 0.301983 -0.483170 76 0 153
-0.563656 0.072562 0.011736 153 0 76
-0.004106 -0.445797 -0.187464 76 0 153
0.549028 0.233277 -0.465092 76 153 0
0.309084 0.090265 0.573205 127 0 127
0.397361 0.538694 -0.071467 153 0 76
-0.011427 -0.616226 0.155534 76 0 153
0.352127 0.538694 0.113183 153 0 76
0.452382 -0.380835 0.611702 127 0 127
-0.563656 -0.340934 0.135002 153 0 76
0.047224 0.195919 -0.032341 76 0 153
-0.512326 0.398414 0.554275 153 0 76
0.600358 -0.642219 0.172248 76 0 153
0.382339 -0.042986 0.611702 127 0 127
0.474084 -0.654723 -0.566583 76 0 153
-0.512326 0.213907 0.129225 153 0 76
0.047224 -0.054547 0.323906 76 0 153
-0.004106 -0.178320 0.301442 76 0 153
-0.563656 0.186945 -0.145908 153 0 76
-0.174661 0.170639 0.611702 127 0 127
0.245870 0.325061 -0.559258 153 76 0
-0.204148 -0.654723 -0.124641 76 0 153
-0.512326 0.262572 -0.084473 153 0 76
0.253253 0.031270 0.611702 127 0 127
-0.101523 -0.266850 0.573205 127 0 127
-0.254771 -0.029898 0.573205 127 0 127
-0.512326 0.322319 -0.597591 204 51 127
-0.004106 -0.145856 -0.053704 76 0 153
0.549028 -0.449560 -0.576219 0 0 255
-0.034054 -0.616226 0.412306 76 0 153
-0.302495 0.323777 0.611702 127 0 127
0.600358 -0.599476 0.555330 76 153 0
0.120121 -0.654723 0.077665 76 0 153
-0.355035 0.577191 0.026744 153 0 76
0.549028 -0.063357 0.211321 76 153 0
0.388150 -0.413564 -0.572091 153 76 0
0.600358 -0.465001 -0.048418 76 153 0
0.401790 -0.654723 -0.091040 76 0 153
0.476139 -0.616226 0.418715 76 0 153
-0.004106 -0.587128 -0.392851 76 0 153
-0.092315 0.538694 -0.227575 153 0 76
0.297051 -0.058504 -0.559258 153 76 0
0.227860 0.538694 -0.412074 153 0 76
-0.409705 0.067535 -0.610588 204 51 127
0.549993 0.577191 -0.573646 153 0 76
0.582451 0.247172 0.569996 127 0 127
-0.563656 -0.408925 0.496728 153 0 76
-0.563656 0.270297 -0.514015 153 0 76
0.600358 -0.037109 -0.274608 76 153 0
-0.482127 0.284437 -0.559258 153 76 0
0.207198 -0.616226 0.459602 76 0 153
0.600358 -0.496878 0.489888 76 153 0
-0.004106 0.290724 0.299230 76 0 153
-0.400699 0.538694 -0.060592 153 0 76
-0.563656 0.019086 -0.023170 153 0 76
0.015689 0.138483 0.557164 127 0 127
0.144337 0.577191 -0.148515 153 0 76
0.401069 -0.304107 0.611702 127 0 127
0.600358 -0.009500 -0.228052 76 153 0
-0.296304 0.577191 0.086371 153 0 76
0.047224 0.231643 -0.326450 76 0 153
-0.563656 -0.423029 -0.334533 153 0 76
-0.261779 0.344002 0.611702 127 0 127
0.047224 -0.319827 -0.428175 76 0 153
-0.512326 -0.075371 -0.525327 153 0 76
0.037579 -0.616226 -0.136737 76 0 153
0.035876 0.577191 0.284059 153 0 76
0.546836 0.577191 0.314871 153 0 76
-0.320304 -0.169887 0.611702 127 0 127
0.600358 0.060136 -0.067171 76 153 0
0.600358 -0.259304 -0.504416 76 153 0
-0.185554 -0.125116 -0.572091 153 76 0
0.600358 -0.011463 0.026012 76 153 0
-0.512326 -0.544861 -0.330695 153 0 76
0.016732 0.457742 -0.572091 153 76 0
-0.004106 -0.196047 -0.157664 76 0 153
0.112851 -0.654723 0.213380 76 0 153
-0.512326 0.194882 -0.239838 153 0 76
0.328130 0.538750 -0.610588 153 0 76
-0.004106 -0.170566 -0.189115 76 0 153
0.318590 -0.497818 -0.572091 153 76 0
-0.563656 -0.303408 0.303280 153 0 76
-0.563656 -0.635276 -0.100287 76 0 153
-0.372523 -0.616226 -0.107494 76 0 153
-0.252061 0.417516 0.573205 127 0 127
-0.298159 0.538694 -0.451787 153 0 76
0.047224 0.142320 0.111340 76 0 153
-0.512326 -0.554176 0.290203 153 0 76
-0.075127 0.577191 -0.360070 153 0 76
0.047224 0.134718 0.051883 76 0 153
0.306076 -0.616226 -0.519685 76 0 153
0.234729 -0.219905 0.573205 127 0 127
0.600358 -0.431851 -0.152261 76 153 0
0.600358 -0.168255 0.485844 76 153 0
-0.004106 0.157530 0.468757 76 0 153
0.549028 -0.367137 -0.084970 76 153 0
-0.295755 -0.654723 -0.274370 76 0 153
0.047224 -0.269247 0.047569 76 0 153
-0.481463 0.415710 -0.572091 204 51 127
0.132049 -0.616226 0.161420 76 0 153
0.537292 -0.616226 -0.301154 76 0 153
0.531675 -0.616226 0.309257 76 0 153
0.435279 -0.163287 0.573205 127 0 127
-0.512326 0.326104 -0.474713 153 0 76
0.549028 0.173807 -0.189175 76 153 0
0.047224 -0.045899 -0.148266 76 0 153
-0.512326 0.178579 0.140335 153 0 76
-0.563656 -0.610268 0.459203 153 0 76
-0.465973 -0.097276 -0.572091 153 76 0
-0.004106 -0.450865 0.377207 76 0 153
-0.018694 -0.261340 -0.572091 153 76 0
0.600358 -0.528010 0.300316 76 153 0
0.407644 -0.165111 -0.610588 0 0 255
-0.512326 0.251131 -0.160910 153 0 76
-0.390250 0.577191 -0.153407 153 0 76
0.577560 -0.616226 0.463581 76 153 0
0.201079 -0.051000 0.611702 127 0 127
-0.563656 0.060765 0.329520 153 0 76
-0.563656 0.562081 0.154639 153 0 76
0.600358 -0.039629 -0.576921 76 153 0
-0.004106 0.014464 -0.201780 76 0 153
0.549028 -0.374388 -0.136553 76 153 0
-0.421474 0.577191 0.430827 153 0 76
-0.484838 0.538694 0.239272 153 0 76
0.600358 -0.131903 0.446259 76 153 0
0.563200 0.490656 -0.610588 0 0 255
-0.490828 -0.654723 -0.108800 76 0 153
-0.004106 0.126761 0.239809 76 0 153
-0.004106 -0.327723 0.105046 76 0 153
0.325843 0.021617 -0.610588 0 0 255
0.408376 -0.619110 0.573205 127 0 127
-0.004106 -0.290958 0.220107 76 0 153
0.363658 0.361911 0.611702 127 0 127
0.600358 0.311125 0.248019 76 153 0
0.524540 0.577191 -0.512856 153 0 76
-0.563656 0.020137 -0.251679 153 0 76
0.001885 -0.018881 0.611702 127 0 127
-0.313766 0.334443 -0.610588 204 51 127
0.268498 0.465518 0.573205 127 0 127
-0.377973 0.577191 -0.026466 153 0 76
0.031055 0.538693 -0.368787 153 0 76
0.320542 0.538694 0.152817 153 0 76
0.138509 -0.163392 0.611702 127 0 127
-0.402968 0.577191 0.285045 153 0 76
0.549028 -0.520394 -0.051755 76 153 0
0.509976 0.538694 0.194165 153 0 76
0.053293 -0.616226 0.537327 76 0 153
-0.335229 -0.616226 -0.036251 76 0 153
0.047224 0.086007 0.451023 76 0 153
0.539895 -0.120209 0.611702 127 0 127
0.118538 -0.172968 -0.572091 153 76 0
0.549028 0.191320 0.192582 76 153 0
-0.563656 0.553686 0.092131 153 0 76
-0.004106 0.339207 0.021061 76 0 153
-0.225726 -0.616226 0.217113 76 0 153
-0.512326 0.013296 0.092788 153 0 76
-0.143029 0.577191 0.234028 153 0 76
-0.102302 -0.654723 0.326740 76 0 153
0.366180 0.458269 -0.610588 0 0 255
-0.336876 0.322415 -0.572091 153 76 0
-0.040890 0.538694 -0.301370 153 0 76
0.146869 0.577191 0.169698 153 0 76
-0.314880 0.577191 -0.475296 153 0 76
-0.512326 0.106869 -0.213911 153 0 76
0.047224 -0.500107 0.007085 76 0 153
-0.294652 0.400275 -0.610588 204 51 127
-0.563656 -0.089111 -0.134848 153 0 76
0.276375 0.094218 -0.572091 153 76 0
0.491253 0.577191 0.535133 153 0 76
0.421410 0.573983 0.588216 127 0 127
-0.070338 0.213768 -0.559258 153 76 0
-0.563656 -0.353382 0.099225 153 0 76
-0.301001 0.111842 -0.572091 153 76 0
0.600358 -0.511041 -0.161245 76 153 0
0.573299 0.394207 -0.610588 76 153 0
0.528911 0.317788 -0.610588 76 153 0
-0.444777 0.481325 0.669843 0 127 127
0.079249 -0.212717 0.573205 127 0 127
0.490287 0.309240 0.611702 127 0 127
0.056499 -0.654723 -0.324771 76 0 153
-0.563656 0.555452 0.366402 153 0 76
-0.174222 0.427345 0.611702 127 0 127
0.549028 0.245573 -0.495670 76 153 0
0.067024 -0.654723 0.128137 76 0 153
0.384029 -0.616226 0.497874 76 0 153
-0.025038 0.165733 -0.559258 153 76 0
0.549028 0.334942 -0.560372 153 76 0
0.047224 0.262825 0.159242 76 0 153
0.485013 0.190699 -0.559258 153 76 0
-0.512326 0.510496 -0.294075 153 0 76
0.413838 0.188485 0.611702 127 0 127
-0.080354 0.538694 -0.463213 153 0 76
-0.512326 -0.061085 -0.427992 153 0 76
-0.200793 -0.439833 0.611702 127 0 127
0.570696 0.190878 0.573205 127 0 127
-0.272958 -0.369137 0.573205 127 0 127
-0.026988 0.471636 0.573205 127 0 127
0.047224 -0.139380 -0.414090 76 0 153
-0.512326 -0.348831 0.219751 153 0 76
-0.293968 0.547968 0.611702 127 0 127
0.047224 0.103005 -0.196560 76 0 153
-0.563656 -0.147572 -0.397982 153 0 76
-0.356861 0.496956 -0.610588 204 51 127
-0.004106 0.116024 -0.169143 76 0 153
0.188788 0.577191 0.416223 153 0 76
-0.563656 -0.585648 -0.322678 153 0 76
0.549028 -0.179088 0.324436 76 153 0
0.075551 0.422798 0.611702 127 0 127
-0.563656 -0.344807 0.529247 153 0 76
-0.004106 0.072969 0.004794 76 0 153
-0.411393 0.538694 -0.153467 153 0 76
0.549028 0.389472 -0.268194 76 153 0
0.454057 -0.363163 0.573205 127 0 127
-0.152105 0.375288 0.573205 127 0 127
-0.004106 0.495242 -0.088265 76 0 153
0.549028 -0.075142 0.354808 76 153 0
0.047224 -0.139983 0.371997 76 0 153
-0.034176 -0.116395 0.573205 127 0 127
0.570346 -0.654723 0.285341 76 0 153
-0.030580 -0.654723 0.327892 76 0 153
0.600358 0.080969 -0.475386 76 153 0
-0.525555 -0.417216 0.573205 153 0 76
-0.417178 0.265487 -0.559258 153 76 0
0.308646 -0.616226 -0.044658 76 0 153
0.600358 -0.367918 -0.261654 76 153 0
0.600358 -0.433958 0.162016 76 153 0
0.050357 -0.654723 -0.607698 76 0 153
-0.512326 -0.277439 0.277923 153 0 76
-0.563656 -0.136847 -0.457938 153 0 76
-0.282472 -0.654723 0.564240 76 0 153
-0.478161 0.538694 -0.121386 153 0 76
-0.563656 -0.292501 0.022234 153 0 76
-0.512326 -0.129553 0.337560 153 0 76
-0.512326 0.394469 -0.405033 153 0 76
0.296782 0.258688 -0.559258 153 76 0
-0.512326 -0.212053 -0.313803 153 0 76
0.381057 -0.167553 -0.572091 0 0 255
-0.512326 -0.343229 0.099764 153 0 76
-0.512326 0.109034 0.121826 153 0 76
-0.545729 -0.251750 0.573205 153 0 76
0.017932 -0.616226 -0.243167 76 0 153
0.549028 0.190281 -0.247408 76 153 0
-0.365481 0.371902 -0.572091 153 76 0
-0.563656 0.574614 -0.479140 153 0 76
0.276855 -0.014659 -0.572091 153 76 0
0.282824 -0.616226 -0.366106 76 0 153
-0.563656 0.169257 -0.338834 153 0 76
-0.299172 -0.616226 -0.535009 76 0 153
0.189019 -0.616226 -0.450751 76 0 153
-0.219262 -0.616226 -0.599065 76 0 153
0.110440 0.470455 0.573205 127 0 127
-0.185709 -0.381442 0.573205 127 0 127
0.549028 0.126969 0.406474 76 153 0
0.594573 -0.616226 -0.505041 76 153 0
0.549028 -0.150485 0.244817 76 153 0
-0.563656 -0.639903 0.289676 76 0 153
-0.528135 -0.213336 0.611702 127 0 127
-0.511014 0.033985 -0.610588 153 0 76
0.586457 -0.654723 0.001065 76 0 153
0.280922 0.577191 0.274681 153 0 76
0.549028 -0.217083 -0.285037 76 153 0
0.415378 -0.616226 0.168508 76 0 153
0.516656 0.577191 0.134520 153 0 76
0.549028 -0.420847 -0.442308 76 153 0
-0.351988 -0.616226 -0.294533 76 0 153
0.516246 0.577191 -0.101929 153 0 76
0.549028 0.010534 -0.006521 76 153 0
0.047224 0.250723 -0.226083 76 0 153
0.217553 0.577191 -0.538915 153 0 76
0.600358 0.118554 -0.095598 76 153 0
0.549028 -0.394281 0.244683 76 153 0
-0.563656 0.485822 0.100864 153 0 76
-0.189071 0.350546 -0.572091 153 76 0
0.252170 -0.616226 -0.239431 76 0 153
0.600358 0.326031 0.194397 76 153 0
-0.563111 -0.424168 -0.610588 153 0 76
0.047224 -0.031425 0.153575 76 0 153
0.401064 -0.147931 0.611702 127 0 127
-0.004106 -0.304252 0.538798 76 0 153
0.531861 0.525983 0.611702 127 0 127
-0.563656 -0.396857 -0.122259 153 0 76
-0.434745 -0.482262 -0.610588 204 51 127
0.600358 0.281338 0.078069 76 153 0
-0.004106 -0.379552 0.100252 76 0 153
0.326036 -0.046176 0.573205 127 0 127
-0.563656 0.334421 0.496483 153 0 76
-0.512326 0.404544 0.040171 153 0 76
-0.563656 0.489856 -0.157678 153 0 76
0.549028 -0.258410 -0.143173 76 153 0
-0.241766 0.538694 0.376072 153 0 76
-0.004106 0.153190 -0.421144 76 0 153
-0.512326 0.502658 -0.233486 153 0 76
-0.004106 -0.025995 0.215537 76 0 153
0.549028 0.473033 -0.186040 76 153 0
-0.563656 0.262660 0.476640 153 0 76
0.549028 -0.533233 0.086035 76 153 0
0.549028 0.239758 -0.191232 76 153 0
-0.120058 -0.049411 0.611702 127 0 127
0.600358 0.038270 -0.135442 76 153 0
-0.393832 -0.374648 -0.610588 204 51 127
-0.004106 -0.244486 -0.157266 76 0 153
0.453959 -0.616226 -0.397450 76 0 153
-0.076160 -0.479422 -0.572091 153 76 0
0.240529 0.464039 -0.559258 153 76 0
-0.004106 -0.578003 0.144233 76 0 153
0.048019 0.196194 0.573205 127 0 127
0.517768 -0.537832 -0.610588 76 153 0
0.205923 0.025003 0.573205 127 0 127
-0.563656 0.294047 0.217011 153 0 76
-0.500971 -0.088324 -0.610588 204 51 127
-0.563656 -0.580942 -0.194382 153 0 76
-0.512326 -0.581761 0.129182 153 0 76
0.538419 -0.616226 0.480781 76 153 0
-0.447167 0.577191 0.295064 153 0 76
0.324717 0.538694 0.005090 153 0 76
0.378614 -0.616226 0.000960 76 0 153
0.423734 -0.364914 0.611702 127 0 127
0.173209 0.577191 -0.000367 153 0 76
-0.512326 -0.272109 -0.468098 153 0 76
0.089302 0.577191 0.076674 153 0 76
0.549028 -0.177469 -0.599724 0 0 255
-0.563656 0.155990 -0.466970 153 0 76
0.518079 0.146466 -0.610588 0 0 255
-0.004106 0.235994 0.020538 76 0 153
0.600358 -0.331251 0.147450 76 153 0
-0.174704 0.577191 -0.045716 153 0 76
-0.512326 -0.546199 -0.393236 153 0 76
0.037237 0.333294 -0.559258 76 0 153
-0.296555 0.577191 0.475721 153 0 76
-0.004106 -0.469361 -0.042509 76 0 153
-0.004106 0.164126 -0.184571 76 0 153
0.549028 0.080318 -0.003860 76 153 0
-0.475630 0.545906 -0.610588 153 0 76
-0.563656 0.107207 0.529040 153 0 76
0.549028 0.042548 0.145257 76 153 0
-0.004106 0.380578 -0.334683 76 0 153
-0.004106 0.206514 -0.240747 76 0 153
0.255876 -0.320363 -0.572091 153 76 0
0.509906 0.267345 -0.610588 0 0 255
0.532467 -0.126404 -0.610588 76 153 0
-0.563656 0.255013 0.283575 153 0 76
-0.004106 -0.088783 0.500289 76 0 153
-0.121112 0.538694 0.547716 153 0 76
-0.563656 0.434671 0.355028 153 0 76
0.176670 0.371430 0.611702 127 0 127
0.600358 -0.276875 0.177285 76 153 0
0.357631 0.577191 -0.067865 153 0 76
0.600358 0.005553 0.253903 76 153 0
0.470932 -0.438327 0.611702 127 0 127
0.164358 -0.531478 0.611702 127 0 127
0.549028 -0.247274 0.453424 76 153 0
0.600358 0.033964 -0.277250 76 153 0
-0.512326 -0.550832 -0.000757 153 0 76
-0.528560 0.538694 0.470815 153 0 76
0.356076 0.005059 -0.572091 153 76 0
-0.004106 -0.085147 -0.295517 76 0 153
0.549028 0.284828 0.400554 76 153 0
0.131313 0.577191 0.458565 153 0 76
0.142074 -0.654723 -0.339247 76 0 153
-0.219767 -0.506118 0.611702 127 0 127
-0.512326 0.201118 0.534950 153 0 76
0.565277 -0.616226 -0.365442 76 0 153
0.600358 -0.371551 -0.436042 76 153 0
0.074993 0.426549 0.573205 127 0 127
-0.512326 -0.536035 0.030478 153 0 76
0.517642 0.250604 0.573205 127 0 127
-0.015411 -0.255574 0.573205 127 0 127
-0.212336 0.359188 0.573205 127 0 127
-0.512326 -0.203344 -0.103537 153 0 76
0.114600 -0.616226 0.030377 76 0 153
-0.512326 0.451038 -0.309512 153 0 76
-0.060323 -0.153926 0.573205 127 0 127
0.310009 -0.148695 -0.572091 153 76 0
0.576135 -0.654723 -0.121438 76 0 153
-0.291288 0.453831 0.573205 127 0 127
0.315223 -0.654723 0.341149 76 0 153
0.561135 -0.616226 -0.552033 76 153 0
-0.512326 0.218700 -0.037629 153 0 76
-0.036802 0.538694 0.376366 153 0 76
-0.432058 0.037981 -0.559258 153 76 0
-0.135416 -0.616226 -0.392064 76 0 153
-0.563656 -0.060863 -0.409051 153 0 76
0.528795 -0.616226 0.406262 76 0 153
-0.563656 0.030525 -0.303817 153 0 76
0.600358 0.575300 0.120053 153 0 76
-0.377693 0.103637 -0.610588 204 51 127
-0.216478 0.577191 -0.357994 153 0 76
0.600358 0.368651 -0.231585 76 153 0
-0.141376 0.471550 -0.572091 153 76 0
0.549028 0.135754 -0.136659 76 153 0
0.549028 -0.275814 -0.524884 76 153 0
0.047224 -0.280094 -0.366800 76 0 153
-0.322575 -0.654723 -0.581114 76 0 153
-0.512326 0.473659 0.423213 153 0 76
-0.354407 0.167643 -0.610588 204 51 127
-0.075626 0.555511 0.611702 127 0 127
0.156653 -0.616226 -0.147031 76 0 153
0.047224 -0.473089 0.234624 76 0 153
0.549028 -0.140647 -0.523644 76 153 0
0.600358 -0.001447 0.543619 76 153 0
0.600358 0.238777 -0.379999 76 153 0
0.331885 -0.526160 -0.610588 0 0 255
0.212779 0.538694 0.195948 153 0 76
0.600358 -0.633303 -0.329214 76 0 153
-0.512326 -0.050340 -0.027481 153 0 76
-0.232520 -0.331519 0.573205 127 0 127
-0.512326 0.319143 0.079764 153 0 76
-0.563656 -0.635496 -0.221071 76 0 153
0.600358 0.028089 0.500618 76 153 0
0.047224 -0.595903 0.129490 76 0 153
-0.512326 0.189802 -0.357074 153 0 76
-0.445007 0.506992 -0.610588 204 51 127
0.162944 -0.654723 -0.239704 76 0 153
0.578579 -0.616226 0.111981 76 153 0
-0.004106 0.294509 0.423481 76 0 153
0.397182 0.311899 -0.572091 153 76 0
0.144286 -0.616226 -0.216326 76 0 153
-0.004106 0.074570 0.290441 76 0 153
0.131387 0.313996 -0.572091 153 76 0
-0.476135 -0.583978 -0.559258 153 76 0
0.421233 0.151766 0.611702 127 0 127
0.251461 0.577191 0.074462 153 0 76
0.535140 -0.593701 0.573205 127 0 127
0.357735 -0.654723 0.052342 76 0 153
-0.325199 -0.256567 0.611702 127 0 127
0.086676 0.577191 0.384406 153 0 76
-0.391482 0.538694 -0.355126 153 0 76
-0.243557 0.577191 0.361718 153 0 76
-0.512326 -0.198961 -0.148404 153 0 76
-0.455991 -0.616226 0.098210 76 0 153
0.346235 -0.654723 -0.494794 76 0 153
-0.563656 -0.090311 0.005366 153 0 76
-0.512326 -0.056665 -0.165676 153 0 76
-0.126625 -0.468685 -0.572091 153 76 0
0.047224 0.234491 -0.468461 76 0 153
-0.004106 0.471929 -0.535501 76 0 153
0.516296 -0.172986 -0.559258 153 76 0
0.600358 0.214440 -0.244669 76 153 0
-0.464585 0.249590 -0.610588 204 51 127
0.047224 -0.591696 0.232178 76 0 153
-0.173656 0.246858 0.611702 127 0 127
0.361698 -0.052292 0.573205 127 0 127
0.421666 -0.616226 0.067670 76 0 153
0.389433 -0.616226 0.082163 76 0 153
0.600358 -0.351012 -0.339303 76 153 0
-0.538848 0.476747 0.569996 127 0 127
-0.068943 0.500995 -0.559258 153 76 0
-0.213814 -0.654723 -0.060352 76 0 153
-0.178412 0.462812 0.573205 127 0 127
0.549028 -0.299165 -0.418010 76 153 0
-0.563656 -0.059585 -0.260918 153 0 76
-0.563656 0.260077 0.101787 153 0 76
-0.287900 -0.423215 -0.610588 204 51 127
-0.512326 0.008394 0.409193 153 0 76
0.182673 0.181511 0.573205 127 0 127
0.047224 -0.256088 0.085031 76 0 153
-0.198488 -0.573099 -0.559258 153 76 0
-0.300152 -0.582960 -0.610588 204 51 127
0.018031 -0.654723 0.015113 76 0 153
-0.151759 -0.372050 -0.572091 153 76 0
-0.229127 -0.097502 -0.572091 153 76 0
-0.154350 0.538694 0.047205 153 0 76
0.572715 -0.616226 -0.082946 76 153 0
0.047224 -0.092004 0.078938 76 0 153
-0.004106 -0.429039 0.063735 76 0 153
0.549028 0.469008 0.103301 76 153 0
-0.161119 -0.218335 -0.572091 153 76 0
-0.345842 0.446259 0.573205 127 0 127
-0.098005 0.538694 0.005411 153 0 76
0.317884 0.538694 -0.393645 153 0 76
0.178674 0.538694 0.078891 153 0 76
-0.512326 -0.426366 -0.126082 153 0 76
-0.151604 -0.654723 0.443978 76 0 153
0.047224 0.513854 0.199764 76 0 153
0.581560 0.294385 -0.610588 76 153 0
-0.512326 -0.019881 0.300844 153 0 76
-0.388891 -0.457892 0.573205 127 0 127
0.549028 0.302430 -0.479278 76 153 0
-0.563656 0.189477 -0.370279 153 0 76
-0.004106 -0.071026 0.346799 76 0 153
0.549028 0.248011 0.163614 76 153 0
-0.143299 0.551495 0.611702 127 0 127
0.408894 -0.435308 0.573205 127 0 127
-0.004106 -0.543524 0.034101 76 0 153
0.211491 0.163976 -0.559258 153 76 0
0.600358 0.475646 0.067494 76 153 0
-0.532460 -0.616226 0.476016 153 0 76
0.600358 0.356575 -0.435784 76 153 0
-0.563656 -0.091131 -0.360508 153 0 76
-0.563656 0.077826 -0.398493 153 0 76
-0.403674 0.324992 -0.572091 153 76 0
0.216649 0.577191 -0.381416 153 0 76
-0.029250 -0.616226 -0.437657 76 0 153
-0.361317 -0.385615 -0.559258 153 76 0
0.047224 -0.334761 -0.359682 76 0 153
0.549028 0.275185 -0.579748 76 153 0
0.238907 -0.616226 -0.434164 76 0 153
0.600358 0.462703 -0.557569 76 153 0
0.512040 -0.205672 -0.559258 153 76 0
-0.004106 -0.311820 -0.051576 76 0 153
0.047224 -0.561073 0.405498 76 0 153
0.393692 0.353392 -0.610588 0 0 255
-0.255677 0.302505 -0.572412 153 76 0
-0.004106 -0.071506 -0.402868 76 0 153
0.527677 -0.171907 0.573205 127 0 127
0.549028 -0.156157 0.485129 76 153 0
-0.004106 -0.328216 -0.484443 76 0 153
-0.443685 0.538694 -0.380812 153 0 76
-0.334429 0.538694 -0.582243 204 51 127
0.047224 -0.018575 0.094716 76 0 153
-0.359823 0.254438 -0.610588 204 51 127
-0.034952 -0.654723 0.100350 76 0 153
0.510780 0.102857 0.611702 127 0 127
0.337764 0.577191 -0.176426 153 0 76
-0.512326 0.111777 0.029531 153 0 76
-0.563656 -0.242715 0.203195 153 0 76
-0.549530 -0.654723 -0.039907 76 0 153
0.600358 0.289720 -0.027395 76 153 0
0.047224 -0.104754 -0.462986 76 0 153
-0.563656 0.352824 0.030524 153 0 76
0.157207 -0.003394 -0.572091 153 76 0
-0.512326 -0.244679 -0.592386 204 51 127
-0.004106 -0.354338 0.205323 76 0 153
0.047224 0.062647 -0.412946 76 0 153
0.047224 0.414572 0.442732 76 0 153
-0.428764 -0.447109 -0.610588 204 51 127
-0.312071 -0.041350 0.573205 127 0 127
-0.185139 0.512625 -0.559258 153 76 0
-0.260456 0.017276 -0.559258 153 76 0
-0.078611 -0.517032 -0.572091 153 76 0
-0.164926 -0.616226 0.188078 76 0 153
-0.217051 -0.616226 0.170686 76 0 153
0.306807 -0.607528 0.611702 127 0 127
-0.563656 -0.005920 0.473032 153 0 76
-0.380432 0.373001 0.611702 127 0 127
-0.531149 0.577191 0.291205 153 0 76
0.549028 0.387922 0.491760 76 153 0
-0.286986 -0.095606 -0.610588 204 51 127
-0.484538 -0.142954 0.573205 127 0 127
0.429023 0.091503 -0.572091 153 76 0
-0.563656 0.204338 -0.089330 153 0 76
-0.004106 -0.120923 -0.085671 76 0 153
0.246312 0.057966 -0.559258 153 76 0
-0.512326 0.245812 -0.400719 153 0 76
0.166473 -0.145732 -0.559258 153 76 0
-0.519740 0.210942 0.611702 127 0 127
0.549028 0.162972 0.349373 76 153 0
0.264280 -0.395072 0.573205 127 0 127
0.559410 -0.654723 0.321484 76 0 153
0.549028 0.312442 -0.323934 76 153 0
-0.443473 0.109469 -0.610588 204 51 127
-0.563656 0.080257 -0.513465 153 0 76
-0.286396 -0.616226 0.106035 76 0 153
0.367928 0.538694 0.513352 153 0 76
-0.437120 -0.654723 0.513530 76 0 153
0.219097 -0.216064 -0.572091 153 76 0
0.047224 -0.354720 0.123586 76 0 153
0.158878 -0.072966 0.611702 127 0 127
-0.563656 -0.209443 0.289088 153 0 76
-0.512326 0.138257 0.179345 153 0 76
0.120145 0.538694 0.055307 153 0 76
0.047224 0.090985 -0.057896 76 0 153
-0.179435 -0.009800 -0.559258 153 76 0
-0.563656 -0.061316 -0.471231 153 0 76
0.549028 0.336993 0.237274 76 153 0
0.569186 -0.608690 0.611702 127 0 127
0.035626 -0.354411 -0.572091 153 76 0
-0.004106 -0.292999 -0.154960 76 0 153
-0.458558 -0.261753 -0.610588 204 51 127
-0.563656 -0.270865 -0.521902 153 0 76
0.549028 0.504520 -0.097987 76 153 0
-0.443590 -0.616226 -0.324830 76 0 153
0.549028 0.441769 -0.297914 76 153 0
-0.563656 0.490268 -0.546370 153 0 76
0.600358 -0.418826 -0.599985 76 153 0
-0.208721 0.116829 -0.572091 153 76 0
0.490830 0.538694 -0.303415 153 0 76
0.120781 -0.616226 0.350823 76 0 153
0.549028 -0.268958 0.253129 76 153 0
-0.563656 -0.429030 -0.455200 153 0 76
-0.004106 -0.008003 0.546605 76 0 153
0.445675 0.538694 0.387004 153 0 76
-0.269159 -0.654723 -0.246051 76 0 153
0.047224 0.395090 0.165933 76 0 153
-0.512326 -0.284931 -0.314235 153 0 76
-0.563656 -0.405988 0.530116 153 0 76
0.027264 -0.616226 0.427431 76 0 153
0.283362 -0.406339 0.611702 127 0 127
-0.367950 -0.654723 0.411770 76 0 153
0.549028 0.014140 -0.245870 76 153 0
0.498558 0.301813 -0.572091 153 76 0
-0.004106 -0.335418 -0.257432 76 0 153
-0.004354 -0.179389 0.573205 127 0 127
0.047224 -0.459781 -0.235056 76 0 153
-0.010600 -0.616226 0.389927 76 0 153
0.109312 -0.616226 0.093792 76 0 153
0.047224 -0.102254 -0.223500 76 0 153
0.047224 -0.355607 0.439595 76 0 153
-0.546765 0.442236 0.611702 127 0 127
-0.150533 0.577191 0.447232 153 0 76
-0.512326 0.178121 0.454060 153 0 76
-0.563656 -0.426697 -0.148790 153 0 76
0.467567 0.538694 -0.101499 153 0 76
0.109721 0.075656 -0.559258 153 76 0
0.600358 -0.299245 -0.040832 76 153 0
-0.061948 -0.616226 0.428061 76 0 153
0.567939 -0.616226 -0.005725 76 0 153
-0.194571 -0.575844 0.573205 127 0 127
0.600358 0.546858 0.436558 153 0 76
-0.424949 0.207364 -0.572091 153 76 0
-0.563656 -0.003622 -0.559283 153 0 76
0.047224 0.314965 0.006311 76 0 153
-0.563656 -0.194343 -0.187865 153 0 76
-0.563656 -0.201512 -0.609803 153 0 76
-0.007581 0.372120 -0.572091 153 76 0
-0.255074 -0.616226 -0.469401 76 0 153
0.600358 0.528163 -0.295191 76 153 0
-0.004106 0.433922 -0.340672 76 0 153
-0.233373 -0.398345 -0.572091 153 76 0
-0.116656 0.568488 -0.610588 153 0 76
-0.292261 -0.332013 -0.572091 153 76 0
0.047224 -0.500305 0.039260 76 0 153
-0.004106 -0.341941 -0.112641 76 0 153
0.489301 0.403647 0.573205 127 0 127
-0.403122 0.001785 0.611702 127 0 127
-0.158631 -0.306940 0.573205 127 0 127
0.358305 -0.162719 0.573205 127 0 127
-0.408710 -0.654723 -0.136090 76 0 153
0.549028 0.125732 -0.476280 76 153 0
0.600358 -0.123722 -0.117531 76 153 0
0.414823 0.405651 0.611702 127 0 127
-0.563656 0.445013 0.029440 153 0 76
0.126034 -0.193183 0.611702 127 0 127
-0.165526 -0.654723 0.520722 76 0 153
-0.004106 -0.533548 -0.234396 76 0 153
-0.512326 -0.211880 -0.369508 153 0 76
-0.563656 0.307698 0.105754 153 0 76
0.357038 0.538694 0.041187 153 0 76
-0.563656 0.271321 -0.605905 153 0 76
0.356110 -0.616226 0.425282 76 0 153
-0.213590 0.546514 0.611702 127 0 127
-0.070174 0.577191 -0.032557 153 0 76
-0.563656 0.358041 -0.264991 153 0 76
0.549028 -0.557184 -0.461766 76 153 0
-0.137557 -0.013620 -0.559258 153 76 0
-0.563656 -0.573845 0.256020 153 0 76
0.153480 -0.654723 0.381636 76 0 153
0.047224 0.192137 -0.144490 76 0 153
-0.207223 -0.616226 -0.007399 76 0 153
-0.004106 -0.007144 0.436490 76 0 153
-0.088006 0.014391 -0.572091 153 76 0
0.192842 0.577191 0.062554 153 0 76
-0.116477 -0.654723 -0.374745 76 0 153
0.549028 -0.543934 0.544809 76 153 0
-0.004106 -0.256966 0.322905 76 0 153
0.600358 -0.627429 -0.117809 76 153 0
0.376067 -0.616226 -0.239744 76 0 153
-0.004106 0.325155 -0.429965 76 0 153
0.600358 -0.346213 -0.559375 76 153 0
0.549028 0.111507 0.490988 76 153 0
-0.433754 0.245135 0.573205 127 0 127
-0.463141 0.538694 0.537472 153 0 76
0.454990 0.401129 0.611702 127 0 127
0.354124 0.577191 0.428969 153 0 76
-0.197733 0.319371 0.573205 127 0 127
-0.393070 -0.578648 0.573205 127 0 127
-0.334081 -0.199029 -0.572091 153 76 0
-0.440082 -0.496969 0.611702 127 0 127
0.436538 -0.095456 0.611702 127 0 127
0.057455 -0.654723 -0.109320 76 0 153
0.549028 0.397446 0.292045 76 153 0
0.277773 0.560849 -0.610588 153 0 76
-0.563656 -0.466063 0.273237 153 0 76
-0.512326 -0.252249 -0.396262 153 0 76
-0.004106 0.503734 -0.343367 76 0 153
0.055419 -0.654723 0.177144 76 0 153
-0.512326 0.032534 0.239589 153 0 76
0.515825 0.034742 -0.572091 0 0 255
0.047224 0.448084 -0.386691 76 0 153
-0.512326 -0.416384 0.031638 153 0 76
-0.512326 0.130645 -0.291153 153 0 76
0.549028 0.091800 -0.074203 76 153 0
-0.452354 0.355406 0.573205 127 0 127
0.411531 -0.064530 0.573205 127 0 127
-0.004106 -0.165204 -0.303793 76 0 153
-0.512326 -0.551717 0.153057 153 0 76
0.600354 -0.063646 0.611702 127 0 127
-0.350665 0.487983 -0.572091 204 51 127
0.186863 -0.630579 0.611702 127 0 127
0.600358 0.170835 0.580752 127 0 127
-0.563656 0.444128 -0.164837 153 0 76
0.047224 -0.507813 0.095104 76 0 153
0.082873 0.577191 -0.109291 153 0 76
-0.371148 -0.584209 0.611702 127 0 127
-0.563656 -0.327815 0.328729 153 0 76
-0.413701 -0.152592 0.573205 127 0 127
0.047224 -0.374408 -0.308420 76 0 153
-0.208775 0.472750 -0.559258 153 76 0
0.600358 0.271397 0.595104 127 0 127
-0.072770 -0.049293 0.573205 127 0 127
0.539128 0.203011 -0.610588 0 0 255
-0.512326 0.405775 0.437973 153 0 76
0.292379 -0.208611 -0.575810 0 0 255
-0.112652 -0.654723 -0.228004 76 0 153
0.600358 -0.010434 -0.380956 76 153 0
-0.563656 0.183926 -0.287723 153 0 76
-0.024348 0.577191 0.020672 153 0 76
0.549028 0.226794 0.265910 76 153 0
-0.384847 0.134055 0.611702 127 0 127
-0.307582 -0.568300 -0.572091 153 76 0
0.047224 0.397295 -0.171911 76 0 153
-0.512326 0.312937 -0.222273 153 0 76
-0.252364 0.577191 -0.588964 153 0 76
-0.521418 -0.654723 0.109884 76 0 153
0.600358 0.517735 0.095914 76 153 0
0.071129 0.577191 -0.564646 153 0 76
-0.512326 0.074445 0.525556 153 0 76
0.600358 -0.427862 0.393773 76 153 0
0.549028 0.063086 -0.112183 76 153 0
0.114034 0.538694 0.368671 153 0 76
0.600358 -0.476183 -0.078185 76 153 0
-0.004106 -0.558033 -0.449826 76 0 153
-0.437211 -0.288153 -0.559258 153 76 0
-0.004106 0.521758 0.092568 76 0 153
0.070900 -0.616226 -0.400367 76 0 153
-0.185267 0.313839 -0.559258 153 76 0
0.047224 0.008473 -0.461794 76 0 153
-0.174299 0.577191 0.502440 153 0 76
0.600358 0.076154 0.370182 76 153 0
-0.512326 0.058275 0.070658 153 0 76
0.298016 0.538033 0.611702 127 0 127
0.600358 -0.322228 0.181589 76 153 0
-0.512326 -0.346755 0.397824 153 0 76
0.549028 0.207143 -0.153384 76 153 0
-0.351201 -0.616226 -0.360402 76 0 153
-0.451002 -0.193153 -0.572091 204 51 127
0.047224 -0.420998 -0.275331 76 0 153
0.549028 -0.523283 -0.409430 76 153 0
0.573474 0.538693 0.385595 153 0 76
0.118908 0.156515 0.573205 127 0 127
0.047224 -0.049156 -0.350145 76 0 153
-0.004106 0.065803 -0.304038 76 0 153
0.600358 0.244207 0.254191 76 153 0
-0.441726 0.392515 0.573205 127 0 127
0.112325 -0.324645 0.611702 127 0 127
-0.563656 0.220104 -0.245977 153 0 76
0.333775 -0.654723 -0.404034 76 0 153
-0.563656 -0.484821 0.420896 153 0 76
0.492957 -0.654723 -0.469431 76 0 153
0.549028 -0.023676 -0.247504 76 153 0
0.329222 0.068956 -0.572091 153 76 0
0.435563 -0.654723 -0.293248 76 0 153
0.549028 0.446723 0.423326 76 153 0
0.364643 -0.555874 -0.559258 153 76 0
-0.360599 0.380986 -0.610588 204 51 127
-0.527037 0.577191 -0.483126 153 0 76
-0.001553 0.577191 -0.056009 153 0 76
0.287967 0.384454 0.611702 127 0 127
0.600358 0.272604 -0.083135 76 153 0
0.549028 -0.179516 -0.421411 76 153 0
0.600358 -0.570192 0.357266 76 153 0
0.359209 0.574338 -0.610588 153 0 76
-0.317067 -0.654723 0.471393 76 0 153
0.518293 -0.654723 -0.419702 76 0 153
-0.563656 0.137861 -0.343295 153 0 76
-0.562390 0.577191 0.307117 153 0 76
-0.418998 0.406565 -0.572091 153 76 0
-0.223979 0.105735 0.573205 127 0 127
0.047224 -0.110351 0.468309 76 0 153
0.308675 -0.443436 0.573205 127 0 127
0.482915 0.051490 -0.610588 0 0 255
0.600358 0.365120 0.247108 76 153 0
-0.512326 -0.354474 -0.323386 153 0 76
0.130061 -0.094264 0.573205 127 0 127
-0.281965 -0.334189 0.611702 127 0 127
0.158118 -0.279603 -0.559258 153 76 0
-0.538126 0.538694 0.297782 153 0 76
0.008562 -0.616226 -0.181403 76 0 153
0.549028 -0.150466 0.020512 76 153 0
-0.004106 -0.547550 -0.523207 153 76 0
-0.512326 0.060018 0.120533 153 0 76
-0.307112 0.125377 0.611702 127 0 127
0.299153 -0.654723 0.261034 76 0 153
0.213224 0.559453 0.573205 127 0 127
-0.524953 0.538694 -0.168594 153 0 76
-0.530773 0.222173 -0.610588 153 0 76
0.531525 0.538694 -0.026742 153 0 76
0.284289 -0.654723 -0.359965 76 0 153
-0.250575 0.172266 0.573205 127 0 127
0.335828 0.538694 0.531187 153 0 76
-0.361327 0.577191 -0.578438 153 0 76
0.600358 0.200314 -0.073710 76 153 0
0.523349 0.577191 0.340664 153 0 76
-0.238082 -0.510540 -0.559258 153 76 0
0.357302 -0.616226 0.135549 76 0 153
-0.512326 -0.370352 -0.132953 153 0 76
0.074674 0.577191 -0.172339 153 0 76
0.309804 -0.654723 0.448884 76 0 153
0.302051 -0.571439 0.611702 127 0 127
0.549028 0.509648 -0.198934 76 153 0
-0.080051 0.030343 0.573205 127 0 127
0.047224 -0.551345 -0.131114 76 0 153
-0.486506 -0.211801 -0.559258 204 51 127
-0.563656 0.242861 0.537793 153 0 76
0.095487 -0.390821 0.611702 127 0 127
-0.325079 -0.616226 -0.127025 76 0 153
-0.004106 -0.071445 0.161206 76 0 153
0.140764 0.538694 -0.101607 153 0 76
-0.320252 0.050316 -0.572091 153 76 0
0.152098 0.577191 -0.062601 153 0 76
-0.050439 0.359056 -0.559258 153 76 0
-0.004106 -0.013414 -0.108892 76 0 153
-0.004106 0.442927 -0.423316 76 0 153
0.519978 0.513195 -0.572091 153 76 0
-0.131678 -0.654723 0.112681 76 0 153
-0.004106 0.155727 -0.109172 76 0 153
0.600358 -0.526342 0.470549 76 153 0
-0.004106 0.221574 0.310145 76 0 153
0.349626 0.538694 -0.167552 153 0 76
-0.563656 0.407273 -0.524145 153 0 76
-0.512326 0.460060 -0.547217 153 76 0
0.488822 -0.616226 0.324530 76 0 153
0.125101 -0.616226 -0.484468 76 0 153
-0.387603 -0.654723 -0.532615 76 0 153
-0.512326 0.236434 0.255823 153 0 76
-0.547836 -0.098854 0.611702 127 0 127
0.549028 -0.539635 0.194461 76 153 0
-0.210078 -0.616226 -0.197288 76 0 153
0.181415 0.577191 0.228282 153 0 76
0.047224 0.371990 0.319012 76 0 153
-0.563656 0.256362 0.166254 153 0 76
-0.563656 0.083851 0.550321 153 0 76
0.600358 -0.360703 -0.403101 76 153 0
0.174807 0.577191 -0.172373 153 0 76
-0.563656 -0.229247 -0.501235 153 0 76
-0.011138 0.473564 -0.572091 76 0 153
0.478259 -0.629500 0.569996 127 0 127
-0.069380 -0.013975 -0.572091 153 76 0
0.549028 0.125248 0.009293 76 153 0
0.009738 -0.010980 -0.559258 153 76 0
-0.512326 -0.135374 -0.131781 153 0 76
-0.563656 0.407645 -0.111095 153 0 76
0.415061 0.125151 0.573205 127 0 127
0.225739 -0.616226 0.285553 76 0 153
-0.563656 0.123323 0.476083 153 0 76
0.549028 -0.233657 -0.420826 76 153 0
0.549028 0.277739 -0.419358 76 153 0
0.546172 -0.654723 0.562279 76 0 153
0.600358 0.207375 -0.494085 76 153 0
0.549028 -0.203232 0.489106 76 153 0
-0.460492 -0.149263 -0.572091 204 51 127
-0.084191 0.573983 0.587308 127 0 127
0.549028 0.312275 -0.095987 76 153 0
-0.512326 -0.051897 -0.600490 153 0 76
0.157662 -0.616226 0.421513 76 0 153
-0.445412 -0.523653 -0.572091 153 76 0
0.047224 0.501568 -0.216695 76 0 153
-0.530743 -0.651515 0.577412 76 0 153
0.041083 -0.633686 0.611702 127 0 127
0.133184 -0.091274 0.611702 127 0 127
-0.512326 0.273357 -0.269291 153 0 76
-0.508038 0.362524 0.611702 127 0 127
0.559279 -0.542309 0.611702 127 0 127
0.549028 0.441434 0.078729 76 153 0
-0.064954 0.519953 0.573205 127 0 127
-0.047783 -0.616226 0.226724 76 0 153
0.267984 -0.539778 -0.559258 153 76 0
0.025601 -0.268501 0.557164 76 0 153
0.111681 0.577191 -0.016934 153 0 76
-0.557239 -0.422678 0.592529 127 0 127
0.554881 0.538694 0.298744 76 153 0
0.549028 -0.156809 -0.304950 76 153 0
0.220738 -0.373885 0.611702 127 0 127
0.414204 0.538694 0.090378 153 0 76
0.117739 -0.651515 0.607955 127 0 127
0.549028 -0.448951 0.333438 76 153 0
0.377711 0.538694 0.407594 153 0 76
0.600358 -0.416484 0.218748 76 153 0
-0.563656 0.442944 -0.579390 153 0 76
0.047224 -0.324396 -0.462209 76 0 153
-0.328280 0.378057 0.611702 127 0 127
-0.563656 0.012919 0.155816 153 0 76
-0.004106 -0.209035 -0.025057 76 0 153
-0.068529 -0.362287 0.573205 127 0 127
-0.004106 0.341793 0.355854 76 0 153
0.306192 0.029211 -0.559258 153 76 0
-0.004106 0.249693 0.240345 76 0 153
0.162658 0.570500 0.569996 153 0 76
0.497597 0.538694 -0.141842 153 0 76
0.518730 -0.541247 -0.572091 153 76 0
0.088343 0.538694 -0.137669 153 0 76
0.600358 0.312830 0.316485 76 153 0
-0.281252 -0.458060 -0.572091 153 76 0
0.386626 -0.616226 -0.089838 76 0 153
-0.004106 -0.539843 0.204587 76 0 153
0.137955 -0.301305 -0.572091 153 76 0
-0.557239 -0.621028 0.583011 127 0 127
0.549028 0.323859 0.541818 76 153 0
0.549028 0.241485 -0.248724 76 153 0
0.505543 -0.273926 0.611702 127 0 127
-0.563656 -0.354848 -0.608945 153 0 76
-0.004106 0.320884 0.550360 76 0 153
-0.141354 -0.640683 0.573205 127 0 127
-0.067817 0.376518 0.573205 127 0 127
0.600358 -0.022562 -0.351920 76 153 0
-0.115816 -0.616226 -0.218151 76 0 153
-0.184963 -0.616226 -0.062697 76 0 153
-0.478739 -0.560394 0.611702 127 0 127
-0.432536 -0.654723 -0.079024 76 0 153
0.600358 -0.455693 -0.356831 76 153 0
-0.004106 -0.036837 0.394155 76 0 153
0.600358 0.394576 0.089445 76 153 0
-0.508333 -0.130991 0.611702 127 0 127
0.206151 0.538694 0.482358 153 0 76
0.572417 0.577191 -0.379648 153 0 76
-0.031242 0.535242 0.611702 127 0 127
-0.350516 -0.378071 0.573205 127 0 127
0.224190 -0.616226 0.499686 76 0 153
-0.563656 -0.085787 -0.561356 153 0 76
-0.004106 -0.205304 0.077194 76 0 153
0.162060 -0.108916 -0.559258 153 76 0
0.600358 0.013080 -0.490028 76 153 0
0.600358 -0.354700 0.384742 76 153 0
0.051613 0.538694 0.265904 76 0 153
0.047224 -0.240030 0.317170 76 0 153
-0.512326 0.250646 0.073170 153 0 76
-0.512326 -0.254626 -0.145762 153 0 76
0.399922 0.443481 -0.572091 153 76 0
0.600358 -0.287885 0.419654 76 153 0
0.047224 0.129553 0.395962 76 0 153
-0.085362 0.419469 0.611702 127 0 127
0.549028 -0.016603 -0.382284 76 153 0
-0.301090 -0.654723 -0.058267 76 0 153
0.289730 0.363660 0.573205 127 0 127
-0.563656 -0.453814 -0.205643 153 0 76
0.237123 -0.654723 0.161945 76 0 153
0.047224 -0.104349 0.031345 76 0 153
-0.410342 0.538694 -0.480300 153 0 76
0.481840 0.538694 0.324180 153 0 76
-0.563656 -0.650791 -0.573112 76 0 153
0.047224 0.205124 -0.479550 76 0 153
-0.077350 0.577191 0.031577 153 0 76
0.047224 0.329378 -0.363030 76 0 153
0.471051 -0.654723 -0.373797 76 0 153
0.600358 0.328346 -0.519689 76 153 0
0.549028 -0.266329 0.046063 76 153 0
-0.004106 -0.038226 0.126773 76 0 153
-0.512326 -0.025047 0.234316 153 0 76
0.047224 -0.138614 -0.172909 76 0 153
-0.479160 -0.544392 -0.610588 204 51 127
0.535327 0.538694 0.390626 153 0 76
-0.513298 0.538694 -0.064154 153 0 76
-0.563656 -0.263197 -0.284903 153 0 76
-0.563656 -0.571098 -0.084211 153 0 76
0.175956 -0.013099 0.611702 127 0 127
0.549028 -0.257504 0.508837 76 153 0
0.600358 0.576098 -0.151528 153 0 76
0.549028 -0.307899 -0.168700 76 153 0
-0.430720 -0.654723 0.275095 76 0 153
-0.484440 0.351228 -0.572091 153 76 0
0.035243 -0.018599 0.573205 127 0 127
0.522445 -0.556396 0.611702 127 0 127
0.047224 0.511867 0.523066 76 0 153
0.208672 0.577191 -0.108209 153 0 76
0.157658 0.538694 -0.587783 153 0 76
0.246771 -0.651515 0.596208 127 0 127
-0.004106 -0.505540 -0.463858 76 0 153
-0.557239 -0.558094 0.597722 127 0 127
0.600358 0.370041 -0.309719 76 153 0
0.105755 0.227696 0.573205 127 0 127
-0.196667 0.577191 -0.313734 153 0 76
0.563670 -0.654723 -0.159672 76 0 153
-0.563656 0.064596 -0.294068 153 0 76
0.047224 -0.501605 -0.140782 76 0 153
-0.548802 0.538694 0.012821 153 0 76
0.047224 -0.322705 0.086625 76 0 153
0.549028 -0.072804 0.538999 76 153 0
0.015731 -0.616226 0.565695 76 0 153
-0.512326 0.295245 -0.015782 153 0 76
0.047224 -0.393072 0.433909 76 0 153
-0.563656 0.349980 -0.225548 153 0 76
0.038256 0.279404 -0.572091 153 76 0
-0.004106 0.032719 0.323654 76 0 153
-0.563656 0.133122 -0.113163 153 0 76
0.210618 -0.627482 0.573205 127 0 127
-0.512326 -0.498821 -0.268337 153 0 76
0.549028 -0.369311 -0.051390 76 153 0
0.175484 0.538694 -0.085418 153 0 76
-0.429266 -0.654723 -0.186596 76 0 153
-0.512326 -0.179924 -0.418793 153 0 76
0.311900 -0.654723 0.151396 76 0 153
0.600358 -0.568308 -0.296265 76 153 0
-0.004106 -0.180751 0.223667 76 0 153
0.302929 -0.244298 -0.559258 0 0 255
0.153813 0.342830 0.611702 127 0 127
-0.563656 -0.567958 -0.448013 153 0 76
0.538958 -0.403243 -0.610588 76 153 0
0.047224 0.429808 -0.038077 76 0 153
-0.004106 -0.584690 0.390859 76 0 153
-0.512326 -0.323601 0.456716 153 0 76
0.292379 0.373663 -0.603159 0 0 255
-0.210838 0.342628 0.611702 127 0 127
0.600358 -0.589738 0.213350 76 153 0
-0.512326 -0.460259 -0.287457 153 0 76
-0.512326 -0.099107 -0.077228 153 0 76
0.600358 0.397532 0.222900 76 153 0
0.549028 -0.055213 0.481891 76 153 0
-0.563656 0.063483 0.389976 153 0 76
0.600358 -0.159412 0.043032 76 153 0
0.236623 -0.048060 -0.572091 153 76 0
0.399955 0.538694 0.325481 153 0 76
-0.004106 -0.260084 0.240980 76 0 153
-0.512326 -0.583996 0.518864 153 0 76
-0.004106 0.100357 -0.545944 76 0 153
-0.563656 0.306346 0.058749 153 0 76
0.549028 -0.255356 0.307864 76 153 0
-0.247938 -0.045789 0.611702 127 0 127
0.549028 -0.042718 0.352364 76 153 0
0.417547 0.577191 -0.330445 153 0 76
0.600358 0.190746 0.410857 76 153 0
-0.478290 -0.651515 0.610319 127 0 127
0.035825 0.538694 0.333298 76 0 153
-0.512326 0.410755 -0.443803 153 0 76
0.415214 -0.654723 0.440418 76 0 153
0.367603 0.577191 0.530150 153 0 76
0.600358 -0.460176 -0.392750 76 153 0
-0.399102 -0.306074 -0.610588 204 51 127
-0.563656 -0.117942 0.272701 153 0 76
0.355806 -0.118752 -0.610588 0 0 255
-0.218371 -0.262207 -0.572091 153 76 0
0.234382 0.538694 -0.254185 153 0 76
-0.512326 0.106634 -0.404591 153 0 76
-0.110394 -0.654723 -0.265578 76 0 153
-0.512326 -0.436144 -0.444048 153 0 76
-0.076346 -0.256578 -0.572091 153 76 0
-0.512326 0.258905 -0.584898 153 76 0
0.600358 0.231078 0.152790 76 153 0
0.047224 -0.579181 0.173113 76 0 153
-0.338967 0.577191 0.238242 153 0 76
0.505379 -0.654723 0.348171 76 0 153
0.047224 -0.493087 -0.361065 76 0 153
-0.057665 -0.654723 0.192641 76 0 153
0.600358 0.267808 0.203939 76 153 0
-0.444910 0.577191 0.160405 153 0 76
0.333729 -0.654723 -0.164936 76 0 153
0.567686 0.464148 0.573205 76 153 0
-0.096760 0.577191 -0.486367 153 0 76
0.416464 0.380468 -0.572091 153 76 0
0.479506 -0.091692 -0.572091 0 0 255
-0.124325 0.478260 0.611702 127 0 127
0.600358 0.168197 0.521513 76 153 0
-0.158873 0.538694 -0.006642 153 0 76
0.047224 0.423445 0.147878 76 0 153
0.549028 0.249255 0.534902 76 153 0
-0.512326 -0.311231 -0.506302 153 0 76
-0.512326 0.323564 0.250412 153 0 76
0.549028 0.445594 -0.038094 76 153 0
-0.563656 -0.584909 0.390906 153 0 76
-0.512326 0.283404 0.533193 153 0 76
0.074379 -0.015810 0.611702 127 0 127
0.537900 -0.616226 -0.456456 76 0 153
0.563193 0.577191 0.195197 153 0 76
-0.563656 -0.011157 0.007542 153 0 76
0.149744 0.577191 0.281910 153 0 76
-0.409565 0.538693 -0.593365 204 51 127
0.293944 0.577191 0.435353 153 0 76
0.141500 0.209851 -0.572091 153 76 0
0.047224 0.003449 -0.090609 76 0 153
-0.563656 0.095410 0.082979 153 0 76
-0.426349 -0.549891 -0.610588 204 51 127
-0.004106 0.369699 0.488690 76 0 153
0.600358 -0.381422 -0.123129 76 153 0
0.047224 -0.039961 -0.281039 76 0 153
0.381923 0.052570 -0.610588 0 0 255
0.047224 -0.497209 -0.177527 76 0 153
0.528663 0.538694 0.070310 153 0 76
0.549028 0.351753 -0.528689 76 153 0
0.549028 0.156824 -0.587611 0 0 255
-0.563656 0.077741 0.175020 153 0 76
-0.016159 0.290229 0.611702 127 0 127
-0.530557 -0.654723 0.443267 76 0 153
0.057254 0.040489 0.573205 127 0 127
0.519403 0.053588 0.611702 127 0 127
-0.563656 -0.143402 0.043489 153 0 76
0.296376 0.538693 -0.566102 0 0 255
0.600358 -0.363402 0.545163 76 153 0
-0.154666 -0.654723 -0.111229 76 0 153
0.039970 0.577191 0.243884 153 0 76
0.549028 0.133966 0.223200 76 153 0
0.440477 -0.039648 0.573205 127 0 127
0.047224 -0.301723 0.531623 76 0 153
-0.249248 -0.160290 0.573205 127 0 127
0.600358 0.015442 -0.527978 76 153 0
-0.463253 -0.616226 -0.216978 76 0 153
0.178126 0.538694 -0.457399 153 0 76
-0.004106 0.345259 -0.156996 76 0 153
-0.563656 -0.477563 -0.521122 153 0 76
-0.362564 0.577191 -0.365191 153 0 76
0.206153 -0.314225 -0.572091 153 76 0
-0.035836 0.577191 0.401788 153 0 76
0.470233 -0.426429 0.573205 127 0 127
0.529495 -0.545450 0.573205 127 0 127
-0.393475 0.165153 -0.610588 204 51 127
-0.468967 -0.616226 -0.094741 76 0 153
-0.483726 0.447815 0.611702 127 0 127
-0.209029 -0.080415 0.611702 127 0 127
-0.264091 0.463972 0.662274 0 127 127
-0.512326 0.512132 -0.045692 153 0 76
0.141171 -0.070572 -0.572091 153 76 0
0.345280 -0.616226 -0.134612 76 0 153
0.310528 -0.616226 -0.380300 76 0 153
-0.029274 0.214490 0.611702 127 0 127
-0.159153 -0.654723 -0.462642 76 0 153
0.290630 0.159202 -0.559258 153 76 0
0.385803 -0.616226 0.440012 76 0 153
0.047224 0.059226 -0.071157 76 0 153
0.047224 -0.419203 -0.009043 76 0 153
0.186865 -0.467952 -0.559258 153 76 0
-0.004106 0.419683 -0.077880 76 0 153
-0.563656 -0.371238 0.366378 153 0 76
0.549028 -0.170609 0.384965 76 153 0
-0.563656 0.470932 0.223652 153 0 76
-0.194446 0.419173 0.573205 127 0 127
0.431685 -0.616226 -0.135825 76 0 153
0.271238 -0.255400 0.611702 127 0 127
-0.370692 0.404234 0.611702 127 0 127
0.600358 -0.079322 0.394311 76 153 0
-0.530572 0.042977 0.611702 127 0 127
-0.476054 0.570903 0.611702 127 0 127
-0.526065 0.337334 0.573205 127 0 127
0.190691 -0.096147 0.573205 127 0 127
0.047224 0.054959 0.474826 76 0 153
0.451749 -0.394020 -0.572091 153 76 0
0.153882 0.491215 -0.559258 153 76 0
-0.217945 -0.368771 -0.559258 153 76 0
-0.019885 -0.616226 0.099986 76 0 153
-0.563656 -0.202820 0.333298 153 0 76
-0.316582 -0.654723 -0.127435 76 0 153
-0.512326 -0.553679 0.250855 153 0 76
-0.512326 0.456142 0.008379 153 0 76
-0.512326 -0.345407 -0.097065 153 0 76
-0.555435 -0.616226 0.101881 153 0 76
-0.277497 0.577191 0.531763 153 0 76
-0.250159 0.538694 0.225821 153 0 76
0.549028 -0.352321 0.447129 76 153 0
0.482993 0.538694 0.262180 153 0 76
0.549028 0.070328 -0.308954 76 153 0
-0.512326 0.164439 -0.188537 153 0 76
-0.004106 -0.593485 0.312539 76 0 153
0.047224 0.150498 0.535387 76 0 153
0.600358 -0.438620 -0.558434 76 153 0
-0.563656 -0.109315 -0.030570 153 0 76
-0.563656 0.453510 -0.102463 153 0 76
-0.563656 0.575537 -0.172205 153 0 76
0.351728 0.538694 -0.336492 153 0 76
-0.470356 -0.028671 0.573205 127 0 127
0.377542 -0.356620 0.611702 127 0 127
0.600358 -0.621222 0.270871 76 153 0
0.325520 -0.651515 0.591754 127 0 127
0.549028 -0.374416 0.126672 76 153 0
0.549028 -0.190787 -0.508729 76 153 0
-0.222526 0.163210 -0.559258 153 76 0
-0.408515 -0.445738 -0.572091 153 76 0
-0.563656 -0.591418 -0.475209 153 0 76
-0.563656 0.301050 0.390942 153 0 76
-0.563656 0.517543 -0.069937 153 0 76
-0.417328 -0.022434 -0.559258 153 76 0
-0.118108 0.577191 -0.417797 153 0 76
-0.004106 0.467429 -0.139996 76 0 153
0.148742 -0.654723 0.123282 76 0 153
0.361521 0.395094 -0.572091 153 76 0
-0.516732 -0.079693 0.573205 127 0 127
0.222803 0.276506 0.573205 127 0 127
-0.558025 -0.616226 -0.367376 76 0 153
0.549028 -0.125877 0.126165 76 153 0
0.137543 0.538694 -0.376437 153 0 76
-0.004106 -0.574407 0.078583 76 0 153
-0.425502 -0.185033 -0.610588 204 51 127
0.177559 -0.055369 0.573205 127 0 127
-0.004106 0.110825 0.160004 76 0 153
-0.108414 0.538694 -0.049615 153 0 76
0.240883 0.184633 0.573205 127 0 127
0.483561 0.538694 0.095171 153 0 76
0.600358 -0.521772 0.073465 76 153 0
0.358981 -0.654723 0.108752 76 0 153
0.256045 -0.616226 0.187113 76 0 153
0.549028 -0.235404 0.367484 76 153 0
-0.004106 -0.591179 0.202747 76 0 153
0.021380 -0.616226 -0.281043 76 0 153
0.549028 -0.502552 -0.432476 76 153 0
0.600358 0.086498 0.105331 76 153 0
-0.563656 -0.618228 0.149023 76 0 153
-0.004106 0.501373 0.285641 76 0 153
0.600358 0.172713 -0.115740 76 153 0
0.120523 -0.654723 0.154353 76 0 153
-0.531397 -0.616226 0.212603 153 0 76
-0.176870 0.061615 -0.559258 153 76 0
0.600358 0.185271 0.101781 76 153 0
-0.107214 -0.631848 0.611702 127 0 127
0.170388 -0.045310 -0.572091 153 76 0
-0.446191 -0.654723 -0.430871 76 0 153
-0.340886 0.550607 0.573205 153 0 76
0.047224 -0.446056 0.400097 76 0 153
-0.563656 0.292668 -0.441190 153 0 76
-0.004106 0.415268 -0.286945 76 0 153
-0.306881 -0.111274 0.611702 127 0 127
-0.004106 -0.579698 0.515537 76 0 153
-0.563656 0.020022 -0.185110 153 0 76
-0.512326 0.281061 0.304189 153 0 76
0.486919 0.538694 0.454496 153 0 76
-0.004106 -0.060608 -0.478730 76 0 153
0.549028 -0.278537 -0.592769 76 153 0
-0.004106 0.128504 0.060992 76 0 153
0.545873 0.495203 -0.572091 153 76 0
-0.563656 -0.143466 -0.330123 153 0 76
0.600358 -0.590491 -0.532878 76 0 153
-0.084827 0.538694 -0.144241 153 0 76
-0.512326 -0.064014 -0.339302 153 0 76
-0.004106 -0.136371 0.100137 76 0 153
-0.563656 -0.341439 -0.437889 153 0 76
0.047224 0.050569 -0.340663 76 0 153
-0.386826 0.577191 0.469851 153 0 76
0.267655 -0.553880 0.611702 127 0 127
-0.074522 -0.654723 -0.581896 76 0 153
0.268085 -0.180190 0.573205 127 0 127
-0.004106 -0.076509 0.447225 76 0 153
-0.512326 0.369048 -0.224044 153 0 76
-0.512326 0.222584 -0.539271 153 0 76
0.600358 -0.544748 -0.576838 76 153 0
-0.524921 0.089492 0.611702 127 0 127
-0.563656 0.191635 0.288090 153 0 76
-0.004106 0.529499 -0.281632 76 0 153
0.549028 -0.557641 0.320770 76 153 0
