# SSTK version 0.8.0
# 5
mtllib original-5.mtl
o Component_17_1/Component_17/mesh5/mesh5-geometry#mesh5-geometry
v -0.396996 0.628603 -0.350964
v 0.412381 0.465017 -0.257371
v -0.396996 0.465017 -0.257371
v 0.412381 0.628603 -0.350964
v -0.397570 0.630500 -0.347685
v -0.397570 0.463136 -0.260659
v -0.413858 0.629082 -0.351238
v -0.395662 0.646271 -0.361072
v 0.412955 0.630500 -0.347685
v 0.412955 0.463136 -0.260659
v 0.429243 0.629082 -0.351238
v -0.397570 0.466899 -0.254083
v -0.396233 0.648217 -0.357822
v -0.397570 -0.794233 0.458723
v -0.397570 0.626738 -0.354261
v -0.413858 0.465017 -0.257371
v 0.411047 0.646271 -0.361072
v 0.412955 0.466899 -0.254083
v 0.411617 0.648217 -0.357822
v 0.412955 -0.794233 0.458723
v 0.412955 0.626738 -0.354261
v 0.429243 0.465017 -0.257371
v -0.396996 -0.792352 0.462011
v -0.399255 0.632301 -0.344649
v -0.397906 0.650162 -0.354867
v -0.399255 -0.795986 0.455659
v -0.399255 0.461383 -0.263723
v -0.412415 0.648185 -0.362168
v -0.396233 0.644455 -0.364398
v -0.392346 0.665177 -0.367525
v -0.391790 0.663166 -0.370739
v 0.412381 -0.792352 0.462011
v 0.414640 0.632301 -0.344649
v 0.413291 0.650162 -0.354867
v 0.414640 -0.795986 0.455659
v 0.414640 0.461383 -0.263723
v 0.427800 0.648185 -0.362168
v -0.397570 -0.790471 0.465299
v -0.399255 0.468652 -0.251020
v -0.393977 0.667309 -0.364678
v -0.399255 0.625033 -0.357352
v 0.407175 0.663166 -0.370739
v 0.407731 0.665177 -0.367525
v 0.411617 0.644455 -0.364398
v 0.412955 -0.790471 0.465299
v 0.414640 0.468652 -0.251020
v 0.409362 0.667309 -0.364678
v 0.414640 -0.788718 0.468363
v 0.414640 0.625033 -0.357352
v -0.401935 0.633882 -0.342061
v -0.400569 0.651971 -0.352410
v -0.396571 0.669417 -0.362392
v -0.401935 -0.797491 0.453028
v -0.399255 -0.788718 0.468363
v -0.401935 0.459878 -0.266354
v -0.408112 0.666962 -0.372911
v -0.392346 0.661414 -0.374101
v -0.397906 0.642893 -0.367571
v -0.385942 0.681550 -0.376893
v -0.387502 0.683864 -0.374150
v -0.385411 0.679478 -0.380071
v 0.417320 0.633882 -0.342061
v 0.415954 0.651971 -0.352410
v 0.411956 0.669417 -0.362392
v 0.417320 -0.797491 0.453028
v 0.417320 -0.787213 0.470994
v 0.417320 0.459878 -0.266354
v 0.423497 0.666962 -0.372911
v -0.401935 0.470157 -0.248389
v -0.389983 0.686261 -0.372029
v -0.401935 -0.787213 0.470994
v -0.401935 0.623604 -0.360027
v 0.400795 0.679478 -0.380071
v 0.407731 0.661414 -0.374101
v 0.401327 0.681550 -0.376893
v 0.402887 0.683864 -0.374150
v 0.413291 0.642893 -0.367571
v 0.417320 0.470157 -0.248389
v 0.405368 0.686261 -0.372029
v 0.417320 0.623604 -0.360027
v -0.405427 0.471312 -0.246370
v -0.405427 0.635137 -0.340099
v -0.404038 0.653523 -0.350618
v -0.399951 0.671359 -0.360823
v -0.405427 0.458723 -0.268373
v -0.405427 -0.798647 0.451009
v -0.405427 0.622548 -0.362103
v -0.401022 0.685091 -0.383283
v -0.385942 0.677788 -0.383469
v -0.393977 0.660041 -0.377382
v -0.400569 0.641692 -0.370376
v -0.377131 0.697059 -0.385766
v -0.378593 0.699544 -0.383121
v -0.376633 0.694928 -0.388910
v 0.420812 0.471312 -0.246370
v 0.420812 0.635137 -0.340099
v 0.419423 0.653523 -0.350618
v 0.415336 0.671359 -0.360823
v 0.420812 0.458723 -0.268373
v 0.420812 -0.786058 0.473013
v 0.420812 0.622548 -0.362103
v 0.416407 0.685091 -0.383283
v -0.405427 -0.786058 0.473013
v -0.393216 0.688579 -0.370675
v -0.404038 0.640934 -0.372622
v -0.380919 0.702215 -0.381157
v 0.392018 0.694928 -0.388910
v 0.401327 0.677788 -0.383469
v 0.392516 0.697059 -0.385766
v 0.409362 0.660041 -0.377382
v 0.393978 0.699544 -0.383121
v 0.415954 0.641692 -0.370376
v 0.408601 0.688579 -0.370675
v 0.420812 -0.798647 0.451009
v 0.419423 0.640934 -0.372622
v -0.409494 -0.785332 0.474282
v -0.409494 0.472038 -0.245101
v -0.409494 0.635978 -0.338896
v -0.408079 0.654710 -0.349614
v -0.403888 0.673000 -0.360078
v -0.409494 0.457997 -0.269642
v -0.409494 0.621937 -0.363438
v -0.409494 -0.799373 0.449740
v -0.408079 0.640669 -0.374155
v -0.391267 0.702261 -0.393106
v -0.377131 0.693296 -0.392341
v -0.387502 0.676596 -0.386853
v -0.396571 0.659139 -0.380358
v -0.399951 0.658770 -0.382826
v -0.366064 0.711436 -0.393991
v -0.367403 0.714081 -0.391438
v -0.365607 0.709251 -0.397105
v 0.396304 0.702215 -0.381157
v 0.424879 -0.785332 0.474282
v 0.424879 0.472038 -0.245101
v 0.424879 0.635978 -0.338896
v 0.423464 0.654710 -0.349614
v 0.419273 0.673000 -0.360078
v 0.424879 0.457997 -0.269642
v 0.424879 0.621937 -0.363438
v 0.423464 0.640669 -0.374155
v 0.406652 0.702261 -0.393106
v -0.396982 0.690659 -0.370181
v -0.383950 0.704889 -0.380007
v -0.403888 0.658959 -0.384619
v -0.369533 0.717005 -0.389619
v 0.380992 0.709251 -0.397105
v 0.392516 0.693296 -0.392341
v 0.381449 0.711436 -0.393991
v 0.402887 0.676596 -0.386853
v 0.382788 0.714081 -0.391438
v 0.411956 0.659139 -0.380358
v 0.415336 0.658770 -0.382826
v 0.399335 0.704889 -0.380007
v 0.412367 0.690659 -0.370181
v 0.424879 -0.799373 0.449740
v 0.419273 0.658959 -0.384619
v -0.413858 -0.785084 0.474715
v -0.413858 -0.799620 0.449307
v -0.413858 0.472286 -0.244668
v -0.413858 0.636350 -0.338534
v -0.412415 0.655454 -0.349464
v -0.408112 0.674230 -0.360207
v -0.413858 0.457749 -0.270075
v -0.413858 0.621814 -0.363942
v -0.412415 0.640917 -0.374871
v -0.379013 0.718179 -0.402214
v -0.366064 0.707674 -0.400567
v -0.378593 0.692276 -0.395824
v -0.389983 0.675983 -0.389995
v -0.393216 0.675990 -0.392679
v -0.352928 0.724436 -0.401429
v -0.354122 0.727225 -0.398958
v -0.352521 0.722202 -0.404515
v 0.384918 0.717005 -0.389619
v 0.429243 -0.785084 0.474715
v 0.429243 0.472286 -0.244668
v 0.429243 0.636350 -0.338534
v 0.427800 0.655454 -0.349464
v 0.423497 0.674230 -0.360207
v 0.429243 0.457749 -0.270075
v 0.429243 0.621814 -0.363942
v 0.427800 0.640917 -0.374871
v 0.394398 0.718179 -0.402214
v -0.401022 0.692359 -0.370579
v -0.387479 0.707384 -0.379750
v -0.372310 0.720009 -0.388658
v -0.408112 0.659694 -0.385614
v -0.396982 0.676618 -0.394722
v -0.356021 0.730379 -0.397270
v 0.367906 0.722202 -0.404515
v 0.381449 0.707674 -0.400567
v 0.368313 0.724436 -0.401429
v 0.393978 0.692276 -0.395824
v 0.369507 0.727225 -0.398958
v 0.405368 0.675983 -0.389995
v 0.408601 0.675990 -0.392679
v 0.387695 0.720009 -0.388658
v 0.402864 0.707384 -0.379750
v 0.416407 0.692359 -0.370579
v 0.429243 -0.799620 0.449307
v 0.423497 0.659694 -0.385614
v -0.418222 0.472038 -0.245101
v -0.418222 -0.785332 0.474282
v -0.418222 -0.799373 0.449740
v -0.418222 0.636226 -0.339038
v -0.416751 0.655701 -0.350181
v -0.412337 0.674965 -0.361202
v -0.418222 0.457997 -0.269642
v -0.418222 0.622185 -0.363580
v -0.416751 0.641660 -0.374722
v -0.364470 0.732573 -0.410449
v -0.352928 0.720674 -0.408005
v -0.367403 0.706813 -0.404141
v -0.380919 0.691936 -0.399122
v -0.383950 0.692300 -0.402010
v -0.337951 0.735837 -0.407952
v -0.338978 0.738753 -0.405553
v 0.352985 0.733560 -0.411013
v 0.371406 0.730379 -0.397270
v 0.412367 0.676618 -0.394722
v 0.433607 0.472038 -0.245101
v 0.433607 0.636226 -0.339038
v 0.432136 0.655701 -0.350181
v 0.427722 0.674965 -0.361202
v 0.433607 -0.799373 0.449740
v 0.433607 0.457997 -0.269642
v 0.433607 0.622185 -0.363580
v 0.433607 -0.785332 0.474282
v 0.432136 0.641660 -0.374722
v 0.379855 0.732573 -0.410449
v -0.405063 0.693564 -0.371843
v -0.391267 0.709529 -0.380403
v -0.375543 0.722889 -0.388621
v -0.358496 0.733682 -0.396480
v -0.401022 0.677823 -0.395986
v -0.412337 0.660924 -0.385744
v -0.337600 0.733560 -0.411013
v -0.337951 0.732075 -0.414528
v -0.354122 0.719957 -0.411662
v -0.369533 0.706726 -0.407584
v -0.387479 0.693343 -0.404291
v -0.340613 0.742107 -0.403980
v 0.353336 0.732075 -0.414528
v 0.353336 0.735837 -0.407952
v 0.368313 0.720674 -0.408005
v 0.382788 0.706813 -0.404141
v 0.396304 0.691936 -0.399122
v 0.399335 0.692300 -0.402010
v 0.354363 0.738753 -0.405553
v 0.373881 0.733682 -0.396480
v 0.390928 0.722889 -0.388621
v 0.406652 0.709529 -0.380403
v 0.420448 0.693564 -0.371843
v 0.427722 0.660924 -0.385744
v 0.416407 0.677823 -0.395986
v -0.422289 0.471312 -0.246370
v -0.422289 0.635616 -0.340373
v -0.422289 -0.798647 0.451009
v -0.420792 0.655437 -0.351714
v -0.416273 0.675155 -0.362995
v -0.422289 0.458723 -0.268373
v -0.422289 0.623027 -0.362377
v -0.420792 0.642848 -0.373717
v -0.347887 0.745196 -0.417671
v -0.338978 0.731485 -0.418257
v -0.356021 0.720100 -0.415236
v -0.372310 0.707421 -0.410661
v -0.321387 0.745444 -0.413448
v -0.322231 0.748466 -0.411111
v -0.321099 0.743130 -0.416489
v 0.336772 0.741682 -0.420024
v 0.336772 0.745444 -0.413448
v 0.363272 0.745196 -0.417671
v 0.369507 0.719957 -0.411662
v 0.384918 0.706726 -0.407584
v 0.355998 0.742107 -0.403980
v 0.402864 0.693343 -0.404291
v 0.437674 0.471312 -0.246370
v 0.437674 0.635616 -0.340373
v 0.436177 0.655437 -0.351714
v 0.431658 0.675155 -0.362995
v 0.437674 -0.798647 0.451009
v 0.437674 -0.786058 0.473013
v 0.437674 0.458723 -0.268373
v 0.437674 0.623027 -0.362377
v 0.436177 0.642848 -0.373717
v -0.422289 -0.786058 0.473013
v -0.408828 0.694192 -0.373887
v -0.395055 0.711180 -0.381921
v -0.379013 0.725448 -0.389510
v -0.361378 0.736909 -0.396642
v -0.342744 0.745672 -0.403340
v -0.391267 0.694993 -0.405810
v -0.405063 0.679523 -0.396385
v -0.416273 0.662566 -0.384998
v -0.321387 0.741682 -0.420024
v -0.322231 0.741198 -0.423814
v -0.340613 0.731829 -0.421946
v -0.358496 0.721093 -0.418484
v -0.375543 0.708848 -0.413162
v -0.323573 0.751990 -0.409634
v 0.336484 0.743130 -0.416489
v 0.354363 0.731485 -0.418257
v 0.337616 0.741198 -0.423814
v 0.371406 0.720100 -0.415236
v 0.387695 0.707421 -0.410661
v 0.337616 0.748466 -0.411111
v 0.358129 0.745672 -0.403340
v 0.376763 0.736909 -0.396642
v 0.394398 0.725448 -0.389510
v 0.410440 0.711180 -0.381921
v 0.424213 0.694192 -0.373887
v 0.431658 0.662566 -0.384998
v 0.420448 0.679523 -0.396385
v 0.406652 0.694993 -0.405810
v -0.425781 0.470157 -0.248389
v -0.425781 0.634560 -0.342449
v -0.424262 0.654679 -0.353959
v -0.425781 -0.787213 0.470994
v -0.425781 -0.797491 0.453028
v -0.419654 0.674786 -0.365464
v -0.412062 0.694199 -0.376571
v -0.425781 0.459878 -0.266354
v -0.425781 0.624281 -0.360415
v -0.424262 0.644400 -0.371925
v -0.303299 0.750749 -0.420848
v -0.323573 0.741711 -0.427600
v -0.342744 0.733083 -0.425344
v -0.303520 0.753092 -0.417824
v -0.304166 0.756198 -0.415535
v -0.303520 0.749329 -0.424400
v 0.318904 0.749329 -0.424400
v 0.319550 0.748930 -0.428238
v 0.318904 0.753092 -0.417824
v 0.318684 0.750749 -0.420848
v 0.355998 0.731829 -0.421946
v 0.373881 0.721093 -0.418484
v 0.338958 0.751990 -0.409634
v 0.390928 0.708848 -0.413162
v 0.441166 0.470157 -0.248389
v 0.441166 0.634560 -0.342449
v 0.439647 0.654679 -0.353959
v 0.435039 0.674786 -0.365464
v 0.427447 0.694199 -0.376571
v 0.441166 -0.797491 0.453028
v 0.441166 -0.787213 0.470994
v 0.441166 0.459878 -0.266354
v 0.441166 0.624281 -0.360415
v 0.439647 0.644400 -0.371925
v -0.401615 0.712586 -0.387090
v -0.398584 0.712222 -0.384203
v -0.382483 0.727511 -0.391265
v -0.364470 0.739841 -0.397745
v -0.345225 0.749205 -0.403677
v -0.325323 0.755776 -0.409121
v -0.379013 0.710911 -0.414917
v -0.395055 0.697139 -0.406463
v -0.408828 0.681603 -0.395890
v -0.419654 0.664507 -0.383429
v -0.329548 0.755832 -0.423756
v -0.304166 0.748930 -0.428238
v -0.305193 0.749578 -0.432101
v -0.325323 0.743187 -0.431124
v -0.361378 0.722868 -0.421184
v -0.305193 0.759857 -0.414136
v 0.338958 0.741711 -0.427600
v 0.320578 0.749578 -0.432101
v 0.344933 0.755832 -0.423756
v 0.358129 0.733083 -0.425344
v 0.319550 0.756198 -0.415535
v 0.340708 0.755776 -0.409121
v 0.360610 0.749205 -0.403677
v 0.379855 0.739841 -0.397745
v 0.397868 0.727511 -0.391265
v 0.413969 0.712222 -0.384203
v 0.417000 0.712586 -0.387090
v 0.435039 0.664507 -0.383429
v 0.424213 0.681603 -0.395890
v 0.410440 0.697139 -0.406463
v 0.394398 0.710911 -0.414917
v -0.428461 -0.788718 0.468363
v -0.428461 0.468652 -0.251020
v -0.428461 0.633131 -0.345124
v -0.426924 0.653477 -0.356765
v -0.428461 -0.795986 0.455659
v -0.428461 0.461383 -0.263723
v -0.422248 0.673884 -0.368440
v -0.414543 0.693586 -0.379712
v -0.428461 0.625863 -0.357827
v -0.426924 0.646209 -0.369468
v -0.422248 0.666616 -0.381143
v -0.284506 0.756286 -0.424016
v -0.284655 0.754888 -0.427580
v -0.284655 0.758650 -0.421004
v -0.306533 0.751230 -0.435726
v -0.327361 0.745524 -0.434146
v -0.345225 0.735164 -0.428218
v -0.285092 0.761818 -0.418750
v -0.285092 0.754550 -0.431453
v 0.300040 0.754888 -0.427580
v 0.300477 0.754550 -0.431453
v 0.301172 0.755296 -0.435373
v 0.300040 0.758650 -0.421004
v 0.299891 0.756286 -0.424016
v 0.340708 0.743187 -0.431124
v 0.376763 0.722868 -0.421184
v 0.320578 0.759857 -0.414136
v 0.443846 -0.788718 0.468363
v 0.443846 0.468652 -0.251020
v 0.443846 0.633131 -0.345124
v 0.442309 0.653477 -0.356765
v 0.437633 0.673884 -0.368440
v 0.429928 0.693586 -0.379712
v 0.443846 0.461383 -0.263723
v 0.443846 0.625863 -0.357827
v 0.442309 0.646209 -0.369468
v 0.437633 0.666616 -0.381143
v -0.388493 0.729632 -0.396843
v -0.403941 0.712246 -0.390388
v -0.385716 0.728938 -0.393766
v -0.367563 0.742278 -0.399714
v -0.347887 0.752464 -0.404967
v -0.327361 0.759565 -0.409604
v -0.306533 0.763819 -0.413722
v -0.364470 0.725305 -0.423152
v -0.382483 0.713470 -0.415807
v -0.398584 0.699634 -0.406206
v -0.412062 0.683920 -0.394536
v -0.414543 0.686318 -0.392416
v -0.309766 0.764300 -0.428601
v -0.285787 0.755296 -0.435373
v -0.286693 0.757075 -0.439070
v -0.308092 0.753772 -0.438865
v -0.285787 0.765575 -0.417407
v 0.321917 0.751230 -0.435726
v 0.302078 0.757075 -0.439070
v 0.325151 0.764300 -0.428601
v 0.360610 0.735164 -0.428218
v 0.342746 0.745524 -0.434146
v 0.300477 0.761818 -0.418750
v 0.321917 0.763819 -0.413722
v 0.342746 0.759565 -0.409604
v 0.363272 0.752464 -0.404967
v 0.382948 0.742278 -0.399714
v 0.401101 0.728938 -0.393766
v 0.403878 0.729632 -0.396843
v 0.419326 0.712246 -0.390388
v 0.443846 -0.795986 0.455659
v 0.429928 0.686318 -0.392416
v 0.427447 0.683920 -0.394536
v 0.413969 0.699634 -0.406206
v 0.397868 0.713470 -0.415807
v 0.379855 0.725305 -0.423152
v -0.430145 -0.790471 0.465299
v -0.430145 0.466899 -0.254083
v -0.430145 0.631426 -0.348215
v -0.428598 0.651916 -0.359938
v -0.430145 0.463136 -0.260659
v -0.430145 0.627663 -0.354791
v -0.423879 0.672510 -0.371721
v -0.390623 0.729546 -0.400286
v -0.416102 0.692394 -0.383097
v -0.428598 0.648153 -0.366514
v -0.423879 0.668748 -0.378296
v -0.416102 0.688631 -0.389672
v -0.265041 0.759647 -0.425938
v -0.265117 0.758261 -0.429510
v -0.265117 0.762023 -0.422934
v -0.265337 0.757961 -0.433405
v -0.287748 0.759766 -0.442294
v -0.347887 0.737928 -0.430374
v -0.329548 0.748564 -0.436460
v -0.265337 0.765229 -0.420701
v -0.265687 0.758766 -0.437358
v 0.280501 0.758261 -0.429510
v 0.280722 0.757961 -0.433405
v 0.281072 0.758766 -0.437358
v 0.281529 0.760623 -0.441100
v 0.280501 0.762023 -0.422934
v 0.280426 0.759647 -0.425938
v 0.323477 0.753772 -0.438865
v 0.301172 0.765575 -0.417407
v 0.445530 -0.790471 0.465299
v 0.445530 0.466899 -0.254083
v 0.445530 0.631426 -0.348215
v 0.443983 0.651916 -0.359938
v 0.439263 0.672510 -0.371721
v 0.406008 0.729546 -0.400286
v 0.431487 0.692394 -0.383097
v 0.445530 0.463136 -0.260659
v 0.445530 0.627663 -0.354791
v 0.443983 0.648153 -0.366514
v 0.439263 0.668748 -0.378296
v 0.431487 0.688631 -0.389672
v -0.430145 -0.794233 0.458723
v -0.372919 0.745046 -0.405662
v -0.374818 0.745189 -0.409236
v -0.405403 0.711226 -0.393871
v -0.370445 0.744053 -0.402414
v -0.350550 0.755228 -0.407123
v -0.329548 0.763100 -0.411052
v -0.308092 0.767813 -0.414323
v -0.286693 0.769664 -0.417067
v -0.367563 0.728237 -0.424255
v -0.385716 0.716349 -0.415770
v -0.401615 0.702307 -0.405056
v -0.405403 0.707464 -0.400447
v -0.244686 0.760805 -0.426601
v -0.266144 0.760623 -0.441100
v -0.266676 0.763404 -0.444376
v -0.309766 0.757032 -0.441304
v -0.265687 0.769045 -0.419392
v 0.303133 0.759766 -0.442294
v 0.282061 0.763404 -0.444376
v 0.260071 0.760805 -0.426601
v 0.363272 0.737928 -0.430374
v 0.344933 0.748564 -0.436460
v 0.280722 0.765229 -0.420701
v 0.302078 0.769664 -0.417067
v 0.323477 0.767813 -0.414323
v 0.344933 0.763100 -0.411052
v 0.365935 0.755228 -0.407123
v 0.385829 0.744053 -0.402414
v 0.388304 0.745046 -0.405662
v 0.390203 0.745189 -0.409236
v 0.420788 0.711226 -0.393871
v 0.445530 -0.794233 0.458723
v 0.417000 0.702307 -0.405056
v 0.420788 0.707464 -0.400447
v 0.401101 0.716349 -0.415770
v 0.382948 0.728237 -0.424255
v -0.430720 -0.792352 0.462011
v -0.430720 0.465017 -0.257371
v -0.430720 0.629561 -0.351512
v -0.429169 0.650100 -0.363263
v -0.424435 0.670758 -0.375083
v -0.376012 0.744472 -0.412892
v -0.416634 0.690704 -0.386494
v -0.391963 0.728685 -0.403860
v -0.403941 0.704978 -0.403092
v -0.405901 0.709595 -0.397302
v -0.244705 0.759422 -0.430174
v -0.244705 0.763185 -0.423598
v -0.244760 0.759131 -0.434075
v -0.244847 0.759952 -0.438036
v -0.288880 0.763185 -0.444825
v -0.350550 0.741187 -0.431665
v -0.331735 0.752099 -0.437908
v -0.244760 0.766400 -0.421371
v -0.244962 0.761828 -0.441790
v 0.260089 0.759422 -0.430174
v 0.260145 0.759131 -0.434075
v 0.260232 0.759952 -0.438036
v 0.260347 0.761828 -0.441790
v 0.260480 0.764632 -0.445078
v 0.260089 0.763185 -0.423598
v 0.325151 0.757032 -0.441304
v 0.281072 0.769045 -0.419392
v 0.446105 -0.792352 0.462011
v 0.446105 0.465017 -0.257371
v 0.446105 0.629561 -0.351512
v 0.444554 0.650100 -0.363263
v 0.439820 0.670758 -0.375083
v 0.391397 0.744472 -0.412892
v 0.407347 0.728685 -0.403860
v 0.432019 0.690704 -0.386494
v 0.419326 0.704978 -0.403092
v 0.421286 0.709595 -0.397302
v -0.355161 0.758564 -0.413395
v -0.356796 0.758907 -0.417085
v -0.357824 0.758317 -0.420813
v -0.353031 0.757309 -0.409998
v -0.331735 0.766140 -0.413366
v -0.309766 0.771568 -0.415897
v -0.287748 0.773807 -0.417753
v -0.266144 0.773212 -0.419097
v -0.370445 0.731464 -0.424417
v -0.388493 0.719354 -0.414809
v -0.391963 0.724923 -0.410436
v -0.392419 0.727108 -0.407322
v -0.245095 0.764632 -0.445078
v -0.267247 0.766920 -0.446962
v -0.311440 0.760786 -0.442878
v -0.244847 0.770231 -0.420071
v 0.304265 0.763185 -0.444825
v 0.282632 0.766920 -0.446962
v -0.288880 0.770454 -0.432121
v 0.365935 0.741187 -0.431665
v 0.347119 0.752099 -0.437908
v 0.260145 0.766400 -0.421371
v 0.281529 0.773212 -0.419097
v 0.303133 0.773807 -0.417753
v 0.325151 0.771568 -0.415897
v 0.347119 0.766140 -0.413366
v 0.368416 0.757309 -0.409998
v 0.370546 0.758564 -0.413395
v 0.372181 0.758907 -0.417085
v 0.373209 0.758317 -0.420813
v 0.403878 0.719354 -0.414809
v 0.407347 0.724923 -0.410436
v 0.407804 0.727108 -0.407322
v 0.385829 0.731464 -0.424417
v -0.358174 0.756832 -0.424328
v -0.333772 0.768478 -0.416388
v -0.390623 0.722278 -0.412990
v -0.290012 0.767100 -0.446490
v -0.353031 0.744720 -0.432001
v -0.333772 0.755889 -0.438391
v 0.260623 0.768172 -0.447678
v 0.304265 0.770454 -0.432121
v 0.326824 0.760786 -0.442878
v 0.260232 0.770231 -0.420071
v 0.349157 0.768478 -0.416388
v 0.373559 0.756832 -0.424328
v 0.406008 0.722278 -0.412990
v -0.335522 0.769953 -0.419912
v -0.336865 0.770467 -0.423698
v -0.337709 0.769983 -0.427488
v -0.376419 0.742944 -0.416383
v -0.337997 0.768534 -0.431023
v -0.312999 0.777370 -0.421475
v -0.311440 0.774827 -0.418336
v -0.288880 0.777722 -0.419418
v -0.266676 0.777445 -0.419834
v -0.244962 0.774417 -0.419786
v -0.372919 0.734767 -0.423627
v -0.376012 0.740710 -0.419468
v -0.245238 0.768172 -0.447678
v -0.267818 0.770932 -0.448682
v -0.312999 0.764781 -0.443479
v 0.305397 0.767100 -0.446490
v 0.283203 0.770932 -0.448682
v -0.267247 0.774188 -0.434258
v 0.368416 0.744720 -0.432001
v 0.349157 0.755889 -0.438391
v 0.260347 0.774417 -0.419786
v 0.282061 0.777445 -0.419834
v 0.304265 0.777722 -0.419418
v 0.326824 0.774827 -0.418336
v 0.328384 0.777370 -0.421475
v 0.350907 0.769953 -0.419912
v 0.352250 0.770467 -0.423698
v 0.353094 0.769983 -0.427488
v 0.391804 0.742944 -0.416383
v 0.353382 0.768534 -0.431023
v 0.388304 0.734767 -0.423627
v 0.391397 0.740710 -0.419468
v -0.357824 0.754555 -0.427389
v -0.314339 0.779021 -0.425100
v -0.374818 0.737921 -0.421939
v -0.291067 0.771243 -0.447176
v -0.355161 0.748285 -0.431361
v -0.335522 0.759675 -0.437878
v 0.260766 0.772208 -0.449413
v -0.245381 0.772208 -0.449413
v 0.282632 0.774188 -0.434258
v 0.328384 0.764781 -0.443479
v 0.329723 0.779021 -0.425100
v 0.373209 0.754555 -0.427389
v 0.390203 0.737921 -0.421939
v -0.315366 0.779669 -0.428963
v -0.316012 0.779270 -0.432801
v -0.316233 0.777851 -0.436353
v -0.337709 0.766221 -0.434064
v -0.291067 0.783832 -0.425173
v -0.291972 0.785611 -0.428870
v -0.290012 0.781141 -0.421949
v -0.267247 0.781457 -0.421555
v -0.245095 0.778673 -0.420537
v -0.356796 0.751639 -0.429788
v -0.268350 0.775165 -0.449420
v -0.314339 0.768742 -0.443066
v 0.306452 0.771243 -0.447176
v 0.283735 0.775165 -0.449420
v -0.245238 0.775441 -0.434975
v 0.370546 0.748285 -0.431361
v 0.350907 0.759675 -0.437878
v 0.260480 0.778673 -0.420537
v 0.282632 0.781457 -0.421555
v 0.305397 0.781141 -0.421949
v 0.306452 0.783832 -0.425173
v 0.307357 0.785611 -0.428870
v 0.330751 0.779669 -0.428963
v 0.331397 0.779270 -0.432801
v 0.331617 0.777851 -0.436353
v 0.353094 0.766221 -0.434064
v 0.372181 0.751639 -0.429788
v -0.336865 0.763199 -0.436402
v -0.292667 0.786357 -0.432789
v -0.291972 0.775332 -0.446836
v 0.260899 0.776464 -0.450163
v -0.245514 0.776464 -0.450163
v 0.260623 0.775441 -0.434975
v 0.329723 0.768742 -0.443066
v 0.308052 0.786357 -0.432789
v 0.352250 0.763199 -0.436402
v -0.293104 0.786019 -0.436663
v -0.293253 0.784621 -0.440227
v -0.316012 0.775508 -0.439377
v -0.315366 0.772401 -0.441667
v -0.268350 0.787754 -0.427417
v -0.268807 0.789610 -0.431158
v -0.269157 0.790416 -0.435112
v -0.267818 0.784973 -0.424141
v -0.245238 0.782709 -0.422271
v -0.268807 0.779332 -0.449124
v 0.307357 0.775332 -0.446836
v 0.284192 0.779332 -0.449124
v 0.260623 0.782709 -0.422271
v 0.283203 0.784973 -0.424141
v 0.283735 0.787754 -0.427417
v 0.284192 0.789610 -0.431158
v 0.284542 0.790416 -0.435112
v 0.308489 0.786019 -0.436663
v 0.308638 0.784621 -0.440227
v 0.331397 0.775508 -0.439377
v 0.330751 0.772401 -0.441667
v -0.269378 0.790116 -0.439007
v -0.292667 0.779089 -0.445493
v 0.261013 0.780650 -0.449879
v -0.245628 0.780650 -0.449879
v 0.284762 0.790116 -0.439007
v -0.269453 0.788730 -0.442578
v -0.293104 0.782257 -0.443239
v -0.245514 0.789053 -0.428160
v -0.245628 0.790929 -0.431913
v -0.245716 0.791750 -0.435875
v -0.245771 0.791459 -0.439775
v -0.245381 0.786249 -0.424871
v -0.269157 0.783148 -0.447815
v 0.308052 0.779089 -0.445493
v 0.284542 0.783148 -0.447815
v 0.260766 0.786249 -0.424871
v 0.260899 0.789053 -0.428160
v 0.261013 0.790929 -0.431913
v 0.261101 0.791750 -0.435875
v 0.261156 0.791459 -0.439775
v 0.284838 0.788730 -0.442578
v 0.308489 0.782257 -0.443239
v -0.245790 0.790077 -0.443348
v 0.261101 0.784482 -0.448578
v -0.245716 0.784482 -0.448578
v 0.261175 0.790077 -0.443348
v -0.269378 0.786354 -0.445583
v 0.284762 0.786354 -0.445583
v -0.245771 0.787697 -0.446351
v 0.261156 0.787697 -0.446351
vn -0.8918012793929125 -0.19886706230317105 -0.4063771273141134
vn 0.7030749557129584 -0.3531399777555368 -0.6172339611201254
vn -0.7030749557129584 -0.3531399777555368 -0.6172339611201254
vn 0.8918012793929125 -0.19886706230317105 -0.4063771273141134
vn 0.7030749557129584 0.3531399777555368 0.6172339611201254
vn -0.7030749557129584 0.3531399777555368 0.6172339611201254
vn 0.8918012793929125 0.19886706230317105 0.4063771273141134
vn -0.8918012793929125 0.19886706230317105 0.4063771273141134
vn 0.9554012353927408 0.11867902924026144 0.2704140666248964
vn 0.9559572700947714 -0.14575504118141647 -0.25475707197869124
vn 0 0.4965997913288112 0.867979635275034
vn -0.884355177492313 -0.12343702477412191 -0.4501990903560921
vn 0.884355177492313 0.12343702477412191 0.4501990903560921
vn -0.9554012353927408 0.11867902924026144 0.2704140666248964
vn -0.9559572700947714 -0.14575504118141647 -0.25475707197869124
vn 0.9559572700947714 0.14575504118141647 0.25475707197869124
vn 0.947603807620811 0.03775599233491129 0.31720893560135865
vn 0.9554012398167284 -0.1729740434184795 -0.23935006007962517
vn 0.884355177492313 -0.12343702477412191 -0.4501990903560921
vn -0.884355177492313 0.12343702477412191 0.4501990903560921
vn -0.9559572700947714 0.14575504118141647 0.25475707197869124
vn -0.947603807620811 0.03775599233491129 0.31720893560135865
vn -0.9554012398167284 -0.1729740434184795 -0.23935006007962517
vn 1 0 0
vn 0.8333556540137215 0.2504748960097327 0.49272779543301193
vn 0.8262635299829498 0.18004211548283075 0.5337353423491669
vn 0.8339383983937334 -0.2740521309217225 -0.4790012288311563
vn 0.9476037174956837 -0.25432492417939323 -0.19330294237156895
vn 0.9232131747651937 -0.06867501300024995 0.378102071575107
vn -0.8615929481928484 -0.0241089985503379 -0.5070269695127227
vn 0.8615929481928484 0.0241089985503379 0.5070269695127227
vn -1 0 0
vn -0.8333556540137215 0.2504748960097327 0.49272779543301193
vn -0.8262635299829498 0.18004211548283075 0.5337353423491669
vn -0.8339383983937334 -0.2740521309217225 -0.4790012288311563
vn 0.8339383983937334 0.2740521309217225 0.4790012288311563
vn 0.8049960701562157 0.08723900760296695 0.5868310511429152
vn 0 -0.867979635275034 0.4965997913288112
vn 0.8333558026130345 -0.29783392945565934 -0.46563188971137504
vn 0.8615929481928484 -0.0241089985503379 -0.5070269695127227
vn -0.8615929481928484 0.0241089985503379 0.5070269695127227
vn -0.9232131747651937 -0.06867501300024995 0.378102071575107
vn -0.9476037174956837 -0.25432492417939323 -0.19330294237156895
vn -0.8339383983937334 0.2740521309217225 0.4790012288311563
vn -0.8049960701562157 0.08723900760296695 0.5868310511429152
vn -0.8333558026130345 -0.29783392945565934 -0.46563188971137504
vn 0.6567358913203983 0.3556829411399911 0.6649718899574685
vn 0.6508711987194685 0.3002270916632479 0.697302212895463
vn 0.6341181041764183 0.22712403731318895 0.7391271214278787
vn 0.6572879376467113 -0.37425696449630175 -0.6541439379449654
vn 0.9232130887087804 -0.3607560346639668 -0.1324110127229777
vn 0.8262636218317763 -0.36887927761219336 -0.4256953203709691
vn 0.8830261396885652 -0.1714330271195071 0.43689306911343073
vn 0.7699549135875798 -0.0023599997351362065 0.6380939283864034
vn -0.8240881223441319 0.0717900106579459 -0.5618940834188019
vn 0.8240881223441319 -0.0717900106579459 0.5618940834188019
vn -0.6567358913203983 0.3556829411399911 0.6649718899574685
vn -0.6508711987194685 0.3002270916632479 0.697302212895463
vn -0.6341181041764183 0.22712403731318895 0.7391271214278787
vn -0.6572879376467113 -0.37425696449630175 -0.6541439379449654
vn 0.6572879376467113 0.37425696449630175 0.6541439379449654
vn 0.6065152452672333 0.156544063304475 0.7795083152234825
vn 0.6567358289590862 -0.3930048976454246 -0.6436188323752897
vn 0.8240881223441319 0.0717900106579459 -0.5618940834188019
vn -0.8240881223441319 -0.0717900106579459 0.5618940834188019
vn -0.9232130887087804 -0.3607560346639668 -0.1324110127229777
vn -0.8830261396885652 -0.1714330271195071 0.43689306911343073
vn -0.7699549135875798 -0.0023599997351362065 0.6380939283864034
vn -0.8262636218317763 -0.36887927761219336 -0.4256953203709691
vn -0.6572879376467113 0.37425696449630175 0.6541439379449654
vn -0.6065152452672333 0.156544063304475 0.7795083152234825
vn -0.6567358289590862 -0.3930048976454246 -0.6436188323752897
vn 0.4496268971240288 0.44357089850965914 0.7752938226104679
vn 0.4491949637387381 0.43085496521923417 0.7826799368181647
vn 0.4450188009349021 0.3929098242442059 0.804723640032309
vn 0.4335638789346743 0.3429269042435049 0.8333207673093747
vn 0.4496268971240288 -0.44357089850965914 -0.7752938226104679
vn 0.4491948211443584 -0.45638281828231747 -0.768074694176144
vn 0.8830259782457722 -0.4635139885808695 -0.07361999818629784
vn 0.8049961653703792 -0.46168209484336237 -0.3726000765432417
vn 0.6508709865084209 -0.44897999069331823 -0.6121959873100956
vn 0.8277300346020133 -0.26875801123502585 0.49257702059144387
vn 0.7217397899961256 -0.08722297462082214 0.6866468002070962
vn -0.7724829027556097 0.1626189795286299 -0.6138609227238156
vn 0.7724829027556097 -0.1626189795286299 0.6138609227238156
vn -0.4496268971240288 0.44357089850965914 0.7752938226104679
vn -0.4491949637387381 0.43085496521923417 0.7826799368181647
vn -0.4450188009349021 0.3929098242442059 0.804723640032309
vn -0.4335638789346743 0.3429269042435049 0.8333207673093747
vn -0.4496268971240288 -0.44357089850965914 -0.7752938226104679
vn -0.4491948211443584 -0.45638281828231747 -0.768074694176144
vn 0.41469122601880576 0.2946691606032816 0.8609304692322006
vn 0.4450190198093546 -0.4946160220170906 -0.7465340332308436
vn 0.568534863757743 0.08969497850572199 0.8177548040353068
vn 0.7724829027556097 0.1626189795286299 -0.6138609227238156
vn -0.7724829027556097 -0.1626189795286299 0.6138609227238156
vn -0.8830259782457722 -0.4635139885808695 -0.07361999818629784
vn -0.8277300346020133 -0.26875801123502585 0.49257702059144387
vn -0.8049961653703792 -0.46168209484336237 -0.3726000765432417
vn -0.7217397899961256 -0.08722297462082214 0.6866468002070962
vn -0.6508709865084209 -0.44897999069331823 -0.6121959873100956
vn -0.41469122601880576 0.2946691606032816 0.8609304692322006
vn -0.4450190198093546 -0.4946160220170906 -0.7465340332308436
vn 0.2274499157916882 0.48358382096376207 0.8452296870723615
vn 0.2272129670474194 0.4771409308004942 0.848946876877668
vn 0.22504608263097298 0.45792116813654876 0.8600363157826023
vn 0.21925401104426334 0.432644021793145 0.8744980440502167
vn 0.2274499157916882 -0.48358382096376207 -0.8452296870723615
vn 0.22721308626612247 -0.49005318605877335 -0.8415593195153084
vn 0.2250459806987072 -0.5093539563147502 -0.8306099287619121
vn 0.8277299343626742 -0.5608399555265149 -0.017935998577711366
vn 0.7699549949498651 -0.5512819963841413 -0.32133699789235076
vn 0.6341181983350823 -0.5220831632935427 -0.5703711783967326
vn 0.4335641411541997 -0.5445991773035492 -0.7179372337367096
vn 0.7582717559298013 -0.35898688445039734 0.544198824834943
vn 0.6611751919689389 -0.16589804816767592 0.7316592124336249
vn -0.7076601522640669 0.24682505310824182 -0.6620381424477833
vn 0.7076601522640669 -0.24682505310824182 0.6620381424477833
vn -0.568534863757743 0.08969497850572199 0.8177548040353068
vn -0.2274499157916882 0.48358382096376207 0.8452296870723615
vn -0.2272129670474194 0.4771409308004942 0.848946876877668
vn -0.22504608263097298 0.45792116813654876 0.8600363157826023
vn -0.21925401104426334 0.432644021793145 0.8744980440502167
vn -0.2274499157916882 -0.48358382096376207 -0.8452296870723615
vn -0.22721308626612247 -0.49005318605877335 -0.8415593195153084
vn -0.2250459806987072 -0.5093539563147502 -0.8306099287619121
vn 0.2097100678097614 0.40824013200446785 0.8884602872836805
vn 0.3887228354421913 0.24896289460668444 0.8870806244726823
vn 0.2192539184795446 -0.5346298012201324 -0.8161486965490339
vn 0.5208262882615451 0.027721015342740553 0.8532124722272111
vn 0.7076601522640669 0.24682505310824182 -0.6620381424477833
vn -0.7076601522640669 -0.24682505310824182 0.6620381424477833
vn -0.8277299343626742 -0.5608399555265149 -0.017935998577711366
vn -0.7582717559298013 -0.35898688445039734 0.544198824834943
vn -0.7699549949498651 -0.5512819963841413 -0.32133699789235076
vn -0.6611751919689389 -0.16589804816767592 0.7316592124336249
vn -0.6341181983350823 -0.5220831632935427 -0.5703711783967326
vn -0.4335641411541997 -0.5445991773035492 -0.7179372337367096
vn -0.3887228354421913 0.24896289460668444 0.8870806244726823
vn -0.2097100678097614 0.40824013200446785 0.8884602872836805
vn -0.2192539184795446 -0.5346298012201324 -0.8161486965490339
vn 0 -0.4965997913288112 -0.867979635275034
vn 0.7582717295988329 -0.6510677678279733 0.03368598798751131
vn 0.7217399280854764 -0.6361449366142035 -0.2727839728196701
vn 0.6065152192874368 -0.5926632142792018 -0.5299901916195784
vn 0.4146910809060303 -0.5928561156659428 -0.6903281346826872
vn 0.6758387924225672 -0.4405738646819438 0.5908778185175192
vn 0.5892978053641011 -0.23703792171006166 0.7723607449012595
vn -0.6307297517479722 0.32296687288187875 -0.7056007222791383
vn 0.6307297517479722 -0.32296687288187875 0.7056007222791383
vn -0.5208262882615451 0.027721015342740553 0.8532124722272111
vn 0.19657802436889457 0.3851270477424698 0.9016841117777288
vn 0.3561039097787712 0.20658894765935376 0.9113237691102287
vn 0.20971003398854685 -0.5590340906048984 -0.8021861300135255
vn 0.4642069760819683 -0.02831799854092952 0.8852739543867033
vn 0.6307297517479722 0.32296687288187875 -0.7056007222791383
vn -0.6307297517479722 -0.32296687288187875 0.7056007222791383
vn -0.7582717295988329 -0.6510677678279733 0.03368598798751131
vn -0.6758387924225672 -0.4405738646819438 0.5908778185175192
vn -0.7217399280854764 -0.6361449366142035 -0.2727839728196701
vn -0.5892978053641011 -0.23703792171006166 0.7723607449012595
vn -0.6065152192874368 -0.5926632142792018 -0.5299901916195784
vn -0.4146910809060303 -0.5928561156659428 -0.6903281346826872
vn -0.3561039097787712 0.20658894765935376 0.9113237691102287
vn -0.19657802436889457 0.3851270477424698 0.9016841117777288
vn -0.22721308626612247 0.49005318605877335 0.8415593195153084
vn -0.2250459806987072 0.5093539563147502 0.8306099287619121
vn -0.2192539184795446 0.5346298012201324 0.8161486965490339
vn -0.2272129670474194 -0.4771409308004942 -0.848946876877668
vn -0.22504608263097298 -0.45792116813654876 -0.8600363157826023
vn 0.6758389201932279 -0.7326549134840834 0.08036499051006032
vn 0.6611749679300396 -0.7148199653280157 -0.22777198895203402
vn 0.5685349187265178 -0.6595119057211309 -0.49174392970398106
vn 0.3887231238030869 -0.6385632033737918 -0.6641772115315094
vn 0.5818419898363841 -0.5121239910542184 0.6318139889634733
vn 0.507337832896897 -0.29942590137735875 0.8080547338490358
vn 0.543006856875629 0.3897408972730823 -0.743804803949815
vn -0.543006856875629 -0.3897408972730823 0.743804803949815
vn -0.4642069760819683 -0.02831799854092952 0.8852739543867033
vn -0.20971003398854685 -0.5590340906048984 -0.8021861300135255
vn 0.22721308626612247 0.49005318605877335 0.8415593195153084
vn 0.2250459806987072 0.5093539563147502 0.8306099287619121
vn 0.2192539184795446 0.5346298012201324 0.8161486965490339
vn 0.2272129670474194 -0.4771409308004942 -0.848946876877668
vn 0.22504608263097298 -0.45792116813654876 -0.8600363157826023
vn -0.20971003398854685 0.5590340906048984 0.8021861300135255
vn 0.18008205428898494 0.36369810964335814 0.9139442755249945
vn 0.3173910926810691 0.1682740491375438 0.9332452725160585
vn -0.21925401104426334 -0.432644021793145 -0.8744980440502167
vn 0.543006856875629 -0.3897408972730823 0.743804803949815
vn 0.5818420792498058 -0.8042051095367644 0.12130101652180592
vn 0.5892978705595584 -0.785959827362371 -0.1870699589097141
vn 0.5208259668647927 -0.7214869540986407 -0.45628597097085954
vn 0.19657797626989446 -0.5821479297254346 -0.7889619047596806
vn 0.3996438423866941 -0.07746296944981175 0.9133916397725659
vn -0.543006856875629 0.3897408972730823 -0.743804803949815
vn -0.5818420792498058 -0.8042051095367644 0.12130101652180592
vn -0.5818419898363841 -0.5121239910542184 0.6318139889634733
vn -0.6758389201932279 -0.7326549134840834 0.08036499051006032
vn -0.6611749679300396 -0.7148199653280157 -0.22777198895203402
vn -0.5685349187265178 -0.6595119057211309 -0.49174392970398106
vn -0.3887231238030869 -0.6385632033737918 -0.6641772115315094
vn -0.507337832896897 -0.29942590137735875 0.8080547338490358
vn -0.3173910926810691 0.1682740491375438 0.9332452725160585
vn -0.18008205428898494 0.36369810964335814 0.9139442755249945
vn 0.20971003398854685 0.5590340906048984 0.8021861300135255
vn 0.21925401104426334 -0.432644021793145 -0.8744980440502167
vn -0.4491948211443584 0.45638281828231747 0.768074694176144
vn -0.4450190198093546 0.4946160220170906 0.7465340332308436
vn -0.4335641411541997 0.5445991773035492 0.7179372337367096
vn -0.4491949637387381 -0.43085496521923417 -0.7826799368181647
vn -0.4450188009349021 -0.3929098242442059 -0.804723640032309
vn 0.5073377796317952 -0.8483476315101061 -0.15137593424806092
vn 0.46420697328512156 -0.7775249552538288 -0.42422497558606564
vn 0.3561041034005391 -0.6809361977207485 -0.639934185815157
vn 0.4778901509910896 -0.5724121808556608 0.6663072105221283
vn 0.4166969077026869 -0.3519949220340136 0.8381308143561406
vn -0.4459927992807628 0.4460057992749124 -0.7759956507628479
vn 0.4459927992807628 -0.4460057992749124 0.7759956507628479
vn -0.477889880868758 -0.8644937844938294 0.1557939611627512
vn -0.4778901509910896 -0.5724121808556608 0.6663072105221283
vn -0.5892978705595584 -0.785959827362371 -0.1870699589097141
vn -0.5208259668647927 -0.7214869540986407 -0.45628597097085954
vn -0.3996438423866941 -0.07746296944981175 0.9133916397725659
vn -0.19657797626989446 -0.5821479297254346 -0.7889619047596806
vn 0.4491948211443584 0.45638281828231747 0.768074694176144
vn 0.4450190198093546 0.4946160220170906 0.7465340332308436
vn 0.4335641411541997 0.5445991773035492 0.7179372337367096
vn 0.4491949637387381 -0.43085496521923417 -0.7826799368181647
vn 0.4450188009349021 -0.3929098242442059 -0.804723640032309
vn -0.4146910809060303 0.5928561156659428 0.6903281346826872
vn -0.19657797626989446 0.5821479297254346 0.7889619047596806
vn 0.16050500035238877 0.3443220007559588 0.9250300020309036
vn 0.2732479838800089 0.1346719920551605 0.9524699438099898
vn -0.2097100678097614 -0.40824013200446785 -0.8884602872836805
vn -0.4335638789346743 -0.3429269042435049 -0.8333207673093747
vn 0.477889880868758 -0.8644937844938294 0.1557939611627512
vn 0.4166970585740678 -0.9009161266395365 -0.12130001705084155
vn 0.3996441256711124 -0.826670259952704 -0.39610712455887587
vn 0.3173909119948123 -0.7192518005680459 -0.6180128286392809
vn 0.18008204400269268 -0.6035761474826424 -0.7767021897856501
vn 0.32824408820674794 -0.11887303194392228 0.9370832518158566
vn 0.4459927992807628 0.4460057992749124 -0.7759956507628479
vn -0.4459927992807628 -0.4460057992749124 0.7759956507628479
vn -0.5073377796317952 -0.8483476315101061 -0.15137593424806092
vn -0.4166970585740678 -0.9009161266395365 -0.12130001705084155
vn -0.46420697328512156 -0.7775249552538288 -0.42422497558606564
vn -0.3561041034005391 -0.6809361977207485 -0.639934185815157
vn -0.4166969077026869 -0.3519949220340136 0.8381308143561406
vn -0.2732479838800089 0.1346719920551605 0.9524699438099898
vn -0.16050500035238877 0.3443220007559588 0.9250300020309036
vn 0.19657797626989446 0.5821479297254346 0.7889619047596806
vn 0.4146910809060303 0.5928561156659428 0.6903281346826872
vn 0.4335638789346743 -0.3429269042435049 -0.8333207673093747
vn 0.2097100678097614 -0.40824013200446785 -0.8884602872836805
vn -0.6567358289590862 0.3930048976454246 0.6436188323752897
vn -0.6508709865084209 0.44897999069331823 0.6121959873100956
vn -0.6341181983350823 0.5220831632935427 0.5703711783967326
vn -0.6065152192874368 0.5926632142792018 0.5299901916195784
vn -0.6567358913203983 -0.3556829411399911 -0.6649718899574685
vn -0.6508711987194685 -0.3002270916632479 -0.697302212895463
vn 0.34134790305089435 -0.4907978606043478 0.8016227723243349
vn 0.3282440094926527 -0.8680800251044406 -0.3724150107700562
vn 0.27324790658147513 -0.7528537426129006 -0.5987877952852662
vn 0.36576102818664324 -0.6204080478105074 0.6937670534637724
vn 0.3189259688350342 -0.3938439615141609 0.8620749157593364
vn 0.3657611256832254 -0.9124893135505443 0.183254062969955
vn -0.34134790305089435 0.4907978606043478 -0.8016227723243349
vn -0.3657611256832254 -0.9124893135505443 0.183254062969955
vn -0.3189260454520675 -0.9427661343592679 -0.09735601387479087
vn -0.36576102818664324 -0.6204080478105074 0.6937670534637724
vn -0.34134790305089435 -0.4907978606043478 0.8016227723243349
vn -0.3996441256711124 -0.826670259952704 -0.39610712455887587
vn -0.3173909119948123 -0.7192518005680459 -0.6180128286392809
vn -0.32824408820674794 -0.11887303194392228 0.9370832518158566
vn -0.18008204400269268 -0.6035761474826424 -0.7767021897856501
vn 0.6567358289590862 0.3930048976454246 0.6436188323752897
vn 0.6508709865084209 0.44897999069331823 0.6121959873100956
vn 0.6341181983350823 0.5220831632935427 0.5703711783967326
vn 0.6065152192874368 0.5926632142792018 0.5299901916195784
vn 0.6567358913203983 -0.3556829411399911 -0.6649718899574685
vn 0.6508711987194685 -0.3002270916632479 -0.697302212895463
vn -0.5685349187265178 0.6595119057211309 0.49174392970398106
vn -0.3887231238030869 0.6385632033737918 0.6641772115315094
vn -0.18008204400269268 0.6035761474826424 0.7767021897856501
vn 0.13818196576348768 0.32732991889943985 0.9347517684021917
vn 0.2244289725654674 0.10635898699851844 0.9686688815884701
vn -0.19657802436889457 -0.3851270477424698 -0.9016841117777288
vn -0.41469122601880576 -0.2946691606032816 -0.8609304692322006
vn -0.6341181041764183 -0.22712403731318895 -0.7391271214278787
vn 0.3189260454520675 -0.9427661343592679 -0.09735601387479087
vn 0.25122708409061806 -0.9010463015978181 -0.3535541183414777
vn 0.22442897746160886 -0.7811669215509252 -0.5825889414932174
vn 0.1605049646874671 -0.6229518629449984 -0.7656168315574251
vn 0.25122688311986013 -0.1518389293588527 0.9559445552588485
vn 0.34134790305089435 0.4907978606043478 -0.8016227723243349
vn -0.3282440094926527 -0.8680800251044406 -0.3724150107700562
vn -0.25122708409061806 -0.9010463015978181 -0.3535541183414777
vn -0.27324790658147513 -0.7528537426129006 -0.5987877952852662
vn -0.3189259688350342 -0.3938439615141609 0.8620749157593364
vn -0.2244289725654674 0.10635898699851844 0.9686688815884701
vn -0.13818196576348768 0.32732991889943985 0.9347517684021917
vn 0.18008204400269268 0.6035761474826424 0.7767021897856501
vn 0.3887231238030869 0.6385632033737918 0.6641772115315094
vn 0.5685349187265178 0.6595119057211309 0.49174392970398106
vn 0.6341181041764183 -0.22712403731318895 -0.7391271214278787
vn 0.41469122601880576 -0.2946691606032816 -0.8609304692322006
vn 0.19657802436889457 -0.3851270477424698 -0.9016841117777288
vn -0.8333558026130345 0.29783392945565934 0.46563188971137504
vn -0.8262636218317763 0.36887927761219336 0.4256953203709691
vn -0.8049961653703792 0.46168209484336237 0.3726000765432417
vn -0.7699549949498651 0.5512819963841413 0.32133699789235076
vn -0.8333556540137215 -0.2504748960097327 -0.49272779543301193
vn -0.8262635299829498 -0.18004211548283075 -0.5337353423491669
vn -0.8049960701562157 -0.08723900760296695 -0.5868310511429152
vn 0.23086309985073636 -0.5233512263549497 0.8202473547656701
vn 0.24737394829415016 -0.9473708019815232 0.2032109575250531
vn 0.24737389756842718 -0.6552897286603067 0.7137237044642043
vn 0.17177097143972883 -0.8037068663680721 -0.5696929052774535
vn 0.11349403240884978 -0.6542621868281924 -0.7477032135107956
vn 0.13818192267521406 -0.6399446418953977 -0.7558945770113399
vn 0.21569806893053503 -0.4242591355803016 0.8794762810538402
vn 0.2156980336499744 -0.9731811518211374 -0.07995501247338292
vn -0.23086309985073636 0.5233512263549497 -0.8202473547656701
vn -0.24737394829415016 -0.9473708019815232 0.2032109575250531
vn -0.2156980336499744 -0.9731811518211374 -0.07995501247338292
vn -0.1699110015839953 -0.9250050086233591 -0.33984700316822386
vn -0.24737389756842718 -0.6552897286603067 0.7137237044642043
vn -0.23086309985073636 -0.5233512263549497 0.8202473547656701
vn -0.22442897746160886 -0.7811669215509252 -0.5825889414932174
vn -0.1605049646874671 -0.6229518629449984 -0.7656168315574251
vn -0.25122688311986013 -0.1518389293588527 0.9559445552588485
vn 0.8333558026130345 0.29783392945565934 0.46563188971137504
vn 0.8262636218317763 0.36887927761219336 0.4256953203709691
vn 0.8049961653703792 0.46168209484336237 0.3726000765432417
vn 0.7699549949498651 0.5512819963841413 0.32133699789235076
vn 0.8333556540137215 -0.2504748960097327 -0.49272779543301193
vn 0.8262635299829498 -0.18004211548283075 -0.5337353423491669
vn 0.8049960701562157 -0.08723900760296695 -0.5868310511429152
vn -0.5208259668647927 0.7214869540986407 0.45628597097085954
vn -0.7217399280854764 0.6361449366142035 0.2727839728196701
vn -0.3561041034005391 0.6809361977207485 0.639934185815157
vn -0.1605049646874671 0.6229518629449984 0.7656168315574251
vn 0.11349395532220533 0.31301187678039466 0.9429436288027702
vn 0.17177093554923817 0.08381896854999714 0.9815646317037681
vn -0.18008205428898494 -0.36369810964335814 -0.9139442755249945
vn -0.3887228354421913 -0.24896289460668444 -0.8870806244726823
vn -0.6065152452672333 -0.156544063304475 -0.7795083152234825
vn -0.7699549135875798 0.0023599997351362065 -0.6380939283864034
vn 0.1699110015839953 -0.9250050086233591 -0.33984700316822386
vn 0.1161729932204928 -0.8200879521421286 -0.5603209673013504
vn 0.08686502736652717 -0.6656612097142671 -0.7411812335065905
vn 0.16991102669056066 -0.17579802761532345 0.9696521523183049
vn 0.23086309985073636 0.5233512263549497 -0.8202473547656701
vn -0.17177097143972883 -0.8037068663680721 -0.5696929052774535
vn -0.1161729932204928 -0.8200879521421286 -0.5603209673013504
vn -0.13818192267521406 -0.6399446418953977 -0.7558945770113399
vn -0.11349403240884978 -0.6542621868281924 -0.7477032135107956
vn -0.21569806893053503 -0.4242591355803016 0.8794762810538402
vn -0.17177093554923817 0.08381896854999714 0.9815646317037681
vn -0.11349395532220533 0.31301187678039466 0.9429436288027702
vn 0.1605049646874671 0.6229518629449984 0.7656168315574251
vn 0.3561041034005391 0.6809361977207485 0.639934185815157
vn 0.5208259668647927 0.7214869540986407 0.45628597097085954
vn 0.7217399280854764 0.6361449366142035 0.2727839728196701
vn 0.7699549135875798 0.0023599997351362065 -0.6380939283864034
vn 0.6065152452672333 -0.156544063304475 -0.7795083152234825
vn 0.3887228354421913 -0.24896289460668444 -0.8870806244726823
vn 0.18008205428898494 -0.36369810964335814 -0.9139442755249945
vn -0.9554012398167284 0.1729740434184795 0.23935006007962517
vn -0.9476037174956837 0.25432492417939323 0.19330294237156895
vn -0.9554012353927408 -0.11867902924026144 -0.2704140666248964
vn -0.9232130887087804 0.3607560346639668 0.1324110127229777
vn -0.6611749679300396 0.7148199653280157 0.22777198895203402
vn -0.8830259782457722 0.4635139885808695 0.07361999818629784
vn -0.947603807620811 -0.03775599233491129 -0.31720893560135865
vn -0.9232131747651937 0.06867501300024995 -0.378102071575107
vn -0.8830261396885652 0.1714330271195071 -0.43689306911343073
vn 0.1164280040362097 -0.5431090188279608 0.8315510288273799
vn 0.1247540484341469 -0.9685413760236712 0.215323083596404
vn 0.12475402551145229 -0.6764601383320538 0.7258361484291523
vn 0.10877998097819029 -0.991640826596742 -0.06939298786559646
vn 0.0587489962579828 -0.6739449570730771 -0.7364419530923314
vn 0.10877995415986501 -0.4427188134372246 0.8900376249359986
vn 0.08568902388299099 -0.939546261867552 -0.3315270924022497
vn -0.1164280040362097 0.5431090188279608 -0.8315510288273799
vn -0.1247540484341469 -0.9685413760236712 0.215323083596404
vn -0.10877998097819029 -0.991640826596742 -0.06939298786559646
vn -0.08568902388299099 -0.939546261867552 -0.3315270924022497
vn -0.05858799650425941 -0.8300299504750192 -0.5546329669069933
vn -0.12475402551145229 -0.6764601383320538 0.7258361484291523
vn -0.1164280040362097 -0.5431090188279608 0.8315510288273799
vn -0.08686502736652717 -0.6656612097142671 -0.7411812335065905
vn -0.16991102669056066 -0.17579802761532345 0.9696521523183049
vn 0.9554012398167284 0.1729740434184795 0.23935006007962517
vn 0.9476037174956837 0.25432492417939323 0.19330294237156895
vn 0.9232130887087804 0.3607560346639668 0.1324110127229777
vn 0.6611749679300396 0.7148199653280157 0.22777198895203402
vn 0.8830259782457722 0.4635139885808695 0.07361999818629784
vn 0.9554012353927408 -0.11867902924026144 -0.2704140666248964
vn 0.947603807620811 -0.03775599233491129 -0.31720893560135865
vn 0.9232131747651937 0.06867501300024995 -0.378102071575107
vn 0.8830261396885652 0.1714330271195071 -0.43689306911343073
vn -0.46420697328512156 0.7775249552538288 0.42422497558606564
vn -0.5892978705595584 0.785959827362371 0.1870699589097141
vn -0.8277299343626742 0.5608399555265149 0.017935998577711366
vn -0.3173909119948123 0.7192518005680459 0.6180128286392809
vn -0.13818192267521406 0.6399446418953977 0.7558945770113399
vn 0.08686501232532091 0.3016130427960283 0.9494651347200923
vn 0.11617298909472587 0.06743799366952817 0.9909369069797661
vn -0.16050500035238877 -0.3443220007559588 -0.9250300020309036
vn -0.3561039097787712 -0.20658894765935376 -0.9113237691102287
vn -0.568534863757743 -0.08969497850572199 -0.8177548040353068
vn -0.8277300346020133 0.26875801123502585 -0.49257702059144387
vn 0.029195002599596134 -0.5498590489608267 0.8347470743279695
vn 0.05858799650425941 -0.8300299504750192 -0.5546329669069933
vn 0.029628003520725497 -0.6789730806830548 -0.7335650871702782
vn 0.08568896690581342 -0.19033892648864664 0.9779716222947188
vn 0.1164280040362097 0.5431090188279608 -0.8315510288273799
vn -0.0587489962579828 -0.6739449570730771 -0.7364419530923314
vn -0.029628003520725497 -0.6789730806830548 -0.7335650871702782
vn -0.029195002599596134 -0.5498590489608267 0.8347470743279695
vn -0.10877995415986501 -0.4427188134372246 0.8900376249359986
vn -0.11617298909472587 0.06743799366952817 0.9909369069797661
vn -0.08686501232532091 0.3016130427960283 0.9494651347200923
vn 0.13818192267521406 0.6399446418953977 0.7558945770113399
vn 0.3173909119948123 0.7192518005680459 0.6180128286392809
vn 0.46420697328512156 0.7775249552538288 0.42422497558606564
vn 0.5892978705595584 0.785959827362371 0.1870699589097141
vn 0.8277299343626742 0.5608399555265149 0.017935998577711366
vn 0.568534863757743 -0.08969497850572199 -0.8177548040353068
vn 0.8277300346020133 0.26875801123502585 -0.49257702059144387
vn 0.3561039097787712 -0.20658894765935376 -0.9113237691102287
vn 0.16050500035238877 -0.3443220007559588 -0.9250300020309036
vn -0.9994645783614643 0.028399988019055786 -0.016247993145549935
vn -0.9914448903352953 0.11329398746843948 -0.06481899283030676
vn -0.965925824289898 0.22464995913426664 -0.12852897661948873
vn -0.6758389201932279 0.7326549134840834 -0.08036499051006032
vn -0.9238798217277049 0.33216093590606593 -0.19003996332979714
vn -0.7582717295988329 0.6510677678279733 -0.03368598798751131
vn -0.7217397899961256 0.08722297462082214 -0.6866468002070962
vn -0.8660252118622687 0.4339901061702677 -0.24830006074351343
vn -0.029195002599596134 0.5498590489608267 -0.8347470743279695
vn 0.03127700790285641 -0.9750952463802723 0.2195700554794314
vn 0.03127698954513628 -0.6834427715476734 0.7293337562078339
vn 0.027281008921477917 -0.9974903262008359 -0.06533602136628744
vn 0.02149900250408571 -0.944377109995858 -0.32816103822239523
vn -0.13818196576348768 -0.32732991889943985 -0.9347517684021917
vn -0.11349395532220533 -0.31301187678039466 -0.9429436288027702
vn 0.027281004251772125 -0.44918107000532465 0.8930241391787158
vn 0.01470499300770396 -0.8335106036616345 -0.552307737374972
vn -0.03127700790285641 -0.9750952463802723 0.2195700554794314
vn -0.027281008921477917 -0.9974903262008359 -0.06533602136628744
vn -0.02149900250408571 -0.944377109995858 -0.32816103822239523
vn -0.01470499300770396 -0.8335106036616345 -0.552307737374972
vn -0.0074380027655466365 -0.680813253135265 -0.7324192723230577
vn -0.03127698954513628 -0.6834427715476734 0.7293337562078339
vn 0.029195002599596134 0.5498590489608267 -0.8347470743279695
vn -0.08568896690581342 -0.19033892648864664 0.9779716222947188
vn 0.9994645783614643 0.028399988019055786 -0.016247993145549935
vn 0.9914448903352953 0.11329398746843948 -0.06481899283030676
vn 0.965925824289898 0.22464995913426664 -0.12852897661948873
vn 0.6758389201932279 0.7326549134840834 -0.08036499051006032
vn 0.7582717295988329 0.6510677678279733 -0.03368598798751131
vn 0.9238798217277049 0.33216093590606593 -0.19003996332979714
vn 0.7217397899961256 0.08722297462082214 -0.6866468002070962
vn 0.8660252118622687 0.4339901061702677 -0.24830006074351343
vn -0.3996441256711124 0.826670259952704 0.39610712455887587
vn -0.5073377796317952 0.8483476315101061 0.15137593424806092
vn -0.5818420792498058 0.8042051095367644 -0.12130101652180592
vn -0.27324790658147513 0.7528537426129006 0.5987877952852662
vn -0.11349403240884978 0.6542621868281924 0.7477032135107956
vn 0.05874898445305269 0.2933289223753507 0.9542047474854913
vn 0.05858800778092735 0.05749600763590131 0.996625132359301
vn -0.3173910926810691 -0.1682740491375438 -0.9332452725160585
vn -0.5208262882615451 -0.027721015342740553 -0.8532124722272111
vn -0.7582717559298013 0.35898688445039734 -0.544198824834943
vn -0.7933529659734887 0.52839297733749 -0.3023109870340331
vn 0.0074380027655466365 -0.680813253135265 -0.7324192723230577
vn -0.08686501232532091 -0.3016130427960283 -0.9494651347200923
vn 0.021499002493873685 -0.19569002269994631 0.9804301137294096
vn 0.13818196576348768 -0.32732991889943985 -0.9347517684021917
vn 0.11349395532220533 -0.31301187678039466 -0.9429436288027702
vn -0.027281004251772125 -0.44918107000532465 0.8930241391787158
vn -0.05858800778092735 0.05749600763590131 0.996625132359301
vn -0.05874898445305269 0.2933289223753507 0.9542047474854913
vn 0.11349403240884978 0.6542621868281924 0.7477032135107956
vn 0.27324790658147513 0.7528537426129006 0.5987877952852662
vn 0.3996441256711124 0.826670259952704 0.39610712455887587
vn 0.5073377796317952 0.8483476315101061 0.15137593424806092
vn 0.5818420792498058 0.8042051095367644 -0.12130101652180592
vn 0.5208262882615451 -0.027721015342740553 -0.8532124722272111
vn 0.7582717559298013 0.35898688445039734 -0.544198824834943
vn 0.7933529659734887 0.52839297733749 -0.3023109870340331
vn 0.3173910926810691 -0.1682740491375438 -0.9332452725160585
vn -0.6087609921509402 0.6886149911213426 -0.3939789949202317
vn -0.22442897746160886 0.7811669215509252 0.5825889414932174
vn -0.6611751919689389 0.16589804816767592 -0.7316592124336249
vn -0.05874898445305269 -0.2933289223753507 -0.9542047474854913
vn -0.2732479838800089 -0.1346719920551605 -0.9524699438099898
vn -0.2244289725654674 -0.10635898699851844 -0.9686688815884701
vn 0.08686501232532091 -0.3016130427960283 -0.9494651347200923
vn -0.021499002493873685 -0.19569002269994631 0.9804301137294096
vn 0.22442897746160886 0.7811669215509252 0.5825889414932174
vn 0.6087609921509402 0.6886149911213426 -0.3939789949202317
vn 0.6611751919689389 0.16589804816767592 -0.7316592124336249
vn -0.3282440094926527 0.8680800251044406 0.3724150107700562
vn -0.4166970585740678 0.9009161266395365 0.12130001705084155
vn -0.477889880868758 0.8644937844938294 -0.1557939611627512
vn -0.7071070345895557 0.6137540300230068 -0.35114901717715674
vn -0.5000001631280798 0.7516922452441454 -0.43006814031233387
vn -0.17177097143972883 0.8037068663680721 0.5696929052774535
vn -0.08686502736652717 0.6656612097142671 0.7411812335065905
vn 0.029628001449564827 0.28830201410532036 0.95708104682567
vn 0.014705005592586733 0.05372702043338349 0.9984473797280821
vn -0.4642069760819683 0.02831799854092952 -0.8852739543867033
vn -0.6758387924225672 0.4405738646819438 -0.5908778185175192
vn -0.029628001449564827 -0.28830201410532036 -0.95708104682567
vn -0.17177093554923817 -0.08381896854999714 -0.9815646317037681
vn 0.05874898445305269 -0.2933289223753507 -0.9542047474854913
vn 0.029628001449564827 -0.28830201410532036 -0.95708104682567
vn 0.2732479838800089 -0.1346719920551605 -0.9524699438099898
vn 0.2244289725654674 -0.10635898699851844 -0.9686688815884701
vn -0.014705005592586733 0.05372702043338349 0.9984473797280821
vn -0.029628001449564827 0.28830201410532036 0.95708104682567
vn 0.08686502736652717 0.6656612097142671 0.7411812335065905
vn 0.17177097143972883 0.8037068663680721 0.5696929052774535
vn 0.3282440094926527 0.8680800251044406 0.3724150107700562
vn 0.4166970585740678 0.9009161266395365 0.12130001705084155
vn 0.477889880868758 0.8644937844938294 -0.1557939611627512
vn 0.7071070345895557 0.6137540300230068 -0.35114901717715674
vn 0.5000001631280798 0.7516922452441454 -0.43006814031233387
vn 0.4642069760819683 0.02831799854092952 -0.8852739543867033
vn 0.6758387924225672 0.4405738646819438 -0.5908778185175192
vn -0.5818419898363841 0.5121239910542184 -0.6318139889634733
vn -0.25122708409061806 0.9010463015978181 0.3535541183414777
vn -0.5892978053641011 0.23703792171006166 -0.7723607449012595
vn -0.11617298909472587 -0.06743799366952817 -0.9909369069797661
vn -0.3996438423866941 0.07746296944981175 -0.9133916397725659
vn -0.32824408820674794 0.11887303194392228 -0.9370832518158566
vn 0.007437999625965323 -0.2863809855987595 -0.9580869518206827
vn -0.007437999625965323 -0.2863809855987595 -0.9580869518206827
vn 0.17177093554923817 -0.08381896854999714 -0.9815646317037681
vn 0.25122708409061806 0.9010463015978181 0.3535541183414777
vn 0.5818419898363841 0.5121239910542184 -0.6318139889634733
vn 0.5892978053641011 0.23703792171006166 -0.7723607449012595
vn -0.3189260454520675 0.9427661343592679 0.09735601387479087
vn -0.3657611256832254 0.9124893135505443 -0.183254062969955
vn -0.3826830138581002 0.8019090290395323 -0.4587980166144527
vn -0.4778901509910896 0.5724121808556608 -0.6663072105221283
vn -0.1161729932204928 0.8200879521421286 0.5603209673013504
vn -0.1699110015839953 0.9250050086233591 0.33984700316822386
vn -0.0587489962579828 0.6739449570730771 0.7364419530923314
vn 0.007437999625965323 0.2863809855987595 0.9580869518206827
vn -0.507337832896897 0.29942590137735875 -0.8080547338490358
vn -0.05858800778092735 -0.05749600763590131 -0.996625132359301
vn -0.25122688311986013 0.1518389293588527 -0.9559445552588485
vn 0.11617298909472587 -0.06743799366952817 -0.9909369069797661
vn 0.05858800778092735 -0.05749600763590131 -0.996625132359301
vn 0.3996438423866941 0.07746296944981175 -0.9133916397725659
vn 0.32824408820674794 0.11887303194392228 -0.9370832518158566
vn -0.007437999625965323 0.2863809855987595 0.9580869518206827
vn 0.0587489962579828 0.6739449570730771 0.7364419530923314
vn 0.1161729932204928 0.8200879521421286 0.5603209673013504
vn 0.1699110015839953 0.9250050086233591 0.33984700316822386
vn 0.3189260454520675 0.9427661343592679 0.09735601387479087
vn 0.3657611256832254 0.9124893135505443 -0.183254062969955
vn 0.3826830138581002 0.8019090290395323 -0.4587980166144527
vn 0.4778901509910896 0.5724121808556608 -0.6663072105221283
vn 0.507337832896897 0.29942590137735875 -0.8080547338490358
vn -0.4166969077026869 0.3519949220340136 -0.8381308143561406
vn -0.2156980336499744 0.9731811518211374 0.07995501247338292
vn -0.16991102669056066 0.17579802761532345 -0.9696521523183049
vn 0.014705005592586733 -0.05372702043338349 -0.9984473797280821
vn -0.014705005592586733 -0.05372702043338349 -0.9984473797280821
vn 0.25122688311986013 0.1518389293588527 -0.9559445552588485
vn 0.2156980336499744 0.9731811518211374 0.07995501247338292
vn 0.4166969077026869 0.3519949220340136 -0.8381308143561406
vn -0.24737394829415016 0.9473708019815232 -0.2032109575250531
vn -0.25881906138399463 0.8384041988439284 -0.4796781137650316
vn -0.36576102818664324 0.6204080478105074 -0.6937670534637724
vn -0.3189259688350342 0.3938439615141609 -0.8620749157593364
vn -0.05858799650425941 0.8300299504750192 0.5546329669069933
vn -0.08568902388299099 0.939546261867552 0.3315270924022497
vn -0.10877998097819029 0.991640826596742 0.06939298786559646
vn -0.029628003520725497 0.6789730806830548 0.7335650871702782
vn -0.08568896690581342 0.19033892648864664 -0.9779716222947188
vn 0.16991102669056066 0.17579802761532345 -0.9696521523183049
vn 0.08568896690581342 0.19033892648864664 -0.9779716222947188
vn 0.029628003520725497 0.6789730806830548 0.7335650871702782
vn 0.05858799650425941 0.8300299504750192 0.5546329669069933
vn 0.08568902388299099 0.939546261867552 0.3315270924022497
vn 0.10877998097819029 0.991640826596742 0.06939298786559646
vn 0.24737394829415016 0.9473708019815232 -0.2032109575250531
vn 0.25881906138399463 0.8384041988439284 -0.4796781137650316
vn 0.36576102818664324 0.6204080478105074 -0.6937670534637724
vn 0.3189259688350342 0.3938439615141609 -0.8620749157593364
vn -0.1247540484341469 0.9685413760236712 -0.215323083596404
vn -0.21569806893053503 0.4242591355803016 -0.8794762810538402
vn 0.021499002493873685 0.19569002269994631 -0.9804301137294096
vn -0.021499002493873685 0.19569002269994631 -0.9804301137294096
vn 0.1247540484341469 0.9685413760236712 -0.215323083596404
vn -0.13052601756925997 0.8605541158336037 -0.49235106627218095
vn -0.24737389756842718 0.6552897286603067 -0.7137237044642043
vn -0.01470499300770396 0.8335106036616345 0.552307737374972
vn -0.02149900250408571 0.944377109995858 0.32816103822239523
vn -0.027281008921477917 0.9974903262008359 0.06533602136628744
vn -0.03127700790285641 0.9750952463802723 -0.2195700554794314
vn -0.0074380027655466365 0.680813253135265 0.7324192723230577
vn -0.10877995415986501 0.4427188134372246 -0.8900376249359986
vn 0.21569806893053503 0.4242591355803016 -0.8794762810538402
vn 0.10877995415986501 0.4427188134372246 -0.8900376249359986
vn 0.0074380027655466365 0.680813253135265 0.7324192723230577
vn 0.01470499300770396 0.8335106036616345 0.552307737374972
vn 0.02149900250408571 0.944377109995858 0.32816103822239523
vn 0.027281008921477917 0.9974903262008359 0.06533602136628744
vn 0.03127700790285641 0.9750952463802723 -0.2195700554794314
vn 0.13052601756925997 0.8605541158336037 -0.49235106627218095
vn 0.24737389756842718 0.6552897286603067 -0.7137237044642043
vn -0.032718995947065496 0.8675148925400694 -0.49633393851862223
vn 0.027281004251772125 0.44918107000532465 -0.8930241391787158
vn -0.027281004251772125 0.44918107000532465 -0.8930241391787158
vn 0.032718995947065496 0.8675148925400694 -0.49633393851862223
vn -0.12475402551145229 0.6764601383320538 -0.7258361484291523
vn 0.12475402551145229 0.6764601383320538 -0.7258361484291523
vn -0.03127698954513628 0.6834427715476734 -0.7293337562078339
vn 0.03127698954513628 0.6834427715476734 -0.7293337562078339
vn 0 0.867979635275034 -0.4965997913288112
vn 0.9994645783614643 -0.028399988019055786 0.016247993145549935
vn 0.9914448903352953 -0.11329398746843948 0.06481899283030676
vn 0.965925824289898 -0.22464995913426664 0.12852897661948873
vn 0.9238798217277049 -0.33216093590606593 0.19003996332979714
vn 0.8660252118622687 -0.4339901061702677 0.24830006074351343
vn -0.9994645783614643 -0.028399988019055786 0.016247993145549935
vn -0.9914448903352953 -0.11329398746843948 0.06481899283030676
vn -0.965925824289898 -0.22464995913426664 0.12852897661948873
vn -0.9238798217277049 -0.33216093590606593 0.19003996332979714
vn -0.8660252118622687 -0.4339901061702677 0.24830006074351343
vn 0.7933529659734887 -0.52839297733749 0.3023109870340331
vn -0.7933529659734887 -0.52839297733749 0.3023109870340331
vn 0.6087609921509402 -0.6886149911213426 0.3939789949202317
vn -0.6087609921509402 -0.6886149911213426 0.3939789949202317
vn 0.7071070345895557 -0.6137540300230068 0.35114901717715674
vn 0.5000001631280798 -0.7516922452441454 0.43006814031233387
vn -0.7071070345895557 -0.6137540300230068 0.35114901717715674
vn -0.5000001631280798 -0.7516922452441454 0.43006814031233387
vn 0.3826830138581002 -0.8019090290395323 0.4587980166144527
vn -0.3826830138581002 -0.8019090290395323 0.4587980166144527
vn 0.25881906138399463 -0.8384041988439284 0.4796781137650316
vn -0.25881906138399463 -0.8384041988439284 0.4796781137650316
vn 0.13052601756925997 -0.8605541158336037 0.49235106627218095
vn -0.13052601756925997 -0.8605541158336037 0.49235106627218095
vn 0.032718995947065496 -0.8675148925400694 0.49633393851862223
vn -0.032718995947065496 -0.8675148925400694 0.49633393851862223
usemtl material_0_0
f 1//1 2//2 3//3
f 2//2 1//1 4//4
f 3//5 2//6 1//7
f 4//8 1//7 2//6
f 1//7 5//9 3//5
f 1//7 3//5 6//10
f 1//7 7//11 3//5
f 4//4 1//1 8//12
f 8//13 1//7 4//8
f 4//8 2//6 9//14
f 4//8 10//15 2//6
f 4//8 2//6 11//11
f 5//9 12//16 3//5
f 5//9 1//7 13//17
f 6//10 3//5 14//10
f 15//18 1//7 6//10
f 16//11 3//5 7//11
f 8//13 7//11 1//7
f 1//7 15//18 8//13
f 8//13 13//17 1//7
f 4//4 8//12 17//19
f 17//20 8//13 4//8
f 9//14 2//6 18//21
f 9//14 19//22 4//8
f 10//15 20//15 2//6
f 21//23 10//15 4//8
f 22//11 11//11 2//6
f 17//20 4//8 11//11
f 3//5 12//16 23//24
f 5//9 24//25 12//16
f 13//17 25//26 5//9
f 23//24 14//10 3//5
f 14//10 26//27 6//10
f 15//18 6//10 27//27
f 28//11 7//11 8//13
f 29//28 8//13 15//18
f 13//17 8//13 30//29
f 17//19 8//12 31//30
f 31//31 8//13 17//20
f 17//20 4//8 19//22
f 4//8 17//20 21//23
f 2//6 32//32 18//21
f 9//14 18//21 33//33
f 19//22 9//14 34//34
f 32//32 2//6 20//15
f 20//15 10//15 35//35
f 21//23 36//35 10//15
f 37//11 17//20 11//11
f 38//16 23//24 12//16
f 24//25 39//36 12//16
f 24//25 5//9 25//26
f 25//26 13//17 40//37
f 23//38 38//38 14//38
f 27//27 6//10 26//27
f 14//38 38//38 26//38
f 41//39 15//18 27//27
f 31//31 28//11 8//13
f 8//13 29//28 31//31
f 15//18 41//39 29//28
f 31//31 30//29 8//13
f 30//29 40//37 13//17
f 17//19 31//30 42//40
f 42//41 31//31 17//20
f 19//22 43//42 17//20
f 44//43 21//23 17//20
f 45//21 18//21 32//32
f 33//33 18//21 46//44
f 33//33 34//34 9//14
f 34//34 47//45 19//22
f 32//38 20//38 45//38
f 36//35 35//35 10//15
f 35//38 48//38 20//38
f 49//46 36//35 21//23
f 42//41 17//20 37//11
f 12//16 39//36 38//16
f 24//25 50//47 39//36
f 25//26 51//48 24//25
f 40//37 52//49 25//26
f 26//27 53//50 27//27
f 38//38 54//38 26//38
f 41//39 27//27 55//50
f 56//11 28//11 31//31
f 57//51 31//31 29//28
f 58//52 29//28 41//39
f 30//29 31//31 59//53
f 40//37 30//29 60//54
f 42//40 31//30 61//55
f 61//56 31//31 42//41
f 17//20 42//41 44//43
f 42//41 17//20 43//42
f 43//42 19//22 47//45
f 21//23 44//43 49//46
f 18//21 45//21 46//44
f 33//33 46//44 62//57
f 34//34 33//33 63//58
f 47//45 34//34 64//59
f 48//38 45//38 20//38
f 35//35 36//35 65//60
f 66//38 48//38 35//38
f 49//46 67//60 36//35
f 68//11 42//41 37//11
f 54//36 38//16 39//36
f 50//47 69//61 39//36
f 50//47 24//25 51//48
f 51//48 25//26 52//49
f 52//49 40//37 70//62
f 55//50 27//27 53//50
f 26//38 71//38 53//38
f 54//38 71//38 26//38
f 72//63 41//39 55//50
f 61//56 56//11 31//31
f 31//31 57//51 61//56
f 29//28 58//52 57//51
f 41//39 72//63 58//52
f 61//56 59//53 31//31
f 59//53 60//54 30//29
f 60//54 70//62 40//37
f 42//40 61//55 73//64
f 73//65 61//56 42//41
f 74//66 44//43 42//41
f 43//42 75//67 42//41
f 47//45 76//68 43//42
f 77//69 49//46 44//43
f 48//44 46//44 45//21
f 62//57 46//44 78//70
f 62//57 63//58 33//33
f 63//58 64//59 34//34
f 64//59 79//71 47//45
f 67//60 65//60 36//35
f 65//38 66//38 35//38
f 66//70 78//70 48//44
f 80//72 67//60 49//46
f 73//65 42//41 68//11
f 39//36 69//61 54//36
f 50//47 81//73 69//61
f 50//47 51//48 82//74
f 51//48 52//49 83//75
f 52//49 70//62 84//76
f 55//50 53//50 85//77
f 53//38 71//38 86//38
f 71//61 54//36 69//61
f 72//63 55//50 87//78
f 88//11 56//11 61//56
f 89//79 61//56 57//51
f 90//80 57//51 58//52
f 91//81 58//52 72//63
f 59//53 61//56 92//82
f 60//54 59//53 93//83
f 60//54 93//83 70//62
f 73//64 61//55 94//84
f 94//85 61//56 73//65
f 42//41 73//65 74//66
f 73//65 42//41 75//67
f 44//43 74//66 77//69
f 75//67 43//42 76//68
f 76//68 47//45 79//71
f 49//46 77//69 80//72
f 46//44 48//44 78//70
f 62//57 78//70 95//86
f 62//57 96//87 63//58
f 63//58 97//88 64//59
f 64//59 98//89 79//71
f 67//60 99//90 65//60
f 100//38 66//38 65//38
f 66//70 100//86 78//70
f 80//72 101//91 67//60
f 102//11 73//65 68//11
f 81//73 103//73 69//61
f 82//74 81//73 50//47
f 83//75 82//74 51//48
f 84//76 83//75 52//49
f 104//92 84//76 70//62
f 86//77 85//77 53//50
f 87//78 55//50 85//77
f 71//38 103//38 86//38
f 71//61 69//61 103//73
f 87//78 105//93 72//63
f 94//85 88//11 61//56
f 61//56 89//79 94//85
f 57//51 90//80 89//79
f 58//52 91//81 90//80
f 91//81 72//63 105//93
f 94//85 92//82 61//56
f 92//82 93//83 59//53
f 106//94 70//62 93//83
f 73//64 94//84 107//95
f 107//96 94//85 73//65
f 108//97 74//66 73//65
f 75//67 109//98 73//65
f 110//99 77//69 74//66
f 76//68 111//100 75//67
f 76//68 79//71 111//100
f 112//101 80//72 77//69
f 95//86 78//70 100//86
f 96//87 62//57 95//86
f 97//88 63//58 96//87
f 98//89 64//59 97//88
f 113//102 79//71 98//89
f 114//90 65//60 99//90
f 101//91 99//90 67//60
f 114//38 100//38 65//38
f 101//91 80//72 115//103
f 107//96 73//65 102//11
f 103//73 81//73 116//104
f 82//74 117//104 81//73
f 82//74 83//75 118//105
f 83//75 84//76 119//106
f 84//76 104//92 120//107
f 70//62 106//94 104//92
f 85//77 86//77 121//108
f 87//78 85//77 122//109
f 86//38 103//38 123//38
f 105//93 87//78 124//110
f 125//11 88//11 94//85
f 126//111 94//85 89//79
f 127//112 89//79 90//80
f 128//113 90//80 91//81
f 105//93 129//114 91//81
f 92//82 94//85 130//115
f 93//83 92//82 131//116
f 93//83 131//116 106//94
f 107//95 94//84 132//117
f 132//118 94//85 107//96
f 73//65 107//96 108//97
f 107//96 73//65 109//98
f 74//66 108//97 110//99
f 109//98 75//67 111//100
f 77//69 110//99 112//101
f 133//119 111//100 79//71
f 112//101 115//103 80//72
f 100//86 134//120 95//86
f 96//87 95//86 135//120
f 96//87 136//121 97//88
f 97//88 137//122 98//89
f 79//71 113//102 133//119
f 98//89 138//123 113//102
f 99//90 139//124 114//90
f 101//91 140//125 99//90
f 134//38 100//38 114//38
f 115//103 141//126 101//91
f 142//11 107//96 102//11
f 117//104 116//104 81//73
f 103//38 116//38 123//38
f 118//105 117//104 82//74
f 119//106 118//105 83//75
f 120//107 119//106 84//76
f 143//127 120//107 104//92
f 144//128 104//92 106//94
f 123//108 121//108 86//77
f 122//109 85//77 121//108
f 122//109 124//110 87//78
f 124//110 145//129 105//93
f 132//118 125//11 94//85
f 94//85 126//111 132//118
f 89//79 127//112 126//111
f 90//80 128//113 127//112
f 128//113 91//81 129//114
f 129//114 105//93 145//129
f 132//118 130//115 94//85
f 130//115 131//116 92//82
f 146//130 106//94 131//116
f 107//95 132//117 147//131
f 147//132 132//118 107//96
f 148//133 108//97 107//96
f 109//98 149//134 107//96
f 150//135 110//99 108//97
f 111//100 151//136 109//98
f 152//137 112//101 110//99
f 111//100 133//119 151//136
f 115//103 112//101 153//138
f 135//120 95//86 134//120
f 136//121 96//87 135//120
f 137//122 97//88 136//121
f 138//123 98//89 137//122
f 154//139 133//119 113//102
f 155//140 113//102 138//123
f 156//124 114//90 139//124
f 140//125 139//124 99//90
f 140//125 101//91 141//126
f 156//38 134//38 114//38
f 141//126 115//103 157//141
f 147//132 107//96 142//11
f 116//104 117//104 158//11
f 123//38 116//38 159//38
f 118//105 160//11 117//104
f 118//105 119//106 161//11
f 119//106 120//107 162//11
f 120//107 143//127 163//11
f 104//92 144//128 143//127
f 106//94 146//130 144//128
f 121//108 123//108 164//142
f 122//109 121//108 165//142
f 124//110 122//109 166//142
f 124//110 166//142 145//129
f 167//11 125//11 132//118
f 168//143 132//118 126//111
f 169//144 126//111 127//112
f 170//145 127//112 128//113
f 129//114 171//146 128//113
f 129//114 145//129 171//146
f 130//115 132//118 172//147
f 131//116 130//115 173//148
f 131//116 173//148 146//130
f 147//131 132//117 174//149
f 174//150 132//118 147//132
f 107//96 147//132 148//133
f 147//132 107//96 149//134
f 108//97 148//133 150//135
f 149//134 109//98 151//136
f 110//99 150//135 152//137
f 152//137 153//138 112//101
f 175//151 151//136 133//119
f 153//138 157//141 115//103
f 134//120 176//11 135//120
f 136//121 135//120 177//11
f 136//121 178//11 137//122
f 137//122 179//11 138//123
f 133//119 154//139 175//151
f 113//102 155//140 154//139
f 138//123 180//11 155//140
f 139//124 181//142 156//124
f 140//125 182//142 139//124
f 141//126 183//142 140//125
f 176//38 134//38 156//38
f 141//126 157//141 183//142
f 184//11 147//132 142//11
f 160//11 158//11 117//104
f 116//38 158//38 159//38
f 159//142 164//142 123//108
f 161//11 160//11 118//105
f 162//11 161//11 119//106
f 163//11 162//11 120//107
f 185//11 163//11 143//127
f 186//152 143//127 144//128
f 187//153 144//128 146//130
f 165//142 121//108 164//142
f 165//142 166//142 122//109
f 188//142 145//129 166//142
f 174//150 167//11 132//118
f 132//118 168//143 174//150
f 126//111 169//144 168//143
f 127//112 170//145 169//144
f 170//145 128//113 171//146
f 189//154 171//146 145//129
f 174//150 172//147 132//118
f 172//147 173//148 130//115
f 190//155 146//130 173//148
f 147//131 174//149 191//156
f 191//157 174//150 147//132
f 192//158 148//133 147//132
f 149//134 193//159 147//132
f 194//160 150//135 148//133
f 151//136 195//161 149//134
f 196//162 152//137 150//135
f 153//138 152//137 197//163
f 151//136 175//151 195//161
f 153//138 197//163 157//141
f 177//11 135//120 176//11
f 178//11 136//121 177//11
f 179//11 137//122 178//11
f 180//11 138//123 179//11
f 198//164 175//151 154//139
f 199//165 154//139 155//140
f 200//11 155//140 180//11
f 201//142 156//124 181//142
f 182//142 181//142 139//124
f 182//142 140//125 183//142
f 201//38 176//38 156//38
f 202//142 183//142 157//141
f 191//157 147//132 184//11
f 160//11 203//120 158//11
f 158//38 204//38 159//38
f 159//142 205//124 164//142
f 161//11 206//166 160//11
f 162//11 207//167 161//11
f 162//11 163//11 207//167
f 163//11 185//11 208//168
f 143//127 186//152 185//11
f 144//128 187//153 186//152
f 146//130 190//155 187//153
f 165//142 164//142 209//124
f 165//142 210//169 166//142
f 145//129 188//142 189//154
f 166//142 211//170 188//142
f 212//11 167//11 174//150
f 213//171 174//150 168//143
f 214//172 168//143 169//144
f 215//173 169//144 170//145
f 171//146 216//174 170//145
f 171//146 189//154 216//174
f 172//147 174//150 217//175
f 172//147 217//175 173//148
f 173//148 218//176 190//155
f 191//156 174//149 219//177
f 219//178 174//150 191//157
f 147//132 191//157 192//158
f 191//157 147//132 193//159
f 148//133 192//158 194//160
f 193//159 149//134 195//161
f 150//135 194//160 196//162
f 196//162 197//163 152//137
f 220//179 195//161 175//151
f 221//180 157//141 197//163
f 177//11 176//11 222//104
f 178//11 177//11 223//181
f 179//11 178//11 224//182
f 179//11 224//182 180//11
f 175//151 198//164 220//179
f 154//139 199//165 198//164
f 155//140 200//11 199//165
f 180//11 225//183 200//11
f 201//142 181//142 226//108
f 182//142 227//108 181//142
f 182//142 183//142 228//184
f 229//38 176//38 201//38
f 183//142 202//142 230//185
f 157//141 221//180 202//142
f 231//11 191//157 184//11
f 204//120 158//11 203//120
f 206//166 203//120 160//11
f 159//38 204//38 205//38
f 209//124 164//142 205//124
f 206//166 161//11 207//167
f 208//168 207//167 163//11
f 232//186 208//168 185//11
f 233//11 185//11 186//152
f 234//187 186//152 187//153
f 235//188 187//153 190//155
f 210//169 165//142 209//124
f 211//170 166//142 210//169
f 236//142 189//154 188//142
f 237//189 188//142 211//170
f 238//190 212//11 174//150
f 213//171 239//191 174//150
f 213//171 168//143 240//192
f 214//172 240//192 168//143
f 214//172 169//144 241//193
f 215//173 241//193 169//144
f 215//173 170//145 216//174
f 242//194 216//174 189//154
f 238//190 217//175 174//150
f 218//176 173//148 217//175
f 243//195 190//155 218//176
f 219//177 174//149 238//196
f 238//190 174//150 219//178
f 219//178 244//197 191//157
f 219//178 191//157 245//198
f 219//178 191//157 231//11
f 246//199 192//158 191//157
f 193//159 245//198 191//157
f 247//200 194//160 192//158
f 193//159 195//161 245//198
f 248//201 196//162 194//160
f 197//163 196//162 249//202
f 195//161 220//179 250//203
f 197//163 249//202 221//180
f 229//104 222//104 176//11
f 223//181 177//11 222//104
f 223//181 224//182 178//11
f 225//183 180//11 224//182
f 251//204 220//179 198//164
f 252//205 198//164 199//165
f 253//11 199//165 200//11
f 254//206 200//11 225//183
f 227//108 226//108 181//142
f 226//38 229//38 201//38
f 228//184 227//108 182//142
f 230//185 228//184 183//142
f 255//207 230//185 202//142
f 256//142 202//142 221//180
f 203//120 257//86 204//120
f 206//166 258//208 203//120
f 205//38 204//38 259//38
f 205//124 259//90 209//124
f 207//167 260//209 206//166
f 208//168 261//210 207//167
f 208//168 232//186 261//210
f 185//11 233//11 232//186
f 186//152 234//187 233//11
f 187//153 235//188 234//187
f 190//155 243//195 235//188
f 210//169 209//124 262//90
f 210//169 263//211 211//170
f 189//154 236//142 242//194
f 188//142 237//189 236//142
f 211//170 264//212 237//189
f 265//11 212//11 238//190
f 238//190 174//150 239//191
f 239//191 213//171 266//213
f 240//192 266//213 213//171
f 240//192 214//172 267//214
f 241//193 267//214 214//172
f 241//193 215//173 268//215
f 216//174 268//215 215//173
f 216//174 242//194 268//215
f 217//175 238//190 269//216
f 217//175 269//216 218//176
f 218//176 270//217 243//195
f 219//177 238//196 271//218
f 271//219 238//190 219//178
f 246//199 191//157 244//197
f 244//197 219//178 272//220
f 245//198 273//221 219//178
f 274//11 219//178 231//11
f 246//199 275//222 192//158
f 247//200 276//223 194//160
f 247//200 192//158 275//222
f 250//203 245//198 195//161
f 248//201 249//202 196//162
f 248//201 194//160 276//223
f 277//224 250//203 220//179
f 278//225 221//180 249//202
f 222//104 229//104 279//73
f 223//181 222//104 280//226
f 224//182 223//181 281//227
f 225//183 224//182 282//228
f 220//179 251//204 277//224
f 198//164 252//205 251//204
f 199//165 253//11 252//205
f 200//11 254//206 253//11
f 225//183 282//228 254//206
f 226//108 227//108 283//77
f 284//38 229//38 226//38
f 228//184 285//77 227//108
f 228//184 230//185 286//229
f 230//185 255//207 287//230
f 202//142 256//142 255//207
f 221//180 278//225 256//142
f 288//86 204//120 257//86
f 258//208 257//86 203//120
f 258//208 206//166 260//209
f 204//38 288//38 259//38
f 262//90 209//124 259//90
f 260//209 207//167 261//210
f 289//231 261//210 232//186
f 290//232 232//186 233//11
f 291//11 233//11 234//187
f 292//233 234//187 235//188
f 293//234 235//188 243//195
f 263//211 210//169 262//90
f 264//212 211//170 263//211
f 294//142 242//194 236//142
f 295//235 236//142 237//189
f 296//236 237//189 264//212
f 271//219 265//11 238//190
f 239//191 297//237 238//190
f 266//213 298//238 239//191
f 266//213 240//192 299//239
f 267//214 299//239 240//192
f 267//214 241//193 300//240
f 268//215 300//240 241//193
f 301//241 268//215 242//194
f 271//219 269//216 238//190
f 270//217 218//176 269//216
f 302//242 243//195 270//217
f 271//219 238//190 297//237
f 219//177 271//218 303//243
f 303//244 271//219 219//178
f 244//197 304//245 246//199
f 303//244 272//220 219//178
f 272//220 305//246 244//197
f 303//244 219//178 273//221
f 245//198 250//203 273//221
f 303//244 219//178 274//11
f 275//222 246//199 304//245
f 276//223 247//200 306//247
f 275//222 306//247 247//200
f 249//202 248//201 307//248
f 276//223 307//248 248//201
f 250//203 277//224 308//249
f 249//202 307//248 278//225
f 284//73 279//73 229//104
f 280//226 222//104 279//73
f 280//226 281//227 223//181
f 281//227 282//228 224//182
f 309//250 277//224 251//204
f 310//251 251//204 252//205
f 311//11 252//205 253//11
f 312//252 253//11 254//206
f 313//253 254//206 282//228
f 285//77 283//77 227//108
f 283//38 284//38 226//38
f 286//229 285//77 228//184
f 287//230 286//229 230//185
f 314//254 287//230 255//207
f 315//255 255//207 256//142
f 316//142 256//142 278//225
f 257//86 317//70 288//86
f 258//208 318//256 257//86
f 260//209 319//257 258//208
f 288//38 320//38 259//38
f 259//90 321//60 262//90
f 261//210 322//258 260//209
f 289//231 323//259 261//210
f 232//186 290//232 289//231
f 233//11 291//11 290//232
f 234//187 292//233 291//11
f 235//188 293//234 292//233
f 243//195 302//242 293//234
f 263//211 262//90 324//60
f 263//211 325//260 264//212
f 242//194 294//142 301//241
f 236//142 295//235 294//142
f 237//189 296//236 295//235
f 264//212 326//261 296//236
f 327//262 265//11 271//219
f 297//237 239//191 298//238
f 298//238 266//213 328//263
f 299//239 328//263 266//213
f 299//239 267//214 329//264
f 300//240 329//264 267//214
f 268//215 301//241 300//240
f 269//216 271//219 330//265
f 269//216 330//265 270//217
f 270//217 331//266 302//242
f 297//237 332//267 271//219
f 303//243 271//218 327//268
f 327//262 271//219 303//244
f 304//245 244//197 305//246
f 272//220 303//244 333//269
f 305//246 272//220 334//270
f 273//221 335//271 303//244
f 308//249 273//221 250//203
f 336//272 303//244 274//11
f 304//245 337//273 275//222
f 306//247 338//274 276//223
f 306//247 275//222 337//273
f 307//248 276//223 338//274
f 339//275 308//249 277//224
f 340//276 278//225 307//248
f 279//73 284//73 341//61
f 280//226 279//73 342//277
f 281//227 280//226 343//278
f 282//228 281//227 344//279
f 277//224 309//250 339//275
f 251//204 310//251 309//250
f 252//205 311//11 310//251
f 253//11 312//252 311//11
f 254//206 313//253 312//252
f 313//253 282//228 345//280
f 283//77 285//77 346//50
f 347//38 284//38 283//38
f 286//229 348//50 285//77
f 286//229 287//230 349//281
f 287//230 314//254 350//282
f 255//207 315//255 314//254
f 256//142 316//142 315//255
f 278//225 340//276 316//142
f 320//70 288//86 317//70
f 318//256 317//70 257//86
f 318//256 258//208 319//257
f 319//257 260//209 322//258
f 259//38 320//38 321//38
f 324//60 262//90 321//60
f 322//258 261//210 323//259
f 323//259 289//231 351//283
f 352//284 289//231 290//232
f 353//285 290//232 291//11
f 354//11 291//11 292//233
f 355//286 292//233 293//234
f 356//287 293//234 302//242
f 325//260 263//211 324//60
f 326//261 264//212 325//260
f 357//142 301//241 294//142
f 358//288 294//142 295//235
f 359//289 295//235 296//236
f 360//290 296//236 326//261
f 361//11 265//11 327//262
f 327//262 271//219 332//267
f 327//262 330//265 271//219
f 298//238 362//291 297//237
f 328//263 363//292 298//238
f 328//263 299//239 364//293
f 329//264 364//293 299//239
f 300//240 365//294 329//264
f 365//294 300//240 301//241
f 331//266 270//217 330//265
f 366//295 302//242 331//266
f 332//267 297//237 362//291
f 303//243 327//268 336//296
f 336//272 327//262 303//244
f 305//246 367//297 304//245
f 336//272 333//269 303//244
f 333//269 334//270 272//220
f 334//270 368//298 305//246
f 336//272 303//244 335//271
f 273//221 308//249 335//271
f 369//11 336//272 274//11
f 337//273 304//245 367//297
f 338//274 306//247 370//299
f 337//273 370//299 306//247
f 307//248 338//274 340//276
f 308//249 339//275 371//300
f 347//61 341//61 284//73
f 342//277 279//73 341//61
f 342//277 343//278 280//226
f 343//278 344//279 281//227
f 344//279 345//280 282//228
f 372//301 339//275 309//250
f 373//302 309//250 310//251
f 374//11 310//251 311//11
f 375//303 311//11 312//252
f 376//304 312//252 313//253
f 345//280 377//305 313//253
f 348//50 346//50 285//77
f 346//38 347//38 283//38
f 349//281 348//50 286//229
f 350//282 349//281 287//230
f 378//306 350//282 314//254
f 379//307 314//254 315//255
f 380//308 315//255 316//142
f 381//142 316//142 340//276
f 320//70 317//70 382//44
f 318//256 383//44 317//70
f 318//256 319//257 384//309
f 319//257 322//258 385//310
f 321//38 320//38 386//38
f 324//60 321//60 387//35
f 322//258 323//259 388//311
f 352//284 351//283 289//231
f 323//259 351//283 389//312
f 290//232 353//285 352//284
f 291//11 354//11 353//285
f 292//233 355//286 354//11
f 293//234 356//287 355//286
f 302//242 366//295 356//287
f 325//260 324//60 390//313
f 326//261 325//260 391//314
f 301//241 357//142 365//294
f 294//142 358//288 357//142
f 295//235 359//289 358//288
f 296//236 360//290 359//289
f 360//290 326//261 392//315
f 393//316 361//11 327//262
f 332//267 394//317 327//262
f 330//265 327//262 395//318
f 362//291 298//238 363//292
f 363//292 328//263 396//319
f 364//293 396//319 328//263
f 364//293 329//264 397//320
f 398//321 329//264 365//294
f 330//265 395//318 331//266
f 331//266 399//322 366//295
f 362//291 400//323 332//267
f 336//296 327//268 393//324
f 393//316 327//262 336//272
f 367//297 305//246 368//298
f 333//269 336//272 401//325
f 334//270 333//269 402//326
f 368//298 334//270 403//327
f 335//271 404//328 336//272
f 371//300 335//271 308//249
f 405//329 336//272 369//11
f 367//297 406//330 337//273
f 338//274 370//299 407//331
f 370//299 337//273 406//330
f 407//331 340//276 338//274
f 408//332 371//300 339//275
f 347//61 409//36 341//61
f 342//277 341//61 410//36
f 342//277 411//333 343//278
f 343//278 412//334 344//279
f 344//279 413//335 345//280
f 339//275 372//301 408//332
f 309//250 373//302 372//301
f 310//251 374//11 373//302
f 311//11 375//303 374//11
f 312//252 376//304 375//303
f 376//304 313//253 377//305
f 345//280 414//336 377//305
f 348//50 415//27 346//50
f 409//38 347//38 346//38
f 349//281 416//337 348//50
f 350//282 417//338 349//281
f 378//306 418//339 350//282
f 314//254 379//307 378//306
f 315//255 380//308 379//307
f 316//142 381//142 380//308
f 340//276 407//331 381//142
f 383//44 382//44 317//70
f 320//38 382//38 386//38
f 384//309 383//44 318//256
f 385//310 384//309 319//257
f 388//311 385//310 322//258
f 386//35 387//35 321//60
f 390//313 324//60 387//35
f 389//312 388//311 323//259
f 351//283 352//284 419//340
f 420//341 389//312 351//283
f 421//342 352//284 353//285
f 422//343 353//285 354//11
f 423//11 354//11 355//286
f 424//344 355//286 356//287
f 425//345 356//287 366//295
f 390//313 391//314 325//260
f 391//314 392//315 326//261
f 426//142 365//294 357//142
f 427//346 357//142 358//288
f 428//347 358//288 359//289
f 429//348 359//289 360//290
f 392//315 430//349 360//290
f 431//11 361//11 393//316
f 393//316 327//262 394//317
f 393//316 395//318 327//262
f 394//317 332//267 400//323
f 363//292 432//350 362//291
f 396//319 433//351 363//292
f 396//319 364//293 434//352
f 398//321 397//320 329//264
f 397//320 434//352 364//293
f 365//294 426//142 398//321
f 399//322 331//266 395//318
f 435//353 366//295 399//322
f 400//323 362//291 432//350
f 336//296 393//324 405//354
f 405//329 393//316 336//272
f 368//298 436//355 367//297
f 405//329 401//325 336//272
f 401//325 402//326 333//269
f 402//326 403//327 334//270
f 403//327 437//356 368//298
f 405//329 336//272 404//328
f 335//271 371//300 404//328
f 438//11 405//329 369//11
f 406//330 367//297 436//355
f 439//357 407//331 370//299
f 406//330 440//358 370//299
f 371//300 408//332 441//359
f 410//36 341//61 409//36
f 411//333 342//277 410//36
f 412//334 343//278 411//333
f 413//335 344//279 412//334
f 414//336 345//280 413//335
f 442//360 408//332 372//301
f 443//361 372//301 373//302
f 444//11 373//302 374//11
f 445//362 374//11 375//303
f 446//363 375//303 376//304
f 377//305 447//364 376//304
f 448//365 377//305 414//336
f 449//27 346//50 415//27
f 416//337 415//27 348//50
f 449//38 409//38 346//38
f 416//337 349//281 417//338
f 417//338 350//282 418//339
f 418//339 378//306 450//366
f 451//367 378//306 379//307
f 452//368 379//307 380//308
f 453//369 380//308 381//142
f 454//142 381//142 407//331
f 382//44 383//44 455//21
f 382//38 455//38 386//38
f 384//309 456//21 383//44
f 384//309 385//310 457//370
f 385//310 388//311 458//371
f 387//35 386//35 459//15
f 390//313 387//35 460//372
f 388//311 389//312 461//373
f 421//342 419//340 352//284
f 419//340 462//374 351//283
f 389//312 420//341 463//375
f 420//341 351//283 462//374
f 353//285 422//343 421//342
f 354//11 423//11 422//343
f 355//286 424//344 423//11
f 356//287 425//345 424//344
f 366//295 435//353 425//345
f 391//314 390//313 464//376
f 392//315 391//314 465//377
f 357//142 427//346 426//142
f 358//288 428//347 427//346
f 359//289 429//348 428//347
f 429//348 360//290 430//349
f 430//349 392//315 466//378
f 467//379 431//11 393//316
f 394//317 468//380 393//316
f 395//318 393//316 469//381
f 400//323 470//382 394//317
f 432//350 363//292 433//351
f 433//351 396//319 471//383
f 434//352 471//383 396//319
f 398//321 472//142 397//320
f 397//320 473//142 434//352
f 472//142 398//321 426//142
f 395//318 469//381 399//322
f 399//322 474//384 435//353
f 432//350 475//385 400//323
f 405//354 393//324 467//386
f 467//379 393//316 405//329
f 436//355 368//298 437//356
f 401//325 405//329 476//387
f 402//326 401//325 477//388
f 403//327 402//326 478//389
f 437//356 403//327 479//390
f 404//328 480//391 405//329
f 441//359 404//328 371//300
f 481//392 405//329 438//11
f 436//355 482//393 406//330
f 407//331 439//357 454//142
f 439//357 370//299 440//358
f 440//358 406//330 482//393
f 483//394 441//359 408//332
f 409//36 484//16 410//36
f 411//333 410//36 485//16
f 411//333 486//395 412//334
f 412//334 487//396 413//335
f 413//335 488//397 414//336
f 408//332 442//360 483//394
f 372//301 443//361 442//360
f 373//302 444//11 443//361
f 374//11 445//362 444//11
f 375//303 446//363 445//362
f 446//363 376//304 447//364
f 447//364 377//305 489//398
f 448//365 489//398 377//305
f 414//336 490//399 448//365
f 415//27 491//10 449//27
f 416//337 492//400 415//27
f 484//38 409//38 449//38
f 417//338 493//401 416//337
f 418//339 494//402 417//338
f 451//367 450//366 378//306
f 450//366 495//403 418//339
f 379//307 452//368 451//367
f 380//308 453//369 452//368
f 381//142 454//142 453//369
f 456//21 455//21 383//44
f 386//38 455//38 496//38
f 457//370 456//21 384//309
f 458//371 457//370 385//310
f 461//373 458//371 388//311
f 496//15 459//15 386//35
f 460//372 387//35 459//15
f 460//372 464//376 390//313
f 463//375 461//373 389//312
f 419//340 421//342 497//404
f 462//374 419//340 498//405
f 499//406 463//375 420//341
f 420//341 462//374 499//406
f 500//407 421//342 422//343
f 501//408 422//343 423//11
f 502//11 423//11 424//344
f 503//409 424//344 425//345
f 504//410 425//345 435//353
f 464//376 465//377 391//314
f 465//377 466//378 392//315
f 505//411 426//142 427//346
f 506//412 427//346 428//347
f 507//413 428//347 429//348
f 429//348 430//349 507//413
f 466//378 508//414 430//349
f 509//415 431//11 467//379
f 467//379 393//316 468//380
f 467//379 469//381 393//316
f 468//380 394//317 470//382
f 470//382 400//323 475//385
f 433//351 510//416 432//350
f 471//383 511//417 433//351
f 434//352 512//142 471//383
f 473//142 397//320 472//142
f 512//142 434//352 473//142
f 426//142 505//411 472//142
f 474//384 399//322 469//381
f 513//418 435//353 474//384
f 475//385 432//350 510//416
f 405//354 467//386 481//419
f 481//392 467//379 405//329
f 437//356 514//420 436//355
f 481//392 476//387 405//329
f 476//387 477//388 401//325
f 477//388 478//389 402//326
f 478//389 479//390 403//327
f 479//390 515//421 437//356
f 481//392 405//329 480//391
f 404//328 441//359 480//391
f 516//422 481//392 438//11
f 482//393 436//355 514//420
f 517//142 454//142 439//357
f 439//357 440//358 517//142
f 440//358 482//393 518//142
f 441//359 483//394 519//423
f 485//16 410//36 484//16
f 486//395 411//333 485//16
f 487//396 412//334 486//395
f 488//397 413//335 487//396
f 490//399 414//336 488//397
f 520//424 483//394 442//360
f 521//425 442//360 443//361
f 522//11 443//361 444//11
f 523//426 444//11 445//362
f 524//427 445//362 446//363
f 447//364 525//428 446//363
f 489//398 526//429 447//364
f 448//365 527//430 489//398
f 527//430 448//365 490//399
f 528//10 449//27 491//10
f 492//400 491//10 415//27
f 492//400 416//337 493//401
f 528//38 484//38 449//38
f 493//401 417//338 494//402
f 494//402 418//339 495//403
f 451//367 529//431 450//366
f 495//403 450//366 530//432
f 529//431 451//367 452//368
f 531//433 452//368 453//369
f 532//434 453//369 454//142
f 455//21 456//21 533//32
f 533//38 496//38 455//38
f 457//370 534//32 456//21
f 457//370 458//371 535//435
f 458//371 461//373 536//436
f 459//15 496//15 534//32
f 460//372 459//15 535//435
f 464//376 460//372 536//436
f 461//373 463//375 537//437
f 500//407 497//404 421//342
f 497//404 498//405 419//340
f 498//405 538//438 462//374
f 463//375 499//406 539//439
f 540//440 499//406 462//374
f 422//343 501//408 500//407
f 423//11 502//11 501//408
f 424//344 503//409 502//11
f 425//345 504//410 503//409
f 435//353 513//418 504//410
f 465//377 464//376 537//437
f 466//378 465//377 539//439
f 427//346 506//412 505//411
f 428//347 507//413 506//412
f 541//441 507//413 430//349
f 541//441 430//349 508//414
f 508//414 466//378 542//442
f 516//422 431//11 509//415
f 481//419 467//386 509//443
f 509//415 467//379 481//392
f 509//415 467//379 543//444
f 509//415 544//445 467//379
f 468//380 543//444 467//379
f 469//381 467//379 544//445
f 470//382 545//446 468//380
f 475//385 546//447 470//382
f 510//416 433//351 511//417
f 471//383 547//142 511//417
f 547//142 471//383 512//142
f 472//142 548//448 473//142
f 473//142 549//449 512//142
f 548//448 472//142 505//411
f 469//381 544//445 474//384
f 474//384 550//450 513//418
f 510//416 551//451 475//385
f 514//420 437//356 515//421
f 476//387 481//392 552//452
f 477//388 476//387 553//453
f 478//389 477//388 554//454
f 479//390 478//389 555//455
f 515//421 479//390 556//456
f 480//391 557//457 481//392
f 519//423 480//391 441//359
f 481//419 509//443 516//458
f 516//422 509//415 481//392
f 516//422 552//452 481//392
f 516//422 481//392 557//457
f 431//11 516//422 438//11
f 482//393 514//420 558//142
f 454//142 517//142 532//434
f 518//142 517//142 440//358
f 558//142 518//142 482//393
f 559//459 519//423 483//394
f 484//16 560//24 485//16
f 486//395 485//16 561//24
f 486//395 562//460 487//396
f 487//396 563//461 488//397
f 488//397 564//462 490//399
f 483//394 520//424 559//459
f 442//360 521//425 520//424
f 443//361 522//11 521//425
f 444//11 523//426 522//11
f 445//362 524//427 523//426
f 524//427 446//363 525//428
f 525//428 447//364 526//429
f 526//429 489//398 565//463
f 566//464 489//398 527//430
f 490//399 567//465 527//430
f 491//10 561//24 528//10
f 492//400 562//460 491//10
f 493//401 563//461 492//400
f 560//38 484//38 528//38
f 494//402 564//462 493//401
f 495//403 567//465 494//402
f 568//466 450//366 529//431
f 568//466 530//432 450//366
f 530//432 569//467 495//403
f 452//368 531//433 529//431
f 453//369 532//434 531//433
f 534//32 533//32 456//21
f 533//32 534//32 496//15
f 535//435 534//32 457//370
f 536//436 535//435 458//371
f 537//437 536//436 461//373
f 535//435 459//15 534//32
f 535//435 536//436 460//372
f 536//436 537//437 464//376
f 539//439 537//437 463//375
f 497//404 500//407 570//468
f 498//405 497//404 571//469
f 540//440 462//374 538//438
f 538//438 498//405 572//470
f 542//442 539//439 499//406
f 499//406 540//440 542//442
f 573//471 500//407 501//408
f 574//472 501//408 502//11
f 575//11 502//11 503//409
f 576//473 503//409 504//410
f 577//474 504//410 513//418
f 537//437 539//439 465//377
f 539//439 542//442 466//378
f 578//475 505//411 506//412
f 579//476 506//412 507//413
f 507//413 541//441 579//476
f 508//414 580//477 541//441
f 542//442 581//478 508//414
f 516//422 509//415 552//452
f 516//422 557//457 509//415
f 543//444 552//452 509//415
f 544//445 509//415 557//457
f 543//444 468//380 545//446
f 545//446 470//382 546//447
f 546//447 475//385 551//451
f 511//417 582//479 510//416
f 583//142 511//417 547//142
f 512//142 584//480 547//142
f 549//449 473//142 548//448
f 584//480 512//142 549//449
f 505//411 578//475 548//448
f 550//450 474//384 544//445
f 585//481 513//418 550//450
f 551//451 510//416 582//479
f 514//420 515//421 586//142
f 552//452 553//453 476//387
f 553//453 554//454 477//388
f 554//454 555//455 478//389
f 555//455 556//456 479//390
f 515//421 556//456 587//142
f 480//391 519//423 557//457
f 588//11 431//11 438//11
f 586//142 558//142 514//420
f 589//482 532//434 517//142
f 517//142 518//142 589//482
f 518//142 558//142 590//483
f 519//423 559//459 591//484
f 561//24 485//16 560//24
f 562//460 486//395 561//24
f 563//461 487//396 562//460
f 564//462 488//397 563//461
f 567//465 490//399 564//462
f 592//485 559//459 520//424
f 593//486 520//424 521//425
f 594//11 521//425 522//11
f 595//487 522//11 523//426
f 596//488 523//426 524//427
f 525//428 597//489 524//427
f 526//429 598//490 525//428
f 566//464 565//463 489//398
f 565//463 599//491 526//429
f 527//430 569//467 566//464
f 569//467 527//430 567//465
f 560//24 528//10 561//24
f 562//460 561//24 491//10
f 562//460 492//400 563//461
f 563//461 493//401 564//462
f 564//462 494//402 567//465
f 567//465 495//403 569//467
f 529//431 600//492 568//466
f 530//432 568//466 601//493
f 569//467 530//432 602//494
f 600//492 529//431 531//433
f 603//495 531//433 532//434
f 573//471 570//468 500//407
f 570//468 571//469 497//404
f 571//469 572//470 498//405
f 540//440 538//438 581//478
f 572//470 604//496 538//438
f 581//478 542//442 540//440
f 573//471 501//408 605//497
f 574//472 605//497 501//408
f 502//11 575//11 574//472
f 503//409 576//473 575//11
f 504//410 577//474 576//473
f 513//418 585//481 577//474
f 506//412 579//476 578//475
f 606//498 579//476 541//441
f 606//498 541//441 580//477
f 580//477 508//414 581//478
f 552//452 543//444 553//453
f 544//445 557//457 550//450
f 545//446 553//453 543//444
f 546//447 554//454 545//446
f 551//451 555//455 546//447
f 511//417 583//142 582//479
f 547//142 607//499 583//142
f 607//499 547//142 584//480
f 548//448 608//500 549//449
f 549//449 609//501 584//480
f 608//500 548//448 578//475
f 550//450 591//484 585//481
f 582//479 556//456 551//451
f 587//142 586//142 515//421
f 553//453 545//446 554//454
f 554//454 546//447 555//455
f 555//455 551//451 556//456
f 610//142 587//142 556//456
f 591//484 557//457 519//423
f 611//11 588//11 438//11
f 558//142 586//142 612//502
f 532//434 589//482 603//495
f 590//483 589//482 518//142
f 612//502 590//483 558//142
f 613//503 591//484 559//459
f 559//459 592//485 613//503
f 520//424 593//486 592//485
f 521//425 594//11 593//486
f 522//11 595//487 594//11
f 595//487 523//426 614//504
f 596//488 614//504 523//426
f 596//488 524//427 597//489
f 597//489 525//428 598//490
f 598//490 526//429 599//491
f 566//464 602//494 565//463
f 599//491 565//463 615//505
f 602//494 566//464 569//467
f 616//506 568//466 600//492
f 616//506 601//493 568//466
f 601//493 602//494 530//432
f 531//433 603//495 600//492
f 570//468 573//471 617//507
f 571//469 570//468 618//508
f 572//470 571//469 619//509
f 620//510 581//478 538//438
f 620//510 538//438 604//496
f 604//496 572//470 621//511
f 605//497 617//507 573//471
f 605//497 574//472 622//512
f 623//513 574//472 575//11
f 624//11 575//11 576//473
f 625//514 576//473 577//474
f 626//515 577//474 585//481
f 627//516 578//475 579//476
f 579//476 606//498 627//516
f 580//477 628//517 606//498
f 581//478 620//510 580//477
f 591//484 550//450 557//457
f 629//142 582//479 583//142
f 630//518 583//142 607//499
f 584//480 631//519 607//499
f 609//501 549//449 608//500
f 631//519 584//480 609//501
f 578//475 627//516 608//500
f 613//503 585//481 591//484
f 582//479 629//142 556//456
f 586//142 587//142 632//520
f 587//142 610//142 633//521
f 610//142 556//456 629//142
f 634//11 588//11 611//11
f 632//520 612//502 586//142
f 635//522 603//495 589//482
f 589//482 590//483 635//522
f 590//483 612//502 636//523
f 637//524 613//503 592//485
f 638//525 592//485 593//486
f 639//11 593//486 594//11
f 640//526 594//11 595//487
f 614//504 641//527 595//487
f 614//504 596//488 642//528
f 597//489 642//528 596//488
f 598//490 643//529 597//489
f 599//491 644//530 598//490
f 645//531 565//463 602//494
f 645//531 615//505 565//463
f 615//505 646//532 599//491
f 600//492 647//533 616//506
f 601//493 616//506 648//534
f 602//494 601//493 645//531
f 647//533 600//492 603//495
f 617//507 618//508 570//468
f 618//508 619//509 571//469
f 619//509 621//511 572//470
f 620//510 604//496 628//517
f 604//496 621//511 649//535
f 617//507 605//497 650//536
f 623//513 622//512 574//472
f 622//512 650//536 605//497
f 575//11 624//11 623//513
f 576//473 625//514 624//11
f 577//474 626//515 625//514
f 585//481 613//503 626//515
f 651//537 627//516 606//498
f 651//537 606//498 628//517
f 628//517 580//477 620//510
f 583//142 630//518 629//142
f 607//499 652//538 630//518
f 652//538 607//499 631//519
f 608//500 653//539 609//501
f 609//501 654//540 631//519
f 653//539 608//500 627//516
f 633//521 632//520 587//142
f 655//541 633//521 610//142
f 629//142 656//542 610//142
f 657//11 634//11 611//11
f 612//502 632//520 658//543
f 603//495 635//522 647//533
f 636//523 635//522 590//483
f 658//543 636//523 612//502
f 637//524 626//515 613//503
f 592//485 638//525 637//524
f 593//486 639//11 638//525
f 594//11 640//526 639//11
f 640//526 595//487 641//527
f 641//527 614//504 659//544
f 642//528 659//544 614//504
f 642//528 597//489 643//529
f 643//529 598//490 644//530
f 644//530 599//491 646//532
f 645//531 648//534 615//505
f 615//505 660//545 646//532
f 661//546 616//506 647//533
f 661//546 648//534 616//506
f 648//534 645//531 601//493
f 618//508 617//507 662//547
f 619//509 618//508 663//548
f 621//511 619//509 664//549
f 649//535 628//517 604//496
f 665//550 649//535 621//511
f 650//536 662//547 617//507
f 622//512 623//513 666//551
f 650//536 622//512 667//552
f 668//553 623//513 624//11
f 669//11 624//11 625//514
f 670//554 625//514 626//515
f 627//516 651//537 653//539
f 651//537 628//517 671//555
f 656//542 629//142 630//518
f 672//556 630//518 652//538
f 631//519 673//557 652//538
f 654//540 609//501 653//539
f 673//557 631//519 654//540
f 632//520 633//521 674//558
f 633//521 655//541 675//559
f 655//541 610//142 656//542
f 676//11 634//11 657//11
f 674//558 658//543 632//520
f 677//560 647//533 635//522
f 635//522 636//523 677//560
f 636//523 658//543 678//561
f 626//515 637//524 670//554
f 679//562 637//524 638//525
f 680//11 638//525 639//11
f 681//563 639//11 640//526
f 641//527 682//564 640//526
f 659//544 683//565 641//527
f 659//544 642//528 684//566
f 643//529 684//566 642//528
f 644//530 685//567 643//529
f 646//532 686//568 644//530
f 660//545 615//505 648//534
f 687//569 646//532 660//545
f 647//533 677//560 661//546
f 661//546 688//570 648//534
f 662//547 663//548 618//508
f 663//548 664//549 619//509
f 621//511 664//549 665//550
f 649//535 671//555 628//517
f 665//550 689//571 649//535
f 662//547 650//536 690//572
f 668//553 666//551 623//513
f 666//551 667//552 622//512
f 667//552 690//572 650//536
f 624//11 669//11 668//553
f 625//514 670//554 669//11
f 671//555 653//539 651//537
f 630//518 672//556 656//542
f 652//538 691//573 672//556
f 691//573 652//538 673//557
f 653//539 671//555 654//540
f 654//540 689//571 673//557
f 675//559 674//558 633//521
f 692//574 675//559 655//541
f 656//542 693//575 655//541
f 694//11 676//11 657//11
f 658//543 674//558 695//576
f 678//561 677//560 636//523
f 695//576 678//561 658//543
f 679//562 670//554 637//524
f 638//525 680//11 679//562
f 639//11 681//563 680//11
f 681//563 640//526 682//564
f 682//564 641//527 683//565
f 683//565 659//544 696//577
f 684//566 696//577 659//544
f 684//566 643//529 685//567
f 685//567 644//530 686//568
f 646//532 687//569 686//568
f 660//545 648//534 688//570
f 687//569 660//545 697//578
f 688//570 661//546 677//560
f 663//548 662//547 698//579
f 664//549 663//548 699//580
f 700//581 665//550 664//549
f 671//555 649//535 689//571
f 689//571 665//550 701//582
f 690//572 698//579 662//547
f 666//551 668//553 702//583
f 667//552 666//551 703//584
f 690//572 667//552 704//585
f 705//586 668//553 669//11
f 706//11 669//11 670//554
f 693//575 656//542 672//556
f 707//587 672//556 691//573
f 673//557 701//582 691//573
f 689//571 654//540 671//555
f 701//582 673//557 689//571
f 674//558 675//559 708//588
f 675//559 692//574 709//589
f 692//574 655//541 693//575
f 708//588 695//576 674//558
f 677//560 678//561 688//570
f 678//561 695//576 697//578
f 670//554 679//562 706//11
f 710//11 679//562 680//11
f 711//590 680//11 681//563
f 682//564 712//591 681//563
f 683//565 713//592 682//564
f 696//577 714//593 683//565
f 696//577 684//566 715//594
f 685//567 715//594 684//566
f 686//568 716//595 685//567
f 717//596 686//568 687//569
f 688//570 697//578 660//545
f 697//578 718//597 687//569
f 698//579 699//580 663//548
f 664//549 699//580 700//581
f 700//581 701//582 665//550
f 698//579 690//572 719//598
f 705//586 702//583 668//553
f 702//583 703//584 666//551
f 703//584 704//585 667//552
f 704//585 719//598 690//572
f 669//11 706//11 705//586
f 672//556 707//587 693//575
f 691//573 720//599 707//587
f 720//599 691//573 701//582
f 709//589 708//588 675//559
f 721//600 709//589 692//574
f 693//575 722//601 692//574
f 695//576 708//588 718//597
f 697//578 688//570 678//561
f 718//597 697//578 695//576
f 710//11 706//11 679//562
f 680//11 711//590 710//11
f 711//590 681//563 712//591
f 712//591 682//564 713//592
f 713//592 683//565 714//593
f 714//593 696//577 723//602
f 715//594 723//602 696//577
f 715//594 685//567 716//595
f 686//568 717//596 716//595
f 717//596 687//569 718//597
f 699//580 698//579 724//603
f 725//604 700//581 699//580
f 701//582 700//581 720//599
f 719//598 724//603 698//579
f 702//583 705//586 726//605
f 703//584 702//583 727//606
f 704//585 703//584 728//607
f 719//598 704//585 729//608
f 730//609 705//586 706//11
f 722//601 693//575 707//587
f 731//610 707//587 720//599
f 708//588 709//589 732//611
f 709//589 721//600 733//612
f 721//600 692//574 722//601
f 732//611 718//597 708//588
f 706//11 710//11 730//609
f 734//613 710//11 711//590
f 712//591 735//614 711//590
f 713//592 736//615 712//591
f 714//593 737//616 713//592
f 723//602 738//617 714//593
f 723//602 715//594 739//618
f 716//595 739//618 715//594
f 740//619 716//595 717//596
f 718//597 732//611 717//596
f 699//580 724//603 725//604
f 725//604 720//599 700//581
f 724//603 719//598 741//620
f 730//609 726//605 705//586
f 726//605 727//606 702//583
f 727//606 728//607 703//584
f 728//607 729//608 704//585
f 729//608 741//620 719//598
f 707//587 731//610 722//601
f 720//599 725//604 731//610
f 733//612 732//611 709//589
f 742//621 733//612 721//600
f 722//601 743//622 721//600
f 734//613 730//609 710//11
f 734//613 711//590 735//614
f 735//614 712//591 736//615
f 736//615 713//592 737//616
f 737//616 714//593 738//617
f 738//617 723//602 744//623
f 739//618 744//623 723//602
f 716//595 740//619 739//618
f 740//619 717//596 732//611
f 745//624 725//604 724//603
f 724//603 741//620 745//624
f 726//605 730//609 735//614
f 727//606 726//605 736//615
f 728//607 727//606 737//616
f 729//608 728//607 738//617
f 741//620 729//608 744//623
f 743//622 722//601 731//610
f 745//624 731//610 725//604
f 732//611 733//612 740//619
f 733//612 742//621 746//625
f 742//621 721//600 743//622
f 734//613 735//614 730//609
f 735//614 736//615 726//605
f 736//615 737//616 727//606
f 737//616 738//617 728//607
f 738//617 744//623 729//608
f 739//618 746//625 744//623
f 746//625 739//618 740//619
f 747//626 745//624 741//620
f 741//620 744//623 747//626
f 731//610 745//624 743//622
f 746//625 740//619 733//612
f 748//627 746//625 742//621
f 743//622 747//626 742//621
f 748//627 744//623 746//625
f 747//626 743//622 745//624
f 748//627 747//626 744//623
f 748//627 742//621 747//626
usemtl material_1_0
f 3//3 5//372 1//1
f 6//21 3//3 1//1
f 3//3 7//142 1//1
f 9//400 2//2 4//4
f 2//2 10//16 4//4
f 11//142 2//2 4//4
f 3//3 12//15 5//372
f 13//376 1//1 5//372
f 14//21 3//3 6//21
f 6//21 1//1 15//370
f 7//142 3//3 16//142
f 1//1 7//142 8//12
f 8//12 15//370 1//1
f 1//1 13//376 8//12
f 18//10 2//2 9//400
f 4//4 19//401 9//400
f 2//2 20//16 10//16
f 4//4 10//16 21//395
f 2//2 11//142 22//142
f 11//142 4//4 17//19
f 23//32 12//15 3//3
f 12//15 24//313 5//372
f 5//372 25//314 13//376
f 3//3 14//21 23//32
f 6//21 26//44 14//21
f 27//44 6//21 15//370
f 8//12 7//142 28//142
f 15//370 8//12 29//371
f 30//377 8//12 13//376
f 19//401 4//4 17//19
f 21//395 17//19 4//4
f 18//10 32//24 2//2
f 33//337 18//10 9//400
f 34//338 9//400 19//401
f 20//16 2//2 32//24
f 35//36 10//16 20//16
f 10//16 36//36 21//395
f 11//142 17//19 37//142
f 12//15 23//32 38//15
f 12//15 39//35 24//313
f 25//314 5//372 24//313
f 40//315 13//376 25//314
f 14//628 38//628 23//628
f 26//44 6//21 27//44
f 26//628 38//628 14//628
f 27//44 15//370 41//309
f 8//12 28//142 31//30
f 31//30 29//371 8//12
f 29//371 41//309 15//370
f 8//12 30//377 31//30
f 13//376 40//315 30//377
f 17//19 43//402 19//401
f 17//19 21//395 44//396
f 32//24 18//10 45//10
f 46//27 18//10 33//337
f 9//400 34//338 33//337
f 19//401 47//339 34//338
f 45//628 20//628 32//628
f 10//16 35//36 36//36
f 20//628 48//628 35//628
f 21//395 36//36 49//333
f 37//142 17//19 42//40
f 38//15 39//35 12//15
f 39//35 50//260 24//313
f 24//313 51//261 25//314
f 25//314 52//290 40//315
f 27//44 53//70 26//44
f 26//628 54//628 38//628
f 55//70 27//44 41//309
f 31//30 28//142 56//142
f 29//371 31//30 57//373
f 41//309 29//371 58//310
f 59//378 31//30 30//377
f 60//349 30//377 40//315
f 44//396 42//40 17//19
f 43//402 17//19 42//40
f 47//339 19//401 43//402
f 49//333 44//396 21//395
f 46//27 45//10 18//10
f 62//281 46//27 33//337
f 63//282 33//337 34//338
f 64//306 34//338 47//339
f 20//628 45//628 48//628
f 65//61 36//36 35//36
f 35//628 48//628 66//628
f 36//36 67//61 49//333
f 37//142 42//40 68//142
f 39//35 38//15 54//35
f 39//35 69//60 50//260
f 51//261 24//313 50//260
f 52//290 25//314 51//261
f 70//348 40//315 52//290
f 53//70 27//44 55//70
f 53//628 71//628 26//628
f 26//628 71//628 54//628
f 55//70 41//309 72//256
f 31//30 56//142 61//55
f 61//55 57//373 31//30
f 57//373 58//310 29//371
f 58//310 72//256 41//309
f 31//30 59//378 61//55
f 30//377 60//349 59//378
f 40//315 70//348 60//349
f 42//40 44//396 74//397
f 42//40 75//403 43//402
f 43//402 76//366 47//339
f 44//396 49//333 77//334
f 45//10 46//27 48//27
f 78//50 46//27 62//281
f 33//337 63//282 62//281
f 34//338 64//306 63//282
f 47//339 79//367 64//306
f 36//36 65//61 67//61
f 35//628 66//628 65//628
f 48//27 78//50 66//50
f 49//333 67//61 80//277
f 68//142 42//40 73//64
f 54//35 69//60 39//35
f 69//60 81//90 50//260
f 82//211 51//261 50//260
f 83//212 52//290 51//261
f 84//236 70//348 52//290
f 85//86 53//70 55//70
f 86//628 71//628 53//628
f 69//60 54//35 71//60
f 87//208 55//70 72//256
f 61//55 56//142 88//142
f 57//373 61//55 89//375
f 58//310 57//373 90//311
f 72//256 58//310 91//257
f 92//414 61//55 59//378
f 93//441 59//378 60//349
f 70//348 93//441 60//349
f 74//397 73//64 42//40
f 75//403 42//40 73//64
f 77//334 74//397 44//396
f 76//366 43//402 75//403
f 79//367 47//339 76//366
f 80//277 77//334 49//333
f 78//50 48//27 46//27
f 95//77 78//50 62//281
f 63//282 96//229 62//281
f 64//306 97//230 63//282
f 79//367 98//254 64//306
f 65//61 99//73 67//61
f 65//628 66//628 100//628
f 78//50 100//77 66//50
f 67//61 101//226 80//277
f 68//142 73//64 102//142
f 69//60 103//90 81//90
f 50//260 81//90 82//211
f 51//261 82//211 83//212
f 52//290 83//212 84//236
f 70//348 84//236 104//289
f 53//70 85//86 86//86
f 85//86 55//70 87//208
f 86//628 103//628 71//628
f 103//90 69//60 71//60
f 72//256 105//209 87//208
f 61//55 88//142 94//84
f 94//84 89//375 61//55
f 89//375 90//311 57//373
f 90//311 91//257 58//310
f 105//209 72//256 91//257
f 61//55 92//414 94//84
f 59//378 93//441 92//414
f 93//441 70//348 106//413
f 73//64 74//397 108//399
f 73//64 109//432 75//403
f 74//397 77//334 110//335
f 75//403 111//466 76//366
f 111//466 79//367 76//366
f 77//334 80//277 112//278
f 100//77 78//50 95//77
f 95//77 62//281 96//229
f 96//229 63//282 97//230
f 97//230 64//306 98//254
f 98//254 79//367 113//307
f 99//73 65//61 114//73
f 67//61 99//73 101//226
f 65//628 100//628 114//628
f 115//227 80//277 101//226
f 102//142 73//64 107//95
f 116//124 81//90 103//90
f 81//90 117//124 82//211
f 118//169 83//212 82//211
f 119//170 84//236 83//212
f 120//189 104//289 84//236
f 104//289 106//413 70//348
f 121//120 86//86 85//86
f 122//166 85//86 87//208
f 123//628 103//628 86//628
f 124//167 87//208 105//209
f 94//84 88//142 125//142
f 89//375 94//84 126//406
f 90//311 89//375 127//312
f 91//257 90//311 128//258
f 91//257 129//210 105//209
f 130//477 94//84 92//414
f 131//498 92//414 93//441
f 106//413 131//498 93//441
f 108//399 107//95 73//64
f 109//432 73//64 107//95
f 110//335 108//399 74//397
f 111//466 75//403 109//432
f 112//278 110//335 77//334
f 79//367 111//466 133//431
f 80//277 115//227 112//278
f 95//77 134//108 100//77
f 135//108 95//77 96//229
f 97//230 136//184 96//229
f 98//254 137//185 97//230
f 133//431 113//307 79//367
f 113//307 138//207 98//254
f 114//73 139//104 99//73
f 99//73 140//181 101//226
f 114//628 100//628 134//628
f 101//226 141//182 115//227
f 102//142 107//95 142//142
f 81//90 116//124 117//124
f 123//628 116//628 103//628
f 82//211 117//124 118//169
f 83//212 118//169 119//170
f 84//236 119//170 120//189
f 104//289 120//189 143//235
f 106//413 104//289 144//347
f 86//86 121//120 123//120
f 121//120 85//86 122//166
f 87//208 124//167 122//166
f 105//209 145//168 124//167
f 94//84 125//142 132//117
f 132//117 126//406 94//84
f 126//406 127//312 89//375
f 127//312 128//258 90//311
f 129//210 91//257 128//258
f 145//168 105//209 129//210
f 94//84 130//477 132//117
f 92//414 131//498 130//477
f 131//498 106//413 146//476
f 107//95 108//399 148//430
f 107//95 149//493 109//432
f 108//399 110//335 150//336
f 109//432 151//506 111//466
f 110//335 112//278 152//279
f 151//506 133//431 111//466
f 153//228 112//278 115//227
f 134//108 95//77 135//108
f 135//108 96//229 136//184
f 136//184 97//230 137//185
f 137//185 98//254 138//207
f 113//307 133//431 154//368
f 138//207 113//307 155//255
f 139//104 114//73 156//104
f 99//73 139//104 140//181
f 141//182 101//226 140//181
f 114//628 134//628 156//628
f 157//183 115//227 141//182
f 142//142 107//95 147//131
f 158//142 117//124 116//124
f 159//628 116//628 123//628
f 117//124 160//142 118//169
f 161//142 119//170 118//169
f 162//142 120//189 119//170
f 163//142 143//235 120//189
f 143//235 144//347 104//289
f 144//347 146//476 106//413
f 164//11 123//120 121//120
f 165//11 121//120 122//166
f 166//11 122//166 124//167
f 145//168 166//11 124//167
f 132//117 125//142 167//142
f 126//406 132//117 168//440
f 127//312 126//406 169//341
f 128//258 127//312 170//259
f 128//258 171//231 129//210
f 171//231 145//168 129//210
f 172//517 132//117 130//477
f 173//537 130//477 131//498
f 146//476 173//537 131//498
f 148//430 147//131 107//95
f 149//493 107//95 147//131
f 150//336 148//430 108//399
f 151//506 109//432 149//493
f 152//279 150//336 110//335
f 112//278 153//228 152//279
f 133//431 151//506 175//492
f 115//227 157//183 153//228
f 135//108 176//142 134//108
f 177//142 135//108 136//184
f 137//185 178//142 136//184
f 138//207 179//142 137//185
f 175//492 154//368 133//431
f 154//368 155//255 113//307
f 155//255 180//142 138//207
f 156//104 181//11 139//104
f 139//104 182//11 140//181
f 140//181 183//11 141//182
f 156//628 134//628 176//628
f 183//11 157//183 141//182
f 142//142 147//131 184//142
f 117//124 158//142 160//142
f 159//628 158//628 116//628
f 123//120 164//11 159//11
f 118//169 160//142 161//142
f 119//170 161//142 162//142
f 120//189 162//142 163//142
f 143//235 163//142 185//142
f 144//347 143//235 186//288
f 146//476 144//347 187//412
f 164//11 121//120 165//11
f 122//166 166//11 165//11
f 166//11 145//168 188//11
f 132//117 167//142 174//149
f 174//149 168//440 132//117
f 168//440 169//341 126//406
f 169//341 170//259 127//312
f 171//231 128//258 170//259
f 145//168 171//231 189//186
f 132//117 172//517 174//149
f 130//477 173//537 172//517
f 173//537 146//476 190//516
f 147//131 148//430 192//464
f 147//131 193//534 149//493
f 148//430 150//336 194//365
f 149//493 195//546 151//506
f 150//336 152//279 196//280
f 197//253 152//279 153//228
f 195//546 175//492 151//506
f 157//183 197//253 153//228
f 176//142 135//108 177//142
f 177//142 136//184 178//142
f 178//142 137//185 179//142
f 179//142 138//207 180//142
f 154//368 175//492 198//433
f 155//255 154//368 199//308
f 180//142 155//255 200//142
f 181//11 156//104 201//11
f 139//104 181//11 182//11
f 183//11 140//181 182//11
f 156//628 176//628 201//628
f 157//183 183//11 202//11
f 184//142 147//131 191//156
f 158//142 203//108 160//142
f 159//628 204//628 158//628
f 164//11 205//104 159//11
f 160//142 206//109 161//142
f 161//142 207//110 162//142
f 207//110 163//142 162//142
f 208//129 185//142 163//142
f 185//142 186//288 143//235
f 186//288 187//412 144//347
f 187//412 190//516 146//476
f 209//104 164//11 165//11
f 166//11 210//105 165//11
f 189//186 188//11 145//168
f 188//11 211//106 166//11
f 174//149 167//142 212//142
f 168//440 174//149 213//438
f 169//341 168//440 214//374
f 170//259 169//341 215//283
f 170//259 216//284 171//231
f 216//284 189//186 171//231
f 217//535 174//149 172//517
f 173//537 217//535 172//517
f 190//516 218//555 173//537
f 192//464 191//156 147//131
f 193//534 147//131 191//156
f 194//365 192//464 148//430
f 195//546 149//493 193//534
f 196//280 194//365 150//336
f 152//279 197//253 196//280
f 175//492 195//546 220//533
f 197//253 157//183 221//206
f 222//124 176//142 177//142
f 223//125 177//142 178//142
f 224//126 178//142 179//142
f 180//142 224//126 179//142
f 220//533 198//433 175//492
f 198//433 199//308 154//368
f 199//308 200//142 155//255
f 200//142 225//141 180//142
f 226//120 181//11 201//11
f 181//11 227//120 182//11
f 228//121 183//11 182//11
f 201//628 176//628 229//628
f 230//122 202//11 183//11
f 202//11 221//206 157//183
f 184//142 191//156 231//142
f 203//108 158//142 204//108
f 160//142 203//108 206//109
f 205//628 204//628 159//628
f 205//104 164//11 209//104
f 207//110 161//142 206//109
f 163//142 207//110 208//129
f 185//142 208//129 232//154
f 186//288 185//142 233//142
f 187//412 186//288 234//346
f 190//516 187//412 235//475
f 209//104 165//11 210//105
f 210//105 166//11 211//106
f 188//11 189//186 236//11
f 211//106 188//11 237//107
f 174//149 212//142 238//196
f 174//149 239//470 213//438
f 240//405 168//440 213//438
f 168//440 240//405 214//374
f 241//340 169//341 214//374
f 169//341 241//340 215//283
f 216//284 170//259 215//283
f 189//186 216//284 242//232
f 174//149 217//535 238//196
f 217//535 173//537 218//555
f 218//555 190//516 243//539
f 191//156 244//491 219//177
f 245//545 191//156 219//177
f 231//142 191//156 219//177
f 191//156 192//464 246//463
f 191//156 245//545 193//534
f 192//464 194//365 247//398
f 245//545 195//546 193//534
f 194//365 196//280 248//305
f 249//304 196//280 197//253
f 250//570 220//533 195//546
f 221//206 249//304 197//253
f 176//142 222//124 229//124
f 222//124 177//142 223//125
f 178//142 224//126 223//125
f 224//126 180//142 225//141
f 198//433 220//533 251//495
f 199//308 198//433 252//369
f 200//142 199//308 253//142
f 225//141 200//142 254//180
f 181//11 226//120 227//120
f 201//628 229//628 226//628
f 182//11 227//120 228//121
f 183//11 228//121 230//122
f 202//11 230//122 255//123
f 221//206 202//11 256//11
f 204//108 257//77 203//108
f 203//108 258//78 206//109
f 259//628 204//628 205//628
f 209//104 259//73 205//104
f 206//109 260//93 207//110
f 207//110 261//114 208//129
f 261//114 232//154 208//129
f 232//154 233//142 185//142
f 233//142 234//346 186//288
f 234//346 235//475 187//412
f 235//475 243//539 190//516
f 262//73 209//104 210//105
f 211//106 263//74 210//105
f 242//232 236//11 189//186
f 236//11 237//107 188//11
f 237//107 264//75 211//106
f 238//196 212//142 265//142
f 239//470 174//149 238//196
f 266//469 213//438 239//470
f 213//438 266//469 240//405
f 267//404 214//374 240//405
f 214//374 267//404 241//340
f 268//342 215//283 241//340
f 215//283 268//342 216//284
f 268//342 242//232 216//284
f 269//550 238//196 217//535
f 218//555 269//550 217//535
f 243//539 270//571 218//555
f 244//491 191//156 246//463
f 272//530 219//177 244//491
f 219//177 273//569 245//545
f 231//142 219//177 274//142
f 192//464 275//429 246//463
f 194//365 276//364 247//398
f 275//429 192//464 247//398
f 195//546 245//545 250//570
f 196//280 249//304 248//305
f 276//364 194//365 248//305
f 220//533 250//570 277//560
f 249//304 221//206 278//252
f 279//90 229//124 222//124
f 280//91 222//124 223//125
f 281//103 223//125 224//126
f 282//138 224//126 225//141
f 277//560 251//495 220//533
f 251//495 252//369 198//433
f 252//369 253//142 199//308
f 253//142 254//180 200//142
f 254//180 282//138 225//141
f 283//86 227//120 226//120
f 226//628 229//628 284//628
f 227//120 285//86 228//121
f 286//87 230//122 228//121
f 287//88 255//123 230//122
f 255//123 256//11 202//11
f 256//11 278//252 221//206
f 257//77 204//108 288//77
f 203//108 257//77 258//78
f 260//93 206//109 258//78
f 259//628 288//628 204//628
f 259//73 209//104 262//73
f 261//114 207//110 260//93
f 232//154 261//114 289//146
f 233//142 232//154 290//194
f 234//346 233//142 291//142
f 235//475 234//346 292//411
f 243//539 235//475 293//500
f 262//73 210//105 263//74
f 263//74 211//106 264//75
f 236//11 242//232 294//11
f 237//107 236//11 295//127
f 264//75 237//107 296//76
f 238//196 265//142 271//218
f 238//196 297//509 239//470
f 239//470 298//508 266//469
f 299//468 240//405 266//469
f 240//405 299//468 267//404
f 300//407 241//340 267//404
f 241//340 300//407 268//342
f 242//232 268//342 301//285
f 238//196 269//550 271//218
f 269//550 218//555 270//571
f 270//571 243//539 302//540
f 297//509 238//196 271//218
f 246//463 304//490 244//491
f 219//177 272//530 303//243
f 244//491 305//529 272//530
f 273//569 219//177 303//243
f 273//569 250//570 245//545
f 274//142 219//177 303//243
f 304//490 246//463 275//429
f 306//428 247//398 276//364
f 247//398 306//428 275//429
f 307//363 248//305 249//304
f 248//305 307//363 276//364
f 308//578 277//560 250//570
f 278//252 307//363 249//304
f 229//124 279//90 284//90
f 279//90 222//124 280//91
f 223//125 281//103 280//91
f 224//126 282//138 281//103
f 251//495 277//560 309//522
f 252//369 251//495 310//434
f 253//142 252//369 311//142
f 254//180 253//142 312//225
f 282//138 254//180 313//163
f 227//120 283//86 285//86
f 226//628 284//628 283//628
f 228//121 285//86 286//87
f 230//122 286//87 287//88
f 255//123 287//88 314//89
f 256//11 255//123 315//140
f 278//252 256//11 316//11
f 288//77 317//50 257//77
f 257//77 318//63 258//78
f 258//78 319//81 260//93
f 259//628 320//628 288//628
f 262//73 321//61 259//73
f 260//93 322//113 261//114
f 261//114 323//145 289//146
f 289//146 290//194 232//154
f 290//194 291//142 233//142
f 291//142 292//411 234//346
f 292//411 293//500 235//475
f 293//500 302//540 243//539
f 324//61 262//73 263//74
f 264//75 325//47 263//74
f 301//285 294//11 242//232
f 294//11 295//127 236//11
f 295//127 296//76 237//107
f 296//76 326//48 264//75
f 271//218 265//142 327//268
f 298//508 239//470 297//509
f 328//507 266//469 298//508
f 266//469 328//507 299//468
f 329//471 267//404 299//468
f 267//404 329//471 300//407
f 300//407 301//285 268//342
f 330//581 271//218 269//550
f 270//571 330//581 269//550
f 302//540 331//582 270//571
f 271//218 332//548 297//509
f 305//529 244//491 304//490
f 333//567 303//243 272//530
f 334//566 272//530 305//529
f 303//243 335//596 273//569
f 250//570 273//569 308//578
f 274//142 303//243 336//296
f 275//429 337//489 304//490
f 276//364 338//427 306//428
f 337//489 275//429 306//428
f 338//427 276//364 307//363
f 277//560 308//578 339//561
f 307//363 278//252 340//303
f 341//60 284//90 279//90
f 342//72 279//90 280//91
f 343//101 280//91 281//103
f 344//137 281//103 282//138
f 339//561 309//522 277//560
f 309//522 310//434 251//495
f 310//434 311//142 252//369
f 311//142 312//225 253//142
f 312//225 313//163 254//180
f 345//162 282//138 313//163
f 346//70 285//86 283//86
f 283//628 284//628 347//628
f 285//86 348//70 286//87
f 349//57 287//88 286//87
f 350//58 314//89 287//88
f 314//89 315//140 255//123
f 315//140 316//11 256//11
f 316//11 340//303 278//252
f 317//50 288//77 320//50
f 257//77 317//50 318//63
f 319//81 258//78 318//63
f 322//113 260//93 319//81
f 321//628 320//628 259//628
f 321//61 262//73 324//61
f 323//145 261//114 322//113
f 351//173 289//146 323//145
f 290//194 289//146 352//174
f 291//142 290//194 353//241
f 292//411 291//142 354//142
f 293//500 292//411 355//448
f 302//540 293//500 356//501
f 324//61 263//74 325//47
f 325//47 264//75 326//48
f 294//11 301//285 357//11
f 295//127 294//11 358//152
f 296//76 295//127 359//92
f 326//48 296//76 360//49
f 327//268 265//142 361//142
f 332//548 271//218 327//268
f 271//218 330//581 327//268
f 297//509 362//547 298//508
f 298//508 363//536 328//507
f 364//497 299//468 328//507
f 299//468 364//497 329//471
f 329//471 365//343 300//407
f 301//285 300//407 365//343
f 330//581 270//571 331//582
f 331//582 302//540 366//557
f 362//547 297//509 332//548
f 304//490 367//528 305//529
f 303//243 333//567 336//296
f 272//530 334//566 333//567
f 305//529 368//544 334//566
f 335//596 303//243 336//296
f 335//596 308//578 273//569
f 274//142 336//296 369//142
f 367//528 304//490 337//489
f 370//488 306//428 338//427
f 306//428 370//488 337//489
f 340//303 338//427 307//363
f 371//597 339//561 308//578
f 284//90 341//60 347//60
f 341//60 279//90 342//72
f 280//91 343//101 342//72
f 281//103 344//137 343//101
f 282//138 345//162 344//137
f 309//522 339//561 372//523
f 310//434 309//522 373//482
f 311//142 310//434 374//142
f 312//225 311//142 375//276
f 313//163 312//225 376//202
f 313//163 377//201 345//162
f 285//86 346//70 348//70
f 283//628 347//628 346//628
f 286//87 348//70 349//57
f 287//88 349//57 350//58
f 314//89 350//58 378//59
f 315//140 314//89 379//102
f 316//11 315//140 380//165
f 340//303 316//11 381//11
f 382//27 317//50 320//50
f 317//50 383//27 318//63
f 384//39 319//81 318//63
f 385//52 322//113 319//81
f 386//628 320//628 321//628
f 387//36 321//61 324//61
f 388//80 323//145 322//113
f 289//146 351//173 352//174
f 389//112 351//173 323//145
f 352//174 353//241 290//194
f 353//241 354//142 291//142
f 354//142 355//448 292//411
f 355//448 356//501 293//500
f 356//501 366//557 302//540
f 390//25 324//61 325//47
f 391//26 325//47 326//48
f 365//343 357//11 301//285
f 357//11 358//152 294//11
f 358//152 359//92 295//127
f 359//92 360//49 296//76
f 392//37 326//48 360//49
f 327//268 361//142 393//324
f 327//268 394//579 332//548
f 395//604 327//268 330//581
f 363//536 298//508 362//547
f 396//512 328//507 363//536
f 328//507 396//512 364//497
f 397//472 329//471 364//497
f 365//343 329//471 398//408
f 331//582 395//604 330//581
f 366//557 399//599 331//582
f 332//548 400//572 362//547
f 368//544 305//529 367//528
f 401//594 336//296 333//567
f 402//577 333//567 334//566
f 403//565 334//566 368//544
f 336//296 404//619 335//596
f 308//578 335//596 371//597
f 369//142 336//296 405//354
f 337//489 406//504 367//528
f 407//362 370//488 338//427
f 406//504 337//489 370//488
f 338//427 340//303 407//362
f 339//561 371//597 408//576
f 341//60 409//35 347//60
f 410//35 341//60 342//72
f 343//101 411//46 342//72
f 344//137 412//69 343//101
f 345//162 413//99 344//137
f 408//576 372//523 339//561
f 372//523 373//482 309//522
f 373//482 374//142 310//434
f 374//142 375//276 311//142
f 375//276 376//202 312//225
f 377//201 313//163 376//202
f 377//201 414//135 345//162
f 346//70 415//44 348//70
f 346//628 347//628 409//628
f 348//70 416//33 349//57
f 349//57 417//34 350//58
f 350//58 418//45 378//59
f 378//59 379//102 314//89
f 379//102 380//165 315//140
f 380//165 381//11 316//11
f 381//11 407//362 340//303
f 317//50 382//27 383//27
f 386//628 382//628 320//628
f 318//63 383//27 384//39
f 319//81 384//39 385//52
f 322//113 385//52 388//80
f 321//61 387//36 386//36
f 387//36 324//61 390//25
f 323//145 388//80 389//112
f 419//193 352//174 351//173
f 351//173 389//112 420//144
f 353//241 352//174 421//215
f 354//142 353//241 422//294
f 355//448 354//142 423//142
f 356//501 355//448 424//449
f 366//557 356//501 425//519
f 325//47 391//26 390//25
f 326//48 392//37 391//26
f 357//11 365//343 426//11
f 358//152 357//11 427//187
f 359//92 358//152 428//128
f 360//49 359//92 429//62
f 360//49 430//54 392//37
f 393//324 361//142 431//142
f 394//579 327//268 393//324
f 327//268 395//604 393//324
f 400//572 332//548 394//579
f 362//547 432//552 363//536
f 363//536 433//551 396//512
f 434//513 364//497 396//512
f 329//471 397//472 398//408
f 364//497 434//513 397//472
f 398//408 426//11 365//343
f 395//604 331//582 399//599
f 399//599 366//557 435//573
f 432//552 362//547 400//572
f 367//528 436//527 368//544
f 336//296 401//594 405//354
f 333//567 402//577 401//594
f 334//566 403//565 402//577
f 368//544 437//564 403//565
f 404//619 336//296 405//354
f 404//619 371//597 335//596
f 369//142 405//354 438//142
f 436//527 367//528 406//504
f 370//488 407//362 439//426
f 370//488 440//487 406//504
f 441//611 408//576 371//597
f 409//35 341//60 410//35
f 410//35 342//72 411//46
f 411//46 343//101 412//69
f 412//69 344//137 413//99
f 413//99 345//162 414//135
f 372//523 408//576 442//543
f 373//482 372//523 443//483
f 374//142 373//482 444//142
f 375//276 374//142 445//331
f 376//202 375//276 446//248
f 376//202 447//223 377//201
f 414//135 377//201 448//160
f 415//44 346//70 449//44
f 348//70 415//44 416//33
f 346//628 409//628 449//628
f 417//34 349//57 416//33
f 418//45 350//58 417//34
f 450//68 378//59 418//45
f 379//102 378//59 451//71
f 380//165 379//102 452//139
f 381//11 380//165 453//205
f 407//362 381//11 454//11
f 455//10 383//27 382//27
f 386//628 455//628 382//628
f 383//27 456//10 384//39
f 457//18 385//52 384//39
f 458//28 388//80 385//52
f 459//16 386//36 387//36
f 460//9 387//36 390//25
f 461//51 389//112 388//80
f 352//174 419//193 421//215
f 351//173 462//172 419//193
f 463//79 420//144 389//112
f 462//172 351//173 420//144
f 421//215 422//294 353//241
f 422//294 423//142 354//142
f 423//142 424//449 355//448
f 424//449 425//519 356//501
f 425//519 435//573 366//557
f 464//17 390//25 391//26
f 465//29 391//26 392//37
f 426//11 427//187 357//11
f 427//187 428//128 358//152
f 428//128 429//62 359//92
f 430//54 360//49 429//62
f 466//53 392//37 430//54
f 393//324 431//142 467//386
f 393//324 468//598 394//579
f 469//624 393//324 395//604
f 394//579 470//585 400//572
f 433//551 363//536 432//552
f 471//553 396//512 433//551
f 396//512 471//553 434//513
f 397//472 472//11 398//408
f 434//513 473//11 397//472
f 426//11 398//408 472//11
f 399//599 469//624 395//604
f 435//573 474//610 399//599
f 400//572 475//584 432//552
f 437//564 368//544 436//527
f 476//602 405//354 401//594
f 477//593 401//594 402//577
f 478//592 402//577 403//565
f 479//591 403//565 437//564
f 405//354 480//625 404//619
f 371//597 404//619 441//611
f 438//142 405//354 481//419
f 406//504 482//526 436//527
f 454//11 439//426 407//362
f 440//487 370//488 439//426
f 482//526 406//504 440//487
f 408//576 441//611 483//588
f 410//35 484//15 409//35
f 485//15 410//35 411//46
f 412//69 486//23 411//46
f 413//99 487//43 412//69
f 414//135 488//66 413//99
f 483//588 442//543 408//576
f 442//543 443//483 372//523
f 443//483 444//142 373//482
f 444//142 445//331 374//142
f 445//331 446//248 375//276
f 447//223 376//202 446//248
f 489//200 377//201 447//223
f 377//201 489//200 448//160
f 448//160 490//97 414//135
f 449//44 491//21 415//44
f 415//44 492//14 416//33
f 449//628 409//628 484//628
f 416//33 493//22 417//34
f 417//34 494//42 418//45
f 378//59 450//68 451//71
f 418//45 495//67 450//68
f 451//71 452//139 379//102
f 452//139 453//205 380//165
f 453//205 454//11 381//11
f 383//27 455//10 456//10
f 496//628 455//628 386//628
f 384//39 456//10 457//18
f 385//52 457//18 458//28
f 388//80 458//28 461//51
f 386//36 459//16 496//16
f 459//16 387//36 460//9
f 390//25 464//17 460//9
f 389//112 461//51 463//79
f 497//214 421//215 419//193
f 498//192 419//193 462//172
f 420//144 463//79 499//111
f 499//111 462//172 420//144
f 422//294 421//215 500//240
f 423//142 422//294 501//321
f 424//449 423//142 502//142
f 425//519 424//449 503//480
f 435//573 425//519 504//538
f 391//26 465//29 464//17
f 392//37 466//53 465//29
f 427//187 426//11 505//233
f 428//128 427//187 506//153
f 429//62 428//128 507//94
f 507//94 430//54 429//62
f 430//54 508//82 466//53
f 467//386 431//142 509//443
f 468//598 393//324 467//386
f 393//324 469//624 467//386
f 470//585 394//579 468//598
f 475//584 400//572 470//585
f 432//552 510//583 433//551
f 433//551 511//586 471//553
f 471//553 512//11 434//513
f 472//11 397//472 473//11
f 473//11 434//513 512//11
f 472//11 505//233 426//11
f 469//624 399//599 474//610
f 474//610 435//573 513//587
f 510//583 432//552 475//584
f 436//527 514//563 437//564
f 405//354 476//602 481//419
f 401//594 477//593 476//602
f 402//577 478//592 477//593
f 403//565 479//591 478//592
f 437//564 515//590 479//591
f 480//625 405//354 481//419
f 480//625 441//611 404//619
f 438//142 481//419 516//458
f 514//563 436//527 482//526
f 439//426 454//11 517//11
f 517//11 440//487 439//426
f 518//11 482//526 440//487
f 519//612 483//588 441//611
f 484//15 410//35 485//15
f 485//15 411//46 486//23
f 486//23 412//69 487//43
f 487//43 413//99 488//66
f 488//66 414//135 490//97
f 442//543 483//588 520//558
f 443//483 442//543 521//502
f 444//142 443//483 522//142
f 445//331 444//142 523//357
f 446//248 445//331 524//274
f 446//248 525//247 447//223
f 447//223 526//222 489//200
f 489//200 527//133 448//160
f 490//97 448//160 527//133
f 491//21 449//44 528//21
f 415//44 491//21 492//14
f 493//22 416//33 492//14
f 449//628 484//628 528//628
f 494//42 417//34 493//22
f 495//67 418//45 494//42
f 450//68 529//119 451//71
f 530//98 450//68 495//67
f 452//139 451//71 529//119
f 453//205 452//139 531//164
f 454//11 453//205 532//251
f 533//24 456//10 455//10
f 455//628 496//628 533//628
f 456//10 534//24 457//18
f 535//629 458//28 457//18
f 536//630 461//51 458//28
f 534//24 496//16 459//16
f 535//629 459//16 460//9
f 536//630 460//9 464//17
f 537//631 463//79 461//51
f 421//215 497//214 500//240
f 419//193 498//192 497//214
f 462//172 538//171 498//192
f 539//632 499//111 463//79
f 462//172 499//111 540//143
f 500//240 501//321 422//294
f 501//321 502//142 423//142
f 502//142 503//480 424//449
f 503//480 504//538 425//519
f 504//538 513//587 435//573
f 537//631 464//17 465//29
f 539//632 465//29 466//53
f 505//233 506//153 427//187
f 506//153 507//94 428//128
f 430//54 507//94 541//83
f 508//82 430//54 541//83
f 542//633 466//53 508//82
f 509//443 431//142 516//458
f 543//608 467//386 509//443
f 467//386 544//626 509//443
f 467//386 543//608 468//598
f 544//626 467//386 469//624
f 468//598 545//607 470//585
f 470//585 546//606 475//584
f 511//586 433//551 510//583
f 511//586 547//11 471//553
f 512//11 471//553 547//11
f 473//11 548//286 472//11
f 512//11 549//344 473//11
f 505//233 472//11 548//286
f 474//610 544//626 469//624
f 513//587 550//622 474//610
f 475//584 551//605 510//583
f 515//590 437//564 514//563
f 552//617 481//419 476//602
f 553//616 476//602 477//593
f 554//615 477//593 478//592
f 555//614 478//592 479//591
f 556//613 479//591 515//590
f 481//419 557//627 480//625
f 441//611 480//625 519//612
f 481//419 552//617 516//458
f 557//627 481//419 516//458
f 438//142 516//458 431//142
f 558//11 514//563 482//526
f 532//251 517//11 454//11
f 440//487 517//11 518//11
f 482//526 518//11 558//11
f 483//588 519//612 559//589
f 485//15 560//32 484//15
f 561//32 485//15 486//23
f 487//43 562//634 486//23
f 488//66 563//635 487//43
f 490//97 564//636 488//66
f 559//589 520//558 483//588
f 520//558 521//502 442//543
f 521//502 522//142 443//483
f 522//142 523//357 444//142
f 523//357 524//274 445//331
f 525//247 446//248 524//274
f 526//222 447//223 525//247
f 565//199 489//200 526//222
f 527//133 489//200 566//158
f 527//133 567//637 490//97
f 528//21 561//32 491//21
f 491//21 562//634 492//14
f 492//14 563//635 493//22
f 528//628 484//628 560//628
f 493//22 564//636 494//42
f 494//42 567//637 495//67
f 529//119 450//68 568//100
f 450//68 530//98 568//100
f 495//67 569//638 530//98
f 529//119 531//164 452//139
f 531//164 532//251 453//205
f 456//10 533//24 534//24
f 496//16 534//24 533//24
f 457//18 534//24 535//629
f 458//28 535//629 536//630
f 461//51 536//630 537//631
f 534//24 459//16 535//629
f 460//9 536//630 535//629
f 464//17 537//631 536//630
f 463//79 537//631 539//632
f 570//239 500//240 497//214
f 571//213 497//214 498//192
f 538//171 462//172 540//143
f 572//191 498//192 538//171
f 499//111 539//632 542//633
f 542//633 540//143 499//111
f 501//321 500//240 573//264
f 502//142 501//321 574//320
f 503//480 502//142 575//142
f 504//538 503//480 576//499
f 513//587 504//538 577//556
f 465//29 539//632 537//631
f 466//53 542//633 539//632
f 506//153 505//233 578//188
f 507//94 506//153 579//130
f 579//130 541//83 507//94
f 541//83 580//115 508//82
f 508//82 581//639 542//633
f 552//617 509//443 516//458
f 509//443 557//627 516//458
f 509//443 552//617 543//608
f 557//627 509//443 544//626
f 545//607 468//598 543//608
f 546//606 470//585 545//607
f 551//605 475//584 546//606
f 510//583 582//609 511//586
f 547//11 511//586 583//11
f 547//11 584//409 512//11
f 548//286 473//11 549//344
f 549//344 512//11 584//409
f 548//286 578//188 505//233
f 544//626 474//610 550//622
f 550//622 513//587 585//601
f 582//609 510//583 551//605
f 586//11 515//590 514//563
f 476//602 553//616 552//617
f 477//593 554//615 553//616
f 478//592 555//614 554//615
f 479//591 556//613 555//614
f 587//11 556//613 515//590
f 557//627 519//612 480//625
f 438//142 431//142 588//142
f 514//563 558//11 586//11
f 517//11 532//251 589//302
f 589//302 518//11 517//11
f 590//361 558//11 518//11
f 591//621 559//589 519//612
f 560//32 485//15 561//32
f 561//32 486//23 562//634
f 562//634 487//43 563//635
f 563//635 488//66 564//636
f 564//636 490//97 567//637
f 520//558 559//589 592//559
f 521//502 520//558 593//520
f 522//142 521//502 594//142
f 523//357 522//142 595//358
f 524//274 523//357 596//299
f 524//274 597//273 525//247
f 525//247 598//245 526//222
f 489//200 565//199 566//158
f 526//222 599//197 565//199
f 566//158 569//638 527//133
f 567//637 527//133 569//638
f 561//32 528//21 560//32
f 491//21 561//32 562//634
f 563//635 492//14 562//634
f 564//636 493//22 563//635
f 567//637 494//42 564//636
f 569//638 495//67 567//637
f 568//100 600//151 529//119
f 601//134 568//100 530//98
f 602//640 530//98 569//638
f 531//164 529//119 600//151
f 532//251 531//164 603//204
f 500//240 570//239 573//264
f 497//214 571//213 570//239
f 498//192 572//191 571//213
f 581//639 538//171 540//143
f 538//171 604//641 572//191
f 540//143 542//633 581//639
f 605//293 501//321 573//264
f 501//321 605//293 574//320
f 574//320 575//142 502//142
f 575//142 576//499 503//480
f 576//499 577//556 504//538
f 577//556 585//601 513//587
f 578//188 579//130 506//153
f 541//83 579//130 606//116
f 580//115 541//83 606//116
f 581//639 508//82 580//115
f 553//616 543//608 552//617
f 550//622 557//627 544//626
f 543//608 553//616 545//607
f 545//607 554//615 546//606
f 546//606 555//614 551//605
f 582//609 583//11 511//586
f 583//11 607//473 547//11
f 584//409 547//11 607//473
f 549//344 608//234 548//286
f 584//409 609//287 549//344
f 578//188 548//286 608//234
f 585//601 591//621 550//622
f 551//605 556//613 582//609
f 515//590 586//11 587//11
f 554//615 545//607 553//616
f 555//614 546//606 554//615
f 556//613 551//605 555//614
f 556//613 587//11 610//11
f 519//612 557//627 591//621
f 438//142 588//142 611//142
f 612//425 586//11 558//11
f 603//204 589//302 532//251
f 518//11 589//302 590//361
f 558//11 590//361 612//425
f 559//589 591//621 613//600
f 613//600 592//559 559//589
f 592//559 593//520 520//558
f 593//520 594//142 521//502
f 594//142 595//358 522//142
f 614//330 523//357 595//358
f 523//357 614//330 596//299
f 597//273 524//274 596//299
f 598//245 525//247 597//273
f 599//197 526//222 598//245
f 565//199 602//640 566//158
f 615//642 565//199 599//197
f 569//638 566//158 602//640
f 600//151 568//100 616//136
f 568//100 601//134 616//136
f 530//98 602//640 601//134
f 600//151 603//204 531//164
f 617//263 573//264 570//239
f 618//238 570//239 571//213
f 619//237 571//213 572//191
f 538//171 581//639 620//643
f 604//641 538//171 620//643
f 621//644 572//191 604//641
f 573//264 617//263 605//293
f 622//319 574//320 605//293
f 575//142 574//320 623//352
f 576//499 575//142 624//142
f 577//556 576//499 625//518
f 585//601 577//556 626//575
f 579//130 578//188 627//155
f 627//155 606//116 579//130
f 606//116 628//147 580//115
f 580//115 620//643 581//639
f 557//627 550//622 591//621
f 583//11 582//609 629//11
f 607//473 583//11 630//514
f 607//473 631//345 584//409
f 608//234 549//344 609//287
f 609//287 584//409 631//345
f 608//234 627//155 578//188
f 591//621 585//601 613//600
f 556//613 629//11 582//609
f 632//486 587//11 586//11
f 633//525 610//11 587//11
f 629//11 556//613 610//11
f 611//142 588//142 634//142
f 586//11 612//425 632//486
f 589//302 603//204 635//250
f 635//250 590//361 589//302
f 636//301 612//425 590//361
f 592//559 613//600 637//574
f 593//520 592//559 638//521
f 594//142 593//520 639//142
f 595//358 594//142 640//393
f 595//358 641//355 614//330
f 642//297 596//299 614//330
f 596//299 642//297 597//273
f 597//273 643//246 598//245
f 598//245 644//220 599//197
f 602//640 565//199 645//645
f 565//199 615//642 645//645
f 599//197 646//646 615//642
f 616//136 647//179 600//151
f 648//159 616//136 601//134
f 645//645 601//134 602//640
f 603//204 600//151 647//179
f 570//239 618//238 617//263
f 571//213 619//237 618//238
f 572//191 621//644 619//237
f 628//147 604//641 620//643
f 649//175 621//644 604//641
f 650//292 605//293 617//263
f 574//320 622//319 623//352
f 605//293 650//292 622//319
f 623//352 624//142 575//142
f 624//142 625//518 576//499
f 625//518 626//575 577//556
f 626//575 613//600 585//601
f 606//116 627//155 651//148
f 628//147 606//116 651//148
f 620//643 580//115 628//147
f 629//11 630//514 583//11
f 630//514 652//410 607//473
f 631//345 607//473 652//410
f 609//287 653//195 608//234
f 631//345 654//242 609//287
f 627//155 608//234 653//195
f 587//11 632//486 633//525
f 610//11 633//525 655//562
f 610//11 656//554 629//11
f 611//142 634//142 657//142
f 658//360 632//486 612//425
f 647//179 635//250 603//204
f 590//361 635//250 636//301
f 612//425 636//301 658//360
f 613//600 626//575 637//574
f 637//574 638//521 592//559
f 638//521 639//142 593//520
f 639//142 640//393 594//142
f 641//355 595//358 640//393
f 659//298 614//330 641//355
f 614//330 659//298 642//297
f 643//246 597//273 642//297
f 644//220 598//245 643//246
f 646//646 599//197 644//220
f 615//642 648//159 645//645
f 646//646 660//198 615//642
f 647//179 616//136 661//161
f 616//136 648//159 661//161
f 601//134 645//645 648//159
f 662//291 617//263 618//238
f 663//267 618//238 619//237
f 664//647 619//237 621//644
f 604//641 628//147 649//175
f 621//644 649//175 665//216
f 617//263 662//291 650//292
f 666//351 623//352 622//319
f 667//350 622//319 650//292
f 624//142 623//352 668//383
f 625//518 624//142 669//142
f 626//575 625//518 670//542
f 653//195 651//148 627//155
f 671//176 628//147 651//148
f 630//514 629//11 656//554
f 652//410 630//514 672//474
f 652//410 673//295 631//345
f 653//195 609//287 654//242
f 654//242 631//345 673//295
f 674//424 633//525 632//486
f 675//485 655//562 633//525
f 656//554 610//11 655//562
f 657//142 634//142 676//142
f 632//486 658//360 674//424
f 635//250 647//179 677//224
f 677//224 636//301 635//250
f 678//275 658//360 636//301
f 670//542 637//574 626//575
f 638//521 637//574 679//541
f 639//142 638//521 680//142
f 640//393 639//142 681//420
f 640//393 682//356 641//355
f 641//355 683//327 659//298
f 684//270 642//297 659//298
f 642//297 684//270 643//246
f 643//246 685//269 644//220
f 644//220 686//648 646//646
f 648//159 615//642 660//198
f 660//198 646//646 687//221
f 661//161 677//224 647//179
f 648//159 688//203 661//161
f 618//238 663//267 662//291
f 619//237 664//647 663//267
f 665//216 664//647 621//644
f 628//147 671//176 649//175
f 649//175 689//217 665//216
f 690//323 650//292 662//291
f 623//352 666//351 668//383
f 622//319 667//350 666//351
f 650//292 690//323 667//350
f 668//383 669//142 624//142
f 669//142 670//542 625//518
f 651//148 653//195 671//176
f 656//554 672//474 630//514
f 672//474 691//353 652//410
f 673//295 652//410 691//353
f 654//242 671//176 653//195
f 673//295 689//217 654//242
f 633//525 674//424 675//485
f 655//562 675//485 692//524
f 655//562 693//515 656//554
f 657//142 676//142 694//142
f 695//332 674//424 658//360
f 636//301 677//224 678//275
f 658//360 678//275 695//332
f 637//574 670//542 679//541
f 679//541 680//142 638//521
f 680//142 681//420 639//142
f 682//356 640//393 681//420
f 683//327 641//355 682//356
f 696//326 659//298 683//327
f 659//298 696//326 684//270
f 685//269 643//246 684//270
f 686//648 644//220 685//269
f 686//648 687//221 646//646
f 688//203 648//159 660//198
f 697//249 660//198 687//221
f 677//224 661//161 688//203
f 698//317 662//291 663//267
f 699//649 663//267 664//647
f 664//647 665//216 700//265
f 689//217 649//175 671//176
f 701//266 665//216 689//217
f 662//291 698//317 690//323
f 702//416 668//383 666//351
f 703//385 666//351 667//350
f 704//382 667//350 690//323
f 669//142 668//383 705//417
f 670//542 669//142 706//142
f 672//474 656//554 693//515
f 691//353 672//474 707//418
f 691//353 701//266 673//295
f 671//176 654//242 689//217
f 689//217 673//295 701//266
f 708//394 675//485 674//424
f 709//459 692//524 675//485
f 693//515 655//562 692//524
f 674//424 695//332 708//394
f 688//203 678//275 677//224
f 697//249 695//332 678//275
f 706//142 679//541 670//542
f 680//142 679//541 710//142
f 681//420 680//142 711//421
f 681//420 712//390 682//356
f 682//356 713//389 683//327
f 683//327 714//388 696//326
f 715//325 684//270 696//326
f 684//270 715//325 685//269
f 685//269 716//650 686//648
f 687//221 686//648 717//271
f 660//198 697//249 688//203
f 687//221 718//300 697//249
f 663//267 699//649 698//317
f 700//265 699//649 664//647
f 665//216 701//266 700//265
f 719//380 690//323 698//317
f 668//383 702//416 705//417
f 666//351 703//385 702//416
f 667//350 704//382 703//385
f 690//323 719//380 704//382
f 705//417 706//142 669//142
f 693//515 707//418 672//474
f 707//418 720//322 691//353
f 701//266 691//353 720//322
f 675//485 708//394 709//459
f 692//524 709//459 721//503
f 692//524 722//481 693//515
f 718//300 708//394 695//332
f 678//275 688//203 697//249
f 695//332 697//249 718//300
f 679//541 706//142 710//142
f 710//142 711//421 680//142
f 712//390 681//420 711//421
f 713//389 682//356 712//390
f 714//388 683//327 713//389
f 723//387 696//326 714//388
f 696//326 723//387 715//325
f 716//650 685//269 715//325
f 716//650 717//271 686//648
f 718//300 687//221 717//271
f 724//651 698//317 699//649
f 699//649 700//265 725//318
f 720//322 700//265 701//266
f 698//317 724//651 719//380
f 726//451 705//417 702//416
f 727//447 702//416 703//385
f 728//446 703//385 704//382
f 729//444 704//382 719//380
f 706//142 705//417 730//479
f 707//418 693//515 722//481
f 720//322 707//418 731//384
f 732//359 709//459 708//394
f 733//423 721//503 709//459
f 722//481 692//524 721//503
f 708//394 718//300 732//359
f 730//479 710//142 706//142
f 711//421 710//142 734//456
f 711//421 735//455 712//390
f 712//390 736//454 713//389
f 713//389 737//453 714//388
f 714//388 738//452 723//387
f 739//652 715//325 723//387
f 715//325 739//652 716//650
f 717//271 716//650 740//328
f 717//271 732//359 718//300
f 725//318 724//651 699//649
f 700//265 720//322 725//318
f 741//653 719//380 724//651
f 705//417 726//451 730//479
f 702//416 727//447 726//451
f 703//385 728//446 727//447
f 704//382 729//444 728//446
f 719//380 741//653 729//444
f 722//481 731//384 707//418
f 731//384 725//318 720//322
f 709//459 732//359 733//423
f 721//503 733//423 742//484
f 721//503 743//450 722//481
f 710//142 730//479 734//456
f 735//455 711//421 734//456
f 736//454 712//390 735//455
f 737//453 713//389 736//454
f 738//452 714//388 737//453
f 744//654 723//387 738//452
f 723//387 744//654 739//652
f 739//652 740//328 716//650
f 732//359 717//271 740//328
f 724//651 725//318 745//381
f 745//381 741//653 724//651
f 735//455 730//479 726//451
f 736//454 726//451 727//447
f 737//453 727//447 728//446
f 738//452 728//446 729//444
f 744//654 729//444 741//653
f 731//384 722//481 743//450
f 725//318 731//384 745//381
f 740//328 733//423 732//359
f 746//391 742//484 733//423
f 743//450 721//503 742//484
f 730//479 735//455 734//456
f 726//451 736//454 735//455
f 727//447 737//453 736//454
f 728//446 738//452 737//453
f 729//444 744//654 738//452
f 744//654 746//391 739//652
f 740//328 739//652 746//391
f 741//653 745//381 747//445
f 747//445 744//654 741//653
f 743//450 745//381 731//384
f 733//423 740//328 746//391
f 742//484 746//391 748//457
f 742//484 747//445 743//450
f 746//391 744//654 748//457
f 745//381 743//450 747//445
f 744//654 747//445 748//457
f 747//445 742//484 748//457
