0.258009 -0.137547 -0.077408 0.300000 0.000000 0.600000
-0.352904 0.750066 -0.279488 0.600000 0.000000 0.300000
-0.380653 -0.751000 0.552510 0.300000 0.600000 0.000000
-0.412695 -0.649145 -0.316004 0.300000 0.600000 0.000000
-0.367293 -0.008946 0.348013 0.600000 0.000000 0.300000
0.375241 -0.681441 0.547252 0.600000 0.300000 0.000000
0.369012 0.589209 -0.224948 0.300000 0.000000 0.600000
0.442460 -0.754065 -0.278975 0.800000 0.200000 0.500000
-0.242533 0.177582 -0.188793 0.600000 0.000000 0.300000
0.160312 -0.104898 0.459923 0.600000 0.000000 0.300000
-0.397015 -0.255965 -0.053000 0.300000 0.600000 0.000000
-0.336680 -0.413940 0.329182 0.600000 0.000000 0.300000
0.161085 0.248018 -0.157171 0.300000 0.000000 0.600000
-0.068121 -0.048387 0.107726 0.600000 0.000000 0.300000
0.031588 0.746453 -0.323224 0.600000 0.300000 0.000000
0.341944 -0.395119 0.313727 0.300000 0.000000 0.600000
0.413071 -0.417440 -0.209347 0.600000 0.300000 0.000000
0.373636 -0.030495 0.215885 0.600000 0.000000 0.300000
-0.158927 0.491411 -0.227938 0.300000 0.000000 0.600000
-0.026749 -0.087613 -0.193707 0.600000 0.000000 0.300000
-0.127324 -0.137983 0.442198 0.600000 0.000000 0.300000
-0.356942 -0.017727 0.075360 0.600000 0.000000 0.300000
0.110458 0.498214 -0.235619 0.300000 0.000000 0.600000
-0.295643 -0.073461 -0.203964 0.300000 0.600000 0.000000
-0.404536 -0.428618 -0.223805 0.300000 0.600000 0.000000
0.136435 -0.037970 0.231690 0.600000 0.000000 0.300000
-0.325208 -0.231100 0.173389 0.600000 0.000000 0.300000
-0.349265 0.384163 -0.155319 0.600000 0.000000 0.300000
0.301909 0.059815 -0.186410 0.300000 0.000000 0.600000
0.328986 -0.239154 0.139153 0.300000 0.000000 0.600000
0.349335 0.372714 -0.162573 0.300000 0.000000 0.600000
-0.055237 0.296681 -0.190714 0.300000 0.000000 0.600000
0.246224 0.756077 -0.302915 0.300000 0.000000 0.600000
0.368964 -0.082945 0.426286 0.600000 0.000000 0.300000
0.080895 -0.178895 0.031981 1.000000 0.000000 0.000000
-0.215582 -0.156443 0.002914 1.000000 0.000000 0.000000
-0.324188 -0.564343 0.471659 0.600000 0.000000 0.300000
0.013237 0.107230 -0.168565 0.300000 0.000000 0.600000
-0.157476 0.701789 -0.274819 0.600000 0.300000 0.000000
-0.181050 -0.032196 0.279289 0.600000 0.000000 0.300000
-0.346401 0.576515 -0.190423 0.600000 0.000000 0.300000
0.398097 -0.274667 -0.078304 0.600000 0.300000 0.000000
0.315630 -0.527997 0.448302 0.300000 0.000000 0.600000
0.248918 -0.034315 0.077340 0.600000 0.000000 0.300000
-0.004420 -0.037677 0.351552 0.600000 0.000000 0.300000
0.139952 -0.021646 -0.161579 0.300000 0.000000 0.600000
0.414393 -0.577057 -0.290657 0.600000 0.300000 0.000000
-0.153718 0.029760 -0.157239 0.300000 0.000000 0.600000
0.399826 -0.124488 0.028282 1.000000 0.000000 0.000000
-0.027347 0.593036 -0.259100 0.600000 0.300000 0.000000
-0.286967 -0.107642 0.446485 0.600000 0.000000 0.300000
-0.003979 -0.056790 -0.039069 0.600000 0.000000 0.300000
0.252637 -0.020713 0.336179 0.600000 0.000000 0.300000
0.315665 0.212912 -0.154414 0.300000 0.000000 0.600000
0.214941 0.617606 -0.239568 0.600000 0.300000 0.000000
-0.199111 0.349729 -0.175920 0.300000 0.000000 0.600000
-0.363029 -0.082732 -0.062609 0.600000 0.000000 0.300000
-0.068739 -0.179063 0.031353 1.000000 0.000000 0.000000
-0.371037 -0.081970 0.209455 0.600000 0.000000 0.300000
-0.215676 -0.036707 0.124596 0.600000 0.000000 0.300000
0.354235 -0.021246 -0.074184 0.600000 0.000000 0.300000
0.195930 0.389136 -0.184585 0.300000 0.000000 0.600000
-0.405185 -0.156036 0.055982 1.000000 0.000000 0.000000
-0.024310 0.434933 -0.223417 0.300000 0.000000 0.600000
0.098038 -0.047812 0.091867 0.600000 0.000000 0.300000
0.018702 -0.135885 0.454102 0.600000 0.000000 0.300000
-0.296444 0.059056 -0.134757 0.600000 0.000000 0.300000
0.266626 -0.078130 -0.204229 0.000000 0.500000 0.500000
-0.108827 0.168872 -0.155071 0.300000 0.000000 0.600000
0.172399 0.109651 -0.141365 0.300000 0.000000 0.600000
-0.140486 -0.050185 -0.038948 0.600000 0.000000 0.300000
0.167652 -0.045768 -0.030486 0.600000 0.000000 0.300000
0.269775 0.504638 -0.191742 0.300000 0.000000 0.600000
0.233128 -0.165314 0.053495 1.000000 0.000000 0.000000
0.068189 0.343398 -0.199307 0.300000 0.000000 0.600000
0.368044 0.713848 -0.268332 0.300000 0.000000 0.600000
-0.002130 -0.043744 0.221077 0.600000 0.000000 0.300000
0.091368 0.648668 -0.260236 0.600000 0.300000 0.000000
-0.319931 0.261175 -0.130179 0.600000 0.000000 0.300000
-0.448315 -0.746655 -0.241339 0.500000 0.500000 0.000000
-0.155061 -0.095577 -0.176207 0.600000 0.000000 0.300000
0.126879 -0.034469 0.361357 0.600000 0.000000 0.300000
-0.261460 -0.034040 -0.007429 0.600000 0.000000 0.300000
-0.358478 -0.306996 0.269137 0.600000 0.000000 0.300000
0.329864 -0.284425 0.258528 0.300000 0.000000 0.600000
-0.221181 0.602708 -0.235639 0.300000 0.000000 0.600000
-0.379151 -0.332942 -0.148638 0.300000 0.600000 0.000000
-0.195959 -0.036719 0.401766 0.600000 0.000000 0.300000
-0.425508 -0.547457 -0.247555 0.300000 0.600000 0.000000
-0.272467 0.478580 -0.182678 0.600000 0.000000 0.300000
0.042511 0.228056 -0.174890 0.300000 0.000000 0.600000
0.257024 -0.027048 0.198119 0.600000 0.000000 0.300000
-0.255156 -0.130183 -0.105045 0.600000 0.000000 0.300000
0.364399 -0.024634 0.098219 0.600000 0.000000 0.300000
0.368780 -0.012225 0.333242 0.600000 0.000000 0.300000
-0.292631 -0.018703 0.265532 0.600000 0.000000 0.300000
0.258638 -0.056755 0.447462 0.600000 0.000000 0.300000
0.264975 0.305156 -0.190052 0.300000 0.000000 0.600000
-0.349548 -0.469155 0.421585 0.600000 0.000000 0.300000
0.240950 -0.033320 -0.108910 0.600000 0.000000 0.300000
0.033768 0.000231 -0.178359 0.300000 0.000000 0.600000
-0.307785 -0.685969 0.507768 0.000000 0.500000 0.500000
0.139879 0.744210 -0.309892 0.600000 0.300000 0.000000
0.302470 -0.752928 0.515455 0.300000 0.000000 0.600000
0.076523 -0.110116 -0.184932 0.600000 0.000000 0.300000
-0.243594 0.756410 -0.300226 0.600000 0.300000 0.000000
-0.059267 -0.058028 0.441489 0.600000 0.000000 0.300000
-0.311342 0.657782 -0.246111 0.600000 0.000000 0.300000
-0.107764 -0.041745 0.203913 0.600000 0.000000 0.300000
0.371494 -0.683610 -0.251166 0.600000 0.000000 0.300000
-0.052526 0.691629 -0.277601 0.600000 0.300000 0.000000
-0.383203 -0.084496 0.415969 0.600000 0.000000 0.300000
0.371631 -0.342269 -0.153409 0.600000 0.300000 0.000000
-0.318306 -0.154071 0.002278 1.000000 0.000000 0.000000
0.322839 -0.627080 0.472074 0.300000 0.000000 0.600000
-0.231402 -0.035281 -0.132826 0.600000 0.000000 0.300000
-0.156529 0.256840 -0.163734 0.300000 0.000000 0.600000
0.348248 -0.445849 0.400046 0.300000 0.000000 0.600000
0.363544 0.469071 -0.185630 0.300000 0.000000 0.600000
0.355954 -0.199613 -0.019615 0.600000 0.300000 0.000000
-0.107755 -0.035930 0.356564 0.600000 0.000000 0.300000
0.081432 -0.055980 -0.089059 0.600000 0.000000 0.300000
-0.120563 0.400197 -0.208518 0.300000 0.000000 0.600000
0.267696 0.132560 -0.123068 0.300000 0.000000 0.600000
0.274889 -0.030593 -0.017039 0.600000 0.000000 0.300000
-0.085885 -0.055959 -0.120058 0.600000 0.000000 0.300000
-0.056869 0.040041 -0.173221 0.300000 0.000000 0.600000
0.076924 -0.058188 0.444982 0.600000 0.000000 0.300000
-0.309167 -0.021187 0.167451 0.600000 0.000000 0.300000
0.384356 -0.506027 -0.231488 0.600000 0.300000 0.000000
-0.122143 0.605699 -0.255681 0.600000 0.300000 0.000000
-0.255829 0.015911 -0.209736 0.600000 0.000000 0.300000
0.177869 -0.039019 0.143293 0.600000 0.000000 0.300000
0.326874 -0.162191 0.082884 0.300000 0.000000 0.600000
-0.210924 0.106821 -0.133457 0.600000 0.000000 0.300000
0.295977 0.664308 -0.229080 0.300000 0.000000 0.600000
-0.291497 -0.026887 0.399894 0.600000 0.000000 0.300000
-0.364738 0.484872 -0.193083 0.600000 0.000000 0.300000
-0.350676 -0.033587 -0.140715 0.600000 0.000000 0.300000
0.230371 0.187241 -0.187820 0.300000 0.000000 0.600000
0.224806 0.010638 -0.194394 0.300000 0.000000 0.600000
-0.325227 -0.184221 0.091054 0.600000 0.000000 0.300000
0.007033 -0.051895 0.055302 0.600000 0.000000 0.300000
0.297472 -0.116691 0.004717 0.000000 0.500000 0.500000
-0.158016 -0.045484 0.054308 0.600000 0.000000 0.300000
0.154925 -0.128279 0.015165 1.000000 0.000000 0.000000
0.082734 -0.053388 0.001078 0.600000 0.000000 0.300000
0.097177 0.156652 -0.154878 0.300000 0.000000 0.600000
-0.376978 -0.731847 -0.293613 0.000000 1.000000 0.000000
-0.293449 0.148840 -0.121185 0.600000 0.000000 0.300000
0.094110 0.064684 -0.164995 0.300000 0.000000 0.600000
-0.071053 0.507366 -0.244240 0.300000 0.000000 0.600000
0.281857 0.412793 -0.203810 0.300000 0.000000 0.600000
-0.143118 -0.136123 0.051465 1.000000 0.000000 0.000000
-0.253592 0.268806 -0.187741 0.600000 0.000000 0.300000
0.055392 -0.039272 0.287231 0.600000 0.000000 0.300000
0.002608 -0.133205 0.010238 1.000000 0.000000 0.000000
0.331605 -0.056160 -0.151472 0.600000 0.000000 0.300000
0.062960 0.427461 -0.222811 0.300000 0.000000 0.600000
0.192930 0.534947 -0.230084 0.300000 0.000000 0.600000
-0.376323 -0.076278 0.294849 0.600000 0.000000 0.300000
0.025965 0.526550 -0.250237 0.300000 0.000000 0.600000
0.190347 0.696752 -0.259961 0.600000 0.300000 0.000000
-0.073056 -0.053032 0.012887 0.600000 0.000000 0.300000
-0.201769 -0.099907 0.457889 0.600000 0.000000 0.300000
-0.278586 0.339454 -0.143268 0.600000 0.000000 0.300000
-0.374172 -0.080606 0.022132 0.600000 0.000000 0.300000
0.353056 -0.023207 0.013209 0.600000 0.000000 0.300000
-0.062255 -0.039871 0.279533 0.600000 0.000000 0.300000
-0.374089 -0.084781 0.125976 0.600000 0.000000 0.300000
-0.106522 0.748023 -0.321856 0.600000 0.300000 0.000000
0.031999 -0.047003 0.145251 0.600000 0.000000 0.300000
0.362272 -0.085674 0.153909 0.600000 0.000000 0.300000
-0.027190 0.184637 -0.168486 0.300000 0.000000 0.600000
0.286681 0.578392 -0.223942 0.300000 0.000000 0.600000
0.323050 0.295188 -0.132910 0.300000 0.000000 0.600000
0.418182 -0.659893 -0.314233 0.600000 0.300000 0.000000
0.008208 -0.059185 -0.124099 0.600000 0.000000 0.300000
-0.219850 -0.032300 0.207973 0.600000 0.000000 0.300000
-0.199874 0.427892 -0.198447 0.300000 0.000000 0.600000
0.315162 -0.020739 0.393485 0.600000 0.000000 0.300000
-0.297540 -0.024507 -0.078914 0.600000 0.000000 0.300000
0.178796 -0.030776 0.299775 0.600000 0.000000 0.300000
-0.277373 -0.030554 0.073333 0.600000 0.000000 0.300000
0.309794 -0.015431 0.261892 0.600000 0.000000 0.300000
0.234905 0.107946 -0.196956 0.300000 0.000000 0.600000
0.201665 -0.033818 0.396423 0.600000 0.000000 0.300000
-0.394232 -0.181939 -0.023441 0.300000 0.600000 0.000000
-0.244798 -0.023206 0.328676 0.600000 0.000000 0.300000
0.191779 -0.080451 -0.172694 0.600000 0.000000 0.300000
-0.362938 -0.631503 0.492420 0.600000 0.000000 0.300000
-0.283825 0.402296 -0.199839 0.600000 0.000000 0.300000
-0.235683 0.677960 -0.255097 0.600000 0.300000 0.000000
-0.257755 0.096251 -0.195864 0.600000 0.000000 0.300000
0.308321 -0.708089 0.579116 0.600000 0.000000 0.300000
0.146914 0.328807 -0.183322 0.300000 0.000000 0.600000
-0.394644 -0.691755 -0.229248 1.000000 0.000000 0.000000
0.122992 0.578929 -0.247678 0.300000 0.000000 0.600000
0.291002 -0.123148 -0.145928 0.000000 0.500000 0.500000
-0.347964 -0.017527 -0.013991 0.600000 0.000000 0.300000
-0.368678 -0.013519 0.244869 0.600000 0.000000 0.300000
0.237107 0.241545 -0.133635 0.300000 0.000000 0.600000
0.173474 -0.043462 0.065347 0.600000 0.000000 0.300000
-0.136660 -0.060358 0.449175 0.600000 0.000000 0.300000
0.246623 0.057475 -0.133394 0.300000 0.000000 0.600000
-0.185509 0.185598 -0.138458 0.300000 0.000000 0.600000
0.094775 -0.138480 0.440533 0.600000 0.000000 0.300000
-0.290528 -0.099931 -0.043306 0.300000 0.600000 0.000000
0.027562 0.686806 -0.273523 0.600000 0.300000 0.000000
0.189325 0.462433 -0.209339 0.300000 0.000000 0.600000
0.366395 -0.087328 0.337849 0.600000 0.000000 0.300000
0.437163 -0.707548 -0.220135 0.300000 0.000000 0.600000
-0.326810 -0.702415 0.578575 0.500000 0.000000 0.500000
-0.141300 -0.042918 0.132092 0.600000 0.000000 0.300000
-0.110413 0.093993 -0.157334 0.300000 0.000000 0.600000
-0.256941 0.220814 -0.129166 0.600000 0.000000 0.300000
0.336373 0.541698 -0.177324 0.300000 0.000000 0.600000
-0.021076 0.361819 -0.203963 0.300000 0.000000 0.600000
-0.260377 -0.122187 0.051872 0.300000 0.600000 0.000000
0.352925 -0.086984 -0.035014 0.600000 0.000000 0.300000
0.301011 -0.022500 0.138296 0.600000 0.000000 0.300000
-0.223213 0.530491 -0.219883 0.300000 0.000000 0.600000
-0.159083 -0.047720 -0.119216 0.600000 0.000000 0.300000
0.231261 -0.124635 0.442154 0.600000 0.000000 0.300000
-0.054205 -0.139232 0.444399 0.600000 0.000000 0.300000
0.298659 -0.012518 -0.205064 0.300000 0.000000 0.600000
-0.121088 0.326797 -0.185954 0.300000 0.000000 0.600000
-0.313006 -0.101921 -0.138461 0.300000 0.600000 0.000000
-0.456271 -0.707610 -0.301949 0.500000 0.500000 0.000000
0.315534 0.761862 -0.281312 0.300000 0.000000 0.600000
0.128166 0.399577 -0.207602 0.300000 0.000000 0.600000
0.373986 -0.751856 0.532950 0.600000 0.300000 0.000000
-0.229615 0.035875 -0.141297 0.600000 0.000000 0.300000
0.371391 -0.742077 -0.291354 0.600000 0.000000 0.300000
-0.307856 -0.753801 0.528230 0.000000 0.500000 0.500000
0.109696 -0.043517 0.162010 0.600000 0.000000 0.300000
0.008270 -0.050955 0.421669 0.600000 0.000000 0.300000
0.297026 -0.111850 0.419725 0.600000 0.000000 0.300000
-0.379320 -0.700876 0.502949 0.300000 0.600000 0.000000
-0.302708 0.527992 -0.222590 0.600000 0.000000 0.300000
0.226861 -0.122539 -0.001931 0.000000 0.500000 0.500000
-0.408036 -0.396240 -0.158475 0.300000 0.600000 0.000000
0.094334 0.280712 -0.181737 0.300000 0.000000 0.600000
-0.216198 -0.040897 -0.060439 0.600000 0.000000 0.300000
0.175287 0.181011 -0.142728 0.300000 0.000000 0.600000
-0.288840 0.727949 -0.255318 0.600000 0.000000 0.300000
0.167154 -0.046174 -0.099830 0.600000 0.000000 0.300000
0.281494 0.354787 -0.144582 0.300000 0.000000 0.600000
0.178632 0.033959 -0.147400 0.300000 0.000000 0.600000
-0.239837 -0.104672 -0.177730 0.300000 0.600000 0.000000
0.334412 -0.695985 0.493605 0.600000 0.000000 0.300000
-0.037803 0.746285 -0.322836 0.600000 0.300000 0.000000
0.013575 0.289059 -0.187603 0.300000 0.000000 0.600000
0.361183 -0.090392 0.078684 0.600000 0.000000 0.300000
0.043099 0.591969 -0.258705 0.600000 0.300000 0.000000
0.353669 -0.256191 0.199941 0.300000 0.000000 0.600000
0.238530 -0.025810 0.268159 0.600000 0.000000 0.300000
-0.176145 0.751344 -0.317016 0.600000 0.300000 0.000000
-0.090887 0.242371 -0.170688 0.300000 0.000000 0.600000
0.060033 -0.038178 0.371775 0.600000 0.000000 0.300000
-0.289343 -0.008348 -0.154484 0.600000 0.000000 0.300000
-0.376386 -0.026232 0.169759 0.600000 0.000000 0.300000
-0.350338 -0.289601 0.204779 0.600000 0.000000 0.300000
-0.367824 0.617171 -0.239186 0.600000 0.000000 0.300000
-0.399865 -0.274876 -0.117139 0.300000 0.600000 0.000000
-0.096125 -0.066109 -0.187005 0.600000 0.000000 0.300000
-0.389034 -0.491893 -0.241571 0.300000 0.600000 0.000000
-0.329713 -0.345384 0.315209 0.600000 0.000000 0.300000
0.066686 -0.042869 0.212652 0.600000 0.000000 0.300000
0.291249 0.008765 -0.139342 0.300000 0.000000 0.600000
-0.304907 0.197319 -0.168495 0.600000 0.000000 0.300000
0.375773 -0.060365 0.278750 0.600000 0.000000 0.300000
-0.332686 -0.053433 0.443628 0.600000 0.000000 0.300000
0.323669 -0.333138 0.303539 0.300000 0.000000 0.600000
-0.394554 -0.599396 -0.272425 0.300000 0.600000 0.000000
-0.339453 0.320149 -0.164143 0.600000 0.000000 0.300000
-0.196955 -0.043183 0.001930 0.600000 0.000000 0.300000
0.270359 0.720667 -0.253957 0.300000 0.000000 0.600000
0.370505 0.649424 -0.249050 0.300000 0.000000 0.600000
0.296164 -0.179335 0.028445 1.000000 0.000000 0.000000
-0.051480 0.118794 -0.167222 0.300000 0.000000 0.600000
-0.290400 0.591214 -0.228700 0.600000 0.000000 0.300000
-0.042572 -0.027223 -0.176894 0.300000 0.000000 0.600000
-0.236252 -0.046924 -0.206541 0.300000 0.600000 0.000000
-0.368362 0.682993 -0.261731 0.600000 0.000000 0.300000
-0.050819 -0.045821 0.169559 0.600000 0.000000 0.300000
-0.162088 0.553939 -0.242243 0.300000 0.000000 0.600000
-0.076584 -0.055324 -0.051132 0.600000 0.000000 0.300000
-0.329322 0.445094 -0.153165 0.600000 0.000000 0.300000
0.208991 0.329564 -0.164925 0.300000 0.000000 0.600000
-0.246038 -0.048311 0.439960 0.600000 0.000000 0.300000
0.305363 0.458214 -0.161265 0.300000 0.000000 0.600000
0.353670 -0.571313 0.475240 0.300000 0.000000 0.600000
0.086680 -0.055642 -0.153699 0.600000 0.000000 0.300000
0.290181 0.156075 -0.177468 0.300000 0.000000 0.600000
0.083433 0.726517 -0.288887 0.600000 0.300000 0.000000
0.212618 -0.038493 0.016542 0.600000 0.000000 0.300000
-0.363578 -0.533300 0.434130 0.600000 0.000000 0.300000
-0.170025 -0.030370 0.345357 0.600000 0.000000 0.300000
0.310795 -0.024062 0.058754 0.600000 0.000000 0.300000
-0.102796 0.457471 -0.224774 0.300000 0.000000 0.600000
0.031550 -0.061958 -0.181478 0.600000 0.000000 0.300000
0.117002 -0.036467 0.292543 0.600000 0.000000 0.300000
-0.173600 0.645751 -0.255926 0.600000 0.300000 0.000000
0.225235 -0.113904 -0.123474 0.000000 0.500000 0.500000
0.195400 -0.033673 0.216241 0.600000 0.000000 0.300000
-0.120910 -0.036489 0.296908 0.600000 0.000000 0.300000
0.150065 -0.049715 0.435825 0.600000 0.000000 0.300000
-0.308697 0.039517 -0.191052 0.600000 0.000000 0.300000
0.107231 0.215595 -0.165576 0.300000 0.000000 0.600000
0.151313 0.641745 -0.256272 0.600000 0.300000 0.000000
0.240792 -0.032276 0.137118 0.600000 0.000000 0.300000
-0.361209 -0.021209 -0.072762 0.600000 0.000000 0.300000
-0.308596 0.121284 -0.175996 0.600000 0.000000 0.300000
0.133229 -0.077986 -0.185493 0.600000 0.000000 0.300000
0.374191 -0.178513 0.033403 1.000000 0.000000 0.000000
0.232675 0.182310 -0.125703 0.300000 0.000000 0.600000
-0.373338 -0.026135 0.408011 0.600000 0.000000 0.300000
0.347531 -0.076555 -0.095616 0.600000 0.000000 0.300000
-0.232714 -0.112750 -0.052672 0.300000 0.600000 0.000000
0.283892 -0.086928 -0.099242 0.000000 0.500000 0.500000
0.038954 0.160864 -0.168279 0.300000 0.000000 0.600000
0.318523 -0.016800 0.198368 0.600000 0.000000 0.300000
-0.303343 -0.014231 0.325657 0.600000 0.000000 0.300000
-0.113221 -0.150025 0.002193 1.000000 0.000000 0.000000
0.317407 -0.051516 0.444023 0.600000 0.000000 0.300000
0.372760 -0.741067 -0.232393 0.600000 0.000000 0.300000
-0.349942 -0.136378 0.051721 1.000000 0.000000 0.000000
-0.383531 -0.068505 0.359397 0.600000 0.000000 0.300000
0.057065 -0.124380 0.030101 1.000000 0.000000 0.000000
-0.269735 -0.177743 0.036274 1.000000 0.000000 0.000000
-0.070399 0.632320 -0.263083 0.600000 0.300000 0.000000
-0.321207 -0.443310 0.377534 0.600000 0.000000 0.300000
0.178784 -0.179119 0.031146 1.000000 0.000000 0.000000
-0.207772 0.289727 -0.158277 0.300000 0.000000 0.600000
0.349936 -0.503661 0.406770 0.300000 0.000000 0.600000
-0.220801 -0.038807 0.063504 0.600000 0.000000 0.300000
0.000365 0.050903 -0.173569 0.300000 0.000000 0.600000
0.311119 -0.012174 0.328257 0.600000 0.000000 0.300000
-0.019642 0.242258 -0.180877 0.300000 0.000000 0.600000
-0.104756 -0.012219 -0.168087 0.300000 0.000000 0.600000
0.396828 -0.221351 -0.056212 0.600000 0.300000 0.000000
-0.361003 -0.206011 0.135819 0.600000 0.000000 0.300000
-0.052914 -0.041725 0.382423 0.600000 0.000000 0.300000
-0.045056 -0.127601 0.042122 1.000000 0.000000 0.000000
0.406311 -0.388124 -0.156531 0.600000 0.300000 0.000000
-0.011695 -0.086773 0.461971 0.600000 0.000000 0.300000
0.371860 -0.028582 0.398613 0.600000 0.000000 0.300000
0.024467 -0.176086 0.042452 1.000000 0.000000 0.000000
-0.162837 -0.036637 0.225048 0.600000 0.000000 0.300000
-0.078265 0.361319 -0.202420 0.300000 0.000000 0.600000
0.393145 -0.292260 -0.132468 0.600000 0.300000 0.000000
0.319362 -0.410966 0.365202 0.300000 0.000000 0.600000
-0.157999 0.125703 -0.143178 0.300000 0.000000 0.600000
0.025523 0.472012 -0.234029 0.300000 0.000000 0.600000
-0.002943 -0.040920 0.277767 0.600000 0.000000 0.300000
0.449391 -0.691065 -0.272965 0.800000 0.200000 0.500000
-0.014283 0.649496 -0.266833 0.600000 0.300000 0.000000
0.255642 -0.040506 -0.162901 0.600000 0.000000 0.300000
0.113511 -0.138182 0.053420 1.000000 0.000000 0.000000
0.262175 0.237453 -0.183989 0.300000 0.000000 0.600000
-0.076906 0.567049 -0.253135 0.300000 0.000000 0.600000
-0.194475 -0.158806 0.055239 1.000000 0.000000 0.000000
-0.318308 0.510394 -0.171627 0.600000 0.000000 0.300000
0.305935 0.096500 -0.144124 0.300000 0.000000 0.600000
0.424107 -0.542512 -0.246935 0.600000 0.300000 0.000000
-0.378189 -0.691442 0.558170 0.300000 0.600000 0.000000
0.340141 -0.126869 0.039390 1.000000 0.000000 0.000000
0.305608 -0.122042 -0.050280 0.000000 0.500000 0.500000
0.362946 -0.018916 0.162305 0.600000 0.000000 0.300000
0.078797 0.544159 -0.246537 0.300000 0.000000 0.600000
0.226944 -0.038558 -0.044456 0.600000 0.000000 0.300000
0.259753 -0.026798 0.392824 0.600000 0.000000 0.300000
-0.037332 -0.057975 -0.092156 0.600000 0.000000 0.300000
0.132980 -0.048382 0.027571 0.600000 0.000000 0.300000
0.399643 -0.627194 -0.271933 0.600000 0.300000 0.000000
-0.190709 -0.048551 -0.168089 0.600000 0.000000 0.300000
0.276479 -0.124691 0.055411 0.000000 0.500000 0.500000
-0.302794 -0.016039 -0.207716 0.600000 0.000000 0.300000
-0.444148 -0.680699 -0.255035 0.500000 0.500000 0.000000
-0.107265 0.673225 -0.266315 0.600000 0.300000 0.000000
-0.104175 -0.048497 0.065831 0.600000 0.000000 0.300000
-0.271872 -0.151907 -0.027185 0.300000 0.600000 0.000000
-0.309446 -0.025842 0.028997 0.600000 0.000000 0.300000
0.352997 -0.206431 0.102120 0.300000 0.000000 0.600000
0.231670 0.430330 -0.189489 0.300000 0.000000 0.600000
0.322720 0.499049 -0.208722 0.300000 0.000000 0.600000
0.291920 0.249998 -0.122427 0.300000 0.000000 0.600000
-0.263570 0.280940 -0.135655 0.600000 0.000000 0.300000
-0.239246 -0.026742 0.270740 0.600000 0.000000 0.300000
0.289369 -0.024266 -0.086233 0.600000 0.000000 0.300000
-0.247879 0.377488 -0.167724 0.600000 0.000000 0.300000
0.357299 -0.646630 0.509030 0.300000 0.000000 0.600000
-0.313535 0.447268 -0.205111 0.600000 0.000000 0.300000
-0.101438 -0.044496 0.409597 0.600000 0.000000 0.300000
0.207098 -0.019635 -0.151423 0.300000 0.000000 0.600000
0.204672 -0.074546 0.454849 0.600000 0.000000 0.300000
-0.027927 0.538910 -0.251691 0.300000 0.000000 0.600000
-0.087372 -0.100846 0.462510 0.600000 0.000000 0.300000
-0.206043 0.724973 -0.272865 0.600000 0.300000 0.000000
0.367052 -0.074395 0.022292 0.600000 0.000000 0.300000
0.324015 0.618405 -0.230950 0.300000 0.000000 0.600000
-0.239902 -0.125859 0.428015 0.600000 0.000000 0.300000
-0.387568 -0.132378 0.011065 1.000000 0.000000 0.000000
0.086052 0.007848 -0.168837 0.300000 0.000000 0.600000
-0.310738 -0.123110 -0.089283 0.300000 0.600000 0.000000
0.133497 0.690307 -0.270239 0.600000 0.300000 0.000000
0.285204 0.185981 -0.115918 0.300000 0.000000 0.600000
-0.262765 0.637308 -0.233214 0.600000 0.300000 0.000000
0.192575 0.751884 -0.315010 0.600000 0.300000 0.000000
0.271514 0.360728 -0.197191 0.300000 0.000000 0.600000
-0.268995 -0.064645 -0.156949 0.300000 0.600000 0.000000
-0.056009 -0.042962 0.222593 0.600000 0.000000 0.300000
0.298306 0.404468 -0.153755 0.300000 0.000000 0.600000
-0.395372 -0.746883 -0.242971 0.000000 1.000000 0.000000
0.324015 0.709552 -0.239261 0.300000 0.000000 0.600000
0.319616 -0.672753 0.538803 0.600000 0.000000 0.300000
0.265519 -0.153518 -0.019946 0.000000 0.500000 0.500000
-0.385855 -0.681077 -0.282675 0.000000 1.000000 0.000000
-0.014916 -0.048878 0.121385 0.600000 0.000000 0.300000
0.129210 0.450759 -0.219818 0.300000 0.000000 0.600000
0.235002 0.672402 -0.246548 0.600000 0.300000 0.000000
0.410695 -0.713580 -0.311571 0.300000 0.000000 0.600000
-0.154704 -0.177314 0.020912 1.000000 0.000000 0.000000
-0.231524 0.154346 -0.125024 0.600000 0.000000 0.300000
0.245522 0.545160 -0.214417 0.300000 0.000000 0.600000
-0.293676 0.349642 -0.192353 0.600000 0.000000 0.300000
-0.275488 -0.023979 0.216407 0.600000 0.000000 0.300000
0.224147 0.104804 -0.135915 0.300000 0.000000 0.600000
-0.312449 -0.023586 0.111374 0.600000 0.000000 0.300000
-0.378959 -0.016163 0.295922 0.600000 0.000000 0.300000
-0.376220 -0.073386 0.073730 0.600000 0.000000 0.300000
-0.258135 -0.029206 0.160417 0.600000 0.000000 0.300000
0.363996 -0.082196 0.205891 0.600000 0.000000 0.300000
0.350780 -0.331916 0.259207 0.300000 0.000000 0.600000
0.030973 -0.054052 0.004681 0.600000 0.000000 0.300000
0.399104 -0.466251 -0.198662 0.600000 0.300000 0.000000
-0.049030 -0.051353 0.058673 0.600000 0.000000 0.300000
-0.199916 0.236127 -0.144654 0.300000 0.000000 0.600000
0.362490 -0.011115 0.271920 0.600000 0.000000 0.300000
-0.366470 -0.177778 0.022643 1.000000 0.000000 0.000000
-0.297453 0.291656 -0.174205 0.600000 0.000000 0.300000
0.063988 0.114040 -0.166526 0.300000 0.000000 0.600000
-0.150534 0.441342 -0.215489 0.300000 0.000000 0.600000
0.249888 0.294367 -0.142372 0.300000 0.000000 0.600000
-0.214001 0.481783 -0.207735 0.300000 0.000000 0.600000
-0.173690 -0.038310 0.175280 0.600000 0.000000 0.300000
-0.247612 -0.115456 -0.001139 0.600000 0.000000 0.300000
0.018708 0.392594 -0.212069 0.300000 0.000000 0.600000
0.347093 0.429334 -0.156970 0.300000 0.000000 0.600000
0.062282 -0.103559 0.462885 0.600000 0.000000 0.300000
0.242562 -0.099987 -0.046781 0.000000 0.500000 0.500000
0.057640 -0.050850 0.060325 0.600000 0.000000 0.300000
0.172547 0.589634 -0.240902 0.600000 0.300000 0.000000
-0.021396 -0.054034 0.013285 0.600000 0.000000 0.300000
-0.127341 -0.049598 0.010052 0.600000 0.000000 0.300000
0.109532 -0.149329 0.002380 1.000000 0.000000 0.000000
-0.061299 -0.037205 0.332736 0.600000 0.000000 0.300000
0.108485 -0.052622 -0.042443 0.600000 0.000000 0.300000
0.019147 -0.110776 -0.185140 0.600000 0.000000 0.300000
-0.329089 -0.015630 0.213521 0.600000 0.000000 0.300000
-0.370262 -0.213316 -0.055086 0.300000 0.600000 0.000000
-0.165333 0.383979 -0.192293 0.300000 0.000000 0.600000
0.201470 -0.028063 0.344567 0.600000 0.000000 0.300000
0.320217 -0.020035 -0.035930 0.600000 0.000000 0.300000
0.357993 -0.715415 0.580387 0.600000 0.000000 0.300000
-0.069685 0.409261 -0.214690 0.300000 0.000000 0.600000
-0.244276 -0.027963 0.382834 0.600000 0.000000 0.300000
0.198543 -0.129951 0.045293 1.000000 0.000000 0.000000
0.226244 -0.041287 -0.203491 0.000000 0.500000 0.500000
-0.335257 -0.108015 0.433065 0.600000 0.000000 0.300000
0.309638 0.324253 -0.172026 0.300000 0.000000 0.600000
-0.270474 0.105118 -0.127328 0.600000 0.000000 0.300000
-0.300669 0.385550 -0.144719 0.600000 0.000000 0.300000
-0.137638 0.211107 -0.158957 0.300000 0.000000 0.600000
-0.091475 -0.140464 0.054031 1.000000 0.000000 0.000000
-0.331832 0.706175 -0.237461 0.600000 0.000000 0.300000
-0.073143 -0.109996 -0.184988 0.600000 0.000000 0.300000
-0.280415 -0.086024 -0.104838 0.300000 0.600000 0.000000
-0.248575 0.432763 -0.183473 0.600000 0.000000 0.300000
-0.180682 0.070268 -0.146999 0.300000 0.000000 0.600000
-0.403461 -0.322819 -0.106390 0.300000 0.600000 0.000000
-0.234013 -0.092283 -0.130415 0.300000 0.600000 0.000000
-0.333171 -0.723153 0.488123 0.500000 0.000000 0.500000
0.244925 -0.108039 -0.171917 0.300000 0.000000 0.600000
0.204554 0.280102 -0.154644 0.300000 0.000000 0.600000
-0.366808 0.533525 -0.202343 0.600000 0.000000 0.300000
-0.116817 -0.052389 -0.082250 0.600000 0.000000 0.300000
0.227465 0.061691 -0.182998 0.300000 0.000000 0.600000
0.111307 0.109506 -0.155309 0.300000 0.000000 0.600000
-0.327841 0.624046 -0.211994 0.600000 0.000000 0.300000
-0.001853 0.723196 -0.296334 0.600000 0.300000 0.000000
0.158616 0.494916 -0.228989 0.300000 0.000000 0.600000
0.059907 -0.055655 -0.043878 0.600000 0.000000 0.300000
-0.135027 -0.049881 -0.162225 0.600000 0.000000 0.300000
0.332917 -0.159276 0.003673 1.000000 0.000000 0.000000
-0.414379 -0.473815 -0.204247 0.300000 0.600000 0.000000
-0.174504 -0.128144 0.015300 1.000000 0.000000 0.000000
0.111530 -0.043458 0.406503 0.600000 0.000000 0.300000
0.284305 0.460877 -0.208771 0.300000 0.000000 0.600000
-0.108070 0.046352 -0.164671 0.300000 0.000000 0.600000
0.246187 0.387601 -0.166145 0.300000 0.000000 0.600000
-0.165151 0.308111 -0.171064 0.300000 0.000000 0.600000
0.112988 -0.096552 0.460899 0.600000 0.000000 0.300000
-0.023161 -0.176144 0.016551 1.000000 0.000000 0.000000
-0.321938 -0.507970 0.427541 0.600000 0.000000 0.300000
-0.436311 -0.620079 -0.285974 0.300000 0.600000 0.000000
0.295453 0.274674 -0.168960 0.300000 0.000000 0.600000
-0.239380 -0.003222 -0.168947 0.600000 0.000000 0.300000
-0.181496 -0.132343 0.429071 0.600000 0.000000 0.300000
-0.148156 -0.038759 0.400569 0.600000 0.000000 0.300000
0.324792 -0.292561 0.211272 0.300000 0.000000 0.600000
-0.020248 0.492636 -0.242558 0.300000 0.000000 0.600000
-0.117427 0.517138 -0.239257 0.300000 0.000000 0.600000
0.029392 -0.057672 -0.081743 0.600000 0.000000 0.300000
0.269570 0.029176 -0.202538 0.300000 0.000000 0.600000
-0.367295 -0.020534 0.121409 0.600000 0.000000 0.300000
0.227501 0.497325 -0.211597 0.300000 0.000000 0.600000
-0.338755 -0.672286 0.540988 0.500000 0.000000 0.500000
0.047549 0.066215 -0.171831 0.300000 0.000000 0.600000
-0.290714 0.245194 -0.170772 0.600000 0.000000 0.300000
0.031039 0.637683 -0.262453 0.600000 0.300000 0.000000
-0.262877 0.554307 -0.211478 0.300000 0.000000 0.600000
-0.229921 0.126074 -0.172546 0.600000 0.000000 0.300000
-0.368423 -0.026782 0.030752 0.600000 0.000000 0.300000
0.225598 0.141895 -0.164610 0.300000 0.000000 0.600000
-0.231088 0.059309 -0.184824 0.600000 0.000000 0.300000
-0.098105 0.718441 -0.286475 0.600000 0.300000 0.000000
-0.308476 0.216223 -0.123538 0.600000 0.000000 0.300000
-0.038913 -0.058642 -0.138941 0.600000 0.000000 0.300000
-0.107667 -0.039477 0.252116 0.600000 0.000000 0.300000
-0.193659 -0.055282 0.446458 0.600000 0.000000 0.300000
0.154173 -0.038953 0.183618 0.600000 0.000000 0.300000
0.130799 -0.179014 0.031537 1.000000 0.000000 0.000000
-0.097177 -0.045123 0.147129 0.600000 0.000000 0.300000
-0.301281 0.756962 -0.289599 0.600000 0.000000 0.300000
0.219685 0.731252 -0.270709 0.600000 0.300000 0.000000
-0.193169 0.007093 -0.147853 0.300000 0.000000 0.600000
-0.344422 -0.351199 0.270881 0.600000 0.000000 0.300000
0.203928 -0.038428 0.100003 0.600000 0.000000 0.300000
-0.323641 -0.290184 0.243571 0.600000 0.000000 0.300000
-0.297246 -0.115002 0.015571 0.300000 0.600000 0.000000
-0.352472 -0.601952 0.458373 0.600000 0.000000 0.300000
0.330399 0.560604 -0.219042 0.300000 0.000000 0.600000
-0.331348 -0.015563 0.379474 0.600000 0.000000 0.300000
-0.360530 -0.418715 0.368418 0.600000 0.000000 0.300000
0.365944 0.514734 -0.200250 0.300000 0.000000 0.600000
0.260511 0.635167 -0.233033 0.600000 0.300000 0.000000
0.283463 0.111272 -0.185393 0.300000 0.000000 0.600000
-0.315728 -0.171103 0.048014 1.000000 0.000000 0.000000
0.134989 0.024849 -0.158332 0.300000 0.000000 0.600000
-0.154608 -0.105865 0.460311 0.600000 0.000000 0.300000
-0.382227 -0.058616 0.252986 0.600000 0.000000 0.300000
0.363453 -0.042937 -0.028352 0.600000 0.000000 0.300000
0.361812 -0.250352 -0.064980 0.600000 0.300000 0.000000
0.289916 -0.076465 -0.143211 0.000000 0.500000 0.500000
-0.332371 -0.011087 0.290788 0.600000 0.000000 0.300000
-0.365247 -0.060369 -0.102082 0.600000 0.000000 0.300000
0.144098 -0.043365 0.113274 0.600000 0.000000 0.300000
0.368363 -0.041527 0.053556 0.600000 0.000000 0.300000
0.377000 -0.079940 0.381814 0.600000 0.000000 0.300000
0.374747 -0.721839 0.499044 0.600000 0.300000 0.000000
-0.306466 0.304388 -0.129669 0.600000 0.000000 0.300000
-0.438125 -0.750934 -0.285205 0.500000 0.500000 0.000000
-0.371389 -0.056127 -0.016488 0.600000 0.000000 0.300000
-0.320480 -0.616328 0.489201 0.600000 0.000000 0.300000
-0.250430 0.224180 -0.181826 0.600000 0.000000 0.300000
0.326320 -0.194281 0.136446 0.300000 0.000000 0.600000
0.031148 -0.071737 0.456160 0.600000 0.000000 0.300000
0.074474 -0.046930 0.130369 0.600000 0.000000 0.300000
0.297081 -0.050769 -0.179816 0.300000 0.000000 0.600000
0.376509 -0.160930 -0.009590 0.600000 0.300000 0.000000
-0.412304 -0.708470 -0.311189 1.000000 0.000000 0.000000
-0.362593 -0.748915 0.510256 0.300000 0.600000 0.000000
-0.307241 -0.024870 -0.031396 0.600000 0.000000 0.300000
-0.173699 0.597002 -0.247239 0.600000 0.300000 0.000000
0.188715 -0.127100 0.428161 0.600000 0.000000 0.300000
0.314241 -0.474987 0.397549 0.300000 0.000000 0.600000
-0.289011 -0.108811 -0.177225 0.300000 0.600000 0.000000
-0.251496 -0.033497 -0.092816 0.600000 0.000000 0.300000
0.040191 -0.037298 0.331686 0.600000 0.000000 0.300000
-0.100174 0.287907 -0.178902 0.300000 0.000000 0.600000
0.326767 -0.225495 0.181738 0.300000 0.000000 0.600000
0.149808 0.539778 -0.240779 0.300000 0.000000 0.600000
-0.014605 0.007629 -0.176439 0.300000 0.000000 0.600000
0.198206 0.223202 -0.145467 0.300000 0.000000 0.600000
0.245092 0.001151 -0.140787 0.300000 0.000000 0.600000
0.376789 -0.401477 -0.187168 0.600000 0.300000 0.000000
-0.361983 -0.375877 0.311283 0.600000 0.000000 0.300000
0.086317 -0.040431 0.252556 0.600000 0.000000 0.300000
0.138746 -0.134745 0.434680 0.600000 0.000000 0.300000
0.356191 -0.033886 -0.121842 0.600000 0.000000 0.300000
0.048675 -0.164304 0.005020 1.000000 0.000000 0.000000
0.087822 -0.036346 0.337102 0.600000 0.000000 0.300000
0.255994 -0.033217 0.033465 0.600000 0.000000 0.300000
0.356214 -0.545042 0.439486 0.300000 0.000000 0.600000
-0.171278 -0.042612 0.096601 0.600000 0.000000 0.300000
-0.392624 -0.361853 -0.181915 0.300000 0.600000 0.000000
-0.359634 -0.247036 0.196564 0.600000 0.000000 0.300000
-0.265130 -0.030285 0.115942 0.600000 0.000000 0.300000
0.334808 0.499282 -0.164632 0.300000 0.000000 0.600000
-0.332472 0.412491 -0.185303 0.600000 0.000000 0.300000
0.125758 -0.051106 -0.085088 0.600000 0.000000 0.300000
-0.069146 -0.137122 0.006321 1.000000 0.000000 0.000000
0.412731 -0.473888 -0.241764 0.600000 0.300000 0.000000
-0.418540 -0.355340 -0.146019 0.300000 0.600000 0.000000
0.406949 -0.333123 -0.124162 0.600000 0.300000 0.000000
0.075570 0.471828 -0.231755 0.300000 0.000000 0.600000
0.271405 -0.098942 0.452952 0.600000 0.000000 0.300000
0.315482 -0.746303 0.558748 0.300000 0.000000 0.600000
-0.235591 0.323648 -0.158350 0.600000 0.000000 0.300000
-0.165181 -0.047336 -0.075095 0.600000 0.000000 0.300000
-0.269184 0.138521 -0.187598 0.600000 0.000000 0.300000
0.235046 -0.168237 0.007905 1.000000 0.000000 0.000000
-0.347766 0.662076 -0.220769 0.600000 0.000000 0.300000
0.302579 0.684383 -0.268002 0.300000 0.000000 0.600000
-0.310948 -0.052241 -0.155426 0.600000 0.000000 0.300000
-0.068311 0.199468 -0.166736 0.300000 0.000000 0.600000
0.149093 0.066040 -0.150794 0.300000 0.000000 0.600000
-0.371462 -0.257373 -0.088434 0.300000 0.600000 0.000000
-0.304709 0.564209 -0.194643 0.600000 0.000000 0.300000
0.295953 -0.709751 0.514766 0.300000 0.000000 0.600000
-0.058646 0.466739 -0.234140 0.300000 0.000000 0.600000
0.159940 -0.148838 0.056275 1.000000 0.000000 0.000000
0.289857 0.054707 -0.138201 0.300000 0.000000 0.600000
0.085470 0.601519 -0.256684 0.600000 0.300000 0.000000
0.385574 -0.555312 -0.266430 0.600000 0.300000 0.000000
0.211912 -0.034048 0.169850 0.600000 0.000000 0.300000
-0.199640 -0.042514 -0.104077 0.600000 0.000000 0.300000
0.310991 0.379184 -0.186707 0.300000 0.000000 0.600000
0.319208 0.433070 -0.194886 0.300000 0.000000 0.600000
-0.003838 -0.045939 0.177740 0.600000 0.000000 0.300000
0.416024 -0.671659 -0.253165 0.300000 0.000000 0.600000
0.375605 -0.694385 -0.294816 0.600000 0.000000 0.300000
-0.113505 -0.178008 0.035288 1.000000 0.000000 0.000000
-0.247293 -0.092359 0.454545 0.600000 0.000000 0.300000
0.243089 0.587069 -0.224701 0.300000 0.000000 0.600000
-0.272902 0.031337 -0.159009 0.600000 0.000000 0.300000
-0.014923 -0.155108 0.056230 1.000000 0.000000 0.000000
0.035439 -0.041629 0.249028 0.600000 0.000000 0.300000
-0.431965 -0.711326 -0.219916 1.000000 0.000000 0.000000
-0.361489 -0.174250 0.068881 0.600000 0.000000 0.300000
0.017645 0.342880 -0.202192 0.300000 0.000000 0.600000
0.300316 -0.095653 -0.180422 0.000000 0.500000 0.500000
0.289055 0.543017 -0.195383 0.300000 0.000000 0.600000
-0.288593 -0.052788 0.444925 0.600000 0.000000 0.300000
0.128517 -0.050602 -0.131982 0.600000 0.000000 0.300000
-0.285758 0.428474 -0.162481 0.600000 0.000000 0.300000
0.342015 0.654787 -0.217044 0.300000 0.000000 0.600000
-0.429892 -0.507781 -0.231858 0.300000 0.600000 0.000000
0.296265 -0.130992 -0.095664 0.000000 0.500000 0.500000
0.172735 -0.044173 -0.144161 0.600000 0.000000 0.300000
0.062980 0.384279 -0.210852 0.300000 0.000000 0.600000
-0.334156 -0.484635 0.384798 0.600000 0.000000 0.300000
-0.262297 -0.033555 -0.050171 0.600000 0.000000 0.300000
-0.408926 -0.432448 -0.181463 0.300000 0.600000 0.000000
0.287637 -0.026621 0.097929 0.600000 0.000000 0.300000
0.159585 -0.036778 0.388706 0.600000 0.000000 0.300000
0.053633 0.303548 -0.189428 0.300000 0.000000 0.600000
0.314484 -0.576210 0.459330 0.300000 0.000000 0.600000
0.262872 0.092275 -0.153455 0.300000 0.000000 0.600000
-0.415081 -0.559694 -0.286862 0.300000 0.600000 0.000000
0.392491 -0.704623 -0.220969 0.300000 0.000000 0.600000
0.050340 -0.057666 -0.120111 0.600000 0.000000 0.300000
0.131217 0.182537 -0.154586 0.300000 0.000000 0.600000
0.321870 0.345799 -0.136123 0.300000 0.000000 0.600000
0.333005 -0.451729 0.361165 0.300000 0.000000 0.600000
0.193042 -0.031716 0.258283 0.600000 0.000000 0.300000
-0.202841 -0.028208 0.319011 0.600000 0.000000 0.300000
-0.214202 -0.126277 0.037182 1.000000 0.000000 0.000000
0.202116 0.068435 -0.141798 0.300000 0.000000 0.600000
0.296772 -0.026882 0.019171 0.600000 0.000000 0.300000
-0.322863 0.716002 -0.277383 0.600000 0.000000 0.300000
0.160652 0.426138 -0.205001 0.300000 0.000000 0.600000
-0.268039 0.182158 -0.116956 0.600000 0.000000 0.300000
-0.000336 -0.031628 -0.180629 0.300000 0.000000 0.600000
0.279002 -0.021878 0.234135 0.600000 0.000000 0.300000
-0.270528 0.054218 -0.200198 0.600000 0.000000 0.300000
-0.369368 -0.724788 0.583130 0.500000 0.000000 0.500000
0.240045 -0.078150 -0.139293 0.000000 0.500000 0.500000
-0.257625 0.069242 -0.146414 0.600000 0.000000 0.300000
0.377048 -0.049740 0.352569 0.600000 0.000000 0.300000
-0.037516 0.076814 -0.169224 0.300000 0.000000 0.600000
0.221556 -0.043949 0.432024 0.600000 0.000000 0.300000
0.073546 0.746720 -0.323993 0.600000 0.300000 0.000000
0.330081 -0.099256 0.441712 0.600000 0.000000 0.300000
0.048580 -0.045805 0.411079 0.600000 0.000000 0.300000
0.401653 -0.156661 0.055814 1.000000 0.000000 0.000000
-0.312733 -0.018561 -0.121587 0.600000 0.000000 0.300000
0.150187 0.144474 -0.146320 0.300000 0.000000 0.600000
-0.064484 0.158158 -0.163939 0.300000 0.000000 0.600000
0.281120 0.200951 -0.178188 0.300000 0.000000 0.600000
0.367963 -0.295366 -0.099646 0.600000 0.300000 0.000000
-0.236942 0.188096 -0.148487 0.600000 0.000000 0.300000
0.135101 0.280006 -0.174267 0.300000 0.000000 0.600000
0.332427 -0.361609 0.336183 0.300000 0.000000 0.600000
0.121877 0.360963 -0.194042 0.300000 0.000000 0.600000
0.266176 0.076176 -0.199352 0.300000 0.000000 0.600000
-0.208634 -0.028559 0.360106 0.600000 0.000000 0.300000
0.355037 -0.608174 0.493808 0.300000 0.000000 0.600000
-0.001943 0.145541 -0.166393 0.300000 0.000000 0.600000
-0.182291 -0.045820 -0.037498 0.600000 0.000000 0.300000
0.318953 -0.015818 -0.113674 0.600000 0.000000 0.300000
0.307233 0.154072 -0.139995 0.300000 0.000000 0.600000
0.328612 0.255903 -0.153244 0.300000 0.000000 0.600000
0.017504 0.431489 -0.225574 0.300000 0.000000 0.600000
0.346051 -0.012204 0.367658 0.600000 0.000000 0.300000
-0.117481 0.561730 -0.248805 0.300000 0.000000 0.600000
0.014993 0.193904 -0.173096 0.300000 0.000000 0.600000
-0.246889 0.726197 -0.268874 0.600000 0.300000 0.000000
-0.325566 0.488366 -0.205506 0.600000 0.000000 0.300000
-0.390116 -0.222511 -0.018962 0.300000 0.600000 0.000000
0.033867 -0.049555 0.093646 0.600000 0.000000 0.300000
0.074135 0.189315 -0.163570 0.300000 0.000000 0.600000
0.200656 -0.041874 -0.075618 0.600000 0.000000 0.300000
0.172116 -0.043614 0.014222 0.600000 0.000000 0.300000
0.224390 -0.025647 0.306516 0.600000 0.000000 0.300000
0.167706 0.723107 -0.281429 0.600000 0.300000 0.000000
0.279644 -0.019122 0.289176 0.600000 0.000000 0.300000
0.347789 -0.361990 0.287658 0.300000 0.000000 0.600000
-0.327850 -0.218058 0.115273 0.600000 0.000000 0.300000
-0.334617 -0.374376 0.343511 0.600000 0.000000 0.300000
-0.148403 -0.010448 -0.161526 0.300000 0.000000 0.600000
-0.244139 -0.036200 0.029408 0.600000 0.000000 0.300000
-0.116429 -0.105670 -0.184214 0.600000 0.000000 0.300000
-0.302612 -0.718572 0.547919 0.000000 0.500000 0.500000
0.062215 -0.032078 -0.175987 0.300000 0.000000 0.600000
-0.216877 0.642639 -0.248329 0.600000 0.300000 0.000000
-0.200192 0.563861 -0.232805 0.300000 0.000000 0.600000
0.341606 -0.010979 0.237237 0.600000 0.000000 0.300000
-0.391169 -0.530030 -0.260026 0.300000 0.600000 0.000000
0.396274 -0.359495 -0.183208 0.600000 0.300000 0.000000
-0.209318 0.388455 -0.181198 0.300000 0.000000 0.600000
-0.284967 0.688099 -0.242271 0.600000 0.000000 0.300000
0.173019 0.300248 -0.169473 0.300000 0.000000 0.600000
0.023149 -0.134039 0.049381 1.000000 0.000000 0.000000
-0.276031 -0.126660 -0.139203 0.300000 0.600000 0.000000
-0.307865 0.081745 -0.169084 0.600000 0.000000 0.300000
-0.374934 -0.081828 0.169567 0.600000 0.000000 0.300000
-0.148353 0.170851 -0.148919 0.300000 0.000000 0.600000
-0.328369 0.578600 -0.227143 0.600000 0.000000 0.300000
0.265634 0.446840 -0.176302 0.300000 0.000000 0.600000
-0.318181 0.342249 -0.134904 0.600000 0.000000 0.300000
0.247355 0.340724 -0.164085 0.300000 0.000000 0.600000
0.356110 -0.413925 0.349847 0.300000 0.000000 0.600000
0.371378 -0.055452 0.122631 0.600000 0.000000 0.300000
0.339953 0.603060 -0.197844 0.300000 0.000000 0.600000
0.160165 0.370187 -0.188305 0.300000 0.000000 0.600000
0.159459 -0.031245 0.338730 0.600000 0.000000 0.300000
0.324410 -0.491360 0.434710 0.300000 0.000000 0.600000
0.189509 0.657674 -0.252514 0.600000 0.300000 0.000000
0.394945 -0.207786 -0.018885 0.600000 0.300000 0.000000
0.288806 -0.018290 0.363901 0.600000 0.000000 0.300000
0.091973 -0.050780 0.040412 0.600000 0.000000 0.300000
-0.148614 0.736943 -0.290946 0.600000 0.300000 0.000000
-0.025703 -0.039495 0.310212 0.600000 0.000000 0.300000
0.273386 -0.025442 -0.130295 0.600000 0.000000 0.300000
-0.294349 -0.143902 -0.059840 0.300000 0.600000 0.000000
-0.394774 -0.396868 -0.202267 0.300000 0.600000 0.000000
0.111109 -0.041477 0.201543 0.600000 0.000000 0.300000
0.067015 -0.151562 0.057005 1.000000 0.000000 0.000000
-0.363145 -0.564178 0.462858 0.600000 0.000000 0.300000
-0.244800 -0.092142 -0.084118 0.300000 0.600000 0.000000
0.407231 -0.589708 -0.253958 0.600000 0.300000 0.000000
0.192606 0.142721 -0.133940 0.300000 0.000000 0.600000
0.090432 -0.073612 -0.189698 0.600000 0.000000 0.300000
0.188762 -0.144586 0.003650 1.000000 0.000000 0.000000
0.402733 -0.518926 -0.269926 0.600000 0.300000 0.000000
-0.231664 -0.174031 0.045086 1.000000 0.000000 0.000000
0.242810 0.269742 -0.172908 0.300000 0.000000 0.600000
0.260520 -0.015592 -0.213727 0.300000 0.000000 0.600000
0.283327 -0.034690 0.426429 0.600000 0.000000 0.300000
0.041127 0.719293 -0.290809 0.600000 0.300000 0.000000
0.448568 -0.738271 -0.243625 0.800000 0.200000 0.500000
0.373411 -0.051839 0.182992 0.600000 0.000000 0.300000
-0.041602 -0.055713 -0.028233 0.600000 0.000000 0.300000
-0.230739 0.260428 -0.141604 0.600000 0.000000 0.300000
0.338051 -0.016241 0.127220 0.600000 0.000000 0.300000
-0.016758 0.313118 -0.193252 0.300000 0.000000 0.600000
-0.394107 -0.288551 -0.080939 0.300000 0.600000 0.000000
0.268285 0.030891 -0.161995 0.300000 0.000000 0.600000
0.243456 -0.125257 0.033375 1.000000 0.000000 0.000000
-0.145150 -0.036197 0.262679 0.600000 0.000000 0.300000
0.134697 -0.046226 0.069004 0.600000 0.000000 0.300000
0.234866 -0.092953 -0.091979 0.000000 0.500000 0.500000
-0.401215 -0.637206 -0.280673 0.300000 0.600000 0.000000
0.287448 0.316962 -0.137078 0.300000 0.000000 0.600000
-0.346140 -0.242285 0.142534 0.600000 0.000000 0.300000
-0.278160 0.520753 -0.193275 0.600000 0.000000 0.300000
0.234439 -0.144853 -0.041653 0.000000 0.500000 0.500000
0.264403 -0.109121 -0.014292 0.300000 0.000000 0.600000
0.374644 -0.062074 0.238522 0.600000 0.000000 0.300000
-0.265536 0.140224 -0.146788 0.600000 0.000000 0.300000
-0.381861 -0.040518 0.218630 0.600000 0.000000 0.300000
0.058960 -0.044970 0.174655 0.600000 0.000000 0.300000
-0.057006 0.258844 -0.182169 0.300000 0.000000 0.600000
0.057313 0.504582 -0.241744 0.300000 0.000000 0.600000
0.348059 0.747596 -0.265815 0.300000 0.000000 0.600000
-0.322161 -0.319758 0.274462 0.600000 0.000000 0.300000
-0.348541 -0.131817 0.011627 1.000000 0.000000 0.000000
0.234429 0.208884 -0.154197 0.300000 0.000000 0.600000
0.311738 0.720086 -0.279712 0.300000 0.000000 0.600000
-0.265036 -0.022571 -0.214921 0.600000 0.000000 0.300000
0.004949 0.572661 -0.253373 0.300000 0.000000 0.600000
0.379314 -0.437139 -0.214497 0.600000 0.300000 0.000000
0.333213 -0.177028 0.038941 1.000000 0.000000 0.000000
-0.323986 -0.259535 0.204313 0.600000 0.000000 0.300000
-0.253918 -0.155898 0.008762 0.600000 0.000000 0.300000
-0.271414 0.318327 -0.183891 0.600000 0.000000 0.300000
-0.290557 -0.018402 0.361713 0.600000 0.000000 0.300000
-0.312849 -0.127161 -0.027827 0.300000 0.600000 0.000000
-0.360809 0.449697 -0.174758 0.600000 0.000000 0.300000
0.064007 0.675787 -0.268364 0.600000 0.300000 0.000000
-0.198145 0.681922 -0.262180 0.600000 0.300000 0.000000
-0.333126 -0.556642 0.434836 0.600000 0.000000 0.300000
-0.016913 -0.139315 0.435424 0.600000 0.000000 0.300000
0.226943 -0.077024 -0.189632 0.000000 0.500000 0.500000
0.356054 -0.047208 0.430977 0.600000 0.000000 0.300000
-0.274389 -0.026604 -0.124337 0.600000 0.000000 0.300000
-0.099790 -0.052410 -0.016370 0.600000 0.000000 0.300000
0.217064 0.026980 -0.143929 0.300000 0.000000 0.600000
0.208508 0.569753 -0.232816 0.300000 0.000000 0.600000
-0.427436 -0.584287 -0.260117 0.300000 0.600000 0.000000
-0.357070 -0.504554 0.409568 0.600000 0.000000 0.300000
0.270952 -0.026717 0.161343 0.600000 0.000000 0.300000
0.424585 -0.614319 -0.297601 0.600000 0.300000 0.000000
0.306434 -0.014368 -0.167902 0.300000 0.000000 0.600000
-0.349896 -0.593228 0.495468 0.600000 0.000000 0.300000
0.214503 -0.039071 0.062135 0.600000 0.000000 0.300000
-0.211465 -0.035559 0.162213 0.600000 0.000000 0.300000
-0.364871 0.565646 -0.222194 0.600000 0.000000 0.300000
-0.062045 0.725906 -0.295009 0.600000 0.300000 0.000000
-0.179342 -0.039967 0.134451 0.600000 0.000000 0.300000
0.099778 0.325450 -0.188985 0.300000 0.000000 0.600000
0.317689 -0.262016 0.184717 0.300000 0.000000 0.600000
0.343400 0.313050 -0.159395 0.300000 0.000000 0.600000
-0.131059 0.642241 -0.258830 0.600000 0.300000 0.000000
0.355271 -0.184043 0.068698 0.300000 0.000000 0.600000
-0.339168 0.541216 -0.177617 0.600000 0.000000 0.300000
-0.115746 0.131822 -0.155352 0.300000 0.000000 0.600000
-0.162047 0.347599 -0.182415 0.300000 0.000000 0.600000
0.049587 0.264467 -0.181208 0.300000 0.000000 0.600000
-0.219256 -0.074665 -0.168163 0.600000 0.000000 0.300000
-0.064351 -0.057754 -0.168760 0.600000 0.000000 0.300000
-0.362251 -0.451725 0.386260 0.600000 0.000000 0.300000
0.363628 0.557555 -0.201850 0.300000 0.000000 0.600000
-0.210436 -0.031329 0.247124 0.600000 0.000000 0.300000
-0.304758 0.158431 -0.172713 0.600000 0.000000 0.300000
0.254526 0.150145 -0.187383 0.300000 0.000000 0.600000
0.376525 -0.050089 0.315119 0.600000 0.000000 0.300000
0.100027 0.424665 -0.218242 0.300000 0.000000 0.600000
0.347863 0.682302 -0.248510 0.300000 0.000000 0.600000
-0.405035 -0.170886 0.010554 1.000000 0.000000 0.000000
-0.052172 0.332888 -0.199025 0.300000 0.000000 0.600000
-0.359740 -0.199821 0.095866 0.600000 0.000000 0.300000
-0.424248 -0.675660 -0.286070 1.000000 0.000000 0.000000
-0.289748 -0.144790 0.055190 1.000000 0.000000 0.000000
-0.414567 -0.464888 -0.242035 0.300000 0.600000 0.000000
-0.091070 -0.136360 0.450137 0.600000 0.000000 0.300000
-0.017872 -0.042985 0.394687 0.600000 0.000000 0.300000
0.021237 -0.040945 0.386423 0.600000 0.000000 0.300000
-0.123012 -0.052203 -0.126640 0.600000 0.000000 0.300000
-0.310439 0.181147 -0.135376 0.600000 0.000000 0.300000
0.315274 -0.727231 0.488167 0.600000 0.000000 0.300000
0.336534 -0.685869 0.570295 0.600000 0.000000 0.300000
-0.109311 -0.045968 0.112246 0.600000 0.000000 0.300000
-0.319175 0.375253 -0.184756 0.600000 0.000000 0.300000
-0.254051 -0.079178 -0.203979 0.300000 0.600000 0.000000
-0.383198 -0.032007 0.372063 0.600000 0.000000 0.300000
-0.099986 -0.064001 0.451109 0.600000 0.000000 0.300000
0.203183 -0.040169 -0.112372 0.600000 0.000000 0.300000
-0.307831 0.106905 -0.142050 0.600000 0.000000 0.300000
0.263091 -0.127462 -0.122227 0.300000 0.000000 0.600000
-0.363673 0.721916 -0.258297 0.600000 0.000000 0.300000
0.305548 -0.142123 0.041125 0.000000 0.500000 0.500000
-0.034748 0.398025 -0.216297 0.300000 0.000000 0.600000
0.321738 -0.200519 0.083779 0.300000 0.000000 0.600000
-0.361339 -0.090995 -0.011387 0.600000 0.000000 0.300000
0.354451 -0.299373 0.235838 0.300000 0.000000 0.600000
-0.069672 -0.002610 -0.175314 0.300000 0.000000 0.600000
0.321063 -0.645285 0.514000 0.300000 0.000000 0.600000
0.257725 -0.032279 -0.063205 0.600000 0.000000 0.300000
-0.379156 -0.051491 0.140067 0.600000 0.000000 0.300000
0.224610 -0.123362 -0.073580 0.000000 0.500000 0.500000
0.293963 0.631469 -0.247042 0.300000 0.000000 0.600000
-0.315513 -0.024659 0.075064 0.600000 0.000000 0.300000
-0.004751 -0.060211 -0.158149 0.600000 0.000000 0.300000
0.315391 -0.323388 0.260585 0.300000 0.000000 0.600000
-0.456169 -0.714948 -0.257773 0.500000 0.500000 0.000000
0.360915 -0.057714 -0.067616 0.600000 0.000000 0.300000
-0.283746 0.253000 -0.124263 0.600000 0.000000 0.300000
-0.298858 0.623286 -0.243416 0.600000 0.000000 0.300000
0.100517 -0.026051 -0.169485 0.300000 0.000000 0.600000
-0.323323 -0.650878 0.499643 0.600000 0.000000 0.300000
-0.383686 -0.047627 0.329826 0.600000 0.000000 0.300000
-0.374983 -0.301146 -0.118204 0.300000 0.600000 0.000000
-0.147519 0.083274 -0.153211 0.300000 0.000000 0.600000
0.231441 0.146197 -0.125052 0.300000 0.000000 0.600000
-0.359131 -0.332849 0.298316 0.600000 0.000000 0.300000
-0.047987 -0.085580 0.461856 0.600000 0.000000 0.300000
-0.136124 0.286701 -0.176308 0.300000 0.000000 0.600000
-0.355404 -0.018047 -0.108554 0.600000 0.000000 0.300000
-0.321973 0.750486 -0.260830 0.600000 0.000000 0.300000
-0.243697 0.505079 -0.204777 0.300000 0.000000 0.600000
-0.345428 -0.318476 0.237656 0.600000 0.000000 0.300000
0.397275 -0.429348 -0.177380 0.600000 0.300000 0.000000
0.047341 -0.140011 0.432779 0.600000 0.000000 0.300000
0.327541 -0.019584 0.093030 0.600000 0.000000 0.300000
-0.142560 -0.039857 0.195222 0.600000 0.000000 0.300000
-0.382097 -0.719857 0.533301 0.300000 0.600000 0.000000
0.152943 0.213198 -0.154557 0.300000 0.000000 0.600000
0.146077 -0.035058 0.271634 0.600000 0.000000 0.300000
0.330527 -0.010601 0.290725 0.600000 0.000000 0.300000
0.299339 0.017411 -0.185388 0.300000 0.000000 0.600000
-0.032059 -0.119541 0.464421 0.600000 0.000000 0.300000
0.375561 -0.254091 -0.097779 0.600000 0.300000 0.000000
0.115458 0.622462 -0.256895 0.600000 0.300000 0.000000
0.370626 -0.138956 0.053627 1.000000 0.000000 0.000000
-0.071450 0.087183 -0.164860 0.300000 0.000000 0.600000
0.390675 -0.661802 -0.291516 0.600000 0.300000 0.000000
0.238972 -0.036890 -0.010857 0.600000 0.000000 0.300000
0.236906 -0.089825 0.455001 0.600000 0.000000 0.300000
0.257791 0.207629 -0.125208 0.300000 0.000000 0.600000
-0.133486 0.365598 -0.193880 0.300000 0.000000 0.600000
-0.253480 0.593013 -0.224070 0.300000 0.000000 0.600000
0.006290 0.612055 -0.261709 0.600000 0.300000 0.000000
0.113846 0.539434 -0.242252 0.300000 0.000000 0.600000
0.327279 -0.260162 0.225807 0.300000 0.000000 0.600000
0.233899 -0.025266 0.366080 0.600000 0.000000 0.300000
-0.377122 -0.043838 0.093502 0.600000 0.000000 0.300000
0.375242 -0.718864 0.545992 0.600000 0.300000 0.000000
0.158647 -0.165449 0.005327 1.000000 0.000000 0.000000
-0.229889 -0.039301 -0.027748 0.600000 0.000000 0.300000
-0.331217 -0.528061 0.455742 0.600000 0.000000 0.300000
-0.377525 -0.709464 -0.263146 0.000000 1.000000 0.000000
0.449945 -0.721539 -0.291033 0.800000 0.200000 0.500000
-0.349530 -0.680319 0.508217 0.500000 0.000000 0.500000
0.275735 -0.095963 -0.058462 0.000000 0.500000 0.500000
0.361537 -0.217632 -0.051657 0.600000 0.300000 0.000000
-0.034306 -0.142525 0.004202 1.000000 0.000000 0.000000
0.332620 0.397789 -0.144159 0.300000 0.000000 0.600000
0.282748 0.759770 -0.294215 0.300000 0.000000 0.600000
0.294749 -0.154497 0.003442 0.000000 0.500000 0.500000
-0.220150 0.073209 -0.138599 0.600000 0.000000 0.300000
-0.136429 -0.033144 0.335127 0.600000 0.000000 0.300000
-0.261222 0.005876 -0.137692 0.600000 0.000000 0.300000
0.295618 -0.696848 0.547842 0.300000 0.000000 0.600000
-0.359023 -0.083581 0.441729 0.600000 0.000000 0.300000
0.350245 -0.210811 0.156214 0.300000 0.000000 0.600000
-0.197769 0.152299 -0.134648 0.600000 0.000000 0.300000
-0.176070 0.522031 -0.229896 0.300000 0.000000 0.600000
0.219186 0.365625 -0.170833 0.300000 0.000000 0.600000
-0.325208 -0.410918 0.364618 0.600000 0.000000 0.300000
0.212469 -0.050557 -0.171700 0.600000 0.000000 0.300000
0.363477 -0.684661 0.509540 0.600000 0.300000 0.000000
-0.384734 -0.372184 -0.148254 0.300000 0.600000 0.000000
0.185028 -0.050345 0.437419 0.600000 0.000000 0.300000
-0.187280 0.459417 -0.211038 0.300000 0.000000 0.600000
0.197454 0.430354 -0.196802 0.300000 0.000000 0.600000
0.362176 -0.088095 0.113569 0.600000 0.000000 0.300000
0.011041 -0.170940 0.010608 1.000000 0.000000 0.000000
0.111453 -0.054356 0.441290 0.600000 0.000000 0.300000
-0.114018 -0.124976 0.032328 1.000000 0.000000 0.000000
0.301977 0.501896 -0.178543 0.300000 0.000000 0.600000
0.122443 0.724165 -0.287250 0.600000 0.300000 0.000000
-0.343193 -0.014797 0.171822 0.600000 0.000000 0.300000
0.325370 0.648436 -0.248606 0.300000 0.000000 0.600000
-0.239848 -0.034853 0.092404 0.600000 0.000000 0.300000
-0.161865 -0.046974 0.013838 0.600000 0.000000 0.300000
-0.350915 -0.269695 0.236552 0.600000 0.000000 0.300000
-0.311661 0.471954 -0.166553 0.600000 0.000000 0.300000
-0.280311 -0.018963 0.298060 0.600000 0.000000 0.300000
0.163727 -0.061142 -0.179634 0.600000 0.000000 0.300000
-0.002414 -0.050357 0.089000 0.600000 0.000000 0.300000
0.262583 0.160984 -0.142385 0.300000 0.000000 0.600000
-0.101952 0.206601 -0.162012 0.300000 0.000000 0.600000
-0.327281 -0.013676 0.256561 0.600000 0.000000 0.300000
-0.403912 -0.221064 -0.050758 0.300000 0.600000 0.000000
-0.235198 0.088966 -0.167341 0.600000 0.000000 0.300000
0.098932 0.692830 -0.270863 0.600000 0.300000 0.000000
-0.125112 0.484136 -0.230186 0.300000 0.000000 0.600000
-0.087122 0.326874 -0.192817 0.300000 0.000000 0.600000
-0.211067 0.754163 -0.311931 0.600000 0.300000 0.000000
-0.312876 -0.046884 -0.189997 0.300000 0.600000 0.000000
-0.053853 -0.158944 0.055202 1.000000 0.000000 0.000000
-0.308854 0.685662 -0.268638 0.600000 0.000000 0.300000
0.370486 -0.131756 0.011687 1.000000 0.000000 0.000000
0.022769 -0.039166 0.302013 0.600000 0.000000 0.300000
0.130473 -0.048557 -0.006793 0.600000 0.000000 0.300000
-0.374829 -0.094209 0.384063 0.600000 0.000000 0.300000
0.015901 0.255024 -0.183343 0.300000 0.000000 0.600000
0.327705 -0.528629 0.416133 0.300000 0.000000 0.600000
-0.241774 0.464842 -0.193739 0.300000 0.000000 0.600000
-0.029119 -0.052588 0.425956 0.600000 0.000000 0.300000
0.265792 0.686808 -0.241638 0.300000 0.000000 0.600000
-0.373197 -0.086008 0.331729 0.600000 0.000000 0.300000
0.400777 -0.172787 0.012455 1.000000 0.000000 0.000000
-0.346137 -0.263522 0.169499 0.600000 0.000000 0.300000
-0.077281 -0.056471 -0.086859 0.600000 0.000000 0.300000
-0.172075 0.216446 -0.148375 0.300000 0.000000 0.600000
0.038478 0.558456 -0.251304 0.300000 0.000000 0.600000
-0.004837 -0.058725 -0.080239 0.600000 0.000000 0.300000
0.035437 0.034377 -0.175363 0.300000 0.000000 0.600000
-0.139364 -0.045292 0.084479 0.600000 0.000000 0.300000
-0.331613 -0.017964 -0.055873 0.600000 0.000000 0.300000
0.092353 -0.124435 0.030306 1.000000 0.000000 0.000000
-0.188296 -0.044233 0.038425 0.600000 0.000000 0.300000
-0.387264 -0.457699 -0.218724 0.300000 0.600000 0.000000
0.223119 0.093419 -0.168096 0.300000 0.000000 0.600000
-0.273487 -0.033903 -0.171113 0.600000 0.000000 0.300000
-0.323131 -0.735202 0.569896 0.000000 0.500000 0.500000
0.379464 -0.242471 -0.035820 0.600000 0.300000 0.000000
0.325343 0.466433 -0.199110 0.300000 0.000000 0.600000
-0.408323 -0.253863 -0.085096 0.300000 0.600000 0.000000
-0.333625 0.536383 -0.210904 0.600000 0.000000 0.300000
0.372538 -0.329181 -0.121947 0.600000 0.300000 0.000000
-0.234394 0.565062 -0.227690 0.300000 0.000000 0.600000
-0.029859 -0.042632 0.244375 0.600000 0.000000 0.300000
0.197528 -0.041684 -0.013783 0.600000 0.000000 0.300000
-0.394059 -0.565823 -0.260836 0.300000 0.600000 0.000000
-0.362854 -0.012452 0.211014 0.600000 0.000000 0.300000
-0.283056 0.375466 -0.172949 0.600000 0.000000 0.300000
0.330849 0.405137 -0.177465 0.300000 0.000000 0.600000
-0.269063 0.750930 -0.275735 0.600000 0.000000 0.300000
-0.254760 -0.145430 -0.055734 0.300000 0.600000 0.000000
-0.153661 -0.033230 0.304972 0.600000 0.000000 0.300000
0.027330 -0.044768 0.190934 0.600000 0.000000 0.300000
0.370483 -0.713535 -0.266885 0.600000 0.000000 0.300000
0.405399 -0.298696 -0.101623 0.600000 0.300000 0.000000
0.412840 -0.495452 -0.215732 0.600000 0.300000 0.000000
0.319529 -0.018086 -0.072277 0.600000 0.000000 0.300000
0.143053 -0.041555 0.151806 0.600000 0.000000 0.300000
-0.018888 0.688589 -0.278230 0.600000 0.300000 0.000000
0.049245 -0.092019 -0.193156 0.600000 0.000000 0.300000
-0.274545 0.196617 -0.183186 0.600000 0.000000 0.300000
-0.324429 -0.380847 0.312009 0.600000 0.000000 0.300000
-0.119976 -0.109469 0.461773 0.600000 0.000000 0.300000
0.291248 0.125823 -0.151656 0.300000 0.000000 0.600000
0.349379 -0.600715 0.459472 0.300000 0.000000 0.600000
0.314745 -0.366048 0.307928 0.300000 0.000000 0.600000
0.069438 0.037039 -0.169192 0.300000 0.000000 0.600000
-0.276620 -0.031634 0.036631 0.600000 0.000000 0.300000
0.264607 -0.134473 0.008970 1.000000 0.000000 0.000000
-0.141019 0.674267 -0.264865 0.600000 0.300000 0.000000
-0.347378 -0.644541 0.522186 0.600000 0.000000 0.300000
-0.310945 -0.084366 0.449446 0.600000 0.000000 0.300000
0.289526 -0.069583 0.449975 0.600000 0.000000 0.300000
-0.141601 -0.133792 0.009651 1.000000 0.000000 0.000000
-0.242058 -0.027927 0.236509 0.600000 0.000000 0.300000
-0.287558 -0.025924 0.142284 0.600000 0.000000 0.300000
-0.291823 0.482423 -0.209748 0.600000 0.000000 0.300000
-0.090758 -0.037046 0.316790 0.600000 0.000000 0.300000
0.166094 -0.002181 -0.153845 0.300000 0.000000 0.600000
-0.402627 -0.309585 -0.143708 0.300000 0.600000 0.000000
0.381240 -0.473115 -0.226230 0.600000 0.300000 0.000000
-0.030709 -0.044895 0.197617 0.600000 0.000000 0.300000
0.076510 -0.144393 0.003702 1.000000 0.000000 0.000000
0.150095 -0.049122 -0.062281 0.600000 0.000000 0.300000
-0.166443 -0.073900 0.455862 0.600000 0.000000 0.300000
0.336972 -0.306973 0.282057 0.300000 0.000000 0.600000
-0.302984 -0.718874 0.510314 0.000000 0.500000 0.500000
0.265682 -0.167483 0.046639 0.000000 0.500000 0.500000
-0.001713 0.746484 -0.324799 0.600000 0.300000 0.000000
0.233322 -0.028886 0.221459 0.600000 0.000000 0.300000
-0.363519 -0.202874 -0.022795 0.300000 0.600000 0.000000
-0.347709 -0.066686 -0.139960 0.600000 0.000000 0.300000
-0.326833 0.406007 -0.143838 0.600000 0.000000 0.300000
0.317440 0.741568 -0.254469 0.300000 0.000000 0.600000
-0.403213 -0.127031 0.039996 1.000000 0.000000 0.000000
-0.318151 0.234334 -0.155689 0.600000 0.000000 0.300000
-0.125360 0.241351 -0.164498 0.300000 0.000000 0.600000
0.425329 -0.648230 -0.284098 0.600000 0.300000 0.000000
-0.204572 -0.178872 0.026718 1.000000 0.000000 0.000000
-0.159361 -0.062932 -0.180444 0.600000 0.000000 0.300000
0.079119 0.231402 -0.172898 0.300000 0.000000 0.600000
0.017193 -0.102803 0.463456 0.600000 0.000000 0.300000
0.392123 -0.603326 -0.293543 0.600000 0.300000 0.000000
-0.233499 0.156757 -0.160887 0.600000 0.000000 0.300000
0.129970 -0.033703 0.324150 0.600000 0.000000 0.300000
0.291904 0.230861 -0.169460 0.300000 0.000000 0.600000
0.321960 -0.020963 -0.003048 0.600000 0.000000 0.300000
0.359595 -0.744889 0.561742 0.600000 0.300000 0.000000
-0.349935 -0.500447 0.443156 0.600000 0.000000 0.300000
-0.308743 -0.081149 -0.174762 0.600000 0.000000 0.300000
-0.293638 -0.028508 0.000280 0.600000 0.000000 0.300000
0.097395 -0.054351 -0.122067 0.600000 0.000000 0.300000
-0.248628 -0.029046 0.192426 0.600000 0.000000 0.300000
-0.357148 -0.223676 0.171632 0.600000 0.000000 0.300000
-0.416982 -0.509900 -0.262184 0.300000 0.600000 0.000000
0.283283 -0.145542 -0.054948 0.000000 0.500000 0.500000
-0.315326 -0.127050 0.040066 1.000000 0.000000 0.000000
0.341332 -0.017639 0.043249 0.600000 0.000000 0.300000
-0.070455 0.746862 -0.323644 0.600000 0.300000 0.000000
0.312238 0.586402 -0.202279 0.300000 0.000000 0.600000
0.145870 0.605294 -0.251295 0.600000 0.300000 0.000000
0.358614 0.620016 -0.222419 0.300000 0.000000 0.600000
0.269459 0.606126 -0.221208 0.300000 0.000000 0.600000
-0.288256 0.016691 -0.202206 0.600000 0.000000 0.300000
-0.099790 -0.050414 0.031342 0.600000 0.000000 0.300000
-0.165205 0.415417 -0.200854 0.300000 0.000000 0.600000
-0.160971 -0.047761 0.429130 0.600000 0.000000 0.300000
-0.062050 -0.080643 -0.193651 0.600000 0.000000 0.300000
-0.142541 -0.168645 0.050472 1.000000 0.000000 0.000000
0.396375 -0.362321 -0.133891 0.600000 0.300000 0.000000
-0.333655 -0.206292 0.153363 0.600000 0.000000 0.300000
-0.287298 -0.170310 0.009978 1.000000 0.000000 0.000000
0.319488 -0.437092 0.386820 0.300000 0.000000 0.600000
-0.340594 -0.184497 0.122571 0.600000 0.000000 0.300000
0.228997 0.467285 -0.199346 0.300000 0.000000 0.600000
0.369883 -0.054939 0.087927 0.600000 0.000000 0.300000
0.098599 0.386606 -0.204300 0.300000 0.000000 0.600000
-0.280970 -0.107121 -0.011379 0.300000 0.600000 0.000000
-0.345836 -0.029553 0.424886 0.600000 0.000000 0.300000
-0.040662 -0.049969 0.089986 0.600000 0.000000 0.300000
-0.422639 -0.403520 -0.186682 0.300000 0.600000 0.000000
-0.178418 -0.162466 0.004528 1.000000 0.000000 0.000000
-0.094538 -0.055439 -0.156440 0.600000 0.000000 0.300000
-0.299728 -0.095402 -0.076665 0.300000 0.600000 0.000000
-0.258840 -0.101389 -0.036849 0.300000 0.600000 0.000000
0.125673 -0.050379 -0.165860 0.600000 0.000000 0.300000
0.265826 0.265623 -0.133379 0.300000 0.000000 0.600000
-0.365069 -0.026549 -0.041129 0.600000 0.000000 0.300000
-0.309272 0.327049 -0.175335 0.600000 0.000000 0.300000
0.299262 0.517465 -0.221047 0.300000 0.000000 0.600000
-0.050682 0.661446 -0.266341 0.600000 0.300000 0.000000
-0.328606 0.352614 -0.163599 0.600000 0.000000 0.300000
-0.175625 -0.033076 0.377020 0.600000 0.000000 0.300000
0.283745 -0.052453 -0.213484 0.000000 0.500000 0.500000
-0.232576 -0.137091 -0.019672 0.300000 0.600000 0.000000
-0.335206 -0.009650 0.325762 0.600000 0.000000 0.300000
-0.239373 0.028880 -0.171141 0.600000 0.000000 0.300000
0.035255 -0.134636 0.008807 1.000000 0.000000 0.000000
0.328377 -0.029180 0.423652 0.600000 0.000000 0.300000
0.225799 0.702201 -0.258366 0.600000 0.300000 0.000000
0.265621 -0.175259 0.014928 1.000000 0.000000 0.000000
0.405414 -0.387935 -0.195070 0.600000 0.300000 0.000000
0.374675 -0.028703 0.247932 0.600000 0.000000 0.300000
-0.121032 -0.042541 0.168464 0.600000 0.000000 0.300000
0.053628 -0.057885 -0.152049 0.600000 0.000000 0.300000
-0.222262 -0.072268 0.453841 0.600000 0.000000 0.300000
-0.086648 -0.039759 0.380428 0.600000 0.000000 0.300000
0.183550 0.350162 -0.179428 0.300000 0.000000 0.600000
0.416018 -0.446890 -0.224826 0.600000 0.300000 0.000000
0.319980 -0.407841 0.333265 0.300000 0.000000 0.600000
-0.410967 -0.618888 -0.305694 0.300000 0.600000 0.000000
-0.311705 -0.686784 0.555097 0.000000 0.500000 0.500000
-0.035213 0.214700 -0.176220 0.300000 0.000000 0.600000
0.110426 0.748061 -0.321734 0.600000 0.300000 0.000000
0.407403 -0.343894 -0.157547 0.600000 0.300000 0.000000
-0.372827 -0.057169 0.428849 0.600000 0.000000 0.300000
-0.144426 -0.033955 0.366036 0.600000 0.000000 0.300000
-0.285035 0.438019 -0.192923 0.600000 0.000000 0.300000
0.223833 0.173284 -0.159282 0.300000 0.000000 0.600000
-0.360928 -0.392189 0.346084 0.600000 0.000000 0.300000
0.311683 0.185411 -0.136639 0.300000 0.000000 0.600000
-0.029612 -0.060098 -0.177999 0.600000 0.000000 0.300000
-0.243996 -0.042078 -0.162442 0.600000 0.000000 0.300000
-0.005118 0.463708 -0.232404 0.300000 0.000000 0.600000
-0.033308 0.716543 -0.285255 0.600000 0.300000 0.000000
-0.030226 0.275706 -0.184776 0.300000 0.000000 0.600000
0.354236 -0.238566 0.172703 0.300000 0.000000 0.600000
-0.010178 -0.127426 0.041468 1.000000 0.000000 0.000000
0.308620 -0.681346 0.508578 0.600000 0.000000 0.300000
0.336136 0.571967 -0.187306 0.300000 0.000000 0.600000
0.307454 0.036717 -0.161666 0.300000 0.000000 0.600000
0.177464 0.625809 -0.248379 0.600000 0.300000 0.000000
-0.264208 0.292640 -0.166914 0.600000 0.000000 0.300000
-0.109068 -0.053394 -0.051616 0.600000 0.000000 0.300000
0.380817 -0.191053 -0.041664 0.600000 0.300000 0.000000
-0.092948 0.018043 -0.169972 0.300000 0.000000 0.600000
0.262320 0.744203 -0.275853 0.300000 0.000000 0.600000
0.057445 0.620679 -0.259399 0.600000 0.300000 0.000000
0.131991 0.235111 -0.164338 0.300000 0.000000 0.600000
-0.337021 -0.020817 0.051090 0.600000 0.000000 0.300000
0.309090 0.223628 -0.124689 0.300000 0.000000 0.600000
-0.382954 -0.046020 0.281891 0.600000 0.000000 0.300000
0.308917 0.377418 -0.140011 0.300000 0.000000 0.600000
-0.223505 0.217435 -0.135316 0.600000 0.000000 0.300000
-0.355491 0.604071 -0.202645 0.600000 0.000000 0.300000
-0.086209 0.534749 -0.247664 0.300000 0.000000 0.600000
0.302664 -0.103704 -0.080356 0.000000 0.500000 0.500000
0.172642 -0.041723 0.100071 0.600000 0.000000 0.300000
0.374554 -0.373150 -0.165014 0.600000 0.300000 0.000000
-0.367653 -0.052699 -0.071684 0.600000 0.000000 0.300000
-0.187673 -0.035486 0.205804 0.600000 0.000000 0.300000
-0.126833 0.012290 -0.163805 0.300000 0.000000 0.600000
-0.245715 -0.118753 -0.142602 0.600000 0.000000 0.300000
0.259448 0.473336 -0.191969 0.300000 0.000000 0.600000
0.191785 -0.102951 0.458208 0.600000 0.000000 0.300000
-0.288093 -0.043832 -0.215242 0.300000 0.600000 0.000000
0.206833 -0.036528 0.131616 0.600000 0.000000 0.300000
-0.334923 0.677129 -0.253240 0.600000 0.000000 0.300000
0.277068 0.383352 -0.169199 0.300000 0.000000 0.600000
-0.368815 0.647729 -0.245983 0.600000 0.000000 0.300000
0.266542 -0.117568 0.428249 0.600000 0.000000 0.300000
0.398048 -0.242607 -0.079267 0.600000 0.300000 0.000000
-0.190424 -0.042384 0.070184 0.600000 0.000000 0.300000
-0.082058 0.118844 -0.160578 0.300000 0.000000 0.600000
0.037271 -0.052355 0.036622 0.600000 0.000000 0.300000
-0.200163 -0.023317 -0.150005 0.600000 0.000000 0.300000
-0.345197 -0.442056 0.354377 0.600000 0.000000 0.300000
0.295683 -0.727894 0.543087 0.300000 0.000000 0.600000
0.305103 -0.100010 -0.129461 0.000000 0.500000 0.500000
-0.266344 -0.035247 0.416367 0.600000 0.000000 0.300000
0.372350 -0.017935 0.302771 0.600000 0.000000 0.300000
-0.077254 -0.041108 0.245404 0.600000 0.000000 0.300000
-0.234123 -0.144625 0.055146 1.000000 0.000000 0.000000
-0.322737 -0.594986 0.466245 0.600000 0.000000 0.300000
0.358963 -0.015034 0.192955 0.600000 0.000000 0.300000
-0.184118 -0.129552 0.044894 1.000000 0.000000 0.000000
0.427415 -0.682254 -0.294714 0.300000 0.000000 0.600000
0.302597 -0.020798 0.171986 0.600000 0.000000 0.300000
0.188081 0.496869 -0.219400 0.300000 0.000000 0.600000
-0.150653 0.617513 -0.252374 0.600000 0.300000 0.000000
0.354449 -0.475252 0.392345 0.300000 0.000000 0.600000
-0.057382 -0.165977 0.005644 1.000000 0.000000 0.000000
0.348811 -0.105022 0.417690 0.600000 0.000000 0.300000
-0.058190 0.595935 -0.258806 0.600000 0.300000 0.000000
0.394019 -0.632630 -0.303411 0.600000 0.300000 0.000000
0.160573 -0.074171 0.455991 0.600000 0.000000 0.300000
0.293519 -0.025358 -0.050709 0.600000 0.000000 0.300000
-0.374828 -0.681428 0.529063 0.300000 0.600000 0.000000
-0.016680 0.118631 -0.170531 0.300000 0.000000 0.600000
0.331676 -0.653355 0.485834 0.300000 0.000000 0.600000
0.113678 -0.045351 0.118566 0.600000 0.000000 0.300000
-0.285433 -0.082222 -0.135128 0.600000 0.000000 0.300000
-0.101344 0.634150 -0.261553 0.600000 0.300000 0.000000
0.299728 -0.133654 -0.022237 0.300000 0.000000 0.600000
0.326497 -0.551137 0.472842 0.300000 0.000000 0.600000
0.086271 -0.038593 0.288449 0.600000 0.000000 0.300000
-0.311799 -0.031098 0.422815 0.600000 0.000000 0.300000
-0.304808 -0.018496 0.232423 0.600000 0.000000 0.300000
-0.175666 0.726184 -0.280181 0.600000 0.300000 0.000000
-0.231678 -0.038242 0.414520 0.600000 0.000000 0.300000
0.421345 -0.506965 -0.248408 0.600000 0.300000 0.000000
-0.126988 0.706547 -0.275116 0.600000 0.300000 0.000000
0.126280 -0.124294 0.029004 1.000000 0.000000 0.000000
-0.380449 -0.203654 0.003437 0.300000 0.600000 0.000000
0.230013 -0.025318 -0.174081 0.300000 0.000000 0.600000
0.269804 0.415883 -0.175603 0.300000 0.000000 0.600000
-0.297523 -0.129894 -0.117370 0.300000 0.600000 0.000000
0.295691 0.621843 -0.217521 0.300000 0.000000 0.600000
-0.311556 0.137276 -0.145519 0.600000 0.000000 0.300000
0.085721 -0.040436 0.388591 0.600000 0.000000 0.300000
-0.143068 0.750115 -0.318194 0.600000 0.300000 0.000000
0.345381 -0.518389 0.450376 0.300000 0.000000 0.600000
0.329338 -0.223680 0.112578 0.300000 0.000000 0.600000
0.241998 0.045734 -0.204895 0.300000 0.000000 0.600000
-0.331924 -0.018349 0.143451 0.600000 0.000000 0.300000
-0.347283 0.500475 -0.169691 0.600000 0.000000 0.300000
-0.035430 -0.057183 -0.061554 0.600000 0.000000 0.300000
-0.183148 0.271477 -0.157237 0.300000 0.000000 0.600000
-0.142437 0.579429 -0.249931 0.600000 0.300000 0.000000
0.412945 -0.546059 -0.279753 0.600000 0.300000 0.000000
-0.193900 0.622784 -0.244521 0.600000 0.300000 0.000000
0.376108 -0.196390 0.008658 0.600000 0.300000 0.000000
0.368366 -0.072479 0.052791 0.600000 0.000000 0.300000
0.202571 -0.166381 0.052736 1.000000 0.000000 0.000000
0.112074 0.257591 -0.170122 0.300000 0.000000 0.600000
0.326628 0.531879 -0.209247 0.300000 0.000000 0.600000
-0.092431 -0.038636 0.284338 0.600000 0.000000 0.300000
0.277527 0.099528 -0.127615 0.300000 0.000000 0.600000
0.345098 -0.384803 0.351560 0.300000 0.000000 0.600000
0.386257 -0.755559 -0.268295 0.600000 0.000000 0.300000
-0.266694 0.347438 -0.170267 0.600000 0.000000 0.300000
-0.392862 -0.753056 -0.278388 0.000000 1.000000 0.000000
-0.093175 0.595973 -0.255788 0.600000 0.300000 0.000000
0.223104 0.304378 -0.154406 0.300000 0.000000 0.600000
0.202935 -0.170774 0.010442 1.000000 0.000000 0.000000
-0.278088 -0.137441 0.006001 1.000000 0.000000 0.000000
0.203660 0.175476 -0.132319 0.300000 0.000000 0.600000
-0.181351 0.103245 -0.140162 0.300000 0.000000 0.600000
0.333751 -0.466156 0.420262 0.300000 0.000000 0.600000
0.117036 0.665370 -0.264488 0.600000 0.300000 0.000000
-0.241306 0.096846 -0.129894 0.600000 0.000000 0.300000
-0.340433 0.632830 -0.238249 0.600000 0.000000 0.300000
-0.188622 0.492570 -0.220563 0.300000 0.000000 0.600000
0.344199 -0.071040 0.445670 0.600000 0.000000 0.300000
-0.026159 0.036309 -0.176232 0.300000 0.000000 0.600000
-0.367917 -0.243448 -0.057947 0.300000 0.600000 0.000000
-0.407417 -0.671628 -0.261136 1.000000 0.000000 0.000000
0.174023 0.559681 -0.236264 0.300000 0.000000 0.600000
-0.062285 -0.047805 0.413082 0.600000 0.000000 0.300000
-0.322077 -0.481224 0.413244 0.600000 0.000000 0.300000
0.239542 0.217848 -0.188735 0.300000 0.000000 0.600000
0.141284 0.107025 -0.151662 0.300000 0.000000 0.600000
-0.099681 0.428586 -0.216252 0.300000 0.000000 0.600000
-0.410551 -0.588509 -0.295681 0.300000 0.600000 0.000000
-0.060406 0.435961 -0.225365 0.300000 0.000000 0.600000
-0.214575 0.179359 -0.130192 0.600000 0.000000 0.300000
0.340127 -0.007808 0.321206 0.600000 0.000000 0.300000
-0.380583 -0.054329 0.191846 0.600000 0.000000 0.300000
-0.181095 -0.044243 -0.139601 0.600000 0.000000 0.300000
-0.286799 0.089019 -0.189407 0.600000 0.000000 0.300000
-0.358612 0.420238 -0.168675 0.600000 0.000000 0.300000
0.333392 -0.015837 0.157002 0.600000 0.000000 0.300000
0.005982 -0.085525 -0.195033 0.600000 0.000000 0.300000
-0.337520 -0.158308 0.077824 0.600000 0.000000 0.300000
-0.312132 0.001824 -0.171369 0.600000 0.000000 0.300000
0.338354 -0.151299 0.056935 1.000000 0.000000 0.000000
-0.182237 -0.082694 -0.177820 0.600000 0.000000 0.300000
-0.337898 0.291417 -0.155253 0.600000 0.000000 0.300000
0.372501 -0.051648 0.152901 0.600000 0.000000 0.300000
-0.269132 0.405185 -0.171761 0.600000 0.000000 0.300000
-0.425988 -0.446990 -0.213474 0.300000 0.600000 0.000000
0.093951 0.572784 -0.252148 0.300000 0.000000 0.600000
0.156193 0.463804 -0.218146 0.300000 0.000000 0.600000
-0.378605 -0.717112 -0.230180 0.000000 1.000000 0.000000
-0.334747 -0.175530 0.015199 1.000000 0.000000 0.000000
-0.081217 -0.043777 0.190180 0.600000 0.000000 0.300000
-0.206153 0.319232 -0.162974 0.300000 0.000000 0.600000
-0.033915 0.627136 -0.263771 0.600000 0.300000 0.000000
0.292053 -0.105549 -0.028982 0.000000 0.500000 0.500000
0.305832 0.086000 -0.172526 0.300000 0.000000 0.600000
0.061234 -0.062389 -0.184947 0.600000 0.000000 0.300000
-0.044428 -0.047448 0.140417 0.600000 0.000000 0.300000
0.355924 -0.368998 0.317542 0.300000 0.000000 0.600000
-0.007247 -0.060714 0.445246 0.600000 0.000000 0.300000
0.330609 -0.591137 0.495904 0.300000 0.000000 0.600000
0.331928 -0.176679 0.113009 0.300000 0.000000 0.600000
-0.323390 0.596218 -0.202185 0.600000 0.000000 0.300000
-0.304222 0.534596 -0.188991 0.600000 0.000000 0.300000
-0.274124 -0.018766 0.331605 0.600000 0.000000 0.300000
0.129702 -0.122393 0.460160 0.600000 0.000000 0.300000
-0.233804 -0.126005 -0.084808 0.300000 0.600000 0.000000
0.248975 0.127277 -0.145520 0.300000 0.000000 0.600000
-0.161427 -0.047273 -0.016404 0.600000 0.000000 0.300000
-0.307467 0.556644 -0.228816 0.600000 0.000000 0.300000
-0.419054 -0.373996 -0.175907 0.300000 0.600000 0.000000
0.275501 0.002385 -0.166108 0.300000 0.000000 0.600000
-0.310407 -0.098348 -0.109107 0.300000 0.600000 0.000000
0.195642 0.735897 -0.287475 0.600000 0.300000 0.000000
0.385820 -0.533174 -0.246683 0.600000 0.300000 0.000000
-0.002134 -0.055282 -0.009520 0.600000 0.000000 0.300000
-0.206000 -0.126786 0.444791 0.600000 0.000000 0.300000
0.068869 0.158219 -0.163507 0.300000 0.000000 0.600000
-0.092940 0.488802 -0.236876 0.300000 0.000000 0.600000
0.211470 0.252040 -0.148172 0.300000 0.000000 0.600000
-0.086959 -0.164667 0.005117 1.000000 0.000000 0.000000
0.115720 0.301201 -0.183222 0.300000 0.000000 0.600000
0.329927 -0.315845 0.234320 0.300000 0.000000 0.600000
0.043961 0.190375 -0.168428 0.300000 0.000000 0.600000
-0.384065 -0.061263 0.397735 0.600000 0.000000 0.300000
0.343580 -0.571550 0.442698 0.300000 0.000000 0.600000
0.344084 -0.421251 0.382746 0.300000 0.000000 0.600000
-0.008220 0.087085 -0.170808 0.300000 0.000000 0.600000
-0.087521 0.692684 -0.276302 0.600000 0.300000 0.000000
0.282191 -0.029412 0.054127 0.600000 0.000000 0.300000
0.365430 -0.049385 0.000322 0.600000 0.000000 0.300000
-0.339500 -0.439600 0.400469 0.600000 0.000000 0.300000
0.234872 -0.132249 -0.099674 0.000000 0.500000 0.500000
0.169692 0.398117 -0.194310 0.300000 0.000000 0.600000
-0.383106 -0.390590 -0.176040 0.300000 0.600000 0.000000
0.066469 -0.133807 0.454189 0.600000 0.000000 0.300000
-0.124474 -0.073702 -0.186499 0.600000 0.000000 0.300000
0.163778 -0.035086 0.241913 0.600000 0.000000 0.300000
-0.277054 -0.136492 -0.082342 0.600000 0.000000 0.300000
-0.079443 -0.124550 0.030738 1.000000 0.000000 0.000000
0.078195 -0.047135 0.416129 0.600000 0.000000 0.300000
-0.419429 -0.612708 -0.263162 0.300000 0.600000 0.000000
0.104844 -0.102618 -0.185579 0.600000 0.000000 0.300000
0.270948 0.333210 -0.184089 0.300000 0.000000 0.600000
0.408139 -0.523978 -0.228554 0.600000 0.300000 0.000000
0.067952 -0.037668 0.313634 0.600000 0.000000 0.300000
-0.280849 0.085074 -0.154428 0.600000 0.000000 0.300000
-0.130504 -0.047587 0.422122 0.600000 0.000000 0.300000
-0.373532 -0.052013 0.016224 0.600000 0.000000 0.300000
0.264360 0.317205 -0.154945 0.300000 0.000000 0.600000
-0.042831 -0.110188 -0.184574 0.600000 0.000000 0.300000
-0.214183 -0.028983 0.285501 0.600000 0.000000 0.300000
0.361269 0.437799 -0.181017 0.300000 0.000000 0.600000
-0.266724 -0.023546 0.251428 0.600000 0.000000 0.300000
0.090056 -0.114441 0.462884 0.600000 0.000000 0.300000
-0.056594 0.380084 -0.207684 0.300000 0.000000 0.600000
-0.299287 0.618034 -0.214760 0.600000 0.000000 0.300000
-0.022968 -0.052429 0.045690 0.600000 0.000000 0.300000
0.104332 -0.165833 0.053285 1.000000 0.000000 0.000000
-0.251369 -0.034865 0.057564 0.600000 0.000000 0.300000
-0.056903 -0.057617 -0.113674 0.600000 0.000000 0.300000
-0.235636 0.125373 -0.130234 0.600000 0.000000 0.300000
0.249644 0.516977 -0.208655 0.300000 0.000000 0.600000
-0.255015 0.111613 -0.151041 0.600000 0.000000 0.300000
0.161806 0.686515 -0.265047 0.600000 0.300000 0.000000
-0.127620 -0.048200 0.039287 0.600000 0.000000 0.300000
0.123246 0.051305 -0.160303 0.300000 0.000000 0.600000
0.224041 -0.102740 -0.150219 0.000000 0.500000 0.500000
0.232137 -0.034867 0.105718 0.600000 0.000000 0.300000
0.293949 0.603345 -0.239974 0.300000 0.000000 0.600000
-0.063189 -0.120120 0.464258 0.600000 0.000000 0.300000
-0.362726 -0.295592 0.231135 0.600000 0.000000 0.300000
-0.453999 -0.698133 -0.233317 0.500000 0.500000 0.000000
-0.105704 0.375906 -0.203217 0.300000 0.000000 0.600000
0.365805 -0.023707 0.130780 0.600000 0.000000 0.300000
0.372738 -0.022709 0.363733 0.600000 0.000000 0.300000
-0.234067 0.148708 -0.190078 0.600000 0.000000 0.300000
-0.084020 -0.035926 -0.175027 0.300000 0.000000 0.600000
-0.390671 -0.346716 -0.125974 0.300000 0.600000 0.000000
0.386031 -0.317314 -0.150975 0.600000 0.300000 0.000000
0.322112 0.359029 -0.161826 0.300000 0.000000 0.600000
0.278840 -0.017867 0.318035 0.600000 0.000000 0.300000
0.319310 -0.013251 0.356790 0.600000 0.000000 0.300000
0.287854 0.549481 -0.223507 0.300000 0.000000 0.600000
0.042172 0.449299 -0.227640 0.300000 0.000000 0.600000
-0.352955 -0.008678 0.268799 0.600000 0.000000 0.300000
-0.279104 0.305527 -0.138762 0.600000 0.000000 0.300000
0.347536 -0.019384 -0.045196 0.600000 0.000000 0.300000
-0.380191 -0.702667 -0.300944 0.000000 1.000000 0.000000
-0.407305 -0.726251 -0.219051 1.000000 0.000000 0.000000
0.182777 -0.036137 0.190441 0.600000 0.000000 0.300000
0.249511 -0.123690 -0.148149 0.000000 0.500000 0.500000
0.265147 0.237898 -0.125555 0.300000 0.000000 0.600000
0.227136 0.644973 -0.242544 0.600000 0.300000 0.000000
0.356112 -0.332120 0.287521 0.300000 0.000000 0.600000
-0.388662 -0.175879 0.043223 1.000000 0.000000 0.000000
0.135901 0.514661 -0.239035 0.300000 0.000000 0.600000
0.170448 -0.127000 0.039881 1.000000 0.000000 0.000000
-0.265156 0.153224 -0.118625 0.600000 0.000000 0.300000
0.353399 -0.272504 0.223602 0.300000 0.000000 0.600000
0.325015 -0.026465 -0.149627 0.600000 0.000000 0.300000
0.272156 -0.103930 -0.180088 0.300000 0.000000 0.600000
-0.196859 0.046936 -0.142694 0.600000 0.000000 0.300000
-0.251958 -0.023482 0.297635 0.600000 0.000000 0.300000
0.287954 0.433755 -0.162354 0.300000 0.000000 0.600000
0.346930 0.468077 -0.162245 0.300000 0.000000 0.600000
0.033671 -0.029798 -0.177899 0.300000 0.000000 0.600000
0.210518 -0.028723 0.280846 0.600000 0.000000 0.300000
0.233261 -0.031297 0.402801 0.600000 0.000000 0.300000
-0.119365 -0.153016 0.056791 1.000000 0.000000 0.000000
0.347944 0.344164 -0.164508 0.300000 0.000000 0.600000
0.264901 0.058757 -0.155400 0.300000 0.000000 0.600000
0.119695 0.001196 -0.163435 0.300000 0.000000 0.600000
0.276084 -0.027573 0.125231 0.600000 0.000000 0.300000
0.250542 -0.052472 -0.213551 0.000000 0.500000 0.500000
-0.335157 -0.015626 -0.084122 0.600000 0.000000 0.300000
0.013487 0.222087 -0.177446 0.300000 0.000000 0.600000
-0.307235 -0.026758 -0.167765 0.600000 0.000000 0.300000
0.068533 0.084573 -0.165659 0.300000 0.000000 0.600000
0.306611 -0.017577 0.228271 0.600000 0.000000 0.300000
0.134252 0.480124 -0.227395 0.300000 0.000000 0.600000
-0.169329 0.674818 -0.261457 0.600000 0.300000 0.000000
0.052852 -0.174663 0.044454 1.000000 0.000000 0.000000
-0.016794 -0.047334 0.152412 0.600000 0.000000 0.300000
-0.403569 -0.505103 -0.220948 0.300000 0.600000 0.000000
-0.008516 -0.110813 -0.191907 0.600000 0.000000 0.300000
0.225074 0.029844 -0.171096 0.300000 0.000000 0.600000
-0.375030 -0.061906 0.043571 0.600000 0.000000 0.300000
-0.236841 0.351415 -0.164823 0.600000 0.000000 0.300000
-0.235023 -0.175958 0.015857 1.000000 0.000000 0.000000
-0.271807 -0.120472 0.426107 0.600000 0.000000 0.300000
-0.327033 0.607810 -0.236356 0.600000 0.000000 0.300000
0.395174 -0.144134 0.003771 1.000000 0.000000 0.000000
0.004915 -0.038360 0.324695 0.600000 0.000000 0.300000
-0.149121 0.522228 -0.238959 0.300000 0.000000 0.600000
0.295494 0.289988 -0.128351 0.300000 0.000000 0.600000
-0.311661 0.684314 -0.233330 0.600000 0.000000 0.300000
0.122710 0.141133 -0.152691 0.300000 0.000000 0.600000
-0.001040 0.518869 -0.246246 0.300000 0.000000 0.600000
-0.220852 0.701153 -0.261900 0.600000 0.300000 0.000000
-0.240108 -0.125180 0.025697 1.000000 0.000000 0.000000
-0.312839 0.050329 -0.165204 0.600000 0.000000 0.300000
-0.351970 -0.690570 0.573212 0.500000 0.000000 0.500000
0.025716 0.135830 -0.168419 0.300000 0.000000 0.600000
0.006266 -0.053709 0.019287 0.600000 0.000000 0.300000
0.316821 -0.218806 0.154620 0.300000 0.000000 0.600000
0.339372 0.708213 -0.262998 0.300000 0.000000 0.600000
0.178237 -0.039637 0.411185 0.600000 0.000000 0.300000
-0.155335 -0.134253 0.443033 0.600000 0.000000 0.300000
-0.337555 -0.190368 0.066368 0.600000 0.000000 0.300000
-0.045306 0.011660 -0.176541 0.300000 0.000000 0.600000
0.091008 0.516881 -0.244072 0.300000 0.000000 0.600000
0.448982 -0.702430 -0.245263 0.800000 0.200000 0.500000
0.342329 -0.132751 0.010692 1.000000 0.000000 0.000000
-0.432296 -0.648698 -0.284527 0.300000 0.600000 0.000000
0.199141 -0.043044 -0.043536 0.600000 0.000000 0.300000
-0.336317 0.453221 -0.188230 0.600000 0.000000 0.300000
0.321249 0.683250 -0.229571 0.300000 0.000000 0.600000
0.282086 0.469822 -0.175600 0.300000 0.000000 0.600000
0.102645 -0.040788 0.228372 0.600000 0.000000 0.300000
-0.064703 0.232321 -0.172989 0.300000 0.000000 0.600000
0.237421 0.241683 -0.171294 0.300000 0.000000 0.600000
0.064735 0.568137 -0.254102 0.300000 0.000000 0.600000
0.034838 -0.043232 0.217974 0.600000 0.000000 0.300000
0.015599 -0.048774 0.114988 0.600000 0.000000 0.300000
0.051103 -0.054717 -0.014914 0.600000 0.000000 0.300000
-0.359521 -0.016880 0.385368 0.600000 0.000000 0.300000
-0.027489 -0.040101 0.367345 0.600000 0.000000 0.300000
-0.266584 0.043861 -0.134713 0.600000 0.000000 0.300000
0.351306 -0.628988 0.475386 0.300000 0.000000 0.600000
-0.039437 0.568575 -0.252642 0.300000 0.000000 0.600000
0.299655 0.182179 -0.168690 0.300000 0.000000 0.600000
0.427917 -0.595421 -0.274350 0.600000 0.300000 0.000000
-0.362865 -0.103346 0.422224 0.600000 0.000000 0.300000
0.021080 -0.055772 -0.026595 0.600000 0.000000 0.300000
-0.257619 -0.022666 0.358789 0.600000 0.000000 0.300000
0.218598 0.751466 -0.304671 0.600000 0.300000 0.000000
-0.267897 -0.070443 0.451555 0.600000 0.000000 0.300000
-0.336544 -0.635736 0.476984 0.600000 0.000000 0.300000
0.252115 -0.022179 0.304783 0.600000 0.000000 0.300000
-0.416548 -0.332968 -0.128949 0.300000 0.600000 0.000000
0.223290 -0.035610 -0.131285 0.600000 0.000000 0.300000
-0.375443 -0.147129 0.055817 1.000000 0.000000 0.000000
0.230712 0.274052 -0.143827 0.300000 0.000000 0.600000
-0.034489 -0.040616 0.282810 0.600000 0.000000 0.300000
-0.017652 -0.058978 -0.113466 0.600000 0.000000 0.300000
-0.173656 -0.176370 0.041392 1.000000 0.000000 0.000000
-0.054159 0.528883 -0.249666 0.300000 0.000000 0.600000
-0.245460 0.244839 -0.159435 0.600000 0.000000 0.300000
0.228380 -0.142907 0.017428 0.300000 0.000000 0.600000
0.102531 0.466158 -0.227613 0.300000 0.000000 0.600000
0.023274 -0.037523 0.354437 0.600000 0.000000 0.300000
0.303378 -0.097962 0.449373 0.600000 0.000000 0.300000
0.028107 0.497862 -0.243953 0.300000 0.000000 0.600000
-0.231422 0.411007 -0.181093 0.300000 0.000000 0.600000
-0.257310 -0.159957 0.054930 1.000000 0.000000 0.000000
-0.294427 0.279426 -0.127505 0.600000 0.000000 0.300000
-0.038481 -0.176653 0.040338 1.000000 0.000000 0.000000
0.177077 -0.030856 0.368020 0.600000 0.000000 0.300000
0.291450 0.697290 -0.240900 0.300000 0.000000 0.600000
0.019993 0.316525 -0.193909 0.300000 0.000000 0.600000
0.226631 -0.031111 0.194655 0.600000 0.000000 0.300000
0.162867 -0.129693 0.447833 0.600000 0.000000 0.300000
0.092231 -0.078353 0.458643 0.600000 0.000000 0.300000
-0.166440 -0.150145 0.056625 1.000000 0.000000 0.000000
-0.334904 -0.020090 0.010297 0.600000 0.000000 0.300000
0.263703 -0.073299 -0.152827 0.300000 0.000000 0.600000
-0.371244 -0.080280 0.237076 0.600000 0.000000 0.300000
0.376185 -0.055879 0.399992 0.600000 0.000000 0.300000
-0.402858 -0.529427 -0.234120 0.300000 0.600000 0.000000
0.266554 0.562739 -0.210640 0.300000 0.000000 0.600000
0.317010 0.424804 -0.152582 0.300000 0.000000 0.600000
0.262985 -0.085808 -0.117309 0.300000 0.000000 0.600000
0.282485 -0.035879 -0.158168 0.600000 0.000000 0.300000
0.265482 0.178350 -0.181091 0.300000 0.000000 0.600000
0.149406 -0.033056 0.304528 0.600000 0.000000 0.300000
0.219425 0.539022 -0.221075 0.300000 0.000000 0.600000
-0.250526 -0.018786 -0.144048 0.600000 0.000000 0.300000
0.064141 -0.052253 0.030234 0.600000 0.000000 0.300000
-0.375925 -0.042394 0.065964 0.600000 0.000000 0.300000
-0.386976 -0.435281 -0.197897 0.300000 0.600000 0.000000
-0.006032 0.404279 -0.215310 0.300000 0.000000 0.600000
-0.279685 0.206791 -0.120977 0.600000 0.000000 0.300000
0.317445 0.639815 -0.214944 0.300000 0.000000 0.600000
0.224851 0.404209 -0.184187 0.300000 0.000000 0.600000
-0.238860 0.287486 -0.145778 0.600000 0.000000 0.300000
-0.289291 0.658111 -0.229706 0.600000 0.000000 0.300000
0.263063 -0.029916 -0.091822 0.600000 0.000000 0.300000
0.387504 -0.579741 -0.278862 0.600000 0.300000 0.000000
0.295074 0.346351 -0.184557 0.300000 0.000000 0.600000
-0.393549 -0.226238 -0.075672 0.300000 0.600000 0.000000
-0.308114 0.271349 -0.159087 0.600000 0.000000 0.300000
0.310741 0.559801 -0.193926 0.300000 0.000000 0.600000
-0.006095 -0.176393 0.041310 1.000000 0.000000 0.000000
-0.306510 -0.155031 0.027043 0.300000 0.600000 0.000000
-0.262726 0.672399 -0.245744 0.600000 0.300000 0.000000
0.260506 -0.093741 -0.082245 0.300000 0.000000 0.600000
-0.281265 -0.025238 0.174624 0.600000 0.000000 0.300000
-0.402154 -0.333617 -0.163567 0.300000 0.600000 0.000000
0.228860 0.134085 -0.191255 0.300000 0.000000 0.600000
0.045710 0.405172 -0.214986 0.300000 0.000000 0.600000
-0.314039 0.650169 -0.219917 0.600000 0.000000 0.300000
0.238408 0.081003 -0.200557 0.300000 0.000000 0.600000
0.363803 -0.084140 -0.010022 0.600000 0.000000 0.300000
-0.346754 0.700195 -0.262122 0.600000 0.000000 0.300000
-0.224554 -0.038484 -0.093057 0.600000 0.000000 0.300000
0.392580 -0.488994 -0.252553 0.600000 0.300000 0.000000
-0.323476 -0.285302 0.216619 0.600000 0.000000 0.300000
0.339073 -0.625033 0.510055 0.300000 0.000000 0.600000
0.235518 0.003859 -0.170119 0.300000 0.000000 0.600000
0.026348 -0.058951 -0.144601 0.600000 0.000000 0.300000
0.195550 -0.041146 0.037772 0.600000 0.000000 0.300000
-0.381781 -0.729417 0.507674 0.300000 0.600000 0.000000
0.351311 -0.496511 0.433123 0.300000 0.000000 0.600000
0.415518 -0.688718 -0.231845 0.300000 0.000000 0.600000
-0.090146 -0.171350 0.047768 1.000000 0.000000 0.000000
-0.192232 -0.044308 -0.077250 0.600000 0.000000 0.300000
0.245540 -0.029791 0.173499 0.600000 0.000000 0.300000
-0.312341 -0.113920 -0.061061 0.300000 0.600000 0.000000
0.321534 -0.551353 0.435456 0.300000 0.000000 0.600000
-0.242139 0.041619 -0.202434 0.600000 0.000000 0.300000
-0.132978 0.056014 -0.159135 0.300000 0.000000 0.600000
0.337053 0.286805 -0.155523 0.300000 0.000000 0.600000
-0.187839 0.403612 -0.191288 0.300000 0.000000 0.600000
-0.120200 -0.038535 0.390749 0.600000 0.000000 0.300000
0.311462 0.527415 -0.179222 0.300000 0.000000 0.600000
0.250083 0.030627 -0.136363 0.300000 0.000000 0.600000
-0.348720 -0.178990 0.043253 0.600000 0.000000 0.300000
-0.262245 -0.094980 -0.063409 0.300000 0.600000 0.000000
-0.074124 0.060153 -0.166694 0.300000 0.000000 0.600000
-0.209397 -0.038786 0.098192 0.600000 0.000000 0.300000
-0.243258 0.653607 -0.242857 0.600000 0.300000 0.000000
0.211560 0.201076 -0.137034 0.300000 0.000000 0.600000
-0.340968 0.730374 -0.245802 0.600000 0.000000 0.300000
0.283818 -0.022755 0.199291 0.600000 0.000000 0.300000
-0.231400 -0.105759 -0.103409 0.300000 0.600000 0.000000
0.252124 -0.034310 -0.035265 0.600000 0.000000 0.300000
-0.216897 -0.040110 0.020064 0.600000 0.000000 0.300000
0.235760 -0.035603 -0.078744 0.600000 0.000000 0.300000
-0.285838 0.122282 -0.146324 0.600000 0.000000 0.300000
-0.340843 -0.011025 0.353519 0.600000 0.000000 0.300000
-0.125647 -0.172051 0.011719 1.000000 0.000000 0.000000
0.234928 -0.067180 -0.165776 0.600000 0.000000 0.300000
-0.178492 -0.034122 0.246918 0.600000 0.000000 0.300000
0.034398 -0.056783 -0.052664 0.600000 0.000000 0.300000
0.249531 0.095836 -0.130281 0.300000 0.000000 0.600000
-0.341781 0.508714 -0.194776 0.600000 0.000000 0.300000
-0.321699 -0.740253 0.505539 0.000000 0.500000 0.500000
-0.246360 0.196424 -0.124143 0.600000 0.000000 0.300000
0.393007 -0.255712 -0.054958 0.600000 0.300000 0.000000
0.071000 0.700018 -0.277796 0.600000 0.300000 0.000000
0.426107 -0.571766 -0.260782 0.600000 0.300000 0.000000
-0.296430 0.495440 -0.176355 0.600000 0.000000 0.300000
0.249095 -0.112487 0.009551 0.000000 0.500000 0.500000
0.248667 0.013880 -0.209840 0.300000 0.000000 0.600000
0.356982 -0.093594 0.040623 0.600000 0.000000 0.300000
-0.033604 0.138730 -0.164708 0.300000 0.000000 0.600000
0.342305 -0.016157 0.070816 0.600000 0.000000 0.300000
0.320332 -0.344307 0.276726 0.300000 0.000000 0.600000
-0.282712 0.453849 -0.170780 0.600000 0.000000 0.300000
-0.171274 0.158900 -0.141621 0.300000 0.000000 0.600000
0.185972 -0.048854 -0.167645 0.600000 0.000000 0.300000
-0.074845 -0.050284 0.065954 0.600000 0.000000 0.300000
-0.302552 -0.020882 0.193461 0.600000 0.000000 0.300000
0.124987 0.086344 -0.156832 0.300000 0.000000 0.600000
0.307978 0.069080 -0.151797 0.300000 0.000000 0.600000
0.306004 0.299170 -0.163266 0.300000 0.000000 0.600000
-0.263609 -0.111722 -0.167528 0.600000 0.000000 0.300000
-0.139899 -0.049852 -0.066530 0.600000 0.000000 0.300000
-0.259642 0.706814 -0.255446 0.600000 0.300000 0.000000
0.288325 0.737248 -0.264950 0.300000 0.000000 0.600000
0.273951 0.263562 -0.180451 0.300000 0.000000 0.600000
-0.373759 -0.160101 0.003894 1.000000 0.000000 0.000000
-0.368567 -0.008906 0.319511 0.600000 0.000000 0.300000
0.098073 -0.171769 0.011437 1.000000 0.000000 0.000000
0.347589 -0.675563 0.548201 0.600000 0.000000 0.300000
-0.078409 -0.037057 0.355112 0.600000 0.000000 0.300000
-0.136951 0.110957 -0.150554 0.300000 0.000000 0.600000
-0.335586 -0.580226 0.447156 0.600000 0.000000 0.300000
-0.455405 -0.741634 -0.267101 0.500000 0.500000 0.000000
-0.420014 -0.681019 -0.239552 1.000000 0.000000 0.000000
-0.414293 -0.534981 -0.276799 0.300000 0.600000 0.000000
-0.323026 -0.341816 0.289467 0.600000 0.000000 0.300000
-0.341897 -0.525984 0.414307 0.600000 0.000000 0.300000
-0.350251 0.687590 -0.232269 0.600000 0.000000 0.300000
0.368140 -0.097511 0.399800 0.600000 0.000000 0.300000
0.027769 -0.040406 0.275868 0.600000 0.000000 0.300000
-0.217464 0.745089 -0.286092 0.600000 0.300000 0.000000
0.367573 -0.077358 0.259171 0.600000 0.000000 0.300000
0.141533 -0.048807 -0.034783 0.600000 0.000000 0.300000
0.093724 -0.054556 -0.064537 0.600000 0.000000 0.300000
0.355248 -0.750338 0.514078 0.600000 0.300000 0.000000
-0.355644 -0.705509 0.491671 0.500000 0.000000 0.500000
-0.299488 -0.146173 -0.014854 0.600000 0.000000 0.300000
0.055341 -0.056735 -0.075912 0.600000 0.000000 0.300000
0.416732 -0.410935 -0.183804 0.600000 0.300000 0.000000
0.059684 0.002901 -0.172948 0.300000 0.000000 0.600000
-0.188742 0.744559 -0.294285 0.600000 0.300000 0.000000
-0.209122 -0.043838 0.427440 0.600000 0.000000 0.300000
-0.323349 -0.228585 0.143227 0.600000 0.000000 0.300000
0.012107 0.015422 -0.175915 0.300000 0.000000 0.600000
-0.371269 -0.126797 0.039122 1.000000 0.000000 0.000000
-0.090300 -0.048124 0.093162 0.600000 0.000000 0.300000
-0.125511 -0.039224 0.232492 0.600000 0.000000 0.300000
0.289879 -0.122069 0.029550 0.300000 0.000000 0.600000
0.364664 -0.273672 -0.083604 0.600000 0.300000 0.000000
-0.372640 -0.279224 -0.103486 0.300000 0.600000 0.000000
-0.091410 0.149581 -0.160170 0.300000 0.000000 0.600000
-0.177376 -0.118904 0.456773 0.600000 0.000000 0.300000
-0.002388 0.547444 -0.250079 0.300000 0.000000 0.600000
-0.125885 0.431834 -0.214132 0.300000 0.000000 0.600000
-0.286008 0.567684 -0.217454 0.600000 0.000000 0.300000
0.054460 0.529620 -0.249753 0.300000 0.000000 0.600000
-0.378181 -0.017657 0.269554 0.600000 0.000000 0.300000
0.296657 0.133619 -0.127003 0.300000 0.000000 0.600000
0.358299 -0.053581 -0.102931 0.600000 0.000000 0.300000
0.012044 0.666133 -0.268132 0.600000 0.300000 0.000000
-0.377507 -0.066705 0.107040 0.600000 0.000000 0.300000
0.097412 0.350388 -0.197312 0.300000 0.000000 0.600000
0.335631 -0.010907 0.264797 0.600000 0.000000 0.300000
0.123331 -0.072376 0.456451 0.600000 0.000000 0.300000
0.405794 -0.561184 -0.243526 0.600000 0.300000 0.000000
0.429114 -0.755591 -0.256293 0.800000 0.200000 0.500000
-0.330792 -0.504482 0.402960 0.600000 0.000000 0.300000
0.061032 0.735294 -0.299644 0.600000 0.300000 0.000000
0.226492 -0.179371 0.030204 1.000000 0.000000 0.000000
-0.243378 -0.070414 -0.154751 0.300000 0.600000 0.000000
-0.286089 0.054133 -0.159191 0.600000 0.000000 0.300000
0.356932 0.408538 -0.176230 0.300000 0.000000 0.600000
0.243827 0.615010 -0.230245 0.600000 0.300000 0.000000
0.223860 0.161895 -0.185353 0.300000 0.000000 0.600000
0.290429 -0.025253 0.401134 0.600000 0.000000 0.300000
-0.353371 -0.355576 0.325570 0.600000 0.000000 0.300000
0.229261 -0.061584 0.449901 0.600000 0.000000 0.300000
0.319886 -0.601843 0.461265 0.300000 0.000000 0.600000
0.371297 -0.715000 -0.235129 0.600000 0.000000 0.300000
0.335868 -0.259420 0.165959 0.300000 0.000000 0.600000
-0.413282 -0.299448 -0.113189 0.300000 0.600000 0.000000
0.344958 0.581991 -0.214640 0.300000 0.000000 0.600000
-0.327637 -0.697873 0.492441 0.500000 0.000000 0.500000
-0.271996 -0.118885 0.028584 0.600000 0.000000 0.300000
-0.110351 0.351186 -0.195780 0.300000 0.000000 0.600000
0.279145 -0.020465 0.262988 0.600000 0.000000 0.300000
0.369566 -0.080138 0.178447 0.600000 0.000000 0.300000
-0.074306 -0.078498 0.458594 0.600000 0.000000 0.300000
-0.333118 0.264514 -0.152538 0.600000 0.000000 0.300000
0.317379 0.250253 -0.130296 0.300000 0.000000 0.600000
0.085949 0.445461 -0.225567 0.300000 0.000000 0.600000
0.245001 0.726802 -0.265862 0.600000 0.300000 0.000000
-0.303198 0.733475 -0.278254 0.600000 0.000000 0.300000
0.288699 0.434159 -0.190371 0.300000 0.000000 0.600000
0.347570 -0.018036 -0.099264 0.600000 0.000000 0.300000
0.095468 0.037831 -0.166887 0.300000 0.000000 0.600000
0.259150 0.662067 -0.236528 0.300000 0.000000 0.600000
-0.242488 -0.005790 -0.203981 0.600000 0.000000 0.300000
-0.368531 -0.030653 -0.004690 0.600000 0.000000 0.300000
-0.231627 -0.057000 -0.182863 0.300000 0.600000 0.000000
0.260328 -0.022320 0.367124 0.600000 0.000000 0.300000
0.105802 0.184074 -0.160277 0.300000 0.000000 0.600000
-0.343719 -0.547060 0.471017 0.600000 0.000000 0.300000
-0.043180 0.505517 -0.245917 0.300000 0.000000 0.600000
0.085942 -0.043390 0.194963 0.600000 0.000000 0.300000
-0.330390 0.311959 -0.136781 0.600000 0.000000 0.300000
0.357520 -0.174169 0.013838 1.000000 0.000000 0.000000
0.347438 -0.020266 -0.012076 0.600000 0.000000 0.300000
0.015637 0.710564 -0.281710 0.600000 0.300000 0.000000
0.350132 -0.716161 0.488638 0.600000 0.000000 0.300000
-0.129558 0.459705 -0.222360 0.300000 0.000000 0.600000
0.414410 -0.720173 -0.219403 0.300000 0.000000 0.600000
0.375039 -0.702542 0.524512 0.600000 0.300000 0.000000
-0.233728 -0.033098 0.148969 0.600000 0.000000 0.300000
-0.290945 0.218030 -0.175778 0.600000 0.000000 0.300000
0.114534 -0.038028 0.266696 0.600000 0.000000 0.300000
0.324335 0.673589 -0.258687 0.300000 0.000000 0.600000
-0.264916 0.165035 -0.184532 0.600000 0.000000 0.300000
0.052732 -0.048093 0.116152 0.600000 0.000000 0.300000
0.385406 -0.680770 -0.274532 0.600000 0.000000 0.300000
-0.292822 0.022148 -0.145082 0.600000 0.000000 0.300000
-0.160138 -0.046685 -0.154758 0.600000 0.000000 0.300000
0.010214 -0.041816 0.255205 0.600000 0.000000 0.300000
-0.336987 0.473585 -0.172066 0.600000 0.000000 0.300000
0.385718 -0.716217 -0.305110 0.600000 0.000000 0.300000
-0.210269 -0.131380 0.012064 1.000000 0.000000 0.000000
0.176026 0.275359 -0.162856 0.300000 0.000000 0.600000
-0.316059 -0.672710 0.528438 0.500000 0.000000 0.500000
-0.186353 0.371242 -0.182667 0.300000 0.000000 0.600000
-0.378211 -0.027353 0.196429 0.600000 0.000000 0.300000
0.197226 -0.028187 0.319026 0.600000 0.000000 0.300000
0.276417 0.162029 -0.120306 0.300000 0.000000 0.600000
0.081742 0.403533 -0.214231 0.300000 0.000000 0.600000
-0.006205 -0.120307 0.464139 0.600000 0.000000 0.300000
0.374634 -0.701609 0.565225 0.600000 0.300000 0.000000
0.313620 -0.627047 0.496199 0.300000 0.000000 0.600000
0.004820 -0.062177 -0.184061 0.600000 0.000000 0.300000
-0.354652 -0.174537 0.096861 0.600000 0.000000 0.300000
-0.433353 -0.592049 -0.284129 0.300000 0.600000 0.000000
0.312407 -0.681060 0.562508 0.600000 0.000000 0.300000
-0.306172 0.708877 -0.256319 0.600000 0.000000 0.300000
0.301899 -0.070794 -0.195285 0.000000 0.500000 0.500000
-0.075182 -0.051647 0.038834 0.600000 0.000000 0.300000
0.293387 -0.021705 -0.114529 0.600000 0.000000 0.300000
-0.334853 -0.296965 0.267176 0.600000 0.000000 0.300000
0.193988 0.002219 -0.147833 0.300000 0.000000 0.600000
0.148911 -0.171100 0.048018 1.000000 0.000000 0.000000
0.374058 -0.057884 0.213139 0.600000 0.000000 0.300000
0.333360 -0.489378 0.388114 0.300000 0.000000 0.600000
0.143158 0.665880 -0.259824 0.600000 0.300000 0.000000
0.088425 -0.049686 0.068099 0.600000 0.000000 0.300000
0.032311 -0.051032 0.064624 0.600000 0.000000 0.300000
0.045268 0.354844 -0.201202 0.300000 0.000000 0.600000
0.151972 -0.046618 -0.159088 0.600000 0.000000 0.300000
-0.173130 -0.012535 -0.154910 0.300000 0.000000 0.600000
0.288119 0.385333 -0.196636 0.300000 0.000000 0.600000
0.355133 0.493076 -0.189018 0.300000 0.000000 0.600000
-0.275069 0.368369 -0.196275 0.600000 0.000000 0.300000
0.300014 -0.025442 -0.016871 0.600000 0.000000 0.300000
0.107497 -0.050633 0.020015 0.600000 0.000000 0.300000
-0.182292 0.330739 -0.172236 0.300000 0.000000 0.600000
0.002727 0.371063 -0.206176 0.300000 0.000000 0.600000
-0.351228 0.589912 -0.224619 0.600000 0.000000 0.300000
0.330070 -0.238658 0.203463 0.300000 0.000000 0.600000
-0.436932 -0.690839 -0.302813 1.000000 0.000000 0.000000
-0.286401 -0.028214 0.097179 0.600000 0.000000 0.300000
0.052779 0.138420 -0.165675 0.300000 0.000000 0.600000
-0.381847 -0.716523 0.562365 0.300000 0.600000 0.000000
-0.201186 0.514839 -0.221470 0.300000 0.000000 0.600000
-0.229813 -0.001775 -0.145266 0.600000 0.000000 0.300000
0.321327 -0.022087 0.024494 0.600000 0.000000 0.300000
-0.236145 -0.116161 0.451378 0.600000 0.000000 0.300000
0.181280 0.085899 -0.144640 0.300000 0.000000 0.600000
0.140708 -0.049547 -0.109537 0.600000 0.000000 0.300000
-0.163565 0.464772 -0.218924 0.300000 0.000000 0.600000
-0.390591 -0.415033 -0.177873 0.300000 0.600000 0.000000
0.354308 -0.214064 0.131227 0.300000 0.000000 0.600000
0.374760 -0.274848 -0.113203 0.600000 0.300000 0.000000
0.138390 -0.150291 0.002122 1.000000 0.000000 0.000000
0.326062 0.320379 -0.135458 0.300000 0.000000 0.600000
0.234994 -0.017386 -0.204909 0.300000 0.000000 0.600000
-0.377721 -0.734829 -0.265585 0.000000 1.000000 0.000000
-0.237163 -0.025091 -0.181835 0.600000 0.000000 0.300000
0.318175 -0.178356 0.065221 0.300000 0.000000 0.600000
-0.141501 -0.084027 0.460656 0.600000 0.000000 0.300000
0.350741 -0.299159 0.261036 0.300000 0.000000 0.600000
0.079420 0.310162 -0.188290 0.300000 0.000000 0.600000
0.240030 -0.111515 -0.021265 0.300000 0.000000 0.600000
-0.068593 -0.054447 -0.012131 0.600000 0.000000 0.300000
-0.085433 0.653967 -0.262916 0.600000 0.300000 0.000000
-0.264755 -0.010234 -0.167847 0.600000 0.000000 0.300000
-0.310393 -0.104984 -0.163577 0.300000 0.600000 0.000000
0.401482 -0.176702 0.040158 1.000000 0.000000 0.000000
0.027992 -0.058221 -0.107129 0.600000 0.000000 0.300000
0.299077 -0.162975 0.054121 1.000000 0.000000 0.000000
0.289920 -0.128661 -0.120154 0.000000 0.500000 0.500000
-0.256914 0.256535 -0.133366 0.600000 0.000000 0.300000
0.086933 -0.054317 -0.029123 0.600000 0.000000 0.300000
-0.083983 0.268393 -0.180124 0.300000 0.000000 0.600000
0.128692 -0.041075 0.183242 0.600000 0.000000 0.300000
0.148626 -0.038139 0.208368 0.600000 0.000000 0.300000
-0.270419 -0.024649 0.385963 0.600000 0.000000 0.300000
0.389502 -0.180640 -0.018861 0.600000 0.300000 0.000000
-0.290805 -0.054605 -0.170628 0.600000 0.000000 0.300000
0.198611 -0.126977 0.018990 1.000000 0.000000 0.000000
-0.369711 -0.069378 -0.042141 0.600000 0.000000 0.300000
-0.078379 -0.045145 0.165045 0.600000 0.000000 0.300000
-0.225854 -0.026753 0.308578 0.600000 0.000000 0.300000
-0.145779 -0.041145 0.163395 0.600000 0.000000 0.300000
-0.333507 -0.332073 0.255346 0.600000 0.000000 0.300000
0.094112 -0.037197 0.312625 0.600000 0.000000 0.300000
0.291459 0.484199 -0.215406 0.300000 0.000000 0.600000
-0.123689 0.726645 -0.290067 0.600000 0.300000 0.000000
0.091987 0.124884 -0.160647 0.300000 0.000000 0.600000
0.338856 0.450688 -0.184699 0.300000 0.000000 0.600000
0.007123 0.170634 -0.167209 0.300000 0.000000 0.600000
0.287456 0.310110 -0.179667 0.300000 0.000000 0.600000
-0.112751 -0.085272 0.461717 0.600000 0.000000 0.300000
0.333371 -0.677463 0.511742 0.600000 0.000000 0.300000
0.217821 -0.145331 0.055335 1.000000 0.000000 0.000000
0.170546 0.327817 -0.174521 0.300000 0.000000 0.600000
0.032399 -0.053295 0.428935 0.600000 0.000000 0.300000
-0.351673 -0.225058 0.119633 0.600000 0.000000 0.300000
-0.321308 -0.021367 -0.145127 0.600000 0.000000 0.300000
-0.299341 0.357119 -0.142610 0.600000 0.000000 0.300000
0.163173 0.520590 -0.231380 0.300000 0.000000 0.600000
-0.310490 -0.111528 0.436092 0.600000 0.000000 0.300000
0.134813 -0.040424 0.397370 0.600000 0.000000 0.300000
0.094194 0.089435 -0.160326 0.300000 0.000000 0.600000
-0.091018 -0.041725 0.224325 0.600000 0.000000 0.300000
-0.456442 -0.697057 -0.279092 0.500000 0.500000 0.000000
0.010080 -0.157935 0.055472 1.000000 0.000000 0.000000
0.280685 0.007187 -0.207695 0.300000 0.000000 0.600000
0.152591 0.171141 -0.147325 0.300000 0.000000 0.600000
0.355656 -0.435322 0.363098 0.300000 0.000000 0.600000
-0.239242 0.119700 -0.195033 0.600000 0.000000 0.300000
-0.360456 0.626231 -0.213464 0.600000 0.000000 0.300000
0.111254 -0.038200 0.381943 0.600000 0.000000 0.300000
-0.142115 -0.049973 -0.100840 0.600000 0.000000 0.300000
-0.327956 0.373454 -0.147471 0.600000 0.000000 0.300000
-0.316833 -0.131113 0.012330 1.000000 0.000000 0.000000
-0.295779 -0.026309 -0.053936 0.600000 0.000000 0.300000
0.279586 0.051960 -0.199271 0.300000 0.000000 0.600000
-0.307331 0.080600 -0.144016 0.600000 0.000000 0.300000
-0.345191 -0.368510 0.288999 0.600000 0.000000 0.300000
0.171051 -0.032896 0.271910 0.600000 0.000000 0.300000
-0.150095 0.232791 -0.157291 0.300000 0.000000 0.600000
-0.371806 -0.089345 0.045498 0.600000 0.000000 0.300000
0.348877 0.706442 -0.239703 0.300000 0.000000 0.600000
-0.035648 0.457699 -0.230053 0.300000 0.000000 0.600000
-0.409010 -0.143218 0.004017 1.000000 0.000000 0.000000
0.313933 -0.507766 0.418977 0.300000 0.000000 0.600000
-0.336352 -0.018542 0.116777 0.600000 0.000000 0.300000
0.376689 -0.224867 -0.017997 0.600000 0.300000 0.000000
-0.456882 -0.732077 -0.296857 0.500000 0.500000 0.000000
0.058681 -0.040696 0.258173 0.600000 0.000000 0.300000
0.168025 -0.087773 -0.175302 0.600000 0.000000 0.300000
-0.311086 0.423873 -0.196673 0.600000 0.000000 0.300000
0.321229 -0.126093 0.022292 1.000000 0.000000 0.000000
-0.301801 -0.027591 0.052710 0.600000 0.000000 0.300000
0.065375 -0.079072 0.459092 0.600000 0.000000 0.300000
-0.137398 0.142816 -0.149568 0.300000 0.000000 0.600000
-0.302054 0.408840 -0.153589 0.600000 0.000000 0.300000
0.246286 -0.026192 -0.144727 0.300000 0.000000 0.600000
-0.142973 0.389244 -0.202023 0.300000 0.000000 0.600000
0.215571 -0.029771 0.247776 0.600000 0.000000 0.300000
0.173836 -0.046375 -0.055196 0.600000 0.000000 0.300000
-0.358194 -0.419849 0.343629 0.600000 0.000000 0.300000
0.040221 -0.125790 0.461563 0.600000 0.000000 0.300000
0.309407 0.279508 -0.146635 0.300000 0.000000 0.600000
0.362638 -0.063049 -0.042942 0.600000 0.000000 0.300000
0.359893 -0.164829 0.053624 1.000000 0.000000 0.000000
0.268736 0.068577 -0.131080 0.300000 0.000000 0.600000
0.206478 0.122166 -0.137789 0.300000 0.000000 0.600000
0.244782 0.045514 -0.161477 0.300000 0.000000 0.600000
-0.334655 -0.276984 0.190226 0.600000 0.000000 0.300000
-0.086715 -0.052046 0.428082 0.600000 0.000000 0.300000
0.141540 -0.133810 0.049153 1.000000 0.000000 0.000000
-0.267228 -0.058881 -0.209390 0.600000 0.000000 0.300000
-0.250672 0.072539 -0.197421 0.600000 0.000000 0.300000
-0.094361 -0.095658 -0.189440 0.600000 0.000000 0.300000
-0.007651 0.265726 -0.182549 0.300000 0.000000 0.600000
0.418396 -0.439670 -0.199784 0.600000 0.300000 0.000000
-0.173378 0.438361 -0.205339 0.300000 0.000000 0.600000
0.387712 -0.408397 -0.208281 0.600000 0.300000 0.000000
0.037377 0.088493 -0.168216 0.300000 0.000000 0.600000
-0.039433 -0.037335 0.344332 0.600000 0.000000 0.300000
0.192707 0.607030 -0.242081 0.600000 0.300000 0.000000
0.270656 -0.132984 -0.098161 0.300000 0.000000 0.600000
0.058348 -0.049308 0.090249 0.600000 0.000000 0.300000
-0.083689 0.180355 -0.163796 0.300000 0.000000 0.600000
0.266786 -0.032347 0.011277 0.600000 0.000000 0.300000
-0.261154 -0.112002 0.448947 0.600000 0.000000 0.300000
0.222935 0.117711 -0.160518 0.300000 0.000000 0.600000
0.375920 -0.033243 0.272149 0.600000 0.000000 0.300000
0.343785 -0.346877 0.319997 0.300000 0.000000 0.600000
-0.214625 -0.045415 -0.162996 0.600000 0.000000 0.300000
0.170511 0.747779 -0.304879 0.600000 0.300000 0.000000
-0.307767 0.393838 -0.196193 0.600000 0.000000 0.300000
0.017399 0.738743 -0.304638 0.600000 0.300000 0.000000
0.304767 -0.061034 -0.155358 0.600000 0.000000 0.300000
-0.239665 -0.033607 0.120060 0.600000 0.000000 0.300000
-0.367250 -0.018904 0.145962 0.600000 0.000000 0.300000
-0.221752 0.368092 -0.175191 0.300000 0.000000 0.600000
-0.362221 -0.755373 0.533981 0.300000 0.600000 0.000000
-0.364066 -0.605876 0.479685 0.600000 0.000000 0.300000
0.197900 -0.039995 -0.141213 0.600000 0.000000 0.300000
-0.321722 -0.395803 0.345578 0.600000 0.000000 0.300000
0.357157 0.669442 -0.229656 0.300000 0.000000 0.600000
0.088974 -0.137435 0.052778 1.000000 0.000000 0.000000
0.240447 -0.035590 0.014608 0.600000 0.000000 0.300000
-0.050239 -0.038737 0.309680 0.600000 0.000000 0.300000
-0.255631 0.161578 -0.139815 0.600000 0.000000 0.300000
0.302441 -0.039076 -0.204881 0.000000 0.500000 0.500000
0.283048 -0.158761 0.025858 0.300000 0.000000 0.600000
0.339706 -0.012470 0.209936 0.600000 0.000000 0.300000
0.316113 -0.288529 0.233843 0.300000 0.000000 0.600000
-0.130747 0.541534 -0.244752 0.300000 0.000000 0.600000
0.319859 -0.075554 0.448070 0.600000 0.000000 0.300000
0.226044 0.077325 -0.149868 0.300000 0.000000 0.600000
-0.277949 0.128161 -0.123754 0.600000 0.000000 0.300000
0.431769 -0.701149 -0.310617 0.300000 0.000000 0.600000
-0.359620 0.523331 -0.181277 0.600000 0.000000 0.300000
0.309379 -0.022200 0.109236 0.600000 0.000000 0.300000
-0.093537 0.405677 -0.210222 0.300000 0.000000 0.600000
0.398515 -0.687178 -0.299462 0.300000 0.000000 0.600000
0.348440 -0.287130 0.204643 0.300000 0.000000 0.600000
-0.286379 0.083475 -0.130673 0.600000 0.000000 0.300000
0.243565 -0.159539 0.032167 0.300000 0.000000 0.600000
-0.261198 -0.081158 -0.138016 0.600000 0.000000 0.300000
0.212801 -0.123645 0.426008 0.600000 0.000000 0.300000
-0.267941 0.241732 -0.178888 0.600000 0.000000 0.300000
0.449349 -0.720772 -0.266650 0.800000 0.200000 0.500000
0.040730 -0.156810 0.055774 1.000000 0.000000 0.000000
0.120818 -0.048246 0.048673 0.600000 0.000000 0.300000
-0.302785 -0.696427 0.529167 0.000000 0.500000 0.500000
0.011647 -0.057710 -0.062366 0.600000 0.000000 0.300000
-0.172964 -0.040486 0.408779 0.600000 0.000000 0.300000
-0.288161 -0.120997 0.050370 0.300000 0.600000 0.000000
-0.145637 0.329663 -0.181495 0.300000 0.000000 0.600000
-0.235629 -0.082299 -0.188400 0.300000 0.600000 0.000000
0.369209 0.675629 -0.258075 0.300000 0.000000 0.600000
-0.291302 0.175085 -0.117574 0.600000 0.000000 0.300000
0.310392 0.586844 -0.232992 0.300000 0.000000 0.600000
-0.251091 0.533069 -0.210357 0.300000 0.000000 0.600000
-0.226041 -0.032541 0.184149 0.600000 0.000000 0.300000
-0.176634 0.027090 -0.149582 0.300000 0.000000 0.600000
-0.106438 0.260716 -0.174874 0.300000 0.000000 0.600000
0.354932 -0.024561 0.415573 0.600000 0.000000 0.300000
-0.021936 0.735545 -0.307924 0.600000 0.300000 0.000000
0.389213 -0.450828 -0.231926 0.600000 0.300000 0.000000
-0.423867 -0.420076 -0.204385 0.300000 0.600000 0.000000
-0.294002 -0.177734 0.036307 1.000000 0.000000 0.000000
0.352771 -0.457105 0.376356 0.300000 0.000000 0.600000
0.122890 -0.168664 0.008332 1.000000 0.000000 0.000000
0.335232 0.369075 -0.143226 0.300000 0.000000 0.600000
0.314029 -0.605347 0.485455 0.300000 0.000000 0.600000
0.355132 0.728205 -0.253175 0.300000 0.000000 0.600000
-0.234040 -0.135904 -0.043800 0.300000 0.600000 0.000000
-0.213379 -0.031967 0.385659 0.600000 0.000000 0.300000
0.315236 -0.173073 0.012741 1.000000 0.000000 0.000000
-0.032993 -0.068391 0.453825 0.600000 0.000000 0.300000
0.337872 -0.014009 0.181192 0.600000 0.000000 0.300000
-0.293860 0.058431 -0.195512 0.600000 0.000000 0.300000
-0.344791 0.656272 -0.246082 0.600000 0.000000 0.300000
-0.302706 -0.117699 -0.008055 0.600000 0.000000 0.300000
-0.427639 -0.478068 -0.226598 0.300000 0.600000 0.000000
-0.068877 -0.046579 0.142911 0.600000 0.000000 0.300000
0.269943 -0.003725 -0.140207 0.300000 0.000000 0.600000
0.127518 0.644260 -0.259302 0.600000 0.300000 0.000000
0.410274 -0.672560 -0.276571 0.600000 0.300000 0.000000
-0.321193 -0.023737 0.401857 0.600000 0.000000 0.300000
0.144455 0.568995 -0.242966 0.300000 0.000000 0.600000
0.248761 0.364245 -0.159026 0.300000 0.000000 0.600000
-0.221628 -0.026256 0.334561 0.600000 0.000000 0.300000
-0.199736 0.086843 -0.140910 0.600000 0.000000 0.300000
-0.381766 -0.326337 -0.116216 0.300000 0.600000 0.000000
0.338424 -0.274211 0.185450 0.300000 0.000000 0.600000
-0.207577 -0.042815 -0.038055 0.600000 0.000000 0.300000
0.264037 -0.030821 0.099911 0.600000 0.000000 0.300000
0.164481 -0.045296 0.043115 0.600000 0.000000 0.300000
-0.091551 0.737852 -0.306036 0.600000 0.300000 0.000000
0.075345 0.254490 -0.178420 0.300000 0.000000 0.600000
0.105882 0.735462 -0.300509 0.600000 0.300000 0.000000
0.321383 -0.386693 0.348150 0.300000 0.000000 0.600000
0.263142 0.101365 -0.193544 0.300000 0.000000 0.600000
0.301216 -0.015071 0.298952 0.600000 0.000000 0.300000
0.040879 0.658827 -0.268178 0.600000 0.300000 0.000000
-0.182986 0.127194 -0.140341 0.300000 0.000000 0.600000
-0.154488 0.197117 -0.149138 0.300000 0.000000 0.600000
0.375625 -0.072875 0.307685 0.600000 0.000000 0.300000
0.285448 0.220942 -0.121786 0.300000 0.000000 0.600000
-0.320654 -0.464305 0.389066 0.600000 0.000000 0.300000
-0.235406 0.198268 -0.170117 0.600000 0.000000 0.300000
-0.207676 0.267403 -0.149619 0.300000 0.000000 0.600000
-0.128400 -0.049995 -0.018289 0.600000 0.000000 0.300000
0.253756 -0.149161 0.056362 1.000000 0.000000 0.000000
-0.317600 0.310184 -0.160548 0.600000 0.000000 0.300000
0.275586 -0.017789 0.342240 0.600000 0.000000 0.300000
0.327653 0.741430 -0.276622 0.300000 0.000000 0.600000
0.370980 -0.734889 -0.256199 0.600000 0.000000 0.300000
0.272503 -0.115849 -0.159130 0.300000 0.000000 0.600000
0.082839 -0.044663 0.171335 0.600000 0.000000 0.300000
-0.377535 -0.265057 -0.066680 0.300000 0.600000 0.000000
-0.349088 -0.463708 0.370418 0.600000 0.000000 0.300000
-0.185974 0.706250 -0.272169 0.600000 0.300000 0.000000
0.045692 0.324447 -0.197630 0.300000 0.000000 0.600000
-0.434044 -0.637017 -0.305205 0.300000 0.600000 0.000000
-0.320143 0.200688 -0.150513 0.600000 0.000000 0.300000
-0.062697 -0.057572 -0.138836 0.600000 0.000000 0.300000
-0.250501 0.308247 -0.146275 0.600000 0.000000 0.300000
-0.113682 -0.055384 -0.175031 0.600000 0.000000 0.300000
-0.261983 0.456529 -0.184301 0.600000 0.000000 0.300000
0.260250 -0.015877 -0.165588 0.300000 0.000000 0.600000
0.106531 -0.053265 -0.098945 0.600000 0.000000 0.300000
0.012936 0.071072 -0.174453 0.300000 0.000000 0.600000
0.360548 -0.670490 0.528916 0.600000 0.000000 0.300000
-0.228358 -0.039162 -0.004017 0.600000 0.000000 0.300000
0.354644 -0.095518 0.017037 0.600000 0.000000 0.300000
-0.214510 0.446551 -0.200129 0.300000 0.000000 0.600000
0.347398 -0.543459 0.464538 0.300000 0.000000 0.600000
-0.102804 -0.131123 0.012320 1.000000 0.000000 0.000000
-0.266707 0.363802 -0.153065 0.600000 0.000000 0.300000
-0.298575 0.503356 -0.218681 0.600000 0.000000 0.300000
0.152794 -0.042571 0.412719 0.600000 0.000000 0.300000
0.074970 -0.056733 -0.129461 0.600000 0.000000 0.300000
0.338995 0.510368 -0.187330 0.300000 0.000000 0.600000
-0.329859 -0.249524 0.159204 0.600000 0.000000 0.300000
-0.235459 -0.099125 -0.155106 0.600000 0.000000 0.300000
0.153620 -0.032475 0.361666 0.600000 0.000000 0.300000
0.376155 -0.125369 0.033795 1.000000 0.000000 0.000000
-0.349891 -0.620879 0.509105 0.600000 0.000000 0.300000
0.266906 0.127329 -0.190816 0.300000 0.000000 0.600000
-0.266659 -0.031475 -0.073354 0.600000 0.000000 0.300000
0.254529 -0.155821 0.002747 1.000000 0.000000 0.000000
0.211678 -0.116492 0.452664 0.600000 0.000000 0.300000
0.390679 -0.684541 -0.237334 0.300000 0.000000 0.600000
0.325341 0.233403 -0.146694 0.300000 0.000000 0.600000
0.107552 -0.051345 -0.011918 0.600000 0.000000 0.300000
0.317132 -0.432936 0.356739 0.300000 0.000000 0.600000
-0.407103 -0.686074 -0.298597 1.000000 0.000000 0.000000
-0.382549 -0.023674 0.331582 0.600000 0.000000 0.300000
-0.362571 -0.473085 0.402245 0.600000 0.000000 0.300000
0.245569 -0.089884 -0.196432 0.000000 0.500000 0.500000
-0.331831 -0.019186 -0.032284 0.600000 0.000000 0.300000
-0.207246 0.130069 -0.131540 0.600000 0.000000 0.300000
-0.190610 -0.040077 0.113706 0.600000 0.000000 0.300000
-0.342675 -0.251058 0.215969 0.600000 0.000000 0.300000
0.210736 -0.028562 0.369138 0.600000 0.000000 0.300000
-0.340357 -0.231591 0.191469 0.600000 0.000000 0.300000
0.311235 0.546357 -0.223556 0.300000 0.000000 0.600000
-0.324660 -0.592344 0.489597 0.600000 0.000000 0.300000
0.223122 0.221370 -0.133815 0.300000 0.000000 0.600000
-0.200884 0.212508 -0.139725 0.300000 0.000000 0.600000
-0.278040 0.609341 -0.220086 0.300000 0.000000 0.600000
-0.202088 0.589723 -0.240339 0.600000 0.300000 0.000000
0.331433 0.446344 -0.152444 0.300000 0.000000 0.600000
0.254744 0.291481 -0.165241 0.300000 0.000000 0.600000
0.365655 -0.037033 0.030601 0.600000 0.000000 0.300000
-0.236321 0.065116 -0.155548 0.600000 0.000000 0.300000
-0.102631 -0.054067 -0.103627 0.600000 0.000000 0.300000
0.143074 0.002283 -0.160976 0.300000 0.000000 0.600000
-0.157756 0.062085 -0.153156 0.300000 0.000000 0.600000
0.357501 -0.080681 -0.063819 0.600000 0.000000 0.300000
0.083064 0.368684 -0.200894 0.300000 0.000000 0.600000
-0.354960 -0.521583 0.452603 0.600000 0.000000 0.300000
-0.118566 0.190865 -0.156616 0.300000 0.000000 0.600000
-0.321788 -0.252835 0.181886 0.600000 0.000000 0.300000
-0.116021 -0.046587 0.089725 0.600000 0.000000 0.300000
-0.162683 0.284827 -0.168981 0.300000 0.000000 0.600000
-0.329833 0.752236 -0.283403 0.600000 0.000000 0.300000
-0.345580 -0.393720 0.363812 0.600000 0.000000 0.300000
0.004398 -0.047585 0.142267 0.600000 0.000000 0.300000
0.102151 0.713971 -0.281255 0.600000 0.300000 0.000000
0.140904 -0.087662 0.459415 0.600000 0.000000 0.300000
-0.002483 -0.040534 0.377137 0.600000 0.000000 0.300000
0.252485 -0.041100 0.431097 0.600000 0.000000 0.300000
-0.095879 0.068807 -0.165202 0.300000 0.000000 0.600000
0.371180 -0.296113 -0.125181 0.600000 0.300000 0.000000
0.361898 0.646175 -0.226036 0.300000 0.000000 0.600000
0.253059 0.705061 -0.251267 0.300000 0.000000 0.600000
-0.360974 -0.330186 0.266754 0.600000 0.000000 0.300000
-0.336236 -0.084540 0.447139 0.600000 0.000000 0.300000
-0.233817 0.097357 -0.190514 0.600000 0.000000 0.300000
0.095775 -0.055588 -0.175278 0.600000 0.000000 0.300000
0.288478 0.669585 -0.250628 0.300000 0.000000 0.600000
-0.340766 -0.573979 0.485753 0.600000 0.000000 0.300000
0.041143 -0.093513 0.462706 0.600000 0.000000 0.300000
-0.315061 0.177925 -0.160222 0.600000 0.000000 0.300000
0.029193 0.370106 -0.208690 0.300000 0.000000 0.600000
0.278693 0.143418 -0.142709 0.300000 0.000000 0.600000
0.223470 -0.036612 -0.154670 0.600000 0.000000 0.300000
-0.300433 0.585679 -0.202877 0.600000 0.000000 0.300000
-0.265631 0.501262 -0.196457 0.600000 0.000000 0.300000
-0.155269 -0.151113 0.001902 1.000000 0.000000 0.000000
-0.022395 0.334610 -0.200527 0.300000 0.000000 0.600000
0.404049 -0.275835 -0.106324 0.600000 0.300000 0.000000
0.195852 -0.040446 0.078161 0.600000 0.000000 0.300000
0.401582 -0.134157 0.049500 1.000000 0.000000 0.000000
0.293919 0.598835 -0.209762 0.300000 0.000000 0.600000
0.228077 -0.146549 -0.005649 0.000000 0.500000 0.500000
-0.362448 -0.269875 0.201638 0.600000 0.000000 0.300000
0.239253 -0.100834 -0.069884 0.300000 0.000000 0.600000
0.033090 0.614611 -0.259560 0.600000 0.300000 0.000000
0.085057 -0.037158 0.360260 0.600000 0.000000 0.300000
-0.285088 0.271959 -0.176093 0.600000 0.000000 0.300000
0.016989 -0.046139 0.167223 0.600000 0.000000 0.300000
-0.305572 -0.719962 0.571797 0.000000 0.500000 0.500000
-0.315308 -0.023821 -0.009539 0.600000 0.000000 0.300000
0.264261 -0.103480 -0.038997 0.300000 0.000000 0.600000
0.290133 -0.011948 -0.149981 0.300000 0.000000 0.600000
0.264795 0.533969 -0.203713 0.300000 0.000000 0.600000
-0.363999 -0.040400 -0.122864 0.600000 0.000000 0.300000
-0.185175 0.294125 -0.162276 0.300000 0.000000 0.600000
0.216985 -0.038437 -0.092230 0.600000 0.000000 0.300000
-0.338728 -0.160801 0.054704 1.000000 0.000000 0.000000
-0.313014 0.025746 -0.172779 0.600000 0.000000 0.300000
-0.122068 -0.027638 -0.166102 0.300000 0.000000 0.600000
0.178363 0.442210 -0.205851 0.300000 0.000000 0.600000
0.216769 0.446521 -0.197046 0.300000 0.000000 0.600000
-0.350375 -0.016400 0.097638 0.600000 0.000000 0.300000
-0.405117 -0.376795 -0.194633 0.300000 0.600000 0.000000
-0.324255 -0.017884 0.184955 0.600000 0.000000 0.300000
-0.364570 -0.090904 0.083559 0.600000 0.000000 0.300000
-0.074296 0.711400 -0.280001 0.600000 0.300000 0.000000
-0.383115 -0.070226 0.317894 0.600000 0.000000 0.300000
-0.180374 0.576066 -0.239763 0.300000 0.000000 0.600000
0.346195 -0.169863 0.093207 0.300000 0.000000 0.600000
-0.390569 -0.239671 -0.034578 0.300000 0.600000 0.000000
0.153343 -0.044182 0.082660 0.600000 0.000000 0.300000
0.077488 -0.013491 -0.171924 0.300000 0.000000 0.600000
0.317332 0.478069 -0.161984 0.300000 0.000000 0.600000
0.088894 -0.045713 0.148488 0.600000 0.000000 0.300000
0.269514 0.044585 -0.133571 0.300000 0.000000 0.600000
-0.238622 0.222121 -0.152261 0.600000 0.000000 0.300000
-0.322003 -0.536483 0.432095 0.600000 0.000000 0.300000
0.224248 -0.090656 -0.170001 0.000000 0.500000 0.500000
0.206583 0.673034 -0.249464 0.600000 0.300000 0.000000
-0.308222 -0.752250 0.551342 0.000000 0.500000 0.500000
-0.058683 0.552800 -0.252726 0.300000 0.000000 0.600000
-0.393806 -0.350841 -0.148658 0.300000 0.600000 0.000000
-0.287690 0.460991 -0.192635 0.600000 0.000000 0.300000
0.053585 -0.042000 0.234703 0.600000 0.000000 0.300000
-0.004406 -0.153710 0.002182 1.000000 0.000000 0.000000
-0.157604 -0.034093 0.282045 0.600000 0.000000 0.300000
0.301418 -0.107663 -0.160718 0.000000 0.500000 0.500000
-0.340028 -0.725742 0.582489 0.500000 0.000000 0.500000
-0.025960 -0.055059 -0.009336 0.600000 0.000000 0.300000
-0.242193 -0.036023 -0.071824 0.600000 0.000000 0.300000
-0.203458 0.537680 -0.229451 0.300000 0.000000 0.600000
0.052808 0.474777 -0.234296 0.300000 0.000000 0.600000
0.412301 -0.368306 -0.166757 0.600000 0.300000 0.000000
0.376246 -0.040489 0.294071 0.600000 0.000000 0.300000
-0.214006 0.019392 -0.145332 0.600000 0.000000 0.300000
0.166698 -0.038885 0.164262 0.600000 0.000000 0.300000
-0.025088 -0.051060 0.073036 0.600000 0.000000 0.300000
0.184578 -0.024262 -0.152815 0.300000 0.000000 0.600000
-0.053731 -0.044569 0.192369 0.600000 0.000000 0.300000
0.130165 -0.047747 0.424412 0.600000 0.000000 0.300000
0.343576 -0.402061 0.366717 0.300000 0.000000 0.600000
-0.198834 0.656542 -0.251638 0.600000 0.300000 0.000000
-0.359896 -0.677947 0.554579 0.500000 0.000000 0.500000
-0.344304 -0.311130 0.286775 0.600000 0.000000 0.300000
-0.258394 0.329972 -0.148869 0.600000 0.000000 0.300000
0.122018 0.331285 -0.189529 0.300000 0.000000 0.600000
-0.116892 -0.044445 0.133904 0.600000 0.000000 0.300000
0.307468 0.141612 -0.159324 0.300000 0.000000 0.600000
-0.346510 0.728836 -0.273402 0.600000 0.000000 0.300000
0.436658 -0.739575 -0.296171 0.800000 0.200000 0.500000
0.296090 -0.750535 0.547017 0.300000 0.000000 0.600000
0.349431 -0.016206 0.390013 0.600000 0.000000 0.300000
0.305963 0.448428 -0.205651 0.300000 0.000000 0.600000
0.296759 0.505795 -0.200556 0.300000 0.000000 0.600000
-0.159569 -0.042366 0.118221 0.600000 0.000000 0.300000
-0.447330 -0.726652 -0.230144 0.500000 0.500000 0.000000
0.169065 -0.035852 0.218507 0.600000 0.000000 0.300000
0.323286 -0.451627 0.404140 0.300000 0.000000 0.600000
0.437077 -0.680710 -0.253878 0.800000 0.200000 0.500000
-0.044092 -0.053493 0.016456 0.600000 0.000000 0.300000
0.395103 -0.401201 -0.171658 0.600000 0.300000 0.000000
0.377086 -0.057674 0.374060 0.600000 0.000000 0.300000
-0.255605 -0.030599 0.137697 0.600000 0.000000 0.300000
0.077729 0.494382 -0.239877 0.300000 0.000000 0.600000
-0.332606 0.558361 -0.192384 0.600000 0.000000 0.300000
0.220485 0.589224 -0.233368 0.600000 0.300000 0.000000
-0.252769 -0.035365 -0.028522 0.600000 0.000000 0.300000
-0.280143 -0.028463 -0.148791 0.600000 0.000000 0.300000
0.063532 -0.036980 0.349247 0.600000 0.000000 0.300000
0.338739 0.478138 -0.181018 0.300000 0.000000 0.600000
0.182230 -0.067541 0.453228 0.600000 0.000000 0.300000
-0.301376 0.238740 -0.121761 0.600000 0.000000 0.300000
-0.298257 -0.022743 -0.104460 0.600000 0.000000 0.300000
0.284936 0.083453 -0.141995 0.300000 0.000000 0.600000
-0.248365 0.274662 -0.162064 0.600000 0.000000 0.300000
-0.301041 0.708431 -0.278530 0.600000 0.000000 0.300000
0.283977 -0.091929 -0.195874 0.000000 0.500000 0.500000
0.116320 -0.136670 0.431110 0.600000 0.000000 0.300000
0.272553 0.299792 -0.135502 0.300000 0.000000 0.600000
-0.081452 0.462922 -0.230595 0.300000 0.000000 0.600000
0.256223 0.172257 -0.122817 0.300000 0.000000 0.600000
0.418599 -0.616170 -0.265786 0.600000 0.300000 0.000000
0.267366 0.351392 -0.162198 0.300000 0.000000 0.600000
0.126188 0.421290 -0.214110 0.300000 0.000000 0.600000
-0.289950 -0.117059 -0.154421 0.600000 0.000000 0.300000
0.048368 0.700241 -0.275504 0.600000 0.300000 0.000000
-0.382026 -0.031528 0.248729 0.600000 0.000000 0.300000
0.033680 -0.176314 0.017184 1.000000 0.000000 0.000000
-0.012670 0.213688 -0.173442 0.300000 0.000000 0.600000
-0.182889 0.248869 -0.154855 0.300000 0.000000 0.600000
-0.230368 0.104169 -0.148430 0.600000 0.000000 0.300000
0.138064 0.256730 -0.167866 0.300000 0.000000 0.600000
-0.363097 0.562188 -0.196136 0.600000 0.000000 0.300000
0.376544 -0.067191 0.335004 0.600000 0.000000 0.300000
-0.069548 0.673006 -0.271485 0.600000 0.300000 0.000000
-0.190711 -0.030269 0.299927 0.600000 0.000000 0.300000
0.240078 0.098386 -0.153842 0.300000 0.000000 0.600000
-0.337689 -0.418532 0.381983 0.600000 0.000000 0.300000
-0.372729 -0.073835 0.000515 0.600000 0.000000 0.300000
0.230604 0.568304 -0.227384 0.300000 0.000000 0.600000
0.151038 0.298039 -0.174671 0.300000 0.000000 0.600000
-0.201355 -0.041554 -0.126684 0.600000 0.000000 0.300000
-0.383446 -0.680285 -0.260125 0.000000 1.000000 0.000000
-0.221414 0.502675 -0.212536 0.300000 0.000000 0.600000
-0.368734 -0.086142 0.147975 0.600000 0.000000 0.300000
-0.288836 0.111585 -0.188472 0.600000 0.000000 0.300000
-0.230685 0.015010 -0.186832 0.600000 0.000000 0.300000
-0.290738 -0.073815 -0.155505 0.600000 0.000000 0.300000
0.291427 -0.026871 0.075593 0.600000 0.000000 0.300000
0.405836 -0.313272 -0.135020 0.600000 0.300000 0.000000
0.267564 0.114451 -0.147293 0.300000 0.000000 0.600000
0.344461 -0.008170 0.343432 0.600000 0.000000 0.300000
0.295126 0.480069 -0.191001 0.300000 0.000000 0.600000
0.260212 0.280120 -0.187436 0.300000 0.000000 0.600000
-0.313618 -0.015593 0.365427 0.600000 0.000000 0.300000
-0.284288 0.174651 -0.177941 0.600000 0.000000 0.300000
-0.362465 -0.226007 0.146265 0.600000 0.000000 0.300000
-0.275760 -0.084529 -0.200635 0.300000 0.600000 0.000000
0.296563 -0.733714 0.564913 0.300000 0.000000 0.600000
-0.041215 0.159944 -0.162980 0.300000 0.000000 0.600000
-0.302689 0.325910 -0.136764 0.600000 0.000000 0.300000
-0.343552 -0.013709 0.195931 0.600000 0.000000 0.300000
0.238355 -0.125755 0.055369 0.000000 0.500000 0.500000
-0.084789 0.040250 -0.167044 0.300000 0.000000 0.600000
0.369988 -0.719101 -0.289168 0.600000 0.000000 0.300000
0.237830 0.120425 -0.127079 0.300000 0.000000 0.600000
-0.126372 -0.047212 0.061978 0.600000 0.000000 0.300000
-0.227223 0.623608 -0.242010 0.600000 0.300000 0.000000
0.354665 -0.396998 0.332265 0.300000 0.000000 0.600000
-0.097236 -0.054293 -0.071215 0.600000 0.000000 0.300000
-0.162565 0.007371 -0.155336 0.300000 0.000000 0.600000
-0.084765 0.385012 -0.208259 0.300000 0.000000 0.600000
-0.366178 -0.040437 -0.091627 0.600000 0.000000 0.300000
-0.382409 -0.068387 0.273249 0.600000 0.000000 0.300000
-0.333278 -0.052357 -0.152700 0.600000 0.000000 0.300000
-0.163954 -0.048081 -0.050323 0.600000 0.000000 0.300000
0.151771 -0.046618 -0.013752 0.600000 0.000000 0.300000
0.197960 0.634758 -0.246066 0.600000 0.300000 0.000000
-0.201133 -0.037687 0.141715 0.600000 0.000000 0.300000
0.305351 -0.109562 -0.101895 0.000000 0.500000 0.500000
0.123452 -0.046103 0.088463 0.600000 0.000000 0.300000
0.111529 0.022230 -0.165100 0.300000 0.000000 0.600000
-0.333980 -0.488243 0.433106 0.600000 0.000000 0.300000
0.353787 -0.091420 0.440492 0.600000 0.000000 0.300000
-0.077331 0.289104 -0.185658 0.300000 0.000000 0.600000
-0.253660 0.616907 -0.231081 0.600000 0.300000 0.000000
-0.115545 -0.052838 -0.148997 0.600000 0.000000 0.300000
0.176584 0.219458 -0.150134 0.300000 0.000000 0.600000
-0.406747 -0.378053 -0.145422 0.300000 0.600000 0.000000
0.227125 -0.036618 0.082080 0.600000 0.000000 0.300000
-0.280397 -0.030696 -0.018952 0.600000 0.000000 0.300000
0.251724 -0.142149 -0.055659 0.300000 0.000000 0.600000
0.238434 0.319979 -0.159246 0.300000 0.000000 0.600000
0.166014 -0.041177 0.121462 0.600000 0.000000 0.300000
-0.379190 -0.313616 -0.137318 0.300000 0.600000 0.000000
0.186365 -0.033401 0.236974 0.600000 0.000000 0.300000
0.185250 -0.144959 0.055236 1.000000 0.000000 0.000000
0.058300 -0.057097 -0.099208 0.600000 0.000000 0.300000
0.063386 0.642138 -0.261548 0.600000 0.300000 0.000000
0.315218 -0.215721 0.132526 0.300000 0.000000 0.600000
0.391847 -0.445782 -0.191544 0.600000 0.300000 0.000000
0.019101 0.589736 -0.256235 0.600000 0.300000 0.000000
0.168906 -0.046347 -0.077006 0.600000 0.000000 0.300000
-0.309124 -0.061376 0.447082 0.600000 0.000000 0.300000
-0.082953 0.441126 -0.224162 0.300000 0.000000 0.600000
0.246431 0.072155 -0.157433 0.300000 0.000000 0.600000
-0.415072 -0.570504 -0.247612 0.300000 0.600000 0.000000
-0.342532 0.432121 -0.181806 0.600000 0.000000 0.300000
-0.179373 -0.096765 0.458914 0.600000 0.000000 0.300000
-0.339045 -0.211382 0.097141 0.600000 0.000000 0.300000
-0.432043 -0.563210 -0.265833 0.300000 0.600000 0.000000
-0.248503 -0.032745 -0.114920 0.600000 0.000000 0.300000
-0.332001 -0.304807 0.226214 0.600000 0.000000 0.300000
0.234074 -0.036494 0.051731 0.600000 0.000000 0.300000
-0.349541 0.362475 -0.160511 0.600000 0.000000 0.300000
0.243660 0.487316 -0.199229 0.300000 0.000000 0.600000
0.378206 -0.314847 -0.103212 0.600000 0.300000 0.000000
-0.357439 -0.019977 0.012587 0.600000 0.000000 0.300000
0.174993 0.155584 -0.138532 0.300000 0.000000 0.600000
0.265676 -0.125694 0.035008 1.000000 0.000000 0.000000
0.239799 -0.026793 0.245933 0.600000 0.000000 0.300000
0.371480 -0.239146 -0.081771 0.600000 0.300000 0.000000
0.285783 -0.135341 -0.076498 0.300000 0.000000 0.600000
0.346781 -0.189141 0.123945 0.300000 0.000000 0.600000
-0.420825 -0.485717 -0.246763 0.300000 0.600000 0.000000
0.304845 0.718239 -0.246484 0.300000 0.000000 0.600000
0.159932 0.044210 -0.153729 0.300000 0.000000 0.600000
0.430246 -0.735874 -0.231245 0.800000 0.200000 0.500000
0.391481 -0.670737 -0.255646 0.300000 0.000000 0.600000
0.125488 -0.156758 0.055788 1.000000 0.000000 0.000000
0.028344 -0.124367 0.030055 1.000000 0.000000 0.000000
0.408597 -0.466959 -0.218828 0.600000 0.300000 0.000000
0.227264 -0.023913 0.328471 0.600000 0.000000 0.300000
-0.343311 -0.158695 0.003517 1.000000 0.000000 0.000000
-0.348414 -0.020839 0.404631 0.600000 0.000000 0.300000
-0.106208 0.308786 -0.183423 0.300000 0.000000 0.600000
-0.313075 -0.018592 -0.188210 0.600000 0.000000 0.300000
-0.031346 -0.043805 0.219770 0.600000 0.000000 0.300000
0.110143 -0.035412 0.346833 0.600000 0.000000 0.300000
-0.358029 -0.008012 0.300016 0.600000 0.000000 0.300000
-0.393558 -0.257155 -0.105396 0.300000 0.600000 0.000000
-0.040216 -0.126571 0.020507 1.000000 0.000000 0.000000
0.059708 -0.046378 0.146884 0.600000 0.000000 0.300000
-0.257681 -0.086532 -0.101248 0.300000 0.600000 0.000000
0.198008 -0.042132 0.420861 0.600000 0.000000 0.300000
-0.231664 -0.141478 0.005772 0.300000 0.600000 0.000000
0.286879 0.044908 -0.161206 0.300000 0.000000 0.600000
0.034034 0.280780 -0.185809 0.300000 0.000000 0.600000
-0.354746 -0.049096 0.438756 0.600000 0.000000 0.300000
-0.366500 0.582345 -0.207758 0.600000 0.000000 0.300000
0.283899 -0.146197 -0.031256 0.300000 0.000000 0.600000
-0.036555 -0.048733 0.116810 0.600000 0.000000 0.300000
-0.392526 -0.720554 -0.304990 0.000000 1.000000 0.000000
-0.248335 0.023831 -0.137825 0.600000 0.000000 0.300000
0.127653 -0.043486 0.135583 0.600000 0.000000 0.300000
-0.100204 -0.120704 0.462777 0.600000 0.000000 0.300000
0.315583 0.618711 -0.208441 0.300000 0.000000 0.600000
0.355780 -0.482835 0.413045 0.300000 0.000000 0.600000
-0.412942 -0.353986 -0.167336 0.300000 0.600000 0.000000
0.153894 -0.179245 0.028111 1.000000 0.000000 0.000000
-0.383283 -0.051816 0.303192 0.600000 0.000000 0.300000
-0.404847 -0.451649 -0.191569 0.300000 0.600000 0.000000
-0.289712 -0.026693 0.120349 0.600000 0.000000 0.300000
-0.289555 0.145790 -0.182484 0.600000 0.000000 0.300000
0.324381 -0.470538 0.378481 0.300000 0.000000 0.600000
0.208803 0.472534 -0.207186 0.300000 0.000000 0.600000
-0.200444 -0.066858 -0.176599 0.600000 0.000000 0.300000
-0.308606 0.437854 -0.155214 0.600000 0.000000 0.300000
-0.165950 -0.037542 0.202703 0.600000 0.000000 0.300000
-0.099087 0.573862 -0.249179 0.300000 0.000000 0.600000
-0.401863 -0.207170 -0.029557 0.300000 0.600000 0.000000
0.362907 -0.014448 0.226506 0.600000 0.000000 0.300000
-0.210390 -0.041128 0.044226 0.600000 0.000000 0.300000
0.315217 -0.273438 0.205984 0.300000 0.000000 0.600000
-0.176770 -0.045976 -0.093780 0.600000 0.000000 0.300000
0.316837 -0.247205 0.168435 0.300000 0.000000 0.600000
-0.234586 -0.118249 -0.123603 0.300000 0.600000 0.000000
0.288430 0.253555 -0.167223 0.300000 0.000000 0.600000
0.378972 -0.424278 -0.195788 0.600000 0.300000 0.000000
-0.365544 0.667430 -0.236723 0.600000 0.000000 0.300000
-0.188324 -0.076235 0.456389 0.600000 0.000000 0.300000
0.315350 -0.197346 0.104593 0.300000 0.000000 0.600000
0.146744 -0.046747 0.007889 0.600000 0.000000 0.300000
-0.312108 0.159042 -0.142445 0.600000 0.000000 0.300000
-0.388691 -0.184768 0.015388 0.300000 0.600000 0.000000
-0.174768 -0.030396 0.323901 0.600000 0.000000 0.300000
-0.040874 0.351594 -0.201199 0.300000 0.000000 0.600000
0.140992 0.718239 -0.277100 0.600000 0.300000 0.000000
0.305260 -0.033942 0.427106 0.600000 0.000000 0.300000
-0.310151 0.601131 -0.224013 0.600000 0.000000 0.300000
-0.287186 -0.034566 0.423229 0.600000 0.000000 0.300000
0.204967 0.712082 -0.265692 0.600000 0.300000 0.000000
-0.244048 -0.028692 0.213878 0.600000 0.000000 0.300000
0.147952 -0.048688 -0.088848 0.600000 0.000000 0.300000
-0.344355 0.429146 -0.152297 0.600000 0.000000 0.300000
0.017304 -0.059555 -0.164561 0.600000 0.000000 0.300000
0.046366 -0.040943 0.388675 0.600000 0.000000 0.300000
0.235812 0.152409 -0.148336 0.300000 0.000000 0.600000
0.176625 -0.127259 0.017940 1.000000 0.000000 0.000000
-0.222655 0.238916 -0.139476 0.600000 0.000000 0.300000
0.066149 -0.042474 0.398197 0.600000 0.000000 0.300000
-0.326549 0.670833 -0.224613 0.600000 0.000000 0.300000
-0.247053 -0.149047 -0.032112 0.300000 0.600000 0.000000
0.333966 0.730234 -0.245687 0.300000 0.000000 0.600000
0.150171 -0.047621 -0.131935 0.600000 0.000000 0.300000
-0.308789 -0.022773 0.138147 0.600000 0.000000 0.300000
0.217595 0.053021 -0.141329 0.300000 0.000000 0.600000
0.386935 -0.292640 -0.083756 0.600000 0.300000 0.000000
-0.120747 0.073983 -0.156986 0.300000 0.000000 0.600000
0.263043 -0.077581 0.452357 0.600000 0.000000 0.300000
0.191091 0.312385 -0.167743 0.300000 0.000000 0.600000
0.315786 -0.303705 0.249539 0.300000 0.000000 0.600000
0.343059 0.547202 -0.207356 0.300000 0.000000 0.600000
0.306295 0.015997 -0.154906 0.300000 0.000000 0.600000
0.329898 -0.372934 0.293814 0.300000 0.000000 0.600000
-0.023308 0.669253 -0.268884 0.600000 0.300000 0.000000
0.287836 0.163704 -0.142567 0.300000 0.000000 0.600000
-0.278375 0.228548 -0.121508 0.600000 0.000000 0.300000
0.344853 -0.057777 -0.134275 0.600000 0.000000 0.300000
-0.002795 -0.138842 0.452362 0.600000 0.000000 0.300000
0.069598 -0.169034 0.008701 1.000000 0.000000 0.000000
0.306371 -0.035732 -0.155944 0.600000 0.000000 0.300000
-0.017691 0.612769 -0.261842 0.600000 0.300000 0.000000
-0.338166 0.340888 -0.143359 0.600000 0.000000 0.300000
0.371364 0.627563 -0.238330 0.300000 0.000000 0.600000
0.246015 0.259063 -0.147525 0.300000 0.000000 0.600000
-0.256589 -0.129344 -0.127043 0.300000 0.600000 0.000000
0.376963 -0.036559 0.332115 0.600000 0.000000 0.300000
0.338203 0.600664 -0.223446 0.300000 0.000000 0.600000
-0.334146 -0.014410 -0.110994 0.600000 0.000000 0.300000
0.332294 0.384375 -0.171333 0.300000 0.000000 0.600000
0.026749 -0.079270 -0.194447 0.600000 0.000000 0.300000
0.368787 -0.090243 0.364585 0.600000 0.000000 0.300000
0.344621 -0.278260 0.243877 0.300000 0.000000 0.600000
-0.248176 -0.157068 0.029641 0.600000 0.000000 0.300000
0.356093 0.535757 -0.184102 0.300000 0.000000 0.600000
-0.271620 -0.111585 0.007662 0.300000 0.600000 0.000000
0.189501 -0.039171 0.118878 0.600000 0.000000 0.300000
-0.048485 0.180861 -0.169740 0.300000 0.000000 0.600000
-0.379791 -0.358840 -0.164729 0.300000 0.600000 0.000000
0.258804 0.369947 -0.177334 0.300000 0.000000 0.600000
-0.410978 -0.274024 -0.098583 0.300000 0.600000 0.000000
-0.344557 -0.018638 0.030923 0.600000 0.000000 0.300000
0.269583 -0.113515 0.016431 0.000000 0.500000 0.500000
-0.265159 -0.031274 0.094331 0.600000 0.000000 0.300000
-0.018689 0.164747 -0.168560 0.300000 0.000000 0.600000
0.230901 -0.091542 -0.113194 0.000000 0.500000 0.500000
-0.271190 0.000759 -0.211218 0.600000 0.000000 0.300000
0.312969 0.407403 -0.189416 0.300000 0.000000 0.600000
-0.184599 0.549366 -0.236582 0.300000 0.000000 0.600000
-0.215788 -0.162309 0.054300 1.000000 0.000000 0.000000
0.122994 0.602475 -0.253579 0.600000 0.300000 0.000000
0.396726 -0.605059 -0.264968 0.600000 0.300000 0.000000
-0.280248 0.542336 -0.206809 0.600000 0.000000 0.300000
-0.312899 0.351285 -0.182641 0.600000 0.000000 0.300000
0.392562 -0.485364 -0.212511 0.600000 0.300000 0.000000
-0.273400 0.286760 -0.186610 0.600000 0.000000 0.300000
0.287890 -0.110698 0.441369 0.600000 0.000000 0.300000
-0.367344 -0.220836 -0.034125 0.300000 0.600000 0.000000
0.248377 0.414582 -0.173404 0.300000 0.000000 0.600000
0.334642 0.431436 -0.175914 0.300000 0.000000 0.600000
-0.277455 -0.157094 -0.003936 0.300000 0.600000 0.000000
-0.044623 -0.176980 0.019667 1.000000 0.000000 0.000000
0.314444 -0.703384 0.490234 0.600000 0.000000 0.300000
0.259426 -0.022392 0.282452 0.600000 0.000000 0.300000
0.386001 -0.224828 -0.074792 0.600000 0.300000 0.000000
-0.407421 -0.178628 0.032977 1.000000 0.000000 0.000000
-0.317411 0.633095 -0.248252 0.600000 0.000000 0.300000
-0.124013 -0.037719 0.266497 0.600000 0.000000 0.300000
0.388733 -0.337233 -0.165945 0.600000 0.300000 0.000000
-0.368496 0.729334 -0.277922 0.600000 0.000000 0.300000
-0.383900 -0.047792 0.353558 0.600000 0.000000 0.300000
0.070753 0.209348 -0.170669 0.300000 0.000000 0.600000
0.323337 -0.136490 0.051833 1.000000 0.000000 0.000000
-0.335243 -0.124945 0.032211 1.000000 0.000000 0.000000
-0.097667 -0.043801 0.174473 0.600000 0.000000 0.300000
0.072741 -0.048204 0.106186 0.600000 0.000000 0.300000
0.324550 -0.571020 0.480791 0.300000 0.000000 0.600000
-0.128180 0.740772 -0.305631 0.600000 0.300000 0.000000
0.240725 0.231131 -0.152082 0.300000 0.000000 0.600000
-0.363268 -0.440813 0.365935 0.600000 0.000000 0.300000
0.263085 -0.023643 0.249077 0.600000 0.000000 0.300000
0.169431 -0.045267 -0.121173 0.600000 0.000000 0.300000
-0.327270 -0.425866 0.349332 0.600000 0.000000 0.300000
0.056448 -0.056333 0.438800 0.600000 0.000000 0.300000
0.065438 0.451663 -0.226760 0.300000 0.000000 0.600000
-0.257695 0.083019 -0.129152 0.600000 0.000000 0.300000
0.029256 -0.154169 0.002304 1.000000 0.000000 0.000000
0.018639 0.549899 -0.253392 0.300000 0.000000 0.600000
-0.280604 0.152954 -0.138426 0.600000 0.000000 0.300000
-0.247530 0.398677 -0.174204 0.600000 0.000000 0.300000
0.121387 0.162313 -0.149784 0.300000 0.000000 0.600000
0.027312 -0.045329 0.408654 0.600000 0.000000 0.300000
0.297004 0.134861 -0.176732 0.300000 0.000000 0.600000
0.276489 0.023044 -0.133317 0.300000 0.000000 0.600000
0.073161 0.280550 -0.184852 0.300000 0.000000 0.600000
-0.002589 0.350878 -0.201457 0.300000 0.000000 0.600000
0.317433 0.662992 -0.223827 0.300000 0.000000 0.600000
-0.151075 -0.046895 0.034118 0.600000 0.000000 0.300000
-0.406710 -0.242463 -0.067061 0.300000 0.600000 0.000000
-0.323330 -0.313334 0.253612 0.600000 0.000000 0.300000
-0.358971 0.703331 -0.244842 0.600000 0.000000 0.300000
-0.068335 0.022208 -0.170388 0.300000 0.000000 0.600000
-0.257846 0.316818 -0.165718 0.600000 0.000000 0.300000
0.113877 -0.068914 -0.186095 0.600000 0.000000 0.300000
-0.390343 -0.512128 -0.248353 0.300000 0.600000 0.000000
0.316326 -0.480627 0.418060 0.300000 0.000000 0.600000
-0.271817 0.009722 -0.164905 0.600000 0.000000 0.300000
-0.242330 0.128702 -0.152876 0.600000 0.000000 0.300000
-0.312250 -0.013472 0.306256 0.600000 0.000000 0.300000
-0.399693 -0.450641 -0.234574 0.300000 0.600000 0.000000
0.369828 -0.074497 0.099008 0.600000 0.000000 0.300000
-0.306621 0.014570 -0.189793 0.600000 0.000000 0.300000
-0.329514 -0.617708 0.468014 0.600000 0.000000 0.300000
0.325533 0.328037 -0.158317 0.300000 0.000000 0.600000
0.347615 0.395084 -0.159082 0.300000 0.000000 0.600000
-0.192814 -0.028693 0.345807 0.600000 0.000000 0.300000
-0.062532 -0.049806 0.083354 0.600000 0.000000 0.300000
0.177714 0.064882 -0.144483 0.300000 0.000000 0.600000
-0.195394 -0.036372 0.176193 0.600000 0.000000 0.300000
-0.331343 0.392008 -0.179518 0.600000 0.000000 0.300000
0.382592 -0.723739 -0.219307 0.300000 0.000000 0.600000
0.222145 -0.125180 0.033089 1.000000 0.000000 0.000000
-0.340274 -0.397460 0.316160 0.600000 0.000000 0.300000
0.228140 -0.032933 0.154251 0.600000 0.000000 0.300000
0.307406 0.257873 -0.153915 0.300000 0.000000 0.600000
0.327596 -0.716969 0.581004 0.600000 0.000000 0.300000
-0.258274 0.089209 -0.153817 0.600000 0.000000 0.300000
0.006695 0.687504 -0.277760 0.600000 0.300000 0.000000
-0.070317 -0.145435 0.055363 1.000000 0.000000 0.000000
-0.195653 -0.044878 -0.056267 0.600000 0.000000 0.300000
0.167510 -0.143909 0.003832 1.000000 0.000000 0.000000
-0.363068 -0.512460 0.429962 0.600000 0.000000 0.300000
0.311944 -0.142045 0.004331 1.000000 0.000000 0.000000
-0.325601 -0.015058 0.235127 0.600000 0.000000 0.300000
0.361005 -0.151819 0.001713 1.000000 0.000000 0.000000
-0.388360 -0.294176 -0.133149 0.300000 0.600000 0.000000
-0.346516 -0.281103 0.253910 0.600000 0.000000 0.300000
0.231132 -0.052142 -0.181694 0.300000 0.000000 0.600000
-0.369994 -0.047523 -0.035839 0.600000 0.000000 0.300000
0.297409 -0.683902 0.526417 0.300000 0.000000 0.600000
0.229086 0.743175 -0.285527 0.600000 0.300000 0.000000
-0.108714 0.692615 -0.275356 0.600000 0.300000 0.000000
-0.396736 -0.486097 -0.214458 0.300000 0.600000 0.000000
-0.378366 -0.039418 0.122654 0.600000 0.000000 0.300000
-0.225406 0.301299 -0.156128 0.600000 0.000000 0.300000
-0.297626 -0.147977 -0.035891 0.300000 0.600000 0.000000
-0.369561 -0.738362 0.566853 0.300000 0.600000 0.000000
0.309711 0.171887 -0.153128 0.300000 0.000000 0.600000
0.170765 0.707724 -0.267176 0.600000 0.300000 0.000000
0.350097 -0.239683 0.151957 0.300000 0.000000 0.600000
-0.333299 -0.678544 0.560471 0.500000 0.000000 0.500000
0.306037 -0.023174 -0.188320 0.000000 0.500000 0.500000
0.355932 -0.693731 0.573463 0.600000 0.000000 0.300000
0.286753 -0.143183 0.054760 1.000000 0.000000 0.000000
0.033465 0.208931 -0.175235 0.300000 0.000000 0.600000
0.252253 0.150003 -0.125043 0.300000 0.000000 0.600000
-0.325381 -0.207417 0.133924 0.600000 0.000000 0.300000
0.359896 -0.041522 -0.081195 0.600000 0.000000 0.300000
-0.196974 -0.033681 0.224707 0.600000 0.000000 0.300000
0.211611 0.156090 -0.129511 0.300000 0.000000 0.600000
-0.308521 0.100398 -0.179261 0.600000 0.000000 0.300000
-0.274141 0.341579 -0.192417 0.600000 0.000000 0.300000
-0.063937 0.486556 -0.239218 0.300000 0.000000 0.600000
0.285567 0.404856 -0.184335 0.300000 0.000000 0.600000
0.291797 -0.084803 -0.118714 0.000000 0.500000 0.500000
-0.362733 -0.727427 0.498767 0.300000 0.600000 0.000000
-0.429817 -0.523776 -0.252784 0.300000 0.600000 0.000000
-0.317148 0.512368 -0.214279 0.600000 0.000000 0.300000
-0.280365 -0.093727 -0.084895 0.600000 0.000000 0.300000
-0.221778 -0.093232 0.456115 0.600000 0.000000 0.300000
0.413039 -0.634076 -0.312410 0.600000 0.300000 0.000000
-0.282933 -0.167838 0.051280 1.000000 0.000000 0.000000
0.209577 0.507241 -0.216593 0.300000 0.000000 0.600000
-0.234519 0.175278 -0.124714 0.600000 0.000000 0.300000
0.311134 -0.018909 -0.091594 0.600000 0.000000 0.300000
-0.348159 0.459807 -0.160705 0.600000 0.000000 0.300000
-0.353125 -0.010228 0.231053 0.600000 0.000000 0.300000
0.231631 -0.120421 -0.053945 0.300000 0.000000 0.600000
0.384381 -0.344342 -0.136784 0.600000 0.300000 0.000000
0.298340 -0.026908 0.040159 0.600000 0.000000 0.300000
0.398667 -0.670459 -0.312242 0.600000 0.300000 0.000000
-0.208016 0.411391 -0.188241 0.300000 0.000000 0.600000
-0.302789 -0.730768 0.530777 0.000000 0.500000 0.500000
0.262552 -0.032714 0.060862 0.600000 0.000000 0.300000
-0.077935 0.610044 -0.259119 0.600000 0.300000 0.000000
0.298870 -0.735704 0.503983 0.300000 0.000000 0.600000
-0.103856 -0.173869 0.013537 1.000000 0.000000 0.000000
0.226336 -0.013554 -0.145619 0.300000 0.000000 0.600000
-0.072985 0.137769 -0.160381 0.300000 0.000000 0.600000
-0.417494 -0.696813 -0.224383 1.000000 0.000000 0.000000
0.290237 0.076715 -0.190590 0.300000 0.000000 0.600000
-0.017570 0.380996 -0.211660 0.300000 0.000000 0.600000
-0.015797 -0.017499 -0.181424 0.300000 0.000000 0.600000
-0.213089 -0.139131 0.053674 1.000000 0.000000 0.000000
0.375457 -0.053392 0.257547 0.600000 0.000000 0.300000
0.211080 -0.072417 -0.172240 0.600000 0.000000 0.300000
-0.297726 0.505514 -0.194634 0.600000 0.000000 0.300000
0.289420 0.699585 -0.262301 0.300000 0.000000 0.600000
-0.042370 0.486122 -0.238180 0.300000 0.000000 0.600000
0.178039 -0.029410 0.327209 0.600000 0.000000 0.300000
0.261437 0.203669 -0.184654 0.300000 0.000000 0.600000
-0.281251 -0.000044 -0.137067 0.600000 0.000000 0.300000
0.073701 -0.127679 0.042413 1.000000 0.000000 0.000000
0.091576 -0.051752 0.431583 0.600000 0.000000 0.300000
0.227111 -0.036923 0.032059 0.600000 0.000000 0.300000
-0.218262 0.664057 -0.250515 0.600000 0.300000 0.000000
-0.282764 -0.087986 0.452046 0.600000 0.000000 0.300000
0.101828 0.239548 -0.168047 0.300000 0.000000 0.600000
0.140497 -0.062850 0.449458 0.600000 0.000000 0.300000
-0.254626 0.041274 -0.157819 0.600000 0.000000 0.300000
-0.369387 -0.088630 0.103702 0.600000 0.000000 0.300000
0.111098 -0.128173 0.015271 1.000000 0.000000 0.000000
0.013680 -0.044218 0.206657 0.600000 0.000000 0.300000
-0.024946 0.515310 -0.248243 0.300000 0.000000 0.600000
0.309692 0.697154 -0.250930 0.300000 0.000000 0.600000
0.328837 -0.108439 0.422451 0.600000 0.000000 0.300000
-0.260007 0.120301 -0.191713 0.600000 0.000000 0.300000
-0.312612 -0.146214 0.047702 0.300000 0.600000 0.000000
0.346680 -0.159044 0.075441 0.300000 0.000000 0.600000
-0.398239 -0.272360 -0.068553 0.300000 0.600000 0.000000
0.152070 0.732730 -0.291189 0.600000 0.300000 0.000000
0.148387 0.086779 -0.152079 0.300000 0.000000 0.600000
-0.282961 0.420429 -0.182036 0.600000 0.000000 0.300000
0.148900 0.352743 -0.189272 0.300000 0.000000 0.600000
0.234017 0.202360 -0.173926 0.300000 0.000000 0.600000
-0.327991 -0.268379 0.227799 0.600000 0.000000 0.300000
-0.436343 -0.734762 -0.298353 0.500000 0.500000 0.000000
0.255333 -0.031357 0.118750 0.600000 0.000000 0.300000
0.306894 0.328008 -0.137745 0.300000 0.000000 0.600000
-0.046956 0.098568 -0.166318 0.300000 0.000000 0.600000
-0.276346 -0.144229 -0.049540 0.600000 0.000000 0.300000
-0.322552 0.529107 -0.180359 0.600000 0.000000 0.300000
-0.194829 -0.031971 0.260766 0.600000 0.000000 0.300000
-0.139766 0.306729 -0.180253 0.300000 0.000000 0.600000
-0.328260 -0.633016 0.508943 0.600000 0.000000 0.300000
-0.034490 -0.046101 0.407018 0.600000 0.000000 0.300000
0.307178 0.201535 -0.124442 0.300000 0.000000 0.600000
-0.351062 -0.015110 0.133074 0.600000 0.000000 0.300000
-0.371110 -0.075950 -0.022479 0.600000 0.000000 0.300000
0.306714 -0.019929 -0.140479 0.600000 0.000000 0.300000
0.017477 -0.058806 0.442174 0.600000 0.000000 0.300000
0.364191 -0.061694 -0.019645 0.600000 0.000000 0.300000
-0.173771 0.050208 -0.147666 0.300000 0.000000 0.600000
0.275340 0.400736 -0.158135 0.300000 0.000000 0.600000
-0.360299 -0.553203 0.438669 0.600000 0.000000 0.300000
-0.142973 -0.049290 -0.143148 0.600000 0.000000 0.300000
0.156675 0.124851 -0.146451 0.300000 0.000000 0.600000
-0.397045 -0.741351 -0.294896 0.000000 1.000000 0.000000
-0.260150 -0.108709 -0.017588 0.600000 0.000000 0.300000
0.007952 0.645999 -0.266202 0.600000 0.300000 0.000000
-0.424229 -0.605931 -0.296638 0.300000 0.600000 0.000000
-0.055954 -0.056310 -0.059620 0.600000 0.000000 0.300000
0.281090 -0.095667 -0.078384 0.300000 0.000000 0.600000
-0.324560 -0.196475 0.107637 0.600000 0.000000 0.300000
0.395799 -0.258030 -0.098488 0.600000 0.300000 0.000000
0.305016 0.651730 -0.248151 0.300000 0.000000 0.600000
-0.192722 -0.044193 -0.018225 0.600000 0.000000 0.300000
0.335102 -0.021592 0.403820 0.600000 0.000000 0.300000
-0.234627 0.177739 -0.168514 0.600000 0.000000 0.300000
-0.256727 0.572735 -0.218322 0.300000 0.000000 0.600000
0.278772 -0.032601 -0.211201 0.300000 0.000000 0.600000
-0.230575 -0.143045 0.029423 0.300000 0.600000 0.000000
-0.079558 -0.039997 0.265827 0.600000 0.000000 0.300000
-0.023947 -0.056784 -0.044048 0.600000 0.000000 0.300000
0.209844 0.086416 -0.135439 0.300000 0.000000 0.600000
0.349926 0.635660 -0.212264 0.300000 0.000000 0.600000
0.036207 0.249019 -0.178837 0.300000 0.000000 0.600000
-0.360119 0.483077 -0.173124 0.600000 0.000000 0.300000
0.278942 0.655653 -0.236648 0.600000 0.300000 0.000000
0.269360 -0.055787 -0.163560 0.000000 0.500000 0.500000
-0.335433 0.555217 -0.218887 0.600000 0.000000 0.300000
0.348321 -0.007111 0.300362 0.600000 0.000000 0.300000
-0.236718 0.744113 -0.279083 0.600000 0.300000 0.000000
0.330496 -0.586084 0.448888 0.300000 0.000000 0.600000
0.069221 0.589010 -0.256445 0.600000 0.300000 0.000000
0.241914 -0.109636 0.453385 0.600000 0.000000 0.300000
-0.220879 0.582229 -0.234978 0.300000 0.000000 0.600000
0.055061 -0.110574 -0.186694 0.600000 0.000000 0.300000
-0.358023 0.548102 -0.213734 0.600000 0.000000 0.300000
-0.035622 0.647350 -0.266551 0.600000 0.300000 0.000000
-0.361488 -0.485785 0.421300 0.600000 0.000000 0.300000
-0.241393 -0.152076 -0.008898 0.300000 0.600000 0.000000
-0.246530 0.047833 -0.135357 0.600000 0.000000 0.300000
-0.222614 -0.030990 0.228193 0.600000 0.000000 0.300000
0.283845 0.519315 -0.189573 0.300000 0.000000 0.600000
0.265298 -0.024868 0.219265 0.600000 0.000000 0.300000
0.400609 -0.561670 -0.284441 0.600000 0.300000 0.000000
0.278916 -0.048346 0.440976 0.600000 0.000000 0.300000
0.315158 -0.181261 0.085613 0.300000 0.000000 0.600000
0.447410 -0.698896 -0.297672 0.800000 0.200000 0.500000
0.222648 -0.025585 0.349054 0.600000 0.000000 0.300000
-0.162377 -0.044257 0.074206 0.600000 0.000000 0.300000
-0.359987 -0.396382 0.326137 0.600000 0.000000 0.300000
-0.284952 -0.021457 0.236026 0.600000 0.000000 0.300000
0.383211 -0.271346 -0.064775 0.600000 0.300000 0.000000
-0.398758 -0.184497 -0.003730 0.300000 0.600000 0.000000
-0.143115 -0.122486 0.457634 0.600000 0.000000 0.300000
0.283210 -0.023907 0.177455 0.600000 0.000000 0.300000
0.213382 -0.031127 0.225487 0.600000 0.000000 0.300000
0.370955 -0.072758 0.133379 0.600000 0.000000 0.300000
0.360120 -0.024392 0.065344 0.600000 0.000000 0.300000
-0.290359 0.039066 -0.134006 0.600000 0.000000 0.300000
0.039718 0.429276 -0.224817 0.300000 0.000000 0.600000
-0.353986 -0.619823 0.468023 0.600000 0.000000 0.300000
-0.095713 -0.051993 0.003580 0.600000 0.000000 0.300000
-0.110534 0.539470 -0.246097 0.300000 0.000000 0.600000
0.083972 -0.165942 0.053176 1.000000 0.000000 0.000000
-0.441451 -0.754863 -0.260440 0.500000 0.500000 0.000000
0.271123 -0.031106 0.410550 0.600000 0.000000 0.300000
0.363472 0.578746 -0.206861 0.300000 0.000000 0.600000
-0.004235 0.629308 -0.264022 0.600000 0.300000 0.000000
0.334461 0.636221 -0.225490 0.300000 0.000000 0.600000
0.391479 -0.470588 -0.243620 0.600000 0.300000 0.000000
0.012830 -0.016309 -0.178361 0.300000 0.000000 0.600000
-0.010822 0.707065 -0.280819 0.600000 0.300000 0.000000
-0.389063 -0.473239 -0.233501 0.300000 0.600000 0.000000
0.006738 0.500165 -0.244608 0.300000 0.000000 0.600000
-0.357066 -0.193307 0.074371 0.600000 0.000000 0.300000
0.301536 -0.014377 0.347011 0.600000 0.000000 0.300000
-0.304982 -0.108626 -0.030535 0.300000 0.600000 0.000000
-0.298868 -0.137805 0.005637 1.000000 0.000000 0.000000
0.249011 -0.178702 0.026088 1.000000 0.000000 0.000000
-0.274980 -0.020824 0.278556 0.600000 0.000000 0.300000
0.221757 -0.039459 -0.021313 0.600000 0.000000 0.300000
-0.055177 0.618916 -0.262155 0.600000 0.300000 0.000000
-0.372246 -0.024714 0.102170 0.600000 0.000000 0.300000
0.170743 0.647110 -0.253872 0.600000 0.300000 0.000000
-0.314480 -0.174788 0.014457 1.000000 0.000000 0.000000
0.223553 0.109999 -0.180273 0.300000 0.000000 0.600000
-0.262009 -0.025331 0.231500 0.600000 0.000000 0.300000
-0.391015 -0.206432 -0.056312 0.300000 0.600000 0.000000
0.158119 0.191334 -0.145859 0.300000 0.000000 0.600000
0.191220 -0.037017 0.158419 0.600000 0.000000 0.300000
0.116314 0.519000 -0.241956 0.300000 0.000000 0.600000
0.367520 0.534099 -0.206023 0.300000 0.000000 0.600000
-0.272182 0.218083 -0.183441 0.600000 0.000000 0.300000
-0.362794 -0.352776 0.297946 0.600000 0.000000 0.300000
0.338967 -0.195954 0.074140 0.300000 0.000000 0.600000
0.126504 0.559347 -0.243860 0.300000 0.000000 0.600000
-0.003474 0.327548 -0.198948 0.300000 0.000000 0.600000
-0.377856 -0.078352 0.190737 0.600000 0.000000 0.300000
0.180564 -0.164587 0.053689 1.000000 0.000000 0.000000
0.272513 0.373098 -0.152357 0.300000 0.000000 0.600000
-0.046371 0.739167 -0.305941 0.600000 0.300000 0.000000
-0.161680 0.102738 -0.144825 0.300000 0.000000 0.600000
-0.240572 -0.037275 -0.051711 0.600000 0.000000 0.300000
0.274914 -0.155386 -0.000353 0.300000 0.000000 0.600000
0.376285 -0.037409 0.377142 0.600000 0.000000 0.300000
0.192345 -0.041864 0.057712 0.600000 0.000000 0.300000
0.347399 -0.529547 0.420554 0.300000 0.000000 0.600000
-0.361835 -0.253392 0.177182 0.600000 0.000000 0.300000
-0.183465 -0.045024 0.425422 0.600000 0.000000 0.300000
-0.306800 0.005002 -0.152154 0.600000 0.000000 0.300000
-0.145737 0.416064 -0.206179 0.300000 0.000000 0.600000
0.142178 -0.036423 0.251885 0.600000 0.000000 0.300000
-0.382012 -0.699667 0.524290 0.300000 0.600000 0.000000
-0.340012 0.413269 -0.163950 0.600000 0.000000 0.300000
-0.195444 -0.124279 0.029063 1.000000 0.000000 0.000000
0.365545 0.694696 -0.252646 0.300000 0.000000 0.600000
0.163213 0.021856 -0.152097 0.300000 0.000000 0.600000
-0.285909 0.396226 -0.153335 0.600000 0.000000 0.300000
0.276131 0.487344 -0.183584 0.300000 0.000000 0.600000
0.082579 0.668761 -0.264935 0.600000 0.300000 0.000000
0.408022 -0.645791 -0.274072 0.600000 0.300000 0.000000
0.064474 -0.053255 0.010113 0.600000 0.000000 0.300000
-0.227159 0.197856 -0.130071 0.600000 0.000000 0.300000
0.438180 -0.674711 -0.276527 0.300000 0.000000 0.600000
0.083399 -0.035638 -0.174054 0.300000 0.000000 0.600000
0.212055 -0.040440 -0.059073 0.600000 0.000000 0.300000
-0.281156 0.759008 -0.289670 0.600000 0.000000 0.300000
-0.257716 -0.034735 0.014603 0.600000 0.000000 0.300000
0.189619 0.370427 -0.180612 0.300000 0.000000 0.600000
0.342523 0.663360 -0.244244 0.300000 0.000000 0.600000
-0.358849 -0.086149 -0.039643 0.600000 0.000000 0.300000
0.302725 0.350178 -0.140526 0.300000 0.000000 0.600000
0.304797 0.307142 -0.134333 0.300000 0.000000 0.600000
-0.196365 -0.169985 0.009653 1.000000 0.000000 0.000000
0.315878 0.600082 -0.216576 0.300000 0.000000 0.600000
-0.004029 0.595368 -0.257267 0.600000 0.300000 0.000000
0.190516 0.411497 -0.195910 0.300000 0.000000 0.600000
-0.380604 -0.752305 0.526425 0.300000 0.600000 0.000000
0.308852 -0.023314 0.084981 0.600000 0.000000 0.300000
0.251074 0.253838 -0.187512 0.300000 0.000000 0.600000
0.338377 0.340727 -0.146411 0.300000 0.000000 0.600000
-0.004845 -0.039454 0.307157 0.600000 0.000000 0.300000
-0.372489 -0.167454 0.051664 1.000000 0.000000 0.000000
-0.099796 -0.054674 -0.134501 0.600000 0.000000 0.300000
-0.350147 0.614671 -0.229966 0.600000 0.000000 0.300000
0.246343 0.222363 -0.132662 0.300000 0.000000 0.600000
-0.019046 -0.059359 -0.136069 0.600000 0.000000 0.300000
0.288206 0.064840 -0.159161 0.300000 0.000000 0.600000
0.156027 0.274936 -0.164590 0.300000 0.000000 0.600000
0.321030 -0.018898 0.137531 0.600000 0.000000 0.300000
-0.311856 -0.066883 -0.188588 0.300000 0.600000 0.000000
-0.089345 -0.047216 0.113742 0.600000 0.000000 0.300000
0.049075 -0.138705 0.053560 1.000000 0.000000 0.000000
0.331497 -0.016576 0.381035 0.600000 0.000000 0.300000
-0.024667 0.293690 -0.191701 0.300000 0.000000 0.600000
-0.381321 -0.064146 0.230742 0.600000 0.000000 0.300000
0.358623 -0.697227 0.494698 0.600000 0.000000 0.300000
-0.034002 -0.161614 0.054486 1.000000 0.000000 0.000000
0.001037 0.442489 -0.228636 0.300000 0.000000 0.600000
0.293626 0.041027 -0.190065 0.300000 0.000000 0.600000
0.226272 0.339691 -0.164522 0.300000 0.000000 0.600000
0.193228 -0.123751 0.449832 0.600000 0.000000 0.300000
0.392899 -0.377337 -0.171851 0.600000 0.300000 0.000000
0.233797 -0.096375 -0.133856 0.300000 0.000000 0.600000
-0.135608 -0.154835 0.002483 1.000000 0.000000 0.000000
-0.357055 -0.583596 0.451859 0.600000 0.000000 0.300000
-0.010655 0.067686 -0.175064 0.300000 0.000000 0.600000
-0.444022 -0.676372 -0.288973 1.000000 0.000000 0.000000
-0.059387 -0.125098 0.026005 1.000000 0.000000 0.000000
-0.069807 0.342316 -0.198793 0.300000 0.000000 0.600000
-0.284735 -0.095636 -0.061958 0.300000 0.600000 0.000000
-0.296156 -0.020229 0.380821 0.600000 0.000000 0.300000
0.376794 -0.069495 0.355623 0.600000 0.000000 0.300000
0.229306 0.385952 -0.176710 0.300000 0.000000 0.600000
-0.105681 -0.138110 0.436620 0.600000 0.000000 0.300000
-0.138532 0.268437 -0.168568 0.300000 0.000000 0.600000
0.364610 0.734388 -0.269641 0.300000 0.000000 0.600000
-0.303638 0.466778 -0.205902 0.600000 0.000000 0.300000
0.353585 -0.067496 -0.116464 0.600000 0.000000 0.300000
-0.092538 -0.179484 0.029003 1.000000 0.000000 0.000000
0.358353 -0.756007 0.544658 0.600000 0.300000 0.000000
0.234783 -0.063454 -0.201996 0.300000 0.000000 0.600000
0.180065 0.238806 -0.153593 0.300000 0.000000 0.600000
-0.053478 -0.041066 0.261646 0.600000 0.000000 0.300000
-0.329253 -0.653831 0.518466 0.600000 0.000000 0.300000
-0.403491 -0.306207 -0.095332 0.300000 0.600000 0.000000
-0.146769 -0.047956 0.000826 0.600000 0.000000 0.300000
0.308233 0.116262 -0.145631 0.300000 0.000000 0.600000
-0.208754 -0.005246 -0.146166 0.600000 0.000000 0.300000
-0.361964 -0.094016 0.008320 0.600000 0.000000 0.300000
-0.019102 -0.038155 0.338062 0.600000 0.000000 0.300000
0.295911 -0.714590 0.559296 0.300000 0.000000 0.600000
-0.148973 -0.125809 0.035436 1.000000 0.000000 0.000000
0.311292 -0.175082 0.044035 1.000000 0.000000 0.000000
-0.021424 -0.130252 0.013192 1.000000 0.000000 0.000000
-0.191660 -0.147664 0.002826 1.000000 0.000000 0.000000
0.057651 -0.043957 0.194928 0.600000 0.000000 0.300000
-0.386063 -0.416848 -0.205401 0.300000 0.600000 0.000000
-0.219597 0.053306 -0.138150 0.600000 0.000000 0.300000
-0.367166 0.701783 -0.268213 0.600000 0.000000 0.300000
-0.167593 0.738843 -0.296653 0.600000 0.300000 0.000000
-0.136892 -0.035922 0.281571 0.600000 0.000000 0.300000
-0.026626 -0.138399 0.452778 0.600000 0.000000 0.300000
0.253083 0.011666 -0.164943 0.300000 0.000000 0.600000
-0.241314 0.702718 -0.262042 0.600000 0.300000 0.000000
-0.378297 -0.736692 -0.243825 0.000000 1.000000 0.000000
0.225411 0.044276 -0.192411 0.300000 0.000000 0.600000
0.387424 -0.747715 -0.244087 0.600000 0.000000 0.300000
-0.243826 -0.134452 -0.068219 0.600000 0.000000 0.300000
-0.025038 0.097686 -0.171473 0.300000 0.000000 0.600000
0.299910 -0.104543 -0.057825 0.000000 0.500000 0.500000
-0.383884 -0.059126 0.376929 0.600000 0.000000 0.300000
-0.069303 -0.043275 0.207816 0.600000 0.000000 0.300000
0.384101 -0.514759 -0.253965 0.600000 0.300000 0.000000
-0.296388 0.114172 -0.127514 0.600000 0.000000 0.300000
-0.143276 -0.082565 -0.185521 0.600000 0.000000 0.300000
0.303762 0.237184 -0.154819 0.300000 0.000000 0.600000
0.183045 0.518236 -0.225852 0.300000 0.000000 0.600000
-0.271734 -0.161082 0.025632 0.600000 0.000000 0.300000
-0.286339 -0.135211 -0.101852 0.300000 0.600000 0.000000
0.342693 -0.015193 0.105082 0.600000 0.000000 0.300000
-0.402985 -0.547085 -0.243187 0.300000 0.600000 0.000000
0.374459 -0.038474 0.197629 0.600000 0.000000 0.300000
0.251539 -0.029997 0.154582 0.600000 0.000000 0.300000
0.043116 -0.037329 0.354057 0.600000 0.000000 0.300000
-0.361538 -0.313920 0.248312 0.600000 0.000000 0.300000
-0.404480 -0.410073 -0.213459 0.300000 0.600000 0.000000
-0.356911 -0.372375 0.335525 0.600000 0.000000 0.300000
-0.048552 -0.058357 -0.156271 0.600000 0.000000 0.300000
-0.144587 -0.037287 0.242896 0.600000 0.000000 0.300000
0.361717 -0.201055 -0.040798 0.600000 0.300000 0.000000
-0.299250 0.193097 -0.119797 0.600000 0.000000 0.300000
0.326581 -0.506432 0.403785 0.300000 0.000000 0.600000
0.373036 -0.067958 0.194503 0.600000 0.000000 0.300000
-0.154353 0.641125 -0.255799 0.600000 0.300000 0.000000
-0.067247 -0.038692 0.299554 0.600000 0.000000 0.300000
0.106078 -0.053009 -0.156560 0.600000 0.000000 0.300000
-0.136460 -0.034181 0.315376 0.600000 0.000000 0.300000
-0.293376 0.419894 -0.204516 0.600000 0.000000 0.300000
-0.131894 -0.044357 0.114764 0.600000 0.000000 0.300000
-0.323644 0.491408 -0.170305 0.600000 0.000000 0.300000
-0.362239 -0.586237 0.478429 0.600000 0.000000 0.300000
0.054863 -0.176877 0.019281 1.000000 0.000000 0.000000
-0.016615 -0.068689 -0.190140 0.600000 0.000000 0.300000
-0.058675 -0.037583 0.354627 0.600000 0.000000 0.300000
-0.306203 -0.015183 0.347138 0.600000 0.000000 0.300000
0.253323 -0.147582 -0.034276 0.300000 0.000000 0.600000
0.317008 -0.372345 0.330167 0.300000 0.000000 0.600000
0.257410 0.057959 -0.203416 0.300000 0.000000 0.600000
-0.283003 0.035581 -0.200056 0.600000 0.000000 0.300000
0.448530 -0.718263 -0.233511 0.800000 0.200000 0.500000
-0.264194 0.385185 -0.159753 0.600000 0.000000 0.300000
0.347090 -0.237316 0.193600 0.300000 0.000000 0.600000
-0.232665 -0.022623 -0.201012 0.600000 0.000000 0.300000
0.075182 -0.056503 -0.109750 0.600000 0.000000 0.300000
0.091826 0.628963 -0.259888 0.600000 0.300000 0.000000
-0.124675 -0.007198 -0.165802 0.300000 0.000000 0.600000
0.286307 0.017104 -0.158697 0.300000 0.000000 0.600000
0.318287 0.705344 -0.268397 0.300000 0.000000 0.600000
0.354869 -0.589628 0.482402 0.300000 0.000000 0.600000
-0.310291 0.058642 -0.184645 0.600000 0.000000 0.300000
0.095314 -0.046360 0.125622 0.600000 0.000000 0.300000
-0.279339 -0.024374 0.197094 0.600000 0.000000 0.300000
0.321022 -0.157577 0.063873 0.300000 0.000000 0.600000
0.297138 0.268830 -0.124896 0.300000 0.000000 0.600000
0.194249 0.106830 -0.139564 0.300000 0.000000 0.600000
0.297363 0.172388 -0.123343 0.300000 0.000000 0.600000
0.237059 0.201103 -0.129599 0.300000 0.000000 0.600000
-0.238496 -0.114754 -0.033962 0.600000 0.000000 0.300000
0.138421 0.623481 -0.252135 0.600000 0.300000 0.000000
0.290108 0.116206 -0.133392 0.300000 0.000000 0.600000
-0.375803 -0.237220 -0.074856 0.300000 0.600000 0.000000
-0.251547 0.249249 -0.187702 0.600000 0.000000 0.300000
-0.260045 -0.131921 0.011522 1.000000 0.000000 0.000000
0.315270 -0.448457 0.371356 0.300000 0.000000 0.600000
0.418197 -0.527686 -0.261554 0.600000 0.300000 0.000000
-0.081590 0.213652 -0.169635 0.300000 0.000000 0.600000
-0.355944 0.396244 -0.169287 0.600000 0.000000 0.300000
-0.031453 -0.046091 0.172802 0.600000 0.000000 0.300000
0.050636 0.745136 -0.318632 0.600000 0.300000 0.000000
0.337137 -0.671450 0.530045 0.600000 0.000000 0.300000
-0.217371 -0.029762 0.265421 0.600000 0.000000 0.300000
-0.339468 0.486259 -0.191814 0.600000 0.000000 0.300000
-0.383885 -0.037604 0.390861 0.600000 0.000000 0.300000
0.392606 -0.191995 -0.003160 0.600000 0.300000 0.000000
-0.410043 -0.435838 -0.201963 0.300000 0.600000 0.000000
0.274765 -0.023243 0.380710 0.600000 0.000000 0.300000
0.239602 -0.120118 0.424987 0.600000 0.000000 0.300000
0.167061 -0.057984 0.445278 0.600000 0.000000 0.300000
0.008869 -0.124955 0.032248 1.000000 0.000000 0.000000
-0.310448 -0.043494 0.437946 0.600000 0.000000 0.300000
0.029883 0.057986 -0.173970 0.300000 0.000000 0.600000
-0.353427 -0.480369 0.386509 0.600000 0.000000 0.300000
-0.240603 -0.099317 -0.066365 0.300000 0.600000 0.000000
0.136093 -0.097230 -0.183099 0.600000 0.000000 0.300000
-0.356652 -0.432952 0.385606 0.600000 0.000000 0.300000
0.191255 -0.041219 0.017666 0.600000 0.000000 0.300000
-0.292553 0.448881 -0.207393 0.600000 0.000000 0.300000
-0.164857 -0.132075 0.047417 1.000000 0.000000 0.000000
-0.126490 0.159082 -0.149691 0.300000 0.000000 0.600000
-0.363422 -0.706927 0.577730 0.500000 0.000000 0.500000
-0.356470 -0.155990 0.061454 0.600000 0.000000 0.300000
-0.298671 -0.023665 -0.144689 0.600000 0.000000 0.300000
-0.118067 0.656992 -0.264681 0.600000 0.300000 0.000000
-0.330295 -0.325509 0.297474 0.600000 0.000000 0.300000
0.124160 -0.039805 0.216023 0.600000 0.000000 0.300000
0.233018 0.019853 -0.156272 0.300000 0.000000 0.600000
0.306400 0.104870 -0.167395 0.300000 0.000000 0.600000
-0.241155 0.547787 -0.221493 0.300000 0.000000 0.600000
-0.225442 -0.047903 0.437423 0.600000 0.000000 0.300000
-0.256340 0.483756 -0.192450 0.300000 0.000000 0.600000
-0.252811 0.139691 -0.131955 0.600000 0.000000 0.300000
-0.304156 -0.701144 0.566731 0.000000 0.500000 0.500000
-0.394163 -0.548841 -0.270496 0.300000 0.600000 0.000000
-0.367662 -0.036851 -0.057525 0.600000 0.000000 0.300000
0.420013 -0.595515 -0.293712 0.600000 0.300000 0.000000
0.370613 -0.325384 -0.142118 0.600000 0.300000 0.000000
0.076043 -0.041806 0.229741 0.600000 0.000000 0.300000
0.031260 0.117143 -0.169232 0.300000 0.000000 0.600000
0.375253 -0.740004 0.548390 0.600000 0.300000 0.000000
0.028773 0.177211 -0.171340 0.300000 0.000000 0.600000
0.101711 0.554314 -0.245646 0.300000 0.000000 0.600000
0.304130 0.679689 -0.244286 0.300000 0.000000 0.600000
-0.333052 -0.672931 0.518011 0.500000 0.000000 0.500000
0.217509 -0.090900 0.456425 0.600000 0.000000 0.300000
0.013487 0.034802 -0.177284 0.300000 0.000000 0.600000
0.274876 0.223242 -0.179987 0.300000 0.000000 0.600000
-0.069880 -0.022017 -0.176933 0.300000 0.000000 0.600000
-0.346771 0.338143 -0.165399 0.600000 0.000000 0.300000
0.288635 -0.028158 -0.001318 0.600000 0.000000 0.300000
0.323090 -0.390330 0.313329 0.300000 0.000000 0.600000
-0.220113 -0.029384 -0.147533 0.600000 0.000000 0.300000
-0.217173 -0.039225 -0.111829 0.600000 0.000000 0.300000
-0.305157 -0.130147 -0.069012 0.600000 0.000000 0.300000
-0.189565 -0.041408 0.090137 0.600000 0.000000 0.300000
-0.083080 -0.054402 -0.032844 0.600000 0.000000 0.300000
-0.359342 0.462331 -0.189441 0.600000 0.000000 0.300000
-0.184498 -0.044375 -0.116097 0.600000 0.000000 0.300000
0.396684 -0.220019 -0.033868 0.600000 0.300000 0.000000
0.237078 -0.138033 -0.076116 0.000000 0.500000 0.500000
0.309540 0.471761 -0.209048 0.300000 0.000000 0.600000
-0.331027 -0.177997 0.035329 1.000000 0.000000 0.000000
0.239485 0.691449 -0.248583 0.600000 0.300000 0.000000
-0.328906 -0.511809 0.445389 0.600000 0.000000 0.300000
0.399388 -0.411428 -0.193078 0.600000 0.300000 0.000000
0.311015 -0.756187 0.535976 0.300000 0.000000 0.600000
-0.439056 -0.685861 -0.234958 1.000000 0.000000 0.000000
0.413475 -0.492421 -0.234888 0.600000 0.300000 0.000000
0.363248 0.602773 -0.212330 0.300000 0.000000 0.600000
0.259527 0.579638 -0.217081 0.300000 0.000000 0.600000
0.447616 -0.747325 -0.260750 0.800000 0.200000 0.500000
-0.274692 0.077279 -0.198976 0.600000 0.000000 0.300000
-0.090416 0.091145 -0.164425 0.300000 0.000000 0.600000
-0.014047 0.569857 -0.255987 0.300000 0.000000 0.600000
-0.384675 -0.304790 -0.101826 0.300000 0.600000 0.000000
-0.400672 -0.678333 -0.244257 1.000000 0.000000 0.000000
-0.235714 -0.066766 -0.199980 0.300000 0.600000 0.000000
0.050438 -0.016710 -0.175368 0.300000 0.000000 0.600000
-0.296261 0.522518 -0.203787 0.600000 0.000000 0.300000
0.352728 -0.187962 0.095368 0.300000 0.000000 0.600000
-0.368794 -0.682049 0.507363 0.500000 0.000000 0.500000
0.375274 -0.382849 -0.182139 0.600000 0.300000 0.000000
0.283884 -0.021289 -0.170789 0.300000 0.000000 0.600000
-0.400292 -0.478071 -0.249067 0.300000 0.600000 0.000000
0.158554 0.623814 -0.251891 0.600000 0.300000 0.000000
0.287311 -0.108339 -0.009453 0.000000 0.500000 0.500000
-0.156790 -0.028802 -0.161291 0.300000 0.000000 0.600000
-0.365168 -0.031324 0.424745 0.600000 0.000000 0.300000
0.338206 -0.436978 0.349811 0.300000 0.000000 0.600000
0.056721 0.548802 -0.249084 0.300000 0.000000 0.600000
0.372608 -0.033123 0.178253 0.600000 0.000000 0.300000
-0.114787 0.028335 -0.162810 0.300000 0.000000 0.600000
0.177540 -0.030207 0.348723 0.600000 0.000000 0.300000
0.328448 0.548543 -0.193551 0.300000 0.000000 0.600000
0.396202 -0.236846 -0.043641 0.600000 0.300000 0.000000
0.123297 0.207908 -0.158142 0.300000 0.000000 0.600000
0.267746 -0.030986 0.079959 0.600000 0.000000 0.300000
-0.232189 0.437884 -0.192282 0.300000 0.000000 0.600000
0.074626 -0.055287 -0.061930 0.600000 0.000000 0.300000
-0.049554 0.062026 -0.172101 0.300000 0.000000 0.600000
-0.081763 -0.060086 0.444893 0.600000 0.000000 0.300000
-0.287028 0.103833 -0.151783 0.600000 0.000000 0.300000
0.132619 0.309693 -0.179495 0.300000 0.000000 0.600000
-0.369068 -0.128555 0.014889 1.000000 0.000000 0.000000
-0.383624 -0.035277 0.313081 0.600000 0.000000 0.300000
-0.263827 -0.020673 0.315439 0.600000 0.000000 0.300000
0.359576 0.510147 -0.181332 0.300000 0.000000 0.600000
-0.411524 -0.596058 -0.257640 0.300000 0.600000 0.000000
0.017304 -0.042590 0.237337 0.600000 0.000000 0.300000
0.337868 -0.650569 0.521733 0.300000 0.000000 0.600000
0.228736 0.084910 -0.132134 0.300000 0.000000 0.600000
0.279080 -0.177509 0.037148 1.000000 0.000000 0.000000
0.181472 -0.162369 0.004502 1.000000 0.000000 0.000000
-0.117631 0.223775 -0.165572 0.300000 0.000000 0.600000
0.180385 0.199523 -0.141657 0.300000 0.000000 0.600000
0.313149 0.630319 -0.246701 0.300000 0.000000 0.600000
0.123178 -0.038180 0.249527 0.600000 0.000000 0.300000
-0.156659 -0.041364 0.143529 0.600000 0.000000 0.300000
0.230887 0.039594 -0.137838 0.300000 0.000000 0.600000
0.279938 -0.027731 -0.064079 0.600000 0.000000 0.300000
-0.181671 -0.063161 -0.178252 0.600000 0.000000 0.300000
0.050241 -0.038401 0.306244 0.600000 0.000000 0.300000
0.258630 0.112389 -0.126825 0.300000 0.000000 0.600000
0.004765 -0.042849 0.396104 0.600000 0.000000 0.300000
0.088944 0.204569 -0.166811 0.300000 0.000000 0.600000
-0.048023 0.411886 -0.216825 0.300000 0.000000 0.600000
0.289346 0.363750 -0.190766 0.300000 0.000000 0.600000
-0.336181 0.519348 -0.171016 0.600000 0.000000 0.300000
-0.241787 -0.023903 0.347614 0.600000 0.000000 0.300000
0.077297 0.056411 -0.169129 0.300000 0.000000 0.600000
-0.381903 -0.024525 0.354448 0.600000 0.000000 0.300000
0.392265 -0.641432 -0.284100 0.600000 0.300000 0.000000
-0.225205 0.724887 -0.273667 0.600000 0.300000 0.000000
0.064823 0.324885 -0.195602 0.300000 0.000000 0.600000
-0.270408 0.588951 -0.216034 0.300000 0.000000 0.600000
0.391409 -0.379442 -0.148156 0.600000 0.300000 0.000000
-0.295072 0.309761 -0.180040 0.600000 0.000000 0.300000
-0.054586 -0.042041 0.241686 0.600000 0.000000 0.300000
0.278109 0.141840 -0.185231 0.300000 0.000000 0.600000
0.398596 -0.422675 -0.220754 0.600000 0.300000 0.000000
-0.118769 -0.067383 0.452746 0.600000 0.000000 0.300000
0.321655 -0.354503 0.321559 0.300000 0.000000 0.600000
0.187529 0.290605 -0.161425 0.300000 0.000000 0.600000
-0.348438 -0.337632 0.313468 0.600000 0.000000 0.300000
-0.280784 0.637611 -0.226744 0.300000 0.000000 0.600000
0.224200 -0.116423 -0.098192 0.000000 0.500000 0.500000
0.371476 -0.054525 0.422309 0.600000 0.000000 0.300000
0.140886 -0.034844 0.375761 0.600000 0.000000 0.300000
-0.271417 -0.105316 -0.183889 0.300000 0.600000 0.000000
-0.418309 -0.638141 -0.272129 0.300000 0.600000 0.000000
0.374816 -0.736621 0.521422 0.600000 0.300000 0.000000
-0.349633 -0.010170 0.249852 0.600000 0.000000 0.300000
-0.227246 0.162323 -0.141865 0.600000 0.000000 0.300000
0.362190 -0.236119 -0.046845 0.600000 0.300000 0.000000
-0.242549 -0.128935 0.044278 1.000000 0.000000 0.000000
-0.038392 0.241231 -0.177364 0.300000 0.000000 0.600000
-0.111333 -0.133742 0.049085 1.000000 0.000000 0.000000
0.201633 -0.034112 0.192716 0.600000 0.000000 0.300000
0.376159 -0.081949 0.408628 0.600000 0.000000 0.300000
0.052004 0.020233 -0.175195 0.300000 0.000000 0.600000
0.077267 -0.056835 -0.170776 0.600000 0.000000 0.300000
-0.355916 -0.018739 0.052790 0.600000 0.000000 0.300000
0.191670 -0.030842 0.277297 0.600000 0.000000 0.300000
-0.294468 0.022478 -0.164090 0.600000 0.000000 0.300000
-0.324293 0.236255 -0.137732 0.600000 0.000000 0.300000
-0.396672 -0.608671 -0.288951 0.300000 0.600000 0.000000
-0.363730 -0.059442 -0.121962 0.600000 0.000000 0.300000
-0.048863 -0.067639 -0.189126 0.600000 0.000000 0.300000
-0.155118 0.598548 -0.251189 0.600000 0.300000 0.000000
0.339673 -0.177035 0.019870 1.000000 0.000000 0.000000
-0.357242 -0.011835 0.363939 0.600000 0.000000 0.300000
0.290054 0.576205 -0.205322 0.300000 0.000000 0.600000
-0.118017 -0.128223 0.455648 0.600000 0.000000 0.300000
-0.249427 0.163717 -0.120908 0.600000 0.000000 0.300000
0.339005 -0.016604 -0.063736 0.600000 0.000000 0.300000
-0.310024 0.063227 -0.151282 0.600000 0.000000 0.300000
0.223905 -0.029770 0.386308 0.600000 0.000000 0.300000
-0.339124 0.578692 -0.211454 0.600000 0.000000 0.300000
-0.318172 -0.019931 -0.076722 0.600000 0.000000 0.300000
0.279963 0.277704 -0.129402 0.300000 0.000000 0.600000
-0.270515 -0.082120 -0.121469 0.300000 0.600000 0.000000
0.227131 -0.127932 -0.020155 0.300000 0.000000 0.600000
-0.286605 0.400629 -0.181113 0.600000 0.000000 0.300000
0.011926 -0.084687 0.461172 0.600000 0.000000 0.300000
0.275292 0.292536 -0.180291 0.300000 0.000000 0.600000
-0.015100 -0.042184 0.256323 0.600000 0.000000 0.300000
-0.155583 0.144502 -0.142104 0.300000 0.000000 0.600000
0.309529 0.195224 -0.159066 0.300000 0.000000 0.600000
-0.301109 0.260656 -0.124441 0.600000 0.000000 0.300000
0.303840 0.570505 -0.225799 0.300000 0.000000 0.600000
-0.296976 -0.027648 0.077752 0.600000 0.000000 0.300000
-0.362299 -0.013308 0.192074 0.600000 0.000000 0.300000
-0.296285 0.480677 -0.188263 0.600000 0.000000 0.300000
0.344511 -0.299917 0.219697 0.300000 0.000000 0.600000
-0.313990 -0.014181 0.287338 0.600000 0.000000 0.300000
-0.233566 0.085103 -0.144746 0.600000 0.000000 0.300000
-0.235234 0.481027 -0.201119 0.300000 0.000000 0.600000
0.194678 0.258152 -0.154480 0.300000 0.000000 0.600000
0.262001 0.190244 -0.118960 0.300000 0.000000 0.600000
-0.327643 0.432747 -0.194225 0.600000 0.000000 0.300000
-0.240038 0.601773 -0.234257 0.600000 0.300000 0.000000
0.322210 0.273860 -0.133904 0.300000 0.000000 0.600000
0.010286 0.412414 -0.220351 0.300000 0.000000 0.600000
0.175673 -0.093069 0.458754 0.600000 0.000000 0.300000
0.276531 -0.080013 -0.129144 0.000000 0.500000 0.500000
0.370347 -0.694258 -0.266735 0.600000 0.000000 0.300000
-0.250009 -0.034382 -0.209782 0.600000 0.000000 0.300000
-0.390096 -0.162770 -0.005217 0.300000 0.600000 0.000000
-0.027710 -0.141337 0.054265 1.000000 0.000000 0.000000
0.173833 -0.044184 -0.012703 0.600000 0.000000 0.300000
0.433122 -0.719216 -0.305272 0.800000 0.200000 0.500000
-0.307067 0.252540 -0.157744 0.600000 0.000000 0.300000
0.393265 -0.538701 -0.271069 0.600000 0.300000 0.000000
0.104217 0.600064 -0.254958 0.600000 0.300000 0.000000
-0.041872 0.605593 -0.260784 0.600000 0.300000 0.000000
0.252780 -0.119643 0.441631 0.600000 0.000000 0.300000
-0.053853 0.278249 -0.186890 0.300000 0.000000 0.600000
-0.117848 -0.034606 0.338101 0.600000 0.000000 0.300000
-0.435445 -0.673781 -0.270995 1.000000 0.000000 0.000000
-0.236016 -0.125233 -0.103531 0.300000 0.600000 0.000000
-0.355999 -0.076320 -0.098080 0.600000 0.000000 0.300000
-0.038053 -0.058356 -0.113662 0.600000 0.000000 0.300000
-0.259695 0.183991 -0.184314 0.600000 0.000000 0.300000
0.151374 -0.082623 -0.183281 0.600000 0.000000 0.300000
-0.196162 0.475846 -0.213611 0.300000 0.000000 0.600000
-0.053361 -0.104069 0.463194 0.600000 0.000000 0.300000
-0.405760 -0.412151 -0.188675 0.300000 0.600000 0.000000
0.330228 -0.534610 0.464597 0.300000 0.000000 0.600000
0.283299 -0.132827 0.010616 1.000000 0.000000 0.000000
0.341348 0.620982 -0.204152 0.300000 0.000000 0.600000
0.316120 -0.326584 0.281516 0.300000 0.000000 0.600000
-0.347516 -0.016863 -0.045859 0.600000 0.000000 0.300000
-0.291673 0.167776 -0.134945 0.600000 0.000000 0.300000
-0.265364 0.031953 -0.207277 0.600000 0.000000 0.300000
-0.338600 0.602650 -0.218918 0.600000 0.000000 0.300000
0.294313 0.095895 -0.185190 0.300000 0.000000 0.600000
-0.095524 -0.127335 0.041132 1.000000 0.000000 0.000000
0.151551 0.394710 -0.197982 0.300000 0.000000 0.600000
0.236071 0.448602 -0.190423 0.300000 0.000000 0.600000
-0.029869 0.054255 -0.171969 0.300000 0.000000 0.600000
0.321495 -0.302565 0.267421 0.300000 0.000000 0.600000
-0.378034 -0.086479 0.358816 0.600000 0.000000 0.300000
-0.378174 -0.065511 0.127577 0.600000 0.000000 0.300000
-0.072885 -0.174044 0.013713 1.000000 0.000000 0.000000
0.350057 -0.462196 0.411793 0.300000 0.000000 0.600000
-0.351181 -0.210390 0.159755 0.600000 0.000000 0.300000
-0.399114 -0.633799 -0.299031 0.300000 0.600000 0.000000
0.350737 -0.261592 0.178958 0.300000 0.000000 0.600000
0.295963 -0.171553 0.011222 1.000000 0.000000 0.000000
0.260679 0.318924 -0.177505 0.300000 0.000000 0.600000
-0.073895 -0.138863 0.442948 0.600000 0.000000 0.300000
-0.163855 -0.034543 0.263149 0.600000 0.000000 0.300000
0.264582 -0.028078 -0.148537 0.600000 0.000000 0.300000
-0.197867 -0.174151 0.044966 1.000000 0.000000 0.000000
0.374600 -0.365578 -0.147834 0.600000 0.300000 0.000000
-0.382139 -0.738080 0.538578 0.300000 0.600000 0.000000
-0.131587 0.093242 -0.153656 0.300000 0.000000 0.600000
-0.083813 -0.041984 0.398842 0.600000 0.000000 0.300000
-0.069429 -0.039879 0.372975 0.600000 0.000000 0.300000
0.265251 -0.094263 -0.194609 0.000000 0.500000 0.500000
-0.023654 -0.059510 -0.160223 0.600000 0.000000 0.300000
0.368585 -0.037088 0.082325 0.600000 0.000000 0.300000
0.309476 -0.014582 0.280623 0.600000 0.000000 0.300000
-0.321656 0.718400 -0.247391 0.600000 0.000000 0.300000
-0.154847 -0.031709 0.331918 0.600000 0.000000 0.300000
0.228742 -0.110857 -0.038079 0.000000 0.500000 0.500000
-0.160401 0.658338 -0.261154 0.600000 0.300000 0.000000
-0.367044 0.664922 -0.255238 0.600000 0.000000 0.300000
0.314417 0.402249 -0.143897 0.300000 0.000000 0.600000
0.077813 0.136996 -0.162549 0.300000 0.000000 0.600000
0.255548 -0.089733 -0.099868 0.300000 0.000000 0.600000
-0.228815 -0.038685 0.039890 0.600000 0.000000 0.300000
-0.273744 -0.135242 0.050585 1.000000 0.000000 0.000000
0.047545 -0.058339 -0.169756 0.600000 0.000000 0.300000
0.073432 -0.039813 0.269649 0.600000 0.000000 0.300000
-0.013278 -0.044753 0.204414 0.600000 0.000000 0.300000
0.195064 0.025351 -0.144990 0.300000 0.000000 0.600000
0.359289 -0.064574 -0.087368 0.600000 0.000000 0.300000
0.324685 -0.010717 0.308484 0.600000 0.000000 0.300000
-0.121847 -0.052054 -0.100251 0.600000 0.000000 0.300000
0.353150 -0.314766 0.251041 0.300000 0.000000 0.600000
-0.038861 -0.163630 0.004839 1.000000 0.000000 0.000000
-0.206479 -0.034412 0.195093 0.600000 0.000000 0.300000
0.085409 0.170842 -0.157917 0.300000 0.000000 0.600000
-0.089161 0.509698 -0.240284 0.300000 0.000000 0.600000
-0.312684 -0.134463 -0.006482 0.300000 0.600000 0.000000
0.049613 -0.069185 0.455034 0.600000 0.000000 0.300000
0.005567 -0.059636 -0.142597 0.600000 0.000000 0.300000
-0.210584 -0.041336 -0.078977 0.600000 0.000000 0.300000
0.132164 0.383513 -0.198966 0.300000 0.000000 0.600000
0.348684 -0.014007 0.142400 0.600000 0.000000 0.300000
-0.323004 -0.362149 0.319919 0.600000 0.000000 0.300000
-0.372705 -0.034202 0.047327 0.600000 0.000000 0.300000
-0.323602 0.329862 -0.162630 0.600000 0.000000 0.300000
0.079673 0.422007 -0.216596 0.300000 0.000000 0.600000
0.157169 -0.131439 0.430175 0.600000 0.000000 0.300000
-0.007090 -0.053269 0.032269 0.600000 0.000000 0.300000
0.082283 -0.090345 -0.190535 0.600000 0.000000 0.300000
-0.418545 -0.521781 -0.227131 0.300000 0.600000 0.000000
-0.357443 -0.262250 0.217885 0.600000 0.000000 0.300000
-0.342699 0.375143 -0.172332 0.600000 0.000000 0.300000
-0.003278 0.295621 -0.192066 0.300000 0.000000 0.600000
0.097336 0.301475 -0.186196 0.300000 0.000000 0.600000
-0.130751 0.504248 -0.237501 0.300000 0.000000 0.600000
0.337088 -0.321810 0.297350 0.300000 0.000000 0.600000
-0.002082 0.187724 -0.168985 0.300000 0.000000 0.600000
-0.148113 -0.049176 -0.083223 0.600000 0.000000 0.300000
-0.321510 -0.560125 0.448960 0.600000 0.000000 0.300000
-0.428407 -0.542777 -0.265337 0.300000 0.600000 0.000000
0.314727 -0.353685 0.294012 0.300000 0.000000 0.600000
-0.347857 -0.649083 0.483338 0.600000 0.000000 0.300000
0.138612 0.129315 -0.146951 0.300000 0.000000 0.600000
0.092078 0.479961 -0.234520 0.300000 0.000000 0.600000
0.035924 -0.045441 0.174444 0.600000 0.000000 0.300000
-0.035239 0.311123 -0.192434 0.300000 0.000000 0.600000
-0.332857 -0.614704 0.502995 0.600000 0.000000 0.300000
0.340256 -0.217897 0.171429 0.300000 0.000000 0.600000
-0.298207 0.441524 -0.170191 0.600000 0.000000 0.300000
0.411045 -0.348975 -0.140030 0.600000 0.300000 0.000000
0.306751 0.667682 -0.260978 0.300000 0.000000 0.600000
0.049042 0.103211 -0.168729 0.300000 0.000000 0.600000
0.069140 -0.077378 -0.192635 0.600000 0.000000 0.300000
0.223483 0.073195 -0.168961 0.300000 0.000000 0.600000
0.307575 0.055109 -0.164277 0.300000 0.000000 0.600000
0.019110 -0.052834 0.032740 0.600000 0.000000 0.300000
0.192411 0.721675 -0.275459 0.600000 0.300000 0.000000
-0.067670 0.739849 -0.305918 0.600000 0.300000 0.000000
-0.305477 -0.088289 -0.157104 0.600000 0.000000 0.300000
-0.294230 0.662785 -0.251247 0.600000 0.000000 0.300000
-0.295375 0.367794 -0.195797 0.600000 0.000000 0.300000
-0.150972 0.361615 -0.189131 0.300000 0.000000 0.600000
0.314601 -0.546531 0.451970 0.300000 0.000000 0.600000
-0.172714 0.087979 -0.146934 0.300000 0.000000 0.600000
0.130518 -0.034622 0.305636 0.600000 0.000000 0.300000
-0.069034 0.107028 -0.166451 0.300000 0.000000 0.600000
-0.321510 -0.385098 0.329817 0.600000 0.000000 0.300000
0.330247 0.414160 -0.160009 0.300000 0.000000 0.600000
-0.170461 -0.045640 0.033575 0.600000 0.000000 0.300000
0.278061 0.331692 -0.143279 0.300000 0.000000 0.600000
0.112262 0.408963 -0.209192 0.300000 0.000000 0.600000
-0.394926 -0.137503 0.052846 1.000000 0.000000 0.000000
-0.330653 -0.133163 0.048505 1.000000 0.000000 0.000000
0.366763 -0.056096 0.019372 0.600000 0.000000 0.300000
-0.331001 -0.461480 0.373732 0.600000 0.000000 0.300000
-0.456565 -0.720079 -0.275562 0.500000 0.500000 0.000000
0.352484 -0.643292 0.487085 0.300000 0.000000 0.600000
-0.255958 0.348760 -0.154041 0.600000 0.000000 0.300000
0.424969 -0.646456 -0.303458 0.600000 0.300000 0.000000
-0.106169 0.614741 -0.258067 0.600000 0.300000 0.000000
-0.345789 -0.196539 0.143352 0.600000 0.000000 0.300000
-0.007033 0.422157 -0.219982 0.300000 0.000000 0.600000
0.293910 -0.018543 0.252002 0.600000 0.000000 0.300000
-0.323151 0.279299 -0.131968 0.600000 0.000000 0.300000
0.214101 -0.140387 0.004775 1.000000 0.000000 0.000000
-0.274358 -0.027774 -0.105883 0.600000 0.000000 0.300000
0.060697 -0.135702 0.007741 1.000000 0.000000 0.000000
0.295744 0.425394 -0.205047 0.300000 0.000000 0.600000
-0.311665 -0.116671 -0.111230 0.300000 0.600000 0.000000
0.269348 0.396082 -0.183016 0.300000 0.000000 0.600000
-0.363907 -0.023448 -0.021223 0.600000 0.000000 0.300000
0.332468 -0.420501 0.338251 0.300000 0.000000 0.600000
0.139844 -0.106988 0.460945 0.600000 0.000000 0.300000
-0.273133 -0.129484 -0.113408 0.600000 0.000000 0.300000
0.280043 -0.011251 -0.208046 0.300000 0.000000 0.600000
0.244456 0.124232 -0.191016 0.300000 0.000000 0.600000
-0.357061 -0.455528 0.403553 0.600000 0.000000 0.300000
-0.119573 -0.051598 -0.034407 0.600000 0.000000 0.300000
0.008568 0.129292 -0.170241 0.300000 0.000000 0.600000
0.389998 -0.374984 -0.191003 0.600000 0.300000 0.000000
0.054058 0.245001 -0.176578 0.300000 0.000000 0.600000
-0.441096 -0.717586 -0.305123 0.500000 0.500000 0.000000
-0.254558 0.415646 -0.176004 0.600000 0.000000 0.300000
-0.378138 -0.033327 0.149597 0.600000 0.000000 0.300000
-0.426348 -0.573412 -0.281907 0.300000 0.600000 0.000000
0.324484 -0.420376 0.380195 0.300000 0.000000 0.600000
0.118878 0.068836 -0.156688 0.300000 0.000000 0.600000
0.327146 -0.013127 0.248595 0.600000 0.000000 0.300000
0.357781 -0.125038 0.032558 1.000000 0.000000 0.000000
-0.088961 0.675111 -0.270977 0.600000 0.300000 0.000000
-0.327071 -0.341987 0.269470 0.600000 0.000000 0.300000
0.085846 0.743260 -0.310734 0.600000 0.300000 0.000000
0.285230 0.531922 -0.218640 0.300000 0.000000 0.600000
0.085298 0.334999 -0.195152 0.300000 0.000000 0.600000
-0.288322 -0.098052 -0.192144 0.300000 0.600000 0.000000
-0.367995 0.609766 -0.216727 0.600000 0.000000 0.300000
0.329966 0.484338 -0.200376 0.300000 0.000000 0.600000
-0.109200 0.008663 -0.167583 0.300000 0.000000 0.600000
-0.346867 0.526387 -0.195124 0.600000 0.000000 0.300000
0.195062 0.051449 -0.141979 0.300000 0.000000 0.600000
-0.127147 -0.034721 0.359776 0.600000 0.000000 0.300000
0.092484 -0.042334 0.212118 0.600000 0.000000 0.300000
0.346308 -0.017535 -0.117601 0.600000 0.000000 0.300000
0.302277 -0.082275 -0.155513 0.000000 0.500000 0.500000
0.217574 -0.161532 0.004277 1.000000 0.000000 0.000000
0.420599 -0.564916 -0.276916 0.600000 0.300000 0.000000
-0.239856 0.199230 -0.187903 0.600000 0.000000 0.300000
-0.366013 0.646851 -0.227862 0.600000 0.000000 0.300000
0.242004 -0.033722 -0.209474 0.300000 0.000000 0.600000
0.145612 -0.125270 0.033425 1.000000 0.000000 0.000000
0.300626 -0.153552 0.026658 0.000000 0.500000 0.500000
0.339595 -0.183033 0.055063 0.300000 0.000000 0.600000
-0.221573 0.465513 -0.203912 0.300000 0.000000 0.600000
-0.145249 -0.038785 0.213341 0.600000 0.000000 0.300000
0.328227 0.302583 -0.158632 0.300000 0.000000 0.600000
-0.292242 -0.121254 0.032074 0.600000 0.000000 0.300000
-0.100360 0.119983 -0.160131 0.300000 0.000000 0.600000
0.297606 -0.128471 0.053280 0.000000 0.500000 0.500000
0.226285 0.187409 -0.147852 0.300000 0.000000 0.600000
0.223326 -0.036510 -0.112808 0.600000 0.000000 0.300000
-0.261738 -0.031732 -0.150577 0.600000 0.000000 0.300000
0.382531 -0.464144 -0.206195 0.600000 0.300000 0.000000
-0.378770 -0.024047 0.232326 0.600000 0.000000 0.300000
-0.112007 -0.037232 0.374336 0.600000 0.000000 0.300000
0.370450 -0.731058 -0.275298 0.600000 0.000000 0.300000
0.074751 -0.051215 0.046638 0.600000 0.000000 0.300000
0.110312 -0.126422 0.037725 1.000000 0.000000 0.000000
-0.253150 -0.056872 -0.168177 0.600000 0.000000 0.300000
0.300747 0.485324 -0.170839 0.300000 0.000000 0.600000
-0.400044 -0.577924 -0.285049 0.300000 0.600000 0.000000
-0.192632 -0.043733 0.019719 0.600000 0.000000 0.300000
-0.375299 -0.076822 0.258634 0.600000 0.000000 0.300000
-0.114025 -0.042143 0.186710 0.600000 0.000000 0.300000
0.358894 -0.070074 0.434545 0.600000 0.000000 0.300000
0.422150 -0.632055 -0.274169 0.600000 0.300000 0.000000
0.287803 -0.154012 -0.015169 0.000000 0.500000 0.500000
-0.121378 0.579415 -0.251482 0.600000 0.300000 0.000000
0.004278 -0.178621 0.025783 1.000000 0.000000 0.000000
0.381094 -0.153666 0.056617 1.000000 0.000000 0.000000
-0.345216 -0.106727 0.417769 0.600000 0.000000 0.300000
-0.295962 0.149181 -0.147619 0.600000 0.000000 0.300000
0.071131 0.018866 -0.170375 0.300000 0.000000 0.600000
0.041421 -0.055643 -0.030393 0.600000 0.000000 0.300000
-0.225886 0.751127 -0.301670 0.600000 0.300000 0.000000
0.405223 -0.449726 -0.207490 0.600000 0.300000 0.000000
0.080248 -0.048993 0.087854 0.600000 0.000000 0.300000
-0.414564 -0.314815 -0.128478 0.300000 0.600000 0.000000
0.370015 -0.038109 0.414437 0.600000 0.000000 0.300000
-0.271313 -0.047908 0.441593 0.600000 0.000000 0.300000
0.379677 -0.312261 -0.125904 0.600000 0.300000 0.000000
0.283821 0.446922 -0.174672 0.300000 0.000000 0.600000
0.288351 -0.021080 0.218473 0.600000 0.000000 0.300000
-0.329624 -0.014383 -0.130453 0.600000 0.000000 0.300000
0.258359 -0.123969 0.057486 0.000000 0.500000 0.500000
-0.400446 -0.385088 -0.170771 0.300000 0.600000 0.000000
0.207737 -0.028126 0.299469 0.600000 0.000000 0.300000
0.256033 -0.034028 -0.003374 0.600000 0.000000 0.300000
0.232777 0.628935 -0.235907 0.600000 0.300000 0.000000
0.249307 0.278526 -0.153598 0.300000 0.000000 0.600000
0.220238 -0.028299 0.265411 0.600000 0.000000 0.300000
-0.240060 -0.037215 0.010727 0.600000 0.000000 0.300000
0.267446 -0.031539 -0.044766 0.600000 0.000000 0.300000
-0.238057 0.071604 -0.133331 0.600000 0.000000 0.300000
0.307948 -0.110307 0.436747 0.600000 0.000000 0.300000
0.046623 0.376266 -0.209949 0.300000 0.000000 0.600000
-0.336100 -0.168040 0.093179 0.600000 0.000000 0.300000
-0.314971 0.549324 -0.189093 0.600000 0.000000 0.300000
0.372249 -0.034887 0.160062 0.600000 0.000000 0.300000
0.202677 0.592901 -0.234635 0.300000 0.000000 0.600000
-0.293928 -0.115992 0.429936 0.600000 0.000000 0.300000
-0.371890 -0.275587 -0.085649 0.300000 0.600000 0.000000
-0.302577 -0.735181 0.555397 0.000000 0.500000 0.500000
-0.136008 0.038093 -0.157955 0.300000 0.000000 0.600000
-0.362547 -0.539011 0.451393 0.600000 0.000000 0.300000
0.183590 -0.043704 -0.107275 0.600000 0.000000 0.300000
0.364203 -0.013825 0.247139 0.600000 0.000000 0.300000
-0.341437 -0.543556 0.425290 0.600000 0.000000 0.300000
0.281714 0.501039 -0.209635 0.300000 0.000000 0.600000
-0.417048 -0.445006 -0.229206 0.300000 0.600000 0.000000
-0.383820 -0.749637 -0.256935 0.000000 1.000000 0.000000
0.218814 0.133580 -0.128598 0.300000 0.000000 0.600000
0.115214 -0.052372 -0.114910 0.600000 0.000000 0.300000
0.117492 -0.174715 0.044402 1.000000 0.000000 0.000000
-0.401044 -0.616385 -0.271984 0.300000 0.600000 0.000000
-0.270075 -0.040035 -0.215599 0.300000 0.600000 0.000000
-0.249438 -0.176230 0.041917 1.000000 0.000000 0.000000
0.079604 0.099064 -0.165331 0.300000 0.000000 0.600000
0.283590 -0.071725 -0.205558 0.000000 0.500000 0.500000
-0.361010 -0.651624 0.512463 0.600000 0.000000 0.300000
0.404521 -0.500259 -0.260364 0.600000 0.300000 0.000000
-0.255537 -0.023921 0.278298 0.600000 0.000000 0.300000
-0.136940 -0.036504 0.383968 0.600000 0.000000 0.300000
0.253198 -0.033490 0.412351 0.600000 0.000000 0.300000
-0.404083 -0.357916 -0.130944 0.300000 0.600000 0.000000
0.257825 -0.095390 -0.061439 0.000000 0.500000 0.500000
-0.157124 -0.034522 0.379009 0.600000 0.000000 0.300000
-0.092844 -0.049911 0.051714 0.600000 0.000000 0.300000
-0.368738 -0.201750 -0.041174 0.300000 0.600000 0.000000
0.391551 -0.550489 -0.247037 0.600000 0.300000 0.000000
0.169700 0.136809 -0.142349 0.300000 0.000000 0.600000
0.171791 0.541667 -0.236331 0.300000 0.000000 0.600000
-0.266809 0.025873 -0.137131 0.600000 0.000000 0.300000
-0.321211 0.217887 -0.136359 0.600000 0.000000 0.300000
0.343923 0.681683 -0.227575 0.300000 0.000000 0.600000
-0.028035 -0.094621 0.462801 0.600000 0.000000 0.300000
0.124301 -0.050384 -0.029320 0.600000 0.000000 0.300000
-0.133369 -0.177412 0.037508 1.000000 0.000000 0.000000
0.287645 -0.056682 -0.159470 0.600000 0.000000 0.300000
0.162136 0.447858 -0.211649 0.300000 0.000000 0.600000
-0.176415 0.691020 -0.265447 0.600000 0.300000 0.000000
0.367855 -0.054440 0.040851 0.600000 0.000000 0.300000
-0.064034 -0.047621 0.125491 0.600000 0.000000 0.300000
-0.353428 -0.014397 0.156759 0.600000 0.000000 0.300000
0.185544 0.126312 -0.136885 0.300000 0.000000 0.600000
0.361312 -0.026188 0.047016 0.600000 0.000000 0.300000
-0.195575 -0.032616 0.382452 0.600000 0.000000 0.300000
-0.365750 0.600088 -0.233602 0.600000 0.000000 0.300000
0.253764 0.078587 -0.133688 0.300000 0.000000 0.600000
-0.111722 -0.036361 0.312481 0.600000 0.000000 0.300000
0.143042 0.586634 -0.246672 0.600000 0.300000 0.000000
0.153794 0.704704 -0.272626 0.600000 0.300000 0.000000
-0.374848 -0.097373 0.401862 0.600000 0.000000 0.300000
0.258571 -0.029360 -0.120713 0.600000 0.000000 0.300000
0.240934 0.235862 -0.188039 0.300000 0.000000 0.600000
0.246050 -0.125281 -0.127821 0.300000 0.000000 0.600000
0.298502 0.560186 -0.207209 0.300000 0.000000 0.600000
-0.300549 -0.156114 0.004894 0.300000 0.600000 0.000000
-0.244758 0.013121 -0.163451 0.600000 0.000000 0.300000
0.357636 -0.217034 -0.033433 0.600000 0.300000 0.000000
-0.081775 0.306594 -0.186294 0.300000 0.000000 0.600000
0.249380 -0.174859 0.044258 1.000000 0.000000 0.000000
-0.079465 -0.060121 -0.183504 0.600000 0.000000 0.300000
-0.311278 0.137787 -0.169217 0.600000 0.000000 0.300000
0.125980 0.737521 -0.300534 0.600000 0.300000 0.000000
-0.040430 0.372196 -0.209080 0.300000 0.000000 0.600000
0.358393 -0.024584 -0.025743 0.600000 0.000000 0.300000
-0.377398 -0.694602 -0.274254 0.000000 1.000000 0.000000
0.339058 -0.037232 -0.146142 0.600000 0.000000 0.300000
0.365909 -0.018633 0.383099 0.600000 0.000000 0.300000
-0.014692 -0.058730 -0.095342 0.600000 0.000000 0.300000
0.330654 0.691941 -0.242266 0.300000 0.000000 0.600000
0.283719 -0.028572 -0.032623 0.600000 0.000000 0.300000
-0.249352 -0.082069 -0.124465 0.300000 0.600000 0.000000
-0.383577 -0.081568 0.393452 0.600000 0.000000 0.300000
0.089058 -0.052098 0.017893 0.600000 0.000000 0.300000
0.302226 -0.136528 -0.040126 0.000000 0.500000 0.500000
-0.335152 -0.142651 0.004168 1.000000 0.000000 0.000000
-0.254093 -0.139084 0.053661 1.000000 0.000000 0.000000
0.232704 -0.138955 0.037924 0.300000 0.000000 0.600000
0.229036 0.054217 -0.161388 0.300000 0.000000 0.600000
0.287037 0.147147 -0.120070 0.300000 0.000000 0.600000
-0.057425 -0.052680 0.028502 0.600000 0.000000 0.300000
-0.128075 -0.043045 0.147921 0.600000 0.000000 0.300000
0.298175 0.406226 -0.200074 0.300000 0.000000 0.600000
-0.284248 -0.026604 -0.090839 0.600000 0.000000 0.300000
0.413592 -0.382931 -0.177134 0.600000 0.300000 0.000000
0.429108 -0.665417 -0.300782 0.600000 0.300000 0.000000
-0.339743 -0.221025 0.176615 0.600000 0.000000 0.300000
-0.383196 -0.689303 -0.242883 0.000000 1.000000 0.000000
0.334634 -0.016140 -0.023993 0.600000 0.000000 0.300000
0.114278 -0.047909 0.065409 0.600000 0.000000 0.300000
0.262184 0.335481 -0.155399 0.300000 0.000000 0.600000
-0.300387 0.552426 -0.212850 0.600000 0.000000 0.300000
-0.278318 0.670291 -0.237075 0.300000 0.000000 0.600000
-0.427074 -0.671859 -0.253298 1.000000 0.000000 0.000000
0.372084 -0.040350 0.138941 0.600000 0.000000 0.300000
-0.044498 -0.084868 -0.193392 0.600000 0.000000 0.300000
-0.382215 -0.701854 0.544100 0.300000 0.600000 0.000000
-0.035026 -0.010943 -0.176195 0.300000 0.000000 0.600000
-0.299445 -0.055930 -0.204789 0.600000 0.000000 0.300000
0.064927 -0.140474 0.436375 0.600000 0.000000 0.300000
-0.232160 -0.125345 -0.002080 0.300000 0.600000 0.000000
0.342843 -0.255900 0.217964 0.300000 0.000000 0.600000
-0.379586 -0.053853 0.157847 0.600000 0.000000 0.300000
-0.312204 -0.025030 0.008087 0.600000 0.000000 0.300000
-0.054625 -0.057356 -0.087436 0.600000 0.000000 0.300000
-0.099587 0.227335 -0.166229 0.300000 0.000000 0.600000
-0.114827 -0.051027 -0.002714 0.600000 0.000000 0.300000
0.227109 -0.005390 -0.186694 0.300000 0.000000 0.600000
-0.294142 0.039256 -0.153255 0.600000 0.000000 0.300000
-0.260013 -0.154862 -0.014073 0.300000 0.600000 0.000000
-0.376995 -0.714830 -0.287983 0.000000 1.000000 0.000000
-0.171567 0.480810 -0.218845 0.300000 0.000000 0.600000
0.130734 -0.059667 -0.180329 0.600000 0.000000 0.300000
-0.185268 -0.032294 -0.154330 0.300000 0.000000 0.600000
-0.176183 0.628432 -0.252135 0.600000 0.300000 0.000000
0.087280 -0.096785 0.461648 0.600000 0.000000 0.300000
0.356234 -0.561065 0.449832 0.300000 0.000000 0.600000
0.315805 -0.019072 0.155983 0.600000 0.000000 0.300000
0.310213 0.737790 -0.274802 0.300000 0.000000 0.600000
0.369634 -0.724800 0.570533 0.600000 0.300000 0.000000
0.113809 -0.178649 0.025887 1.000000 0.000000 0.000000
0.304013 -0.127364 0.017546 1.000000 0.000000 0.000000
0.333177 -0.018914 0.010752 0.600000 0.000000 0.300000
0.421900 -0.683376 -0.311707 0.600000 0.300000 0.000000
-0.145026 0.008945 -0.158532 0.300000 0.000000 0.600000
-0.214748 -0.037650 0.408754 0.600000 0.000000 0.300000
0.178289 0.423957 -0.199747 0.300000 0.000000 0.600000
0.110426 0.273795 -0.177479 0.300000 0.000000 0.600000
0.271042 0.380067 -0.196653 0.300000 0.000000 0.600000
0.136333 -0.128579 0.014865 1.000000 0.000000 0.000000
-0.052417 0.217104 -0.172054 0.300000 0.000000 0.600000
-0.104595 -0.162993 0.054117 1.000000 0.000000 0.000000
0.097180 -0.136080 0.007362 1.000000 0.000000 0.000000
0.334193 -0.609072 0.503716 0.300000 0.000000 0.600000
0.321792 -0.506869 0.443148 0.300000 0.000000 0.600000
0.298687 0.216676 -0.161021 0.300000 0.000000 0.600000
-0.014232 -0.049817 0.102357 0.600000 0.000000 0.300000
0.249549 -0.057600 -0.162205 0.000000 0.500000 0.500000
-0.231751 -0.032556 0.166693 0.600000 0.000000 0.300000
-0.259368 0.124110 -0.126252 0.600000 0.000000 0.300000
-0.171489 0.233930 -0.151868 0.300000 0.000000 0.600000
0.044284 0.734414 -0.305719 0.600000 0.300000 0.000000
-0.237748 -0.061087 0.449233 0.600000 0.000000 0.300000
-0.251298 -0.022423 -0.171300 0.600000 0.000000 0.300000
0.330723 -0.676122 0.553957 0.600000 0.000000 0.300000
0.407471 -0.311810 -0.117331 0.600000 0.300000 0.000000
-0.124268 0.679738 -0.267508 0.600000 0.300000 0.000000
-0.276670 -0.103051 -0.028184 0.300000 0.600000 0.000000
0.366351 -0.101917 0.417339 0.600000 0.000000 0.300000
-0.088590 0.552402 -0.247870 0.300000 0.000000 0.600000
0.399408 -0.239823 -0.061726 0.600000 0.300000 0.000000
0.103197 0.441596 -0.222763 0.300000 0.000000 0.600000
-0.286141 -0.016971 0.318585 0.600000 0.000000 0.300000
-0.346553 -0.568637 0.439261 0.600000 0.000000 0.300000
-0.329740 -0.356627 0.282242 0.600000 0.000000 0.300000
-0.330399 0.736547 -0.267987 0.600000 0.000000 0.300000
-0.247430 -0.026411 0.253386 0.600000 0.000000 0.300000
-0.055105 -0.054135 -0.000565 0.600000 0.000000 0.300000
-0.153621 -0.043701 0.098253 0.600000 0.000000 0.300000
0.022586 -0.038100 0.322881 0.600000 0.000000 0.300000
0.365048 -0.226214 -0.066811 0.600000 0.300000 0.000000
-0.348036 -0.098293 0.440658 0.600000 0.000000 0.300000
0.347956 -0.335601 0.306926 0.300000 0.000000 0.600000
0.341248 -0.231411 0.128912 0.300000 0.000000 0.600000
-0.351351 -0.249754 0.157763 0.600000 0.000000 0.300000
0.068362 -0.036752 0.331350 0.600000 0.000000 0.300000
0.307007 0.006587 -0.169921 0.300000 0.000000 0.600000
-0.125999 0.622999 -0.256268 0.600000 0.300000 0.000000
0.112061 -0.052649 -0.139873 0.600000 0.000000 0.300000
0.363965 -0.681523 0.563428 0.600000 0.000000 0.300000
0.123495 0.465733 -0.227377 0.300000 0.000000 0.600000
-0.313839 0.124208 -0.157259 0.600000 0.000000 0.300000
0.248256 0.178254 -0.185184 0.300000 0.000000 0.600000
0.406405 -0.327436 -0.145628 0.600000 0.300000 0.000000
0.385041 -0.208160 -0.056948 0.600000 0.300000 0.000000
-0.399978 -0.653014 -0.304310 0.300000 0.600000 0.000000
0.300367 0.028065 -0.143394 0.300000 0.000000 0.600000
0.191325 0.552553 -0.230931 0.300000 0.000000 0.600000
0.286184 0.037398 -0.137801 0.300000 0.000000 0.600000
-0.220265 0.347494 -0.169620 0.300000 0.000000 0.600000
-0.087327 -0.147107 0.002975 1.000000 0.000000 0.000000
-0.360598 -0.189756 0.110386 0.600000 0.000000 0.300000
0.181698 -0.034222 0.384758 0.600000 0.000000 0.300000
0.183114 0.480203 -0.216191 0.300000 0.000000 0.600000
0.013984 -0.050431 0.082388 0.600000 0.000000 0.300000
-0.294337 -0.074759 0.450200 0.600000 0.000000 0.300000
-0.406569 -0.413761 -0.170436 0.300000 0.600000 0.000000
-0.273485 0.267294 -0.130402 0.600000 0.000000 0.300000
0.384327 -0.732945 -0.299622 0.600000 0.000000 0.300000
-0.380570 -0.044505 0.177171 0.600000 0.000000 0.300000
-0.302635 -0.083461 -0.131343 0.300000 0.600000 0.000000
0.314027 -0.723533 0.571812 0.300000 0.000000 0.600000
0.123720 -0.049952 0.009458 0.600000 0.000000 0.300000
-0.050785 -0.049094 0.104423 0.600000 0.000000 0.300000
-0.178273 -0.046891 -0.060574 0.600000 0.000000 0.300000
-0.361480 -0.670388 0.525702 0.500000 0.000000 0.500000
0.449467 -0.734453 -0.279026 0.800000 0.200000 0.500000
-0.335785 -0.229484 0.126118 0.600000 0.000000 0.300000
-0.368571 0.584633 -0.225124 0.600000 0.000000 0.300000
-0.123162 -0.053401 0.437067 0.600000 0.000000 0.300000
0.356823 0.457403 -0.172199 0.300000 0.000000 0.600000
0.369110 -0.068893 0.070034 0.600000 0.000000 0.300000
-0.396729 -0.733829 -0.230944 0.000000 1.000000 0.000000
-0.235980 -0.108179 -0.086562 0.600000 0.000000 0.300000
0.172145 -0.174104 0.013773 1.000000 0.000000 0.000000
-0.325805 0.660641 -0.255768 0.600000 0.000000 0.300000
0.279376 0.240771 -0.176891 0.300000 0.000000 0.600000
-0.184228 0.202799 -0.142031 0.300000 0.000000 0.600000
-0.108639 0.736590 -0.301951 0.600000 0.300000 0.000000
-0.272398 0.322040 -0.141711 0.600000 0.000000 0.300000
0.257304 0.401703 -0.165361 0.300000 0.000000 0.600000
-0.277029 0.388264 -0.191647 0.600000 0.000000 0.300000
-0.422995 -0.492662 -0.217918 0.300000 0.600000 0.000000
0.334179 -0.335165 0.254356 0.300000 0.000000 0.600000
-0.292023 0.550763 -0.196814 0.600000 0.000000 0.300000
-0.134783 0.558478 -0.247237 0.300000 0.000000 0.600000
-0.329318 0.691007 -0.262486 0.600000 0.000000 0.300000
-0.198374 0.027115 -0.147648 0.600000 0.000000 0.300000
-0.325527 -0.450135 0.398747 0.600000 0.000000 0.300000
0.241183 0.161347 -0.189755 0.300000 0.000000 0.600000
-0.172652 -0.048662 -0.166949 0.600000 0.000000 0.300000
-0.397300 -0.361578 -0.164761 0.300000 0.600000 0.000000
-0.005986 0.667526 -0.271310 0.600000 0.300000 0.000000
-0.172147 0.361591 -0.186379 0.300000 0.000000 0.600000
-0.140966 0.695782 -0.274753 0.600000 0.300000 0.000000
-0.390047 -0.707604 -0.220837 1.000000 0.000000 0.000000
-0.005040 0.022149 -0.178896 0.300000 0.000000 0.600000
-0.057782 -0.173271 0.045847 1.000000 0.000000 0.000000
0.318551 0.504309 -0.168948 0.300000 0.000000 0.600000
-0.234669 -0.002057 -0.185892 0.600000 0.000000 0.300000
-0.031410 -0.041708 0.262783 0.600000 0.000000 0.300000
-0.129094 0.342262 -0.188117 0.300000 0.000000 0.600000
-0.260022 -0.135056 -0.086315 0.600000 0.000000 0.300000
0.329800 -0.020723 0.056105 0.600000 0.000000 0.300000
0.348717 -0.376364 0.303349 0.300000 0.000000 0.600000
0.371862 -0.068668 0.157076 0.600000 0.000000 0.300000
-0.079311 -0.083443 -0.192362 0.600000 0.000000 0.300000
-0.370715 -0.087932 0.429417 0.600000 0.000000 0.300000
0.332920 0.513011 -0.205853 0.300000 0.000000 0.600000
0.254167 -0.092687 0.453989 0.600000 0.000000 0.300000
0.133128 -0.050230 -0.066525 0.600000 0.000000 0.300000
-0.455008 -0.745449 -0.285686 0.500000 0.500000 0.000000
-0.339367 -0.009147 0.306737 0.600000 0.000000 0.300000
0.381488 -0.211308 -0.007987 0.600000 0.300000 0.000000
0.043842 0.680359 -0.273985 0.600000 0.300000 0.000000
-0.249785 0.158202 -0.190114 0.600000 0.000000 0.300000
-0.123074 0.301805 -0.182218 0.300000 0.000000 0.600000
-0.162738 0.326620 -0.179256 0.300000 0.000000 0.600000
0.315449 -0.023566 0.041818 0.600000 0.000000 0.300000
-0.192059 0.309820 -0.167375 0.300000 0.000000 0.600000
0.035757 0.540932 -0.252110 0.300000 0.000000 0.600000
-0.041503 0.438091 -0.224162 0.300000 0.000000 0.600000
-0.024117 0.411404 -0.220046 0.300000 0.000000 0.600000
-0.221941 0.277408 -0.151192 0.600000 0.000000 0.300000
-0.141976 -0.061693 -0.181830 0.600000 0.000000 0.300000
-0.054456 0.315995 -0.195137 0.300000 0.000000 0.600000
-0.235288 -0.118734 -0.068890 0.600000 0.000000 0.300000
-0.256400 0.256781 -0.172698 0.600000 0.000000 0.300000
-0.383080 -0.050068 0.411117 0.600000 0.000000 0.300000
-0.260119 -0.033717 0.042482 0.600000 0.000000 0.300000
0.295837 -0.737001 0.528174 0.300000 0.000000 0.600000
-0.241305 -0.025878 0.364970 0.600000 0.000000 0.300000
-0.304871 -0.017408 0.253136 0.600000 0.000000 0.300000
0.241982 -0.127739 0.016149 1.000000 0.000000 0.000000
-0.404899 -0.337196 -0.116648 0.300000 0.600000 0.000000
0.216988 -0.036049 0.117421 0.600000 0.000000 0.300000
-0.113572 0.443065 -0.219330 0.300000 0.000000 0.600000
0.357311 -0.027313 -0.058109 0.600000 0.000000 0.300000
0.099104 -0.008680 -0.170271 0.300000 0.000000 0.600000
-0.261444 0.331513 -0.175069 0.600000 0.000000 0.300000
-0.419595 -0.382662 -0.160784 0.300000 0.600000 0.000000
0.306239 -0.064667 0.448253 0.600000 0.000000 0.300000
0.232788 0.289955 -0.152910 0.300000 0.000000 0.600000
0.244771 0.740225 -0.276988 0.600000 0.300000 0.000000
0.249660 0.308099 -0.169421 0.300000 0.000000 0.600000
0.079880 -0.054874 -0.045314 0.600000 0.000000 0.300000
-0.049777 -0.051776 0.424551 0.600000 0.000000 0.300000
-0.251480 0.751940 -0.284032 0.600000 0.300000 0.000000
-0.456141 -0.694651 -0.250256 0.500000 0.500000 0.000000
0.159696 -0.046483 0.026096 0.600000 0.000000 0.300000
-0.247073 -0.039484 0.422576 0.600000 0.000000 0.300000
0.013205 -0.054630 -0.001295 0.600000 0.000000 0.300000
0.014106 -0.037420 0.339459 0.600000 0.000000 0.300000
-0.147275 -0.032146 0.348715 0.600000 0.000000 0.300000
0.028298 -0.047980 0.126874 0.600000 0.000000 0.300000
-0.354565 0.439334 -0.162239 0.600000 0.000000 0.300000
0.301570 -0.680490 0.547999 0.300000 0.000000 0.600000
-0.230232 0.140460 -0.148589 0.600000 0.000000 0.300000
-0.357667 -0.124707 0.027463 1.000000 0.000000 0.000000
-0.269907 0.243919 -0.129637 0.600000 0.000000 0.300000
-0.394134 -0.208649 -0.009240 0.300000 0.600000 0.000000
0.305686 0.204745 -0.141477 0.300000 0.000000 0.600000
0.414601 -0.702164 -0.220847 0.300000 0.000000 0.600000
-0.282388 0.360760 -0.146189 0.600000 0.000000 0.300000
-0.386327 -0.124548 0.030728 1.000000 0.000000 0.000000
-0.273621 0.733723 -0.261425 0.600000 0.000000 0.300000
0.156163 -0.044859 0.064579 0.600000 0.000000 0.300000
-0.083503 -0.130193 0.013250 1.000000 0.000000 0.000000
-0.344343 -0.066050 0.446258 0.600000 0.000000 0.300000
-0.201055 -0.040651 -0.150799 0.600000 0.000000 0.300000
0.356333 -0.322214 0.272502 0.300000 0.000000 0.600000
0.312322 0.352460 -0.174579 0.300000 0.000000 0.600000
0.269500 -0.126844 -0.138356 0.000000 0.500000 0.500000
-0.049843 -0.131683 0.459418 0.600000 0.000000 0.300000
0.356485 -0.528055 0.435901 0.300000 0.000000 0.600000
-0.180860 0.145556 -0.136008 0.300000 0.000000 0.600000
-0.191375 -0.037609 0.159349 0.600000 0.000000 0.300000
0.207833 -0.035556 0.148918 0.600000 0.000000 0.300000
-0.104741 -0.040476 0.235039 0.600000 0.000000 0.300000
-0.294412 -0.084892 -0.115035 0.300000 0.600000 0.000000
0.394471 -0.649530 -0.307308 0.600000 0.300000 0.000000
-0.106129 -0.038764 0.269380 0.600000 0.000000 0.300000
0.421856 -0.555043 -0.259021 0.600000 0.300000 0.000000
-0.040503 -0.052232 0.043594 0.600000 0.000000 0.300000
0.296042 0.200069 -0.169394 0.300000 0.000000 0.600000
0.179591 -0.044716 0.030009 0.600000 0.000000 0.300000
-0.394756 -0.239200 -0.087122 0.300000 0.600000 0.000000
-0.284494 -0.030313 0.021241 0.600000 0.000000 0.300000
-0.231525 0.051625 -0.169292 0.600000 0.000000 0.300000
0.190539 0.679620 -0.257346 0.600000 0.300000 0.000000
-0.024364 0.470207 -0.234127 0.300000 0.000000 0.600000
-0.350430 -0.306629 0.225918 0.600000 0.000000 0.300000
-0.135910 -0.102718 0.461006 0.600000 0.000000 0.300000
0.279659 -0.026197 0.142118 0.600000 0.000000 0.300000
-0.164730 -0.079340 -0.181774 0.600000 0.000000 0.300000
-0.365005 0.509896 -0.190767 0.600000 0.000000 0.300000
0.092391 0.256285 -0.176030 0.300000 0.000000 0.600000
-0.369430 -0.025402 0.066166 0.600000 0.000000 0.300000
-0.281927 -0.028794 -0.063988 0.600000 0.000000 0.300000
-0.057304 0.707376 -0.282897 0.600000 0.300000 0.000000
-0.315464 0.457262 -0.158276 0.600000 0.000000 0.300000
-0.356486 -0.233861 0.185582 0.600000 0.000000 0.300000
-0.144204 -0.048095 0.018303 0.600000 0.000000 0.300000
0.164999 0.478072 -0.222344 0.300000 0.000000 0.600000
-0.263134 -0.093049 -0.086197 0.600000 0.000000 0.300000
0.204507 -0.048086 0.435728 0.600000 0.000000 0.300000
-0.236012 0.205610 -0.147874 0.600000 0.000000 0.300000
0.314912 -0.459765 0.389394 0.300000 0.000000 0.600000
0.239624 -0.000761 -0.205807 0.300000 0.000000 0.600000
-0.383262 -0.070789 0.335163 0.600000 0.000000 0.300000
-0.313947 0.735412 -0.258213 0.600000 0.000000 0.300000
0.368554 -0.031178 0.115449 0.600000 0.000000 0.300000
-0.333348 0.681755 -0.236135 0.600000 0.000000 0.300000
-0.299025 -0.027249 -0.016079 0.600000 0.000000 0.300000
-0.375757 -0.058828 0.060665 0.600000 0.000000 0.300000
0.293128 0.024218 -0.199991 0.300000 0.000000 0.600000
0.289494 -0.021547 -0.135142 0.600000 0.000000 0.300000
-0.299693 0.519291 -0.182417 0.600000 0.000000 0.300000
-0.231788 0.391798 -0.175873 0.300000 0.000000 0.600000
-0.332431 0.505288 -0.208872 0.600000 0.000000 0.300000
-0.283252 -0.027275 -0.215036 0.600000 0.000000 0.300000
0.390421 -0.171614 -0.004193 0.600000 0.300000 0.000000
-0.072390 0.253398 -0.176612 0.300000 0.000000 0.600000
0.355558 -0.623485 0.501706 0.300000 0.000000 0.600000
0.298700 0.116120 -0.178959 0.300000 0.000000 0.600000
0.402547 -0.432934 -0.200408 0.600000 0.300000 0.000000
0.299569 -0.005076 -0.180688 0.300000 0.000000 0.600000
-0.085460 0.002524 -0.169910 0.300000 0.000000 0.600000
0.033220 -0.054871 -0.012379 0.600000 0.000000 0.300000
0.308504 0.135141 -0.143395 0.300000 0.000000 0.600000
0.386325 -0.127522 0.016957 1.000000 0.000000 0.000000
0.300298 -0.719873 0.497364 0.300000 0.000000 0.600000
0.301916 -0.117121 -0.124552 0.000000 0.500000 0.500000
-0.309981 0.631524 -0.214912 0.600000 0.000000 0.300000
-0.227293 -0.032612 0.395773 0.600000 0.000000 0.300000
0.282547 -0.167197 0.051921 1.000000 0.000000 0.000000
-0.235052 0.078930 -0.194129 0.600000 0.000000 0.300000
0.280782 0.448837 -0.197014 0.300000 0.000000 0.600000
0.315408 -0.026663 0.412652 0.600000 0.000000 0.300000
0.050852 0.283270 -0.188358 0.300000 0.000000 0.600000
0.292348 -0.024824 0.120391 0.600000 0.000000 0.300000
0.245332 0.196415 -0.185415 0.300000 0.000000 0.600000
0.395285 -0.345564 -0.122033 0.600000 0.300000 0.000000
-0.361573 0.740982 -0.267353 0.600000 0.000000 0.300000
0.159112 -0.032961 0.290349 0.600000 0.000000 0.300000
0.302928 -0.020018 0.189145 0.600000 0.000000 0.300000
-0.316660 -0.024659 0.044624 0.600000 0.000000 0.300000
0.139099 -0.032909 0.338662 0.600000 0.000000 0.300000
-0.287892 0.332452 -0.187733 0.600000 0.000000 0.300000
-0.318838 0.573903 -0.195451 0.600000 0.000000 0.300000
0.157317 0.231517 -0.154383 0.300000 0.000000 0.600000
0.252554 0.453980 -0.184797 0.300000 0.000000 0.600000
-0.142707 -0.049756 -0.126009 0.600000 0.000000 0.300000
-0.120919 0.109907 -0.156524 0.300000 0.000000 0.600000
-0.251338 -0.033851 0.079730 0.600000 0.000000 0.300000
-0.093930 0.357414 -0.196689 0.300000 0.000000 0.600000
-0.027580 0.556300 -0.254089 0.300000 0.000000 0.600000
-0.351702 0.680203 -0.254776 0.600000 0.000000 0.300000
-0.299664 -0.165013 0.053575 1.000000 0.000000 0.000000
0.271046 0.157425 -0.184650 0.300000 0.000000 0.600000
0.399971 -0.539239 -0.237268 0.600000 0.300000 0.000000
-0.391003 -0.344276 -0.170967 0.300000 0.600000 0.000000
-0.110725 -0.049074 0.044427 0.600000 0.000000 0.300000
-0.141192 0.491763 -0.232241 0.300000 0.000000 0.600000
-0.129472 -0.125362 0.025018 1.000000 0.000000 0.000000
-0.394166 -0.703015 -0.310790 1.000000 0.000000 0.000000
-0.322377 0.357895 -0.143103 0.600000 0.000000 0.300000
-0.184464 -0.030353 0.360632 0.600000 0.000000 0.300000
-0.160145 -0.122257 0.456164 0.600000 0.000000 0.300000
-0.272695 -0.176790 0.018959 1.000000 0.000000 0.000000
0.273680 0.705191 -0.247507 0.300000 0.000000 0.600000
-0.455719 -0.726490 -0.245178 0.500000 0.500000 0.000000
0.316997 -0.235890 0.154828 0.300000 0.000000 0.600000
0.430745 -0.695006 -0.236375 0.800000 0.200000 0.500000
-0.393477 -0.462501 -0.203549 0.300000 0.600000 0.000000
0.315083 -0.526501 0.427450 0.300000 0.000000 0.600000
-0.323729 -0.181634 0.061420 0.600000 0.000000 0.300000
-0.416604 -0.338625 -0.148979 0.300000 0.600000 0.000000
-0.399728 -0.515392 -0.262247 0.300000 0.600000 0.000000
0.070650 0.717539 -0.281980 0.600000 0.300000 0.000000
0.114075 0.482232 -0.230815 0.300000 0.000000 0.600000
-0.119125 0.207715 -0.159289 0.300000 0.000000 0.600000
-0.161458 0.180574 -0.143911 0.300000 0.000000 0.600000
0.166482 -0.176057 0.042559 1.000000 0.000000 0.000000
-0.216282 -0.109282 0.457889 0.600000 0.000000 0.300000
0.068833 -0.119303 0.463245 0.600000 0.000000 0.300000
0.249426 -0.137225 -0.092305 0.000000 0.500000 0.500000
-0.347894 0.556786 -0.184992 0.600000 0.000000 0.300000
-0.152655 -0.056490 0.444702 0.600000 0.000000 0.300000
0.389761 -0.178803 0.026464 1.000000 0.000000 0.000000
-0.153130 -0.050813 -0.170203 0.600000 0.000000 0.300000
-0.369286 -0.024061 0.085395 0.600000 0.000000 0.300000
0.163438 0.093684 -0.148043 0.300000 0.000000 0.600000
-0.295123 -0.023896 0.158187 0.600000 0.000000 0.300000
-0.205768 0.064722 -0.141994 0.600000 0.000000 0.300000
-0.276305 0.621953 -0.231756 0.300000 0.000000 0.600000
-0.276255 0.068829 -0.156718 0.600000 0.000000 0.300000
-0.200474 0.606387 -0.243472 0.600000 0.300000 0.000000
-0.127075 -0.127807 0.042893 1.000000 0.000000 0.000000
0.002170 -0.045025 0.194131 0.600000 0.000000 0.300000
-0.223443 0.141248 -0.132288 0.600000 0.000000 0.300000
0.375208 -0.700348 0.541388 0.600000 0.300000 0.000000
0.020890 0.088885 -0.172388 0.300000 0.000000 0.600000
0.247765 -0.027501 0.212379 0.600000 0.000000 0.300000
-0.147222 -0.151658 0.057031 1.000000 0.000000 0.000000
-0.187357 0.225472 -0.148883 0.300000 0.000000 0.600000
-0.292351 0.684607 -0.257182 0.600000 0.000000 0.300000
0.244727 0.641029 -0.235390 0.600000 0.300000 0.000000
-0.003401 -0.004313 -0.181002 0.300000 0.000000 0.600000
0.330239 0.469520 -0.169100 0.300000 0.000000 0.600000
-0.081934 -0.126494 0.460514 0.600000 0.000000 0.300000
0.053705 0.176925 -0.164891 0.300000 0.000000 0.600000
0.261742 0.283077 -0.137868 0.300000 0.000000 0.600000
-0.371674 -0.016411 0.371621 0.600000 0.000000 0.300000
-0.034605 0.117263 -0.166196 0.300000 0.000000 0.600000
0.209769 0.234899 -0.141267 0.300000 0.000000 0.600000
-0.243044 -0.108401 -0.018892 0.300000 0.600000 0.000000
-0.404704 -0.293657 -0.128639 0.300000 0.600000 0.000000
-0.241871 0.637042 -0.239481 0.600000 0.300000 0.000000
0.353559 -0.179583 0.029417 1.000000 0.000000 0.000000
0.080894 -0.130718 0.012725 1.000000 0.000000 0.000000
0.171732 0.505941 -0.228760 0.300000 0.000000 0.600000
-0.198462 -0.030675 0.279370 0.600000 0.000000 0.300000
-0.052099 0.197288 -0.171883 0.300000 0.000000 0.600000
-0.256747 -0.029071 0.394958 0.600000 0.000000 0.300000
0.161114 -0.040198 0.148311 0.600000 0.000000 0.300000
-0.227247 -0.029434 0.248161 0.600000 0.000000 0.300000
0.361380 -0.008226 0.311282 0.600000 0.000000 0.300000
0.303590 -0.024045 -0.033371 0.600000 0.000000 0.300000
-0.359763 -0.013334 0.175023 0.600000 0.000000 0.300000
0.229276 0.138641 -0.140910 0.300000 0.000000 0.600000
-0.326966 -0.370389 0.298940 0.600000 0.000000 0.300000
0.222707 0.011049 -0.142973 0.300000 0.000000 0.600000
-0.267953 0.051608 -0.156447 0.600000 0.000000 0.300000
-0.175764 -0.044525 0.049782 0.600000 0.000000 0.300000
-0.361532 0.518052 -0.206683 0.600000 0.000000 0.300000
0.022096 0.152339 -0.169080 0.300000 0.000000 0.600000
0.232977 -0.085044 -0.156646 0.300000 0.000000 0.600000
-0.178925 -0.165683 0.053395 1.000000 0.000000 0.000000
-0.408096 -0.288762 -0.090440 0.300000 0.600000 0.000000
0.331106 -0.014460 -0.097809 0.600000 0.000000 0.300000
-0.377827 -0.049838 0.109296 0.600000 0.000000 0.300000
-0.291046 -0.022702 -0.129627 0.600000 0.000000 0.300000
0.417100 -0.524393 -0.242877 0.600000 0.300000 0.000000
-0.328146 0.642627 -0.225368 0.600000 0.000000 0.300000
-0.231871 0.515502 -0.215955 0.300000 0.000000 0.600000
-0.297225 0.699653 -0.243577 0.600000 0.000000 0.300000
-0.158908 -0.126298 0.021526 1.000000 0.000000 0.000000
0.160342 0.750562 -0.318078 0.600000 0.300000 0.000000
0.010881 -0.058351 -0.086412 0.600000 0.000000 0.300000
-0.117448 -0.040455 0.217702 0.600000 0.000000 0.300000
0.260497 0.346349 -0.182251 0.300000 0.000000 0.600000
-0.312846 0.581349 -0.233189 0.600000 0.000000 0.300000
-0.230307 0.162529 -0.181141 0.600000 0.000000 0.300000
0.223731 0.026347 -0.188312 0.300000 0.000000 0.600000
0.280392 0.098845 -0.147225 0.300000 0.000000 0.600000
0.129009 -0.036053 0.280692 0.600000 0.000000 0.300000
0.344388 0.527077 -0.174768 0.300000 0.000000 0.600000
0.020291 -0.122231 0.463877 0.600000 0.000000 0.300000
-0.154260 0.745783 -0.304303 0.600000 0.300000 0.000000
-0.194806 0.171602 -0.137026 0.300000 0.000000 0.600000
-0.341292 -0.018990 0.081492 0.600000 0.000000 0.300000
-0.312939 -0.022731 -0.047113 0.600000 0.000000 0.300000
0.156044 -0.018348 -0.157803 0.300000 0.000000 0.600000
0.232164 0.355781 -0.166511 0.300000 0.000000 0.600000
0.343434 0.531627 -0.200929 0.300000 0.000000 0.600000
0.328724 -0.248684 0.153042 0.300000 0.000000 0.600000
0.295807 -0.700692 0.528967 0.300000 0.000000 0.600000
-0.296888 -0.016272 0.299273 0.600000 0.000000 0.300000
-0.385852 -0.440472 -0.213872 0.300000 0.600000 0.000000
0.410092 -0.457911 -0.236087 0.600000 0.300000 0.000000
-0.172209 -0.039320 0.158543 0.600000 0.000000 0.300000
0.244581 -0.033980 0.094422 0.600000 0.000000 0.300000
0.030854 0.018279 -0.177115 0.300000 0.000000 0.600000
0.164150 -0.035005 -0.158942 0.300000 0.000000 0.600000
-0.119512 -0.132527 0.010916 1.000000 0.000000 0.000000
0.405509 -0.292218 -0.117149 0.600000 0.300000 0.000000
0.101007 -0.042911 0.187488 0.600000 0.000000 0.300000
-0.157304 -0.167076 0.006743 1.000000 0.000000 0.000000
0.376089 -0.059137 0.295506 0.600000 0.000000 0.300000
0.373799 -0.071385 0.224563 0.600000 0.000000 0.300000
0.355148 -0.224551 0.144323 0.300000 0.000000 0.600000
0.370349 -0.040496 0.098680 0.600000 0.000000 0.300000
-0.220020 -0.038144 0.080270 0.600000 0.000000 0.300000
-0.265927 -0.121495 -0.154065 0.300000 0.600000 0.000000
-0.430908 -0.601740 -0.270633 0.300000 0.600000 0.000000
0.140469 0.463433 -0.224013 0.300000 0.000000 0.600000
-0.014480 -0.040492 0.289951 0.600000 0.000000 0.300000
-0.320968 -0.715377 0.496629 0.000000 0.500000 0.500000
0.370590 -0.058372 0.104341 0.600000 0.000000 0.300000
0.301620 -0.020638 0.383571 0.600000 0.000000 0.300000
-0.322832 -0.012993 0.347670 0.600000 0.000000 0.300000
0.206251 0.372570 -0.180130 0.300000 0.000000 0.600000
0.201990 0.485718 -0.215002 0.300000 0.000000 0.600000
-0.154536 0.217178 -0.153081 0.300000 0.000000 0.600000
-0.152724 0.507601 -0.231597 0.300000 0.000000 0.600000
0.297379 -0.128168 -0.063539 0.300000 0.000000 0.600000
-0.010093 -0.090167 -0.194005 0.600000 0.000000 0.300000
0.306820 0.436530 -0.158879 0.300000 0.000000 0.600000
0.257787 -0.080694 -0.138997 0.300000 0.000000 0.600000
0.002071 0.234197 -0.179429 0.300000 0.000000 0.600000
-0.200716 0.638478 -0.246811 0.600000 0.300000 0.000000
-0.099558 -0.045918 0.126964 0.600000 0.000000 0.300000
-0.277439 0.360234 -0.168803 0.600000 0.000000 0.300000
0.034036 -0.058460 -0.129724 0.600000 0.000000 0.300000
-0.214597 0.159579 -0.131230 0.600000 0.000000 0.300000
0.276356 0.642255 -0.226934 0.300000 0.000000 0.600000
0.360019 -0.032497 -0.040992 0.600000 0.000000 0.300000
-0.063511 0.576781 -0.255663 0.600000 0.300000 0.000000
-0.235005 0.013968 -0.142881 0.600000 0.000000 0.300000
-0.310534 0.293289 -0.163876 0.600000 0.000000 0.300000
-0.300329 -0.038526 -0.158067 0.600000 0.000000 0.300000
0.271636 0.737368 -0.263665 0.300000 0.000000 0.600000
-0.326102 -0.242705 0.194493 0.600000 0.000000 0.300000
0.066065 0.519083 -0.243883 0.300000 0.000000 0.600000
0.358746 -0.091916 0.062196 0.600000 0.000000 0.300000
0.420073 -0.458661 -0.209913 0.600000 0.300000 0.000000
0.113503 -0.048895 0.425443 0.600000 0.000000 0.300000
-0.127322 0.415921 -0.209164 0.300000 0.000000 0.600000
0.328018 -0.010377 0.341281 0.600000 0.000000 0.300000
0.320517 0.392409 -0.182942 0.300000 0.000000 0.600000
0.339416 -0.516560 0.408416 0.300000 0.000000 0.600000
0.380390 -0.416178 -0.180058 0.600000 0.300000 0.000000
-0.217022 0.425371 -0.189994 0.300000 0.000000 0.600000
0.349266 -0.010254 0.253749 0.600000 0.000000 0.300000
0.101472 -0.176729 0.040056 1.000000 0.000000 0.000000
-0.368780 -0.057304 -0.055652 0.600000 0.000000 0.300000
-0.289391 0.747949 -0.280216 0.600000 0.000000 0.300000
0.235743 -0.089672 -0.182096 0.300000 0.000000 0.600000
-0.177977 -0.044857 0.009935 0.600000 0.000000 0.300000
-0.428552 -0.704573 -0.310883 1.000000 0.000000 0.000000
0.332882 0.722325 -0.269162 0.300000 0.000000 0.600000
-0.314296 0.201427 -0.128677 0.600000 0.000000 0.300000
-0.417996 -0.387527 -0.187978 0.300000 0.600000 0.000000
0.319438 -0.637972 0.484269 0.300000 0.000000 0.600000
0.233660 0.602050 -0.232994 0.600000 0.300000 0.000000
0.207458 -0.040486 -0.157388 0.600000 0.000000 0.300000
0.096425 -0.054307 -0.081002 0.600000 0.000000 0.300000
0.244401 -0.087302 -0.122038 0.300000 0.000000 0.600000
0.166423 -0.049583 -0.167906 0.600000 0.000000 0.300000
-0.058192 -0.073627 0.456259 0.600000 0.000000 0.300000
0.235676 -0.116551 -0.137535 0.300000 0.000000 0.600000
0.401631 -0.510552 -0.221106 0.600000 0.300000 0.000000
-0.312594 0.091004 -0.156049 0.600000 0.000000 0.300000
0.071761 0.612387 -0.257334 0.600000 0.300000 0.000000
0.340095 -0.016621 -0.081710 0.600000 0.000000 0.300000
0.160340 -0.031200 0.322081 0.600000 0.000000 0.300000
0.381152 -0.172027 0.047090 1.000000 0.000000 0.000000
0.092423 -0.047376 0.109243 0.600000 0.000000 0.300000
-0.158572 -0.164534 0.053704 1.000000 0.000000 0.000000
0.369444 0.608603 -0.227889 0.300000 0.000000 0.600000
-0.325625 0.326232 -0.146500 0.600000 0.000000 0.300000
-0.245269 -0.036800 -0.010183 0.600000 0.000000 0.300000
0.103772 -0.044981 0.141045 0.600000 0.000000 0.300000
0.375199 -0.040747 0.236445 0.600000 0.000000 0.300000
0.339191 -0.199623 0.145560 0.300000 0.000000 0.600000
-0.133863 0.177493 -0.153722 0.300000 0.000000 0.600000
-0.376771 -0.073059 0.091673 0.600000 0.000000 0.300000
-0.299250 0.570935 -0.231066 0.600000 0.000000 0.300000
-0.352206 -0.008541 0.341023 0.600000 0.000000 0.300000
-0.178077 0.506226 -0.225131 0.300000 0.000000 0.600000
0.112333 0.680658 -0.269019 0.600000 0.300000 0.000000
-0.196498 -0.138235 0.053434 1.000000 0.000000 0.000000
0.313871 -0.592021 0.475531 0.300000 0.000000 0.600000
-0.309556 0.482265 -0.207000 0.600000 0.000000 0.300000
0.021278 0.572904 -0.256424 0.300000 0.000000 0.600000
0.240933 0.225525 -0.172902 0.300000 0.000000 0.600000
0.337428 0.323831 -0.147509 0.300000 0.000000 0.600000
0.006787 -0.136066 0.051409 1.000000 0.000000 0.000000
0.251853 0.294473 -0.187387 0.300000 0.000000 0.600000
-0.382300 -0.733797 0.554621 0.300000 0.600000 0.000000
0.383255 -0.352999 -0.175208 0.600000 0.300000 0.000000
0.311301 0.296199 -0.144981 0.300000 0.000000 0.600000
-0.264521 0.059903 -0.130997 0.600000 0.000000 0.300000
-0.379648 -0.066914 0.178851 0.600000 0.000000 0.300000
0.178772 -0.042000 0.084656 0.600000 0.000000 0.300000
0.326307 -0.171612 0.098246 0.300000 0.000000 0.600000
0.398883 -0.315073 -0.103518 0.600000 0.300000 0.000000
-0.045024 0.728064 -0.293696 0.600000 0.300000 0.000000
-0.357007 -0.351351 0.282470 0.600000 0.000000 0.300000
0.312344 -0.127037 0.040019 1.000000 0.000000 0.000000
-0.382202 -0.279339 -0.117028 0.300000 0.600000 0.000000
-0.166454 0.533236 -0.237429 0.300000 0.000000 0.600000
0.320322 -0.689882 0.499824 0.600000 0.000000 0.300000
-0.269762 0.355630 -0.184829 0.600000 0.000000 0.300000
-0.091750 -0.036177 0.333295 0.600000 0.000000 0.300000
-0.296107 0.642277 -0.222563 0.600000 0.000000 0.300000
-0.256429 -0.178810 0.026488 1.000000 0.000000 0.000000
0.259151 0.009278 -0.137598 0.300000 0.000000 0.600000
0.415952 -0.425945 -0.190875 0.600000 0.300000 0.000000
-0.109326 0.243864 -0.167712 0.300000 0.000000 0.600000
-0.014147 0.448805 -0.230408 0.300000 0.000000 0.600000
-0.389389 -0.377144 -0.187328 0.300000 0.600000 0.000000
0.098993 -0.036759 0.370940 0.600000 0.000000 0.300000
0.303705 -0.700181 0.502392 0.300000 0.000000 0.600000
-0.139231 0.603121 -0.251347 0.600000 0.300000 0.000000
-0.040615 0.259859 -0.184072 0.300000 0.000000 0.600000
0.229243 -0.129348 -0.039231 0.300000 0.000000 0.600000
0.103099 -0.086428 -0.188422 0.600000 0.000000 0.300000
0.249816 -0.151427 -0.015232 0.300000 0.000000 0.600000
-0.124543 0.378588 -0.198825 0.300000 0.000000 0.600000
0.237513 0.062819 -0.196071 0.300000 0.000000 0.600000
0.003972 0.312922 -0.195760 0.300000 0.000000 0.600000
-0.420059 -0.448087 -0.196947 0.300000 0.600000 0.000000
0.269204 -0.031764 0.044191 0.600000 0.000000 0.300000
-0.352951 0.496875 -0.197588 0.600000 0.000000 0.300000
0.344429 -0.704733 0.577870 0.600000 0.000000 0.300000
-0.233721 0.110169 -0.174861 0.600000 0.000000 0.300000
0.115252 0.705077 -0.276570 0.600000 0.300000 0.000000
0.272702 0.073304 -0.155880 0.300000 0.000000 0.600000
0.323209 -0.303173 0.226142 0.300000 0.000000 0.600000
0.342255 -0.407373 0.324788 0.300000 0.000000 0.600000
-0.238709 0.213731 -0.174854 0.600000 0.000000 0.300000
-0.325851 0.388634 -0.141351 0.600000 0.000000 0.300000
-0.183699 0.386710 -0.187765 0.300000 0.000000 0.600000
0.316681 -0.257562 0.201756 0.300000 0.000000 0.600000
-0.320688 -0.756762 0.538161 0.000000 0.500000 0.500000
0.201421 -0.040317 0.004577 0.600000 0.000000 0.300000
0.294607 0.096043 -0.156094 0.300000 0.000000 0.600000
-0.355490 -0.491803 0.398205 0.600000 0.000000 0.300000
0.095970 -0.038991 0.275133 0.600000 0.000000 0.300000
-0.318998 -0.020356 0.153472 0.600000 0.000000 0.300000
0.236536 -0.036031 -0.062290 0.600000 0.000000 0.300000
0.258347 -0.163229 0.023521 0.000000 0.500000 0.500000
-0.359133 -0.288749 0.246587 0.600000 0.000000 0.300000
0.141537 -0.153188 0.056745 1.000000 0.000000 0.000000
0.341711 0.484446 -0.162782 0.300000 0.000000 0.600000
-0.000370 0.389425 -0.211018 0.300000 0.000000 0.600000
0.171029 -0.047053 0.429410 0.600000 0.000000 0.300000
0.325354 -0.014137 0.232265 0.600000 0.000000 0.300000
-0.261234 0.652209 -0.240035 0.600000 0.300000 0.000000
-0.015302 -0.105004 0.463756 0.600000 0.000000 0.300000
0.125555 -0.033982 -0.167233 0.300000 0.000000 0.600000
-0.315896 -0.690857 0.574330 0.500000 0.000000 0.500000
-0.338411 0.751129 -0.260671 0.600000 0.000000 0.300000
0.063101 0.223893 -0.171342 0.300000 0.000000 0.600000
-0.349634 -0.335256 0.255714 0.600000 0.000000 0.300000
-0.312803 -0.124232 -0.044004 0.300000 0.600000 0.000000
-0.370006 -0.232863 -0.045001 0.300000 0.600000 0.000000
0.294843 0.151647 -0.151255 0.300000 0.000000 0.600000
-0.276845 -0.047724 -0.162888 0.600000 0.000000 0.300000
0.167388 0.077752 -0.148713 0.300000 0.000000 0.600000
-0.251281 0.363550 -0.159725 0.600000 0.000000 0.300000
0.272075 -0.143078 -0.066700 0.000000 0.500000 0.500000
0.449692 -0.707452 -0.276252 0.800000 0.200000 0.500000
0.196130 0.195364 -0.139562 0.300000 0.000000 0.600000
-0.039181 -0.038485 0.321812 0.600000 0.000000 0.300000
0.383735 -0.751441 -0.285928 0.600000 0.000000 0.300000
0.015286 -0.056630 -0.041928 0.600000 0.000000 0.300000
-0.376939 -0.021523 0.216214 0.600000 0.000000 0.300000
-0.119828 -0.042468 0.406672 0.600000 0.000000 0.300000
0.346811 -0.373019 0.340277 0.300000 0.000000 0.600000
0.242905 -0.026631 0.379718 0.600000 0.000000 0.300000
0.237276 -0.143945 -0.025528 0.300000 0.000000 0.600000
0.387548 -0.610353 -0.277483 0.600000 0.300000 0.000000
0.207331 0.554186 -0.227775 0.300000 0.000000 0.600000
-0.319530 -0.011700 0.320833 0.600000 0.000000 0.300000
-0.392608 -0.324246 -0.145212 0.300000 0.600000 0.000000
0.295158 0.521549 -0.204752 0.300000 0.000000 0.600000
0.245205 0.569823 -0.220132 0.300000 0.000000 0.600000
-0.324791 -0.022816 0.024152 0.600000 0.000000 0.300000
-0.077590 -0.056961 -0.145610 0.600000 0.000000 0.300000
0.304279 0.545554 -0.189116 0.300000 0.000000 0.600000
-0.202063 0.459614 -0.204023 0.300000 0.000000 0.600000
-0.068979 0.535813 -0.249462 0.300000 0.000000 0.600000
0.143629 0.443412 -0.217435 0.300000 0.000000 0.600000
-0.305778 -0.089840 -0.188298 0.300000 0.600000 0.000000
-0.225139 -0.028285 0.365575 0.600000 0.000000 0.300000
-0.375658 -0.074762 0.056997 0.600000 0.000000 0.300000
0.241082 -0.072423 0.453084 0.600000 0.000000 0.300000
0.253850 -0.130132 -0.109007 0.300000 0.000000 0.600000
-0.087299 -0.156153 0.055950 1.000000 0.000000 0.000000
0.331072 -0.284719 0.195582 0.300000 0.000000 0.600000
0.376940 -0.700233 -0.231002 0.600000 0.000000 0.300000
0.172933 0.610218 -0.246565 0.600000 0.300000 0.000000
0.116593 -0.129588 0.453587 0.600000 0.000000 0.300000
0.113064 -0.046253 0.101063 0.600000 0.000000 0.300000
0.023295 0.651531 -0.267006 0.600000 0.300000 0.000000
0.017251 -0.138466 0.005289 1.000000 0.000000 0.000000
-0.244904 0.268105 -0.138982 0.600000 0.000000 0.300000
0.254861 0.434622 -0.177313 0.300000 0.000000 0.600000
-0.251797 -0.029389 0.175454 0.600000 0.000000 0.300000
0.326442 0.530776 -0.184755 0.300000 0.000000 0.600000
0.309958 -0.017770 0.212300 0.600000 0.000000 0.300000
0.094949 0.140834 -0.158882 0.300000 0.000000 0.600000
0.309103 -0.672555 0.525548 0.600000 0.000000 0.300000
-0.210941 -0.061369 0.449455 0.600000 0.000000 0.300000
-0.384024 -0.036464 0.341821 0.600000 0.000000 0.300000
-0.197113 0.117768 -0.135019 0.300000 0.000000 0.600000
0.306590 0.363525 -0.185502 0.300000 0.000000 0.600000
0.362698 -0.086682 0.135350 0.600000 0.000000 0.300000
-0.349379 -0.049755 -0.142399 0.600000 0.000000 0.300000
-0.252049 0.109099 -0.129397 0.600000 0.000000 0.300000
-0.350172 -0.379224 0.300559 0.600000 0.000000 0.300000
0.434578 -0.747382 -0.243313 0.800000 0.200000 0.500000
0.197404 -0.041704 -0.097212 0.600000 0.000000 0.300000
-0.149884 -0.044264 0.415809 0.600000 0.000000 0.300000
0.328788 0.591538 -0.194991 0.300000 0.000000 0.600000
-0.263681 -0.086115 0.453021 0.600000 0.000000 0.300000
-0.278883 -0.018115 -0.165896 0.600000 0.000000 0.300000
-0.325333 0.659377 -0.236135 0.600000 0.000000 0.300000
-0.064448 -0.055306 -0.027862 0.600000 0.000000 0.300000
0.304607 -0.119993 -0.029649 0.000000 0.500000 0.500000
0.321883 0.463180 -0.156637 0.300000 0.000000 0.600000
-0.303247 0.177017 -0.171396 0.600000 0.000000 0.300000
0.429793 -0.631320 -0.288525 0.600000 0.300000 0.000000
0.267001 0.132294 -0.144841 0.300000 0.000000 0.600000
-0.314664 -0.673699 0.545878 0.500000 0.000000 0.500000
-0.345799 -0.016335 -0.063686 0.600000 0.000000 0.300000
0.215977 0.417372 -0.187782 0.300000 0.000000 0.600000
-0.068852 0.452728 -0.229100 0.300000 0.000000 0.600000
-0.399572 -0.126597 0.020411 1.000000 0.000000 0.000000
-0.328191 -0.547341 0.466155 0.600000 0.000000 0.300000
0.377020 -0.030814 0.347341 0.600000 0.000000 0.300000
-0.322639 -0.581103 0.457755 0.600000 0.000000 0.300000
-0.263422 0.206805 -0.121484 0.600000 0.000000 0.300000
-0.418949 -0.418681 -0.181740 0.300000 0.600000 0.000000
-0.233347 -0.041037 -0.180246 0.300000 0.600000 0.000000
0.298258 0.757320 -0.289971 0.300000 0.000000 0.600000
-0.323575 -0.021938 0.099624 0.600000 0.000000 0.300000
0.355981 -0.606179 0.477696 0.300000 0.000000 0.600000
0.167610 0.352850 -0.181171 0.300000 0.000000 0.600000
-0.389105 -0.146490 0.003140 1.000000 0.000000 0.000000
0.235032 -0.141670 -0.057584 0.000000 0.500000 0.500000
-0.103212 0.326185 -0.190605 0.300000 0.000000 0.600000
-0.178649 0.003861 -0.154402 0.300000 0.000000 0.600000
-0.351041 -0.189105 0.057397 0.600000 0.000000 0.300000
0.178549 -0.130778 0.443732 0.600000 0.000000 0.300000
-0.368740 -0.715487 0.489536 0.500000 0.000000 0.500000
-0.037414 0.697531 -0.276800 0.600000 0.300000 0.000000
-0.285456 0.581160 -0.207233 0.600000 0.000000 0.300000
-0.113632 -0.085091 -0.190534 0.600000 0.000000 0.300000
-0.247023 0.450092 -0.189481 0.300000 0.000000 0.600000
0.219718 0.158971 -0.143266 0.300000 0.000000 0.600000
0.239834 -0.032440 -0.131216 0.600000 0.000000 0.300000
0.392249 -0.304388 -0.143199 0.600000 0.300000 0.000000
0.317357 0.513204 -0.214542 0.300000 0.000000 0.600000
-0.232136 0.042955 -0.189745 0.600000 0.000000 0.300000
0.166057 0.204957 -0.149633 0.300000 0.000000 0.600000
0.319047 -0.193013 0.119771 0.300000 0.000000 0.600000
-0.357678 -0.613497 0.496954 0.600000 0.000000 0.300000
-0.140352 -0.050900 0.434563 0.600000 0.000000 0.300000
-0.348661 0.564478 -0.217513 0.600000 0.000000 0.300000
-0.312213 -0.018683 0.206284 0.600000 0.000000 0.300000
0.274682 0.426050 -0.190920 0.300000 0.000000 0.600000
-0.279030 0.489382 -0.192815 0.600000 0.000000 0.300000
-0.170819 -0.176878 0.019286 1.000000 0.000000 0.000000
-0.378767 -0.744408 -0.278606 0.000000 1.000000 0.000000
0.346055 -0.008194 0.284359 0.600000 0.000000 0.300000
-0.383440 -0.078653 0.372019 0.600000 0.000000 0.300000
-0.165759 -0.047374 -0.032008 0.600000 0.000000 0.300000
0.205520 0.401428 -0.188964 0.300000 0.000000 0.600000
0.111455 -0.112621 0.462190 0.600000 0.000000 0.300000
0.291841 -0.023570 0.152457 0.600000 0.000000 0.300000
-0.308913 0.286997 -0.131588 0.600000 0.000000 0.300000
-0.369299 -0.685518 0.570330 0.500000 0.000000 0.500000
-0.310495 -0.020762 -0.094056 0.600000 0.000000 0.300000
0.030551 0.705233 -0.278390 0.600000 0.300000 0.000000
0.330232 0.582986 -0.221274 0.300000 0.000000 0.600000
-0.415164 -0.402891 -0.203654 0.300000 0.600000 0.000000
0.039306 -0.043939 0.202439 0.600000 0.000000 0.300000
-0.263010 0.273819 -0.175581 0.600000 0.000000 0.300000
-0.160108 0.569974 -0.242957 0.300000 0.000000 0.600000
0.038247 0.308033 -0.191527 0.300000 0.000000 0.600000
-0.365864 -0.069464 -0.087268 0.600000 0.000000 0.300000
-0.252338 0.256056 -0.148860 0.600000 0.000000 0.300000
0.159410 0.554762 -0.241096 0.300000 0.000000 0.600000
-0.301947 0.459064 -0.167170 0.600000 0.000000 0.300000
-0.350750 -0.276462 0.189007 0.600000 0.000000 0.300000
0.046030 -0.047145 0.137256 0.600000 0.000000 0.300000
0.410442 -0.488080 -0.250145 0.600000 0.300000 0.000000
-0.323513 -0.580177 0.479042 0.600000 0.000000 0.300000
0.252423 -0.070488 -0.204995 0.300000 0.000000 0.600000
0.392708 -0.525324 -0.233487 0.600000 0.300000 0.000000
0.203034 -0.176663 0.040301 1.000000 0.000000 0.000000
-0.285614 0.099823 -0.129143 0.600000 0.000000 0.300000
-0.273846 -0.031703 -0.033669 0.600000 0.000000 0.300000
0.231756 -0.025442 0.292156 0.600000 0.000000 0.300000
-0.302630 -0.701155 0.550665 0.000000 0.500000 0.500000
-0.018526 -0.145783 0.003330 1.000000 0.000000 0.000000
-0.372077 -0.228253 -0.061970 0.300000 0.600000 0.000000
0.371346 -0.751429 0.514149 0.600000 0.300000 0.000000
0.397116 -0.704891 -0.310924 0.300000 0.000000 0.600000
0.270588 -0.146288 -0.040367 0.300000 0.000000 0.600000
0.405159 -0.589915 -0.296547 0.600000 0.300000 0.000000
0.342872 0.617071 -0.224306 0.300000 0.000000 0.600000
0.031476 0.073566 -0.169728 0.300000 0.000000 0.600000
0.337850 0.651388 -0.234511 0.300000 0.000000 0.600000
0.252773 -0.032543 -0.078542 0.600000 0.000000 0.300000
0.001426 0.739742 -0.306557 0.600000 0.300000 0.000000
-0.077444 0.478597 -0.235490 0.300000 0.000000 0.600000
0.267426 -0.020482 0.299594 0.600000 0.000000 0.300000
-0.298531 -0.016845 0.283255 0.600000 0.000000 0.300000
-0.318301 0.674039 -0.262702 0.600000 0.000000 0.300000
0.378145 -0.151536 0.003388 0.600000 0.300000 0.000000
0.390640 -0.393910 -0.201888 0.600000 0.300000 0.000000
0.142543 0.193109 -0.150215 0.300000 0.000000 0.600000
0.349112 -0.181078 0.109462 0.300000 0.000000 0.600000
-0.176573 -0.142254 0.004275 1.000000 0.000000 0.000000
-0.154520 0.046497 -0.155500 0.300000 0.000000 0.600000
-0.228932 -0.124731 0.439734 0.600000 0.000000 0.300000
-0.280773 0.015807 -0.134345 0.600000 0.000000 0.300000
-0.324445 -0.638640 0.487185 0.600000 0.000000 0.300000
0.244169 0.030031 -0.207635 0.300000 0.000000 0.600000
0.339716 -0.504695 0.444118 0.300000 0.000000 0.600000
0.284625 0.418326 -0.159255 0.300000 0.000000 0.600000
0.148248 -0.042299 0.128777 0.600000 0.000000 0.300000
0.081852 -0.159835 0.003823 1.000000 0.000000 0.000000
0.426181 -0.673202 -0.265534 0.300000 0.000000 0.600000
-0.294063 0.128964 -0.133346 0.600000 0.000000 0.300000
-0.009269 0.532520 -0.248256 0.300000 0.000000 0.600000
-0.386342 -0.169304 0.008971 1.000000 0.000000 0.000000
0.272544 0.083310 -0.125928 0.300000 0.000000 0.600000
0.212211 0.736718 -0.283836 0.600000 0.300000 0.000000
0.143744 -0.046269 0.054500 0.600000 0.000000 0.300000
-0.054647 0.744854 -0.318467 0.600000 0.300000 0.000000
0.425743 -0.580013 -0.278737 0.600000 0.300000 0.000000
0.298970 0.498183 -0.217790 0.300000 0.000000 0.600000
-0.256069 0.518335 -0.206397 0.300000 0.000000 0.600000
0.342155 -0.203859 0.087737 0.300000 0.000000 0.600000
-0.288403 -0.114437 0.002192 0.600000 0.000000 0.300000
0.105161 0.372078 -0.202476 0.300000 0.000000 0.600000
0.014594 0.451058 -0.228248 0.300000 0.000000 0.600000
-0.294279 0.598660 -0.210012 0.600000 0.000000 0.300000
-0.353003 -0.174790 0.014459 1.000000 0.000000 0.000000
0.061283 0.401428 -0.215784 0.300000 0.000000 0.600000
0.341447 -0.484012 0.431239 0.300000 0.000000 0.600000
-0.261570 0.722338 -0.258947 0.600000 0.300000 0.000000
0.016170 0.742664 -0.320132 0.600000 0.300000 0.000000
-0.078247 -0.047487 0.414470 0.600000 0.000000 0.300000
-0.299045 -0.032419 -0.212705 0.300000 0.600000 0.000000
-0.239865 0.210266 -0.128920 0.600000 0.000000 0.300000
-0.280211 0.290696 -0.132828 0.600000 0.000000 0.300000
-0.330876 0.461583 -0.157813 0.600000 0.000000 0.300000
0.192884 0.570570 -0.236224 0.300000 0.000000 0.600000
0.372524 -0.271563 -0.097695 0.600000 0.300000 0.000000
-0.408698 -0.271133 -0.080602 0.300000 0.600000 0.000000
-0.253421 0.136527 -0.189496 0.600000 0.000000 0.300000
-0.037607 -0.139366 0.441184 0.600000 0.000000 0.300000
0.297240 -0.033272 -0.179573 0.300000 0.000000 0.600000
0.103366 -0.051693 0.004599 0.600000 0.000000 0.300000
0.285009 0.683312 -0.236555 0.300000 0.000000 0.600000
0.214896 -0.002649 -0.148058 0.300000 0.000000 0.600000
0.282417 -0.176556 0.018086 1.000000 0.000000 0.000000
0.315884 -0.746984 0.509109 0.300000 0.000000 0.600000
-0.441035 -0.698657 -0.223484 1.000000 0.000000 0.000000
-0.148431 0.457058 -0.217472 0.300000 0.000000 0.600000
0.175720 -0.109071 0.459239 0.600000 0.000000 0.300000
-0.053445 -0.043967 0.398229 0.600000 0.000000 0.300000
0.195254 -0.087373 0.457550 0.600000 0.000000 0.300000
0.249120 -0.102329 -0.187070 0.000000 0.500000 0.500000
-0.060961 -0.101244 -0.190477 0.600000 0.000000 0.300000
-0.230620 0.075502 -0.179174 0.600000 0.000000 0.300000
0.136783 0.366247 -0.196246 0.300000 0.000000 0.600000
0.335305 -0.548333 0.427963 0.300000 0.000000 0.600000
0.354381 -0.384388 0.321498 0.300000 0.000000 0.600000
-0.322510 -0.352703 0.301131 0.600000 0.000000 0.300000
-0.242901 0.011134 -0.201684 0.600000 0.000000 0.300000
0.277839 -0.025313 -0.114571 0.600000 0.000000 0.300000
0.129525 0.542139 -0.241014 0.300000 0.000000 0.600000
0.248835 -0.106227 -0.033478 0.300000 0.000000 0.600000
-0.244663 0.100302 -0.155455 0.600000 0.000000 0.300000
-0.312465 -0.107468 -0.091913 0.300000 0.600000 0.000000
0.290367 -0.159110 0.040608 0.300000 0.000000 0.600000
0.319053 -0.019921 0.121715 0.600000 0.000000 0.300000
-0.382942 -0.397847 -0.191614 0.300000 0.600000 0.000000
0.349783 -0.079308 -0.080066 0.600000 0.000000 0.300000
-0.142643 -0.171519 0.011187 1.000000 0.000000 0.000000
0.196136 0.745156 -0.300453 0.600000 0.300000 0.000000
0.166917 -0.036860 0.202735 0.600000 0.000000 0.300000
-0.279128 0.558100 -0.204684 0.600000 0.000000 0.300000
-0.238670 -0.162926 0.054134 1.000000 0.000000 0.000000
-0.365073 -0.045444 -0.107778 0.600000 0.000000 0.300000
0.448955 -0.719666 -0.250751 0.800000 0.200000 0.500000
0.059266 0.488877 -0.237978 0.300000 0.000000 0.600000
0.355975 -0.442067 0.380548 0.300000 0.000000 0.600000
-0.281375 0.059726 -0.129622 0.600000 0.000000 0.300000
-0.264260 0.299525 -0.189323 0.600000 0.000000 0.300000
-0.338720 0.617064 -0.202681 0.600000 0.000000 0.300000
-0.138953 -0.046842 0.052211 0.600000 0.000000 0.300000
0.050525 -0.056236 -0.060737 0.600000 0.000000 0.300000
-0.347902 -0.008983 0.283895 0.600000 0.000000 0.300000
0.148803 -0.065724 -0.182764 0.600000 0.000000 0.300000
0.387344 -0.594037 -0.271600 0.600000 0.300000 0.000000
-0.270443 0.105178 -0.192284 0.600000 0.000000 0.300000
0.069804 0.297498 -0.189091 0.300000 0.000000 0.600000
0.346150 -0.013556 0.167601 0.600000 0.000000 0.300000
0.289765 0.495399 -0.190738 0.300000 0.000000 0.600000
0.270024 -0.109948 0.000927 0.000000 0.500000 0.500000
-0.317373 0.760494 -0.288855 0.600000 0.000000 0.300000
-0.212778 0.194111 -0.135876 0.600000 0.000000 0.300000
0.365300 -0.010901 0.348710 0.600000 0.000000 0.300000
-0.103024 -0.098030 0.462093 0.600000 0.000000 0.300000
0.005171 -0.055874 -0.023636 0.600000 0.000000 0.300000
-0.141124 0.658421 -0.263567 0.600000 0.300000 0.000000
0.261991 0.381854 -0.164383 0.300000 0.000000 0.600000
0.307134 -0.021498 -0.062923 0.600000 0.000000 0.300000
0.385404 -0.393792 -0.161470 0.600000 0.300000 0.000000
-0.300234 0.579472 -0.217695 0.600000 0.000000 0.300000
-0.290878 0.074340 -0.193933 0.600000 0.000000 0.300000
-0.339933 0.393803 -0.146596 0.600000 0.000000 0.300000
-0.179257 0.345573 -0.177057 0.300000 0.000000 0.600000
0.325435 -0.194791 0.065895 0.300000 0.000000 0.600000
-0.268335 0.530277 -0.201350 0.300000 0.000000 0.600000
-0.313199 -0.000975 -0.186972 0.600000 0.000000 0.300000
-0.250797 -0.098327 -0.050204 0.300000 0.600000 0.000000
0.320127 0.449605 -0.198553 0.300000 0.000000 0.600000
0.301357 0.616454 -0.234915 0.300000 0.000000 0.600000
0.118933 -0.039297 0.234262 0.600000 0.000000 0.300000
-0.042367 -0.055807 0.438005 0.600000 0.000000 0.300000
0.305017 -0.126488 -0.009091 0.000000 0.500000 0.500000
0.248748 0.112243 -0.150621 0.300000 0.000000 0.600000
-0.179332 0.662682 -0.259303 0.600000 0.300000 0.000000
-0.400141 -0.673884 -0.275052 1.000000 0.000000 0.000000
-0.208755 0.336578 -0.169716 0.300000 0.000000 0.600000
-0.237775 -0.084605 -0.161056 0.600000 0.000000 0.300000
0.342448 -0.555674 0.473359 0.300000 0.000000 0.600000
-0.395289 -0.403194 -0.166889 0.300000 0.600000 0.000000
-0.143535 0.710563 -0.279892 0.600000 0.300000 0.000000
-0.242940 -0.075272 0.454057 0.600000 0.000000 0.300000
0.142044 0.407231 -0.207112 0.300000 0.000000 0.600000
0.291962 0.295161 -0.176916 0.300000 0.000000 0.600000
0.125800 0.746868 -0.318057 0.600000 0.300000 0.000000
-0.328266 -0.444834 0.363424 0.600000 0.000000 0.300000
0.018017 0.000096 -0.176616 0.300000 0.000000 0.600000
-0.373767 -0.680590 0.544850 0.300000 0.600000 0.000000
-0.425691 -0.622226 -0.300885 0.300000 0.600000 0.000000
-0.293393 -0.016188 0.337830 0.600000 0.000000 0.300000
0.160464 0.597625 -0.247315 0.600000 0.300000 0.000000
0.222293 -0.173638 0.045479 1.000000 0.000000 0.000000
-0.232940 0.141451 -0.164932 0.600000 0.000000 0.300000
0.345531 -0.020530 0.028253 0.600000 0.000000 0.300000
-0.416106 -0.468641 -0.221217 0.300000 0.600000 0.000000
0.382508 -0.488358 -0.230337 0.600000 0.300000 0.000000
-0.275882 -0.077268 -0.146749 0.600000 0.000000 0.300000
-0.257501 -0.116401 0.013380 0.600000 0.000000 0.300000
0.186756 0.326892 -0.172378 0.300000 0.000000 0.600000
-0.005028 0.108012 -0.169049 0.300000 0.000000 0.600000
-0.093741 -0.054691 -0.055371 0.600000 0.000000 0.300000
-0.376391 -0.291129 -0.093752 0.300000 0.600000 0.000000
0.281957 0.200957 -0.119866 0.300000 0.000000 0.600000
-0.313655 0.397041 -0.146908 0.600000 0.000000 0.300000
-0.304346 -0.110898 -0.150208 0.600000 0.000000 0.300000
-0.142488 0.630666 -0.256114 0.600000 0.300000 0.000000
0.280577 0.554022 -0.202950 0.300000 0.000000 0.600000
-0.200209 -0.041977 0.056300 0.600000 0.000000 0.300000
0.318158 -0.017985 0.171712 0.600000 0.000000 0.300000
-0.220369 0.094137 -0.133263 0.600000 0.000000 0.300000
-0.071230 -0.037787 0.314833 0.600000 0.000000 0.300000
0.059648 0.194584 -0.167102 0.300000 0.000000 0.600000
-0.397892 -0.496107 -0.253973 0.300000 0.600000 0.000000
-0.131134 0.524482 -0.242103 0.300000 0.000000 0.600000
0.341261 -0.136516 0.051859 1.000000 0.000000 0.000000
-0.139040 0.471516 -0.226870 0.300000 0.000000 0.600000
0.368802 -0.054826 0.062842 0.600000 0.000000 0.300000
-0.025808 -0.055963 -0.027849 0.600000 0.000000 0.300000
0.227083 -0.020922 -0.189572 0.300000 0.000000 0.600000
0.182908 -0.060944 -0.177334 0.600000 0.000000 0.300000
-0.355965 -0.635442 0.509770 0.600000 0.000000 0.300000
0.051094 0.575813 -0.256165 0.300000 0.000000 0.600000
-0.361028 -0.276160 0.224421 0.600000 0.000000 0.300000
-0.260120 0.294633 -0.151811 0.600000 0.000000 0.300000
-0.066586 -0.045001 0.175516 0.600000 0.000000 0.300000
0.143518 -0.126534 0.453784 0.600000 0.000000 0.300000
-0.265578 0.258152 -0.185448 0.600000 0.000000 0.300000
-0.308436 -0.108843 -0.045918 0.300000 0.600000 0.000000
0.259986 0.221354 -0.184803 0.300000 0.000000 0.600000
-0.116185 0.496339 -0.234637 0.300000 0.000000 0.600000
0.347601 -0.674393 0.517779 0.600000 0.000000 0.300000
0.299831 -0.095131 -0.098800 0.000000 0.500000 0.500000
-0.276166 0.462941 -0.181885 0.600000 0.000000 0.300000
0.293673 -0.027500 -0.211260 0.000000 0.500000 0.500000
-0.001355 -0.071098 0.455517 0.600000 0.000000 0.300000
0.010652 0.466944 -0.232966 0.300000 0.000000 0.600000
-0.292357 -0.125850 -0.141582 0.300000 0.600000 0.000000
-0.152827 -0.177672 0.036541 1.000000 0.000000 0.000000
-0.024926 -0.050258 0.089559 0.600000 0.000000 0.300000
0.266349 -0.136131 0.051473 1.000000 0.000000 0.000000
0.019681 0.240024 -0.180444 0.300000 0.000000 0.600000
0.335570 0.578698 -0.202446 0.300000 0.000000 0.600000
-0.330542 -0.263628 0.174503 0.600000 0.000000 0.300000
-0.305910 -0.023489 0.394570 0.600000 0.000000 0.300000
-0.215188 -0.060671 -0.174090 0.600000 0.000000 0.300000
-0.294822 0.339504 -0.137649 0.600000 0.000000 0.300000
-0.019046 0.134114 -0.169053 0.300000 0.000000 0.600000
-0.079309 0.588935 -0.253415 0.600000 0.300000 0.000000
-0.018936 -0.124650 0.027677 1.000000 0.000000 0.000000
-0.325290 -0.020396 0.127802 0.600000 0.000000 0.300000
-0.177295 -0.045714 -0.015588 0.600000 0.000000 0.300000
0.332255 0.492279 -0.178726 0.300000 0.000000 0.600000
-0.395073 -0.387702 -0.155968 0.300000 0.600000 0.000000
-0.365514 -0.176511 0.040868 1.000000 0.000000 0.000000
-0.402020 -0.240826 -0.045289 0.300000 0.600000 0.000000
0.279948 0.185324 -0.179416 0.300000 0.000000 0.600000
0.092400 0.500021 -0.240003 0.300000 0.000000 0.600000
-0.306823 -0.730468 0.500426 0.000000 0.500000 0.500000
-0.196396 0.733797 -0.281582 0.600000 0.300000 0.000000
-0.238134 -0.096207 -0.115768 0.600000 0.000000 0.300000
-0.311083 0.213192 -0.153422 0.600000 0.000000 0.300000
-0.000369 0.477480 -0.238289 0.300000 0.000000 0.600000
0.297010 -0.064638 -0.172438 0.300000 0.000000 0.600000
0.066413 -0.057244 -0.142942 0.600000 0.000000 0.300000
0.120484 -0.101524 -0.184623 0.600000 0.000000 0.300000
0.225637 0.157878 -0.161733 0.300000 0.000000 0.600000
0.010026 0.269586 -0.183393 0.300000 0.000000 0.600000
-0.072641 -0.107627 0.463216 0.600000 0.000000 0.300000
-0.234867 -0.034266 -0.149761 0.600000 0.000000 0.300000
-0.103064 0.190954 -0.159095 0.300000 0.000000 0.600000
0.236512 0.268279 -0.157224 0.300000 0.000000 0.600000
-0.252810 -0.098728 -0.184275 0.600000 0.000000 0.300000
-0.292546 -0.139012 -0.082259 0.300000 0.600000 0.000000
-0.327864 0.594239 -0.228520 0.600000 0.000000 0.300000
-0.063776 -0.063722 -0.186205 0.600000 0.000000 0.300000
-0.021443 -0.169600 0.049517 1.000000 0.000000 0.000000
0.300447 0.633366 -0.227049 0.300000 0.000000 0.600000
-0.355468 -0.567196 0.476204 0.600000 0.000000 0.300000
-0.067399 -0.057020 -0.099026 0.600000 0.000000 0.300000
-0.314514 0.617184 -0.237502 0.600000 0.000000 0.300000
0.281167 0.278745 -0.175707 0.300000 0.000000 0.600000
-0.222088 0.316076 -0.160792 0.300000 0.000000 0.600000
0.362796 0.666004 -0.247502 0.300000 0.000000 0.600000
-0.000042 -0.048454 0.126289 0.600000 0.000000 0.300000
-0.110213 -0.037733 0.285532 0.600000 0.000000 0.300000
0.213458 -0.032227 0.203053 0.600000 0.000000 0.300000
-0.338401 -0.013491 0.226245 0.600000 0.000000 0.300000
0.179155 -0.037326 0.173619 0.600000 0.000000 0.300000
0.368889 -0.309256 -0.114484 0.600000 0.300000 0.000000
-0.106300 0.413950 -0.213934 0.300000 0.000000 0.600000
0.411439 -0.475586 -0.206080 0.600000 0.300000 0.000000
-0.319695 -0.014035 0.272766 0.600000 0.000000 0.300000
0.228499 0.512921 -0.212416 0.300000 0.000000 0.600000
0.327033 -0.712576 0.488860 0.600000 0.000000 0.300000
-0.334664 0.653697 -0.216434 0.600000 0.000000 0.300000
0.126614 0.102801 -0.155087 0.300000 0.000000 0.600000
-0.371542 -0.037104 0.011925 0.600000 0.000000 0.300000
0.275906 0.363986 -0.182535 0.300000 0.000000 0.600000
-0.226224 0.548087 -0.226143 0.300000 0.000000 0.600000
0.324023 -0.178791 0.026417 1.000000 0.000000 0.000000
-0.209831 0.038304 -0.143959 0.600000 0.000000 0.300000
-0.280744 -0.021414 0.373502 0.600000 0.000000 0.300000
-0.282755 0.137582 -0.147153 0.600000 0.000000 0.300000
0.311659 -0.157630 0.003232 1.000000 0.000000 0.000000
0.021382 -0.051979 0.049132 0.600000 0.000000 0.300000
-0.240419 -0.165698 0.005394 1.000000 0.000000 0.000000
0.219845 0.666024 -0.245136 0.600000 0.300000 0.000000
0.228020 0.125678 -0.178126 0.300000 0.000000 0.600000
-0.327765 -0.520539 0.418091 0.600000 0.000000 0.300000
-0.337960 -0.353653 0.327119 0.600000 0.000000 0.300000
0.363661 -0.075179 -0.027477 0.600000 0.000000 0.300000
0.348208 -0.033971 0.433545 0.600000 0.000000 0.300000
-0.388623 -0.164366 0.053748 1.000000 0.000000 0.000000
-0.008360 -0.052011 0.057807 0.600000 0.000000 0.300000
0.289265 0.332289 -0.187977 0.300000 0.000000 0.600000
0.029817 -0.053293 0.020210 0.600000 0.000000 0.300000
0.404142 -0.621185 -0.306483 0.600000 0.300000 0.000000
-0.325587 -0.720031 0.581218 0.500000 0.000000 0.500000
-0.363089 0.544484 -0.191911 0.600000 0.000000 0.300000
-0.162276 -0.088541 0.459168 0.600000 0.000000 0.300000
-0.219995 -0.178303 0.024600 1.000000 0.000000 0.000000
0.331153 -0.432149 0.395882 0.300000 0.000000 0.600000
0.041288 -0.126610 0.038424 1.000000 0.000000 0.000000
0.024964 -0.039112 0.371415 0.600000 0.000000 0.300000
-0.044819 0.545717 -0.252428 0.300000 0.000000 0.600000
0.170741 0.460717 -0.213540 0.300000 0.000000 0.600000
0.170825 0.261453 -0.158171 0.300000 0.000000 0.600000
-0.311736 0.746161 -0.285558 0.600000 0.000000 0.300000
-0.324468 -0.466002 0.411039 0.600000 0.000000 0.300000
-0.057132 -0.051862 0.045395 0.600000 0.000000 0.300000
0.358314 -0.038084 -0.104357 0.600000 0.000000 0.300000
0.029740 0.353922 -0.201629 0.300000 0.000000 0.600000
0.008373 0.536294 -0.251507 0.300000 0.000000 0.600000
0.133370 -0.171638 0.047479 1.000000 0.000000 0.000000
-0.374327 -0.062979 0.027233 0.600000 0.000000 0.300000
-0.020982 0.745547 -0.319798 0.600000 0.300000 0.000000
0.247974 -0.032687 -0.094353 0.600000 0.000000 0.300000
0.196737 -0.029242 0.362405 0.600000 0.000000 0.300000
0.358600 -0.131662 0.047004 1.000000 0.000000 0.000000
0.082489 -0.175178 0.014846 1.000000 0.000000 0.000000
-0.261620 -0.146710 -0.037651 0.600000 0.000000 0.300000
0.261355 0.756919 -0.299453 0.300000 0.000000 0.600000
0.277116 0.320063 -0.189632 0.300000 0.000000 0.600000
0.066540 -0.054385 -0.013125 0.600000 0.000000 0.300000
-0.237119 0.115313 -0.158806 0.600000 0.000000 0.300000
-0.042198 -0.039190 0.362406 0.600000 0.000000 0.300000
0.056629 0.662462 -0.265279 0.600000 0.300000 0.000000
0.302493 0.390523 -0.145348 0.300000 0.000000 0.600000
0.226906 -0.032128 0.173435 0.600000 0.000000 0.300000
-0.367216 -0.146025 0.003265 1.000000 0.000000 0.000000
-0.288960 -0.034953 -0.168029 0.300000 0.600000 0.000000
0.414519 -0.508338 -0.234526 0.600000 0.300000 0.000000
0.283448 -0.102662 -0.046764 0.300000 0.000000 0.600000
0.300421 -0.145180 -0.011851 0.000000 0.500000 0.500000
0.058454 -0.051612 0.044835 0.600000 0.000000 0.300000
-0.322984 -0.685730 0.510933 0.000000 0.500000 0.500000
0.307408 0.235588 -0.134435 0.300000 0.000000 0.600000
-0.252117 -0.120692 0.439800 0.600000 0.000000 0.300000
-0.327925 -0.433484 0.387491 0.600000 0.000000 0.300000
0.067069 -0.041197 0.245126 0.600000 0.000000 0.300000
0.007937 -0.039695 0.297483 0.600000 0.000000 0.300000
0.388229 -0.267177 -0.113648 0.600000 0.300000 0.000000
-0.101374 0.136798 -0.158375 0.300000 0.000000 0.600000
0.293121 0.003035 -0.199416 0.300000 0.000000 0.600000
0.032728 0.413145 -0.217831 0.300000 0.000000 0.600000
0.096437 -0.152970 0.056804 1.000000 0.000000 0.000000
0.282959 -0.114907 0.425463 0.600000 0.000000 0.300000
0.412497 -0.430233 -0.218075 0.600000 0.300000 0.000000
0.263086 0.222691 -0.123406 0.300000 0.000000 0.600000
0.116387 0.434301 -0.219170 0.300000 0.000000 0.600000
-0.380771 -0.371562 -0.173521 0.300000 0.600000 0.000000
0.392326 -0.200987 -0.038671 0.600000 0.300000 0.000000
0.387410 -0.577100 -0.263597 0.600000 0.300000 0.000000
0.257727 0.501958 -0.201098 0.300000 0.000000 0.600000
0.282346 0.127844 -0.121331 0.300000 0.000000 0.600000
0.003132 -0.059055 -0.109468 0.600000 0.000000 0.300000
-0.247497 -0.033184 0.105762 0.600000 0.000000 0.300000
-0.254582 0.692195 -0.254811 0.600000 0.300000 0.000000
-0.259626 -0.029066 -0.135474 0.600000 0.000000 0.300000
-0.365393 0.688850 -0.247714 0.600000 0.000000 0.300000
-0.023501 0.257247 -0.180744 0.300000 0.000000 0.600000
0.239482 0.526445 -0.215479 0.300000 0.000000 0.600000
-0.304563 -0.705413 0.502846 0.000000 0.500000 0.500000
-0.249263 -0.052988 -0.212310 0.300000 0.600000 0.000000
0.133872 0.499701 -0.235664 0.300000 0.000000 0.600000
0.323781 -0.692914 0.575487 0.600000 0.000000 0.300000
-0.224807 -0.036787 0.095438 0.600000 0.000000 0.300000
-0.292226 -0.029091 0.034576 0.600000 0.000000 0.300000
0.326943 -0.138425 0.005300 1.000000 0.000000 0.000000
-0.349274 -0.016866 -0.090299 0.600000 0.000000 0.300000
0.176205 0.013763 -0.149926 0.300000 0.000000 0.600000
0.288445 0.684670 -0.253986 0.300000 0.000000 0.600000
0.274533 0.474760 -0.195000 0.300000 0.000000 0.600000
-0.380772 -0.059904 0.206250 0.600000 0.000000 0.300000
0.307412 -0.692870 0.576638 0.600000 0.000000 0.300000
0.386615 -0.676739 -0.289393 0.300000 0.000000 0.600000
0.000612 -0.042598 0.243133 0.600000 0.000000 0.300000
0.317820 -0.272356 0.226120 0.300000 0.000000 0.600000
0.428619 -0.611196 -0.283042 0.600000 0.300000 0.000000
0.193666 0.448799 -0.203584 0.300000 0.000000 0.600000
-0.286757 0.413878 -0.167356 0.600000 0.000000 0.300000
0.317262 0.312643 -0.145485 0.300000 0.000000 0.600000
-0.293170 0.215201 -0.121963 0.600000 0.000000 0.300000
0.227289 0.086547 -0.181255 0.300000 0.000000 0.600000
-0.334785 -0.277986 0.244401 0.600000 0.000000 0.300000
0.053059 -0.117447 0.463384 0.600000 0.000000 0.300000
-0.272354 0.389176 -0.176994 0.600000 0.000000 0.300000
0.300151 0.187901 -0.122979 0.300000 0.000000 0.600000
0.327787 -0.614707 0.464336 0.300000 0.000000 0.600000
-0.370678 -0.090361 0.069429 0.600000 0.000000 0.300000
0.034505 -0.038362 0.313128 0.600000 0.000000 0.300000
0.194067 0.239488 -0.147211 0.300000 0.000000 0.600000
0.194808 0.157738 -0.136556 0.300000 0.000000 0.600000
-0.095844 0.104609 -0.159278 0.300000 0.000000 0.600000
-0.001080 0.251798 -0.182706 0.300000 0.000000 0.600000
-0.051250 0.083722 -0.170145 0.300000 0.000000 0.600000
-0.297671 0.030893 -0.200068 0.600000 0.000000 0.300000
0.242045 -0.048943 0.439258 0.600000 0.000000 0.300000
-0.301229 -0.132777 -0.096578 0.300000 0.600000 0.000000
-0.048671 0.141793 -0.165546 0.300000 0.000000 0.600000
0.347981 -0.222257 0.118522 0.300000 0.000000 0.600000
-0.341693 -0.241462 0.203971 0.600000 0.000000 0.300000
0.239263 0.159320 -0.123173 0.300000 0.000000 0.600000
-0.338237 -0.040742 0.436919 0.600000 0.000000 0.300000
-0.322930 -0.749046 0.554552 0.000000 0.500000 0.500000
0.350066 0.516164 -0.196311 0.300000 0.000000 0.600000
0.370788 -0.698920 -0.249815 0.600000 0.000000 0.300000
0.355200 -0.150509 0.056723 1.000000 0.000000 0.000000
0.239218 0.084654 -0.146793 0.300000 0.000000 0.600000
-0.294228 0.260406 -0.171679 0.600000 0.000000 0.300000
-0.351065 -0.162839 0.083523 0.600000 0.000000 0.300000
0.254553 -0.001541 -0.211914 0.300000 0.000000 0.600000
-0.230872 -0.034183 0.133907 0.600000 0.000000 0.300000
-0.215092 0.251505 -0.144004 0.600000 0.000000 0.300000
0.319565 0.687972 -0.261239 0.300000 0.000000 0.600000
-0.155376 0.398298 -0.201539 0.300000 0.000000 0.600000
0.354554 -0.355964 0.300065 0.300000 0.000000 0.600000
-0.303866 0.173879 -0.147201 0.600000 0.000000 0.300000
-0.328474 -0.154779 0.065926 0.600000 0.000000 0.300000
-0.170445 -0.132668 0.440809 0.600000 0.000000 0.300000
0.420138 -0.471508 -0.228527 0.600000 0.300000 0.000000
-0.438171 -0.739643 -0.232199 0.500000 0.500000 0.000000
0.273538 0.396492 -0.197776 0.300000 0.000000 0.600000
-0.189689 -0.110016 0.458974 0.600000 0.000000 0.300000
0.374044 -0.736066 0.504748 0.600000 0.300000 0.000000
0.070965 -0.039742 0.383886 0.600000 0.000000 0.300000
0.120279 0.285486 -0.178698 0.300000 0.000000 0.600000
-0.359107 0.430772 -0.179812 0.600000 0.000000 0.300000
0.369668 -0.262474 -0.070130 0.600000 0.300000 0.000000
-0.007965 -0.059498 -0.125344 0.600000 0.000000 0.300000
-0.334768 0.647077 -0.238999 0.600000 0.000000 0.300000
-0.428500 -0.534110 -0.240627 0.300000 0.600000 0.000000
-0.003670 -0.057918 -0.061715 0.600000 0.000000 0.300000
0.136092 -0.050045 -0.049059 0.600000 0.000000 0.300000
-0.280136 -0.066444 -0.206059 0.600000 0.000000 0.300000
-0.082029 0.720939 -0.289166 0.600000 0.300000 0.000000
0.328024 0.607915 -0.211490 0.300000 0.000000 0.600000
0.301865 -0.021860 -0.077703 0.600000 0.000000 0.300000
0.285348 0.419310 -0.179281 0.300000 0.000000 0.600000
-0.350661 -0.484903 0.432092 0.600000 0.000000 0.300000
0.014124 -0.045384 0.183210 0.600000 0.000000 0.300000
0.242857 0.139225 -0.132496 0.300000 0.000000 0.600000
0.416524 -0.601674 -0.261325 0.600000 0.300000 0.000000
0.038998 -0.046179 0.158840 0.600000 0.000000 0.300000
-0.064588 0.071711 -0.169825 0.300000 0.000000 0.600000
-0.436520 -0.634915 -0.289726 0.300000 0.600000 0.000000
0.206429 0.520570 -0.223421 0.300000 0.000000 0.600000
-0.298785 0.669996 -0.231359 0.600000 0.000000 0.300000
0.070224 -0.044216 0.184972 0.600000 0.000000 0.300000
-0.300417 -0.100842 0.449070 0.600000 0.000000 0.300000
0.323670 -0.277222 0.240826 0.300000 0.000000 0.600000
-0.165600 0.617132 -0.249218 0.600000 0.300000 0.000000
0.040381 -0.057535 -0.092352 0.600000 0.000000 0.300000
0.331840 0.499027 -0.196475 0.300000 0.000000 0.600000
0.302074 -0.002442 -0.149513 0.300000 0.000000 0.600000
-0.304157 -0.012614 -0.177354 0.600000 0.000000 0.300000
0.298342 -0.097965 -0.114588 0.300000 0.000000 0.600000
0.264883 -0.057648 -0.212750 0.000000 0.500000 0.500000
-0.306316 0.409402 -0.197624 0.600000 0.000000 0.300000
0.120962 -0.043190 0.151714 0.600000 0.000000 0.300000
0.067309 -0.126953 0.019081 1.000000 0.000000 0.000000
0.258497 -0.027727 0.181297 0.600000 0.000000 0.300000
0.353352 -0.531168 0.452840 0.300000 0.000000 0.600000
-0.074139 -0.128996 0.044338 1.000000 0.000000 0.000000
-0.248566 0.225764 -0.141277 0.600000 0.000000 0.300000
-0.338998 0.315181 -0.148959 0.600000 0.000000 0.300000
0.150201 -0.140962 0.004621 1.000000 0.000000 0.000000
0.219918 -0.074585 0.454413 0.600000 0.000000 0.300000
-0.257919 0.003820 -0.162762 0.600000 0.000000 0.300000
-0.019619 0.632173 -0.262110 0.600000 0.300000 0.000000
0.234315 0.017402 -0.206084 0.300000 0.000000 0.600000
-0.159635 -0.035871 0.244904 0.600000 0.000000 0.300000
-0.273812 -0.039121 0.429084 0.600000 0.000000 0.300000
-0.324508 -0.040104 -0.155023 0.600000 0.000000 0.300000
-0.426506 -0.624500 -0.269741 0.300000 0.600000 0.000000
-0.004014 -0.165381 0.053476 1.000000 0.000000 0.000000
0.227615 -0.102535 -0.079568 0.000000 0.500000 0.500000
0.080072 -0.051912 0.030971 0.600000 0.000000 0.300000
0.249656 -0.131783 0.047125 1.000000 0.000000 0.000000
-0.303901 0.378782 -0.189594 0.600000 0.000000 0.300000
0.190083 0.274207 -0.157114 0.300000 0.000000 0.600000
0.116465 0.243337 -0.166243 0.300000 0.000000 0.600000
-0.294879 0.090340 -0.141276 0.600000 0.000000 0.300000
-0.336856 0.519578 -0.206060 0.600000 0.000000 0.300000
-0.163797 -0.036745 0.397218 0.600000 0.000000 0.300000
-0.242399 0.577688 -0.224854 0.300000 0.000000 0.600000
0.305054 -0.118712 -0.079598 0.000000 0.500000 0.500000
0.354916 -0.289292 0.224450 0.300000 0.000000 0.600000
0.222517 0.242770 -0.138635 0.300000 0.000000 0.600000
0.299925 0.236881 -0.121254 0.300000 0.000000 0.600000
-0.285403 -0.002538 -0.206923 0.600000 0.000000 0.300000
-0.299103 0.736738 -0.263974 0.600000 0.000000 0.300000
-0.274861 0.432426 -0.177371 0.600000 0.000000 0.300000
-0.378495 -0.075555 0.152862 0.600000 0.000000 0.300000
-0.349906 -0.294536 0.267556 0.600000 0.000000 0.300000
0.301899 0.706466 -0.267602 0.300000 0.000000 0.600000
-0.381151 -0.020365 0.314703 0.600000 0.000000 0.300000
0.299536 0.593035 -0.222642 0.300000 0.000000 0.600000
0.265956 0.547681 -0.212621 0.300000 0.000000 0.600000
-0.030469 -0.047976 0.134456 0.600000 0.000000 0.300000
-0.178062 -0.065167 0.451456 0.600000 0.000000 0.300000
-0.334234 -0.021118 0.066014 0.600000 0.000000 0.300000
0.324885 -0.015038 0.212835 0.600000 0.000000 0.300000
-0.273858 -0.103378 0.452847 0.600000 0.000000 0.300000
-0.311174 -0.018069 0.380271 0.600000 0.000000 0.300000
0.295817 -0.715874 0.528876 0.300000 0.000000 0.600000
-0.092269 0.707763 -0.277399 0.600000 0.300000 0.000000
-0.083959 -0.051690 0.026448 0.600000 0.000000 0.300000
-0.323772 -0.266190 0.190672 0.600000 0.000000 0.300000
-0.035753 0.420817 -0.222580 0.300000 0.000000 0.600000
-0.321869 -0.094859 0.448529 0.600000 0.000000 0.300000
-0.333116 0.378968 -0.161206 0.600000 0.000000 0.300000
0.079185 0.576052 -0.250954 0.300000 0.000000 0.600000
-0.272679 -0.027934 0.144450 0.600000 0.000000 0.300000
0.310326 -0.012877 0.313125 0.600000 0.000000 0.300000
-0.311482 -0.028429 -0.199645 0.300000 0.600000 0.000000
0.190046 0.180763 -0.136413 0.300000 0.000000 0.600000
0.097813 0.407228 -0.213453 0.300000 0.000000 0.600000
-0.390740 -0.361450 -0.137221 0.300000 0.600000 0.000000
-0.224958 -0.125321 0.025171 1.000000 0.000000 0.000000
-0.273723 -0.116446 0.441731 0.600000 0.000000 0.300000
0.330164 -0.404452 0.373607 0.300000 0.000000 0.600000
-0.351031 0.403467 -0.156900 0.600000 0.000000 0.300000
0.229146 0.179695 -0.174733 0.300000 0.000000 0.600000
0.237981 -0.049611 -0.168413 0.600000 0.000000 0.300000
-0.018816 -0.178527 0.033353 1.000000 0.000000 0.000000
-0.103041 0.390187 -0.207538 0.300000 0.000000 0.600000
0.261789 -0.024587 0.234007 0.600000 0.000000 0.300000
0.238853 -0.012892 -0.154132 0.300000 0.000000 0.600000
0.268204 -0.153702 0.056607 1.000000 0.000000 0.000000
0.373101 -0.696331 0.510251 0.600000 0.300000 0.000000
-0.402688 -0.156941 0.003047 1.000000 0.000000 0.000000
0.180807 -0.009707 -0.154559 0.300000 0.000000 0.600000
0.286397 0.214597 -0.174323 0.300000 0.000000 0.600000
0.244673 -0.072903 -0.155714 0.300000 0.000000 0.600000
-0.068749 -0.056678 -0.074364 0.600000 0.000000 0.300000
0.222819 0.478498 -0.207410 0.300000 0.000000 0.600000
-0.082169 -0.053318 -0.005548 0.600000 0.000000 0.300000
0.335017 -0.359900 0.279824 0.300000 0.000000 0.600000
-0.130767 -0.101252 -0.182280 0.600000 0.000000 0.300000
-0.132153 -0.041059 0.184312 0.600000 0.000000 0.300000
0.363873 -0.710763 0.498938 0.600000 0.300000 0.000000
0.315508 -0.387232 0.332372 0.300000 0.000000 0.600000
-0.317601 -0.751888 0.516825 0.000000 0.500000 0.500000
0.248557 0.098099 -0.195802 0.300000 0.000000 0.600000
0.035214 -0.097618 -0.192644 0.600000 0.000000 0.300000
-0.047152 -0.135498 0.007944 1.000000 0.000000 0.000000
0.357713 -0.021973 0.084930 0.600000 0.000000 0.300000
0.104512 0.583577 -0.252669 0.600000 0.300000 0.000000
-0.382693 -0.031875 0.267162 0.600000 0.000000 0.300000
0.218879 0.265193 -0.148692 0.300000 0.000000 0.600000
0.230866 -0.113804 -0.157909 0.000000 0.500000 0.500000
0.283662 -0.090207 0.451697 0.600000 0.000000 0.300000
-0.353282 -0.213405 0.101760 0.600000 0.000000 0.300000
0.347845 -0.488758 0.393753 0.300000 0.000000 0.600000
0.295810 0.363576 -0.141352 0.300000 0.000000 0.600000
0.343315 0.407822 -0.152213 0.300000 0.000000 0.600000
-0.050027 -0.012216 -0.175075 0.300000 0.000000 0.600000
-0.256889 -0.027280 0.206070 0.600000 0.000000 0.300000
-0.338189 0.711448 -0.256845 0.600000 0.000000 0.300000
-0.028825 0.021593 -0.174186 0.300000 0.000000 0.600000
0.120191 -0.139005 0.005145 1.000000 0.000000 0.000000
-0.021360 -0.045717 0.184016 0.600000 0.000000 0.300000
-0.055466 -0.134903 0.050245 1.000000 0.000000 0.000000
0.056352 0.365391 -0.206109 0.300000 0.000000 0.600000
-0.201323 0.373015 -0.182053 0.300000 0.000000 0.600000
-0.321822 0.254214 -0.155072 0.600000 0.000000 0.300000
-0.320918 -0.427139 0.362958 0.600000 0.000000 0.300000
0.292021 0.110670 -0.153456 0.300000 0.000000 0.600000
0.156051 -0.088239 0.459029 0.600000 0.000000 0.300000
-0.041990 0.041727 -0.171388 0.300000 0.000000 0.600000
-0.096789 0.339268 -0.194502 0.300000 0.000000 0.600000
-0.043968 -0.058920 -0.173514 0.600000 0.000000 0.300000
-0.022807 -0.110701 -0.187078 0.600000 0.000000 0.300000
0.071869 -0.054992 -0.028718 0.600000 0.000000 0.300000
-0.240772 -0.024726 0.307811 0.600000 0.000000 0.300000
-0.415168 -0.495229 -0.256997 0.300000 0.600000 0.000000
0.030351 -0.048698 0.111889 0.600000 0.000000 0.300000
0.317085 -0.226405 0.167633 0.300000 0.000000 0.600000
0.370439 -0.074056 0.118377 0.600000 0.000000 0.300000
-0.182596 -0.034703 0.229091 0.600000 0.000000 0.300000
0.320437 0.544531 -0.181440 0.300000 0.000000 0.600000
0.041765 -0.078295 -0.193739 0.600000 0.000000 0.300000
-0.393326 -0.517877 -0.232485 0.300000 0.600000 0.000000
-0.284139 0.508747 -0.186422 0.600000 0.000000 0.300000
-0.121464 0.283821 -0.178214 0.300000 0.000000 0.600000
0.391693 -0.619923 -0.295670 0.600000 0.300000 0.000000
0.255523 0.719322 -0.256171 0.300000 0.000000 0.600000
-0.381353 -0.044315 0.203069 0.600000 0.000000 0.300000
0.420432 -0.661946 -0.280277 0.600000 0.300000 0.000000
-0.019565 -0.032072 -0.181828 0.300000 0.000000 0.600000
-0.210703 -0.173231 0.012900 1.000000 0.000000 0.000000
0.111187 -0.052679 -0.078539 0.600000 0.000000 0.300000
0.093494 0.531576 -0.246178 0.300000 0.000000 0.600000
-0.185712 0.606073 -0.246381 0.600000 0.300000 0.000000
0.374877 -0.045927 0.222321 0.600000 0.000000 0.300000
-0.170431 -0.031529 0.309538 0.600000 0.000000 0.300000
-0.308040 0.066629 -0.172096 0.600000 0.000000 0.300000
-0.296403 0.127322 -0.182414 0.600000 0.000000 0.300000
-0.180069 -0.036828 0.192895 0.600000 0.000000 0.300000
0.315881 -0.406028 0.351426 0.300000 0.000000 0.600000
-0.354414 -0.016265 0.112123 0.600000 0.000000 0.300000
-0.071494 0.391252 -0.211583 0.300000 0.000000 0.600000
-0.380858 -0.742946 0.514163 0.300000 0.600000 0.000000
0.102278 0.615234 -0.257041 0.600000 0.300000 0.000000
0.090175 -0.063304 0.449902 0.600000 0.000000 0.300000
-0.016102 0.723185 -0.291554 0.600000 0.300000 0.000000
-0.278785 0.145911 -0.122683 0.600000 0.000000 0.300000
-0.070569 0.655867 -0.264059 0.600000 0.300000 0.000000
0.318284 -0.050300 -0.155213 0.600000 0.000000 0.300000
-0.249301 0.054726 -0.204059 0.600000 0.000000 0.300000
0.385950 -0.171086 0.010754 1.000000 0.000000 0.000000
0.323339 -0.166840 0.052278 1.000000 0.000000 0.000000
-0.422030 -0.527786 -0.266124 0.300000 0.600000 0.000000
0.374922 -0.718102 0.513589 0.600000 0.300000 0.000000
0.071010 0.173737 -0.161054 0.300000 0.000000 0.600000
-0.064518 -0.133319 0.456687 0.600000 0.000000 0.300000
0.094257 0.226682 -0.169659 0.300000 0.000000 0.600000
0.196348 0.083664 -0.141413 0.300000 0.000000 0.600000
0.032348 -0.057964 0.444060 0.600000 0.000000 0.300000
0.043258 0.629063 -0.261142 0.600000 0.300000 0.000000
-0.321277 0.529823 -0.216361 0.600000 0.000000 0.300000
-0.000152 -0.046523 0.410063 0.600000 0.000000 0.300000
0.208072 -0.102695 0.457343 0.600000 0.000000 0.300000
-0.165386 0.247281 -0.156291 0.300000 0.000000 0.600000
0.276957 0.670506 -0.241063 0.600000 0.300000 0.000000
0.329191 -0.248633 0.214627 0.300000 0.000000 0.600000
0.374120 -0.068114 0.416554 0.600000 0.000000 0.300000
0.233351 0.714693 -0.261775 0.600000 0.300000 0.000000
-0.203238 -0.077686 0.456306 0.600000 0.000000 0.300000
0.006321 -0.129468 0.459681 0.600000 0.000000 0.300000
0.146699 0.033548 -0.154917 0.300000 0.000000 0.600000
0.151758 -0.036579 0.233100 0.600000 0.000000 0.300000
0.398661 -0.329773 -0.112142 0.600000 0.300000 0.000000
-0.174458 -0.041190 0.119295 0.600000 0.000000 0.300000
0.324124 0.372022 -0.173535 0.300000 0.000000 0.600000
-0.234312 0.172688 -0.150036 0.600000 0.000000 0.300000
-0.279997 -0.126697 0.038748 1.000000 0.000000 0.000000
-0.304917 0.230254 -0.161368 0.600000 0.000000 0.300000
-0.166307 -0.046204 -0.140821 0.600000 0.000000 0.300000
-0.308416 -0.125919 0.026840 0.300000 0.600000 0.000000
0.051881 0.604029 -0.259876 0.600000 0.300000 0.000000
-0.333636 -0.178112 0.050063 0.600000 0.000000 0.300000
0.207360 -0.038893 -0.126682 0.600000 0.000000 0.300000
0.249748 0.161168 -0.134700 0.300000 0.000000 0.600000
0.273462 -0.028250 -0.081197 0.600000 0.000000 0.300000
-0.351185 -0.411911 0.333063 0.600000 0.000000 0.300000
-0.261346 -0.123368 -0.139948 0.600000 0.000000 0.300000
-0.376632 -0.052651 0.081427 0.600000 0.000000 0.300000
0.402372 -0.693798 -0.226837 0.300000 0.000000 0.600000
-0.408201 -0.326435 -0.151093 0.300000 0.600000 0.000000
-0.280829 -0.018836 0.350367 0.600000 0.000000 0.300000
-0.362163 -0.331423 0.281605 0.600000 0.000000 0.300000
-0.383598 -0.057123 0.341373 0.600000 0.000000 0.300000
-0.144896 0.375152 -0.197420 0.300000 0.000000 0.600000
0.267155 -0.042525 0.433569 0.600000 0.000000 0.300000
0.079508 -0.139941 0.439591 0.600000 0.000000 0.300000
0.203736 -0.127372 0.437284 0.600000 0.000000 0.300000
-0.382205 -0.042712 0.238831 0.600000 0.000000 0.300000
-0.163404 -0.135981 0.007461 1.000000 0.000000 0.000000
-0.233325 0.187446 -0.181469 0.600000 0.000000 0.300000
0.397226 -0.672721 -0.269316 0.300000 0.000000 0.600000
0.344214 -0.125710 0.023720 1.000000 0.000000 0.000000
-0.260625 0.126263 -0.148725 0.600000 0.000000 0.300000
-0.264321 -0.032752 0.064676 0.600000 0.000000 0.300000
0.274691 0.576957 -0.215172 0.300000 0.000000 0.600000
-0.284490 0.005443 -0.158288 0.600000 0.000000 0.300000
0.299312 -0.107872 -0.041810 0.000000 0.500000 0.500000
0.126555 0.346872 -0.192600 0.300000 0.000000 0.600000
-0.135195 -0.017299 -0.162556 0.300000 0.000000 0.600000
0.038967 0.508073 -0.243499 0.300000 0.000000 0.600000
-0.077497 -0.049201 0.085592 0.600000 0.000000 0.300000
-0.044560 0.025971 -0.172426 0.300000 0.000000 0.600000
-0.343364 -0.011905 0.369385 0.600000 0.000000 0.300000
-0.415033 -0.347265 -0.133990 0.300000 0.600000 0.000000
0.293469 0.028017 -0.165892 0.300000 0.000000 0.600000
0.211979 -0.026527 0.320328 0.600000 0.000000 0.300000
0.074160 -0.045894 0.150695 0.600000 0.000000 0.300000
-0.123874 -0.052159 -0.050516 0.600000 0.000000 0.300000
-0.334803 -0.145683 0.055430 1.000000 0.000000 0.000000
-0.153760 0.296440 -0.171709 0.300000 0.000000 0.600000
-0.391274 -0.503197 -0.229141 0.300000 0.600000 0.000000
0.302073 0.731075 -0.285317 0.300000 0.000000 0.600000
-0.039320 0.291124 -0.190961 0.300000 0.000000 0.600000
0.179369 0.576603 -0.237884 0.300000 0.000000 0.600000
0.373278 -0.017795 0.317635 0.600000 0.000000 0.300000
0.278065 -0.118344 0.038789 0.000000 0.500000 0.500000
-0.260477 -0.058125 0.447682 0.600000 0.000000 0.300000
0.371850 -0.176748 0.018803 1.000000 0.000000 0.000000
-0.056857 0.348938 -0.201982 0.300000 0.000000 0.600000
-0.243795 -0.005421 -0.141681 0.600000 0.000000 0.300000
0.376702 -0.035254 0.316352 0.600000 0.000000 0.300000
0.110370 -0.079327 0.458750 0.600000 0.000000 0.300000
0.127256 -0.057952 0.444747 0.600000 0.000000 0.300000
-0.400556 -0.578574 -0.256745 0.300000 0.600000 0.000000
0.177395 0.732268 -0.288041 0.600000 0.300000 0.000000
-0.042242 -0.046657 0.157425 0.600000 0.000000 0.300000
0.301938 0.651853 -0.223532 0.300000 0.000000 0.600000
0.328234 -0.210931 0.092193 0.300000 0.000000 0.600000
0.096503 -0.054525 -0.142579 0.600000 0.000000 0.300000
0.366041 0.499596 -0.196747 0.300000 0.000000 0.600000
0.146886 0.687191 -0.264571 0.600000 0.300000 0.000000
0.241682 0.058774 -0.153055 0.300000 0.000000 0.600000
-0.448505 -0.680585 -0.272945 0.500000 0.500000 0.000000
0.348984 -0.011699 0.222124 0.600000 0.000000 0.300000
-0.361269 -0.496702 0.431369 0.600000 0.000000 0.300000
0.079164 0.353344 -0.200359 0.300000 0.000000 0.600000
-0.116568 0.059929 -0.159313 0.300000 0.000000 0.600000
0.373887 -0.687823 0.526054 0.600000 0.300000 0.000000
0.304399 0.745663 -0.260250 0.300000 0.000000 0.600000
0.130505 -0.133892 0.446992 0.600000 0.000000 0.300000
0.363773 -0.038323 -0.009430 0.600000 0.000000 0.300000
0.347901 -0.158551 0.003479 1.000000 0.000000 0.000000
0.057558 0.711649 -0.278233 0.600000 0.300000 0.000000
0.346630 -0.051673 0.441528 0.600000 0.000000 0.300000
0.293999 0.167402 -0.168685 0.300000 0.000000 0.600000
0.302507 -0.089835 -0.139937 0.000000 0.500000 0.500000
0.316142 -0.564531 0.468320 0.300000 0.000000 0.600000
0.372492 -0.019800 0.278590 0.600000 0.000000 0.300000
0.252809 0.084483 -0.199936 0.300000 0.000000 0.600000
-0.333677 -0.019622 -0.010630 0.600000 0.000000 0.300000
-0.098840 -0.056928 -0.175690 0.600000 0.000000 0.300000
0.298268 -0.016901 0.271094 0.600000 0.000000 0.300000
0.351422 -0.271648 0.192095 0.300000 0.000000 0.600000
0.415547 -0.537355 -0.235865 0.600000 0.300000 0.000000
0.042403 -0.044619 0.187966 0.600000 0.000000 0.300000
0.403209 -0.352093 -0.169153 0.600000 0.300000 0.000000
-0.372002 -0.020617 0.392421 0.600000 0.000000 0.300000
-0.393309 -0.576736 -0.270823 0.300000 0.600000 0.000000
0.127793 -0.096424 0.460468 0.600000 0.000000 0.300000
0.404895 -0.681289 -0.239914 0.300000 0.000000 0.600000
-0.001135 0.279098 -0.185463 0.300000 0.000000 0.600000
0.316662 0.601583 -0.201864 0.300000 0.000000 0.600000
0.351744 0.569796 -0.208131 0.300000 0.000000 0.600000
0.256901 0.310819 -0.143869 0.300000 0.000000 0.600000
0.364643 -0.255707 -0.087917 0.600000 0.300000 0.000000
-0.163226 0.077138 -0.150314 0.300000 0.000000 0.600000
0.032510 -0.039594 0.289862 0.600000 0.000000 0.300000
-0.194672 0.256759 -0.150630 0.300000 0.000000 0.600000
-0.331034 -0.309400 0.280191 0.600000 0.000000 0.300000
0.077525 0.073015 -0.167753 0.300000 0.000000 0.600000
0.346192 0.463477 -0.185854 0.300000 0.000000 0.600000
0.376025 -0.042794 0.390913 0.600000 0.000000 0.300000
-0.377317 -0.726494 -0.277794 0.000000 1.000000 0.000000
-0.238966 -0.062142 -0.171099 0.600000 0.000000 0.300000
0.291877 -0.003284 -0.161837 0.300000 0.000000 0.600000
-0.197767 0.278841 -0.158222 0.300000 0.000000 0.600000
0.376812 -0.071921 0.397781 0.600000 0.000000 0.300000
-0.258188 0.236549 -0.134831 0.600000 0.000000 0.300000
-0.044678 0.388421 -0.210331 0.300000 0.000000 0.600000
0.242656 -0.109277 -0.006891 0.000000 0.500000 0.500000
0.235171 -0.151070 0.056873 1.000000 0.000000 0.000000
0.248604 0.189894 -0.125189 0.300000 0.000000 0.600000
0.327542 -0.372958 0.344281 0.300000 0.000000 0.600000
0.100057 -0.039533 0.257904 0.600000 0.000000 0.300000
0.262236 0.487776 -0.190594 0.300000 0.000000 0.600000
0.146843 0.312589 -0.176763 0.300000 0.000000 0.600000
0.354647 -0.560798 0.464513 0.300000 0.000000 0.600000
0.369152 -0.078831 0.083259 0.600000 0.000000 0.300000
0.325495 0.385890 -0.149226 0.300000 0.000000 0.600000
0.218934 0.603812 -0.236131 0.600000 0.300000 0.000000
0.379870 -0.457216 -0.222446 0.600000 0.300000 0.000000
0.340744 -0.087410 0.446125 0.600000 0.000000 0.300000
0.404167 -0.607153 -0.301914 0.600000 0.300000 0.000000
0.197647 -0.043438 -0.060150 0.600000 0.000000 0.300000
0.258572 0.041736 -0.157835 0.300000 0.000000 0.600000
0.322193 0.720240 -0.249266 0.300000 0.000000 0.600000
0.038896 -0.050170 0.079791 0.600000 0.000000 0.300000
0.068933 -0.052952 0.431708 0.600000 0.000000 0.300000
0.129983 0.220683 -0.162023 0.300000 0.000000 0.600000
0.316809 0.658280 -0.255485 0.300000 0.000000 0.600000
0.349567 -0.613806 0.466262 0.300000 0.000000 0.600000
-0.199857 0.711216 -0.271815 0.600000 0.300000 0.000000
0.449229 -0.688685 -0.251383 0.800000 0.200000 0.500000
-0.377723 -0.699598 -0.251913 0.000000 1.000000 0.000000
-0.292763 0.541916 -0.219840 0.600000 0.000000 0.300000
-0.137276 0.021530 -0.159019 0.300000 0.000000 0.600000
-0.353511 0.722806 -0.247663 0.600000 0.000000 0.300000
0.401271 -0.676269 -0.288045 0.300000 0.000000 0.600000
0.083700 0.156111 -0.160780 0.300000 0.000000 0.600000
0.279182 -0.048377 -0.171642 0.300000 0.000000 0.600000
-0.287445 0.713304 -0.254836 0.600000 0.300000 0.000000
-0.332423 -0.194499 0.133555 0.600000 0.000000 0.300000
0.267814 0.467050 -0.181621 0.300000 0.000000 0.600000
-0.075493 -0.042396 0.221139 0.600000 0.000000 0.300000
-0.191960 -0.130057 0.439162 0.600000 0.000000 0.300000
-0.242105 0.336661 -0.156160 0.600000 0.000000 0.300000
-0.415145 -0.574913 -0.292428 0.300000 0.600000 0.000000
-0.384033 -0.068811 0.410366 0.600000 0.000000 0.300000
0.039792 -0.126427 0.021044 1.000000 0.000000 0.000000
-0.382652 -0.051907 0.268410 0.600000 0.000000 0.300000
-0.055698 -0.151906 0.001698 1.000000 0.000000 0.000000
-0.287924 0.326838 -0.140528 0.600000 0.000000 0.300000
-0.242878 0.147886 -0.149661 0.600000 0.000000 0.300000
-0.084770 0.632718 -0.260008 0.600000 0.300000 0.000000
-0.317129 -0.179238 0.030703 1.000000 0.000000 0.000000
-0.344798 -0.015750 0.385399 0.600000 0.000000 0.300000
0.245130 0.138831 -0.192587 0.300000 0.000000 0.600000
-0.318159 0.339624 -0.175405 0.600000 0.000000 0.300000
0.303068 0.470780 -0.168529 0.300000 0.000000 0.600000
0.283767 -0.116395 0.010010 0.300000 0.000000 0.600000
-0.272509 0.101599 -0.152161 0.600000 0.000000 0.300000
-0.113402 -0.047315 0.418965 0.600000 0.000000 0.300000
-0.189048 0.748596 -0.310547 0.600000 0.300000 0.000000
-0.276883 -0.018116 -0.138881 0.600000 0.000000 0.300000
0.363850 -0.086245 0.004518 0.600000 0.000000 0.300000
-0.207198 0.501778 -0.218462 0.300000 0.000000 0.600000
-0.016902 0.199634 -0.173934 0.300000 0.000000 0.600000
0.323511 0.575386 -0.194753 0.300000 0.000000 0.600000
-0.303845 -0.025561 0.099643 0.600000 0.000000 0.300000
0.223892 0.125995 -0.146069 0.300000 0.000000 0.600000
0.263616 0.044707 -0.204583 0.300000 0.000000 0.600000
0.141547 -0.034374 0.292200 0.600000 0.000000 0.300000
-0.297714 0.450296 -0.193404 0.600000 0.000000 0.300000
-0.106753 0.585663 -0.253347 0.600000 0.300000 0.000000
-0.323904 -0.017310 -0.100895 0.600000 0.000000 0.300000
0.135999 0.296131 -0.175030 0.300000 0.000000 0.600000
0.322468 0.286713 -0.153985 0.300000 0.000000 0.600000
0.335448 0.636890 -0.210281 0.300000 0.000000 0.600000
-0.161758 0.430329 -0.209276 0.300000 0.000000 0.600000
0.064590 0.739795 -0.313138 0.600000 0.300000 0.000000
0.343846 -0.683766 0.503651 0.600000 0.000000 0.300000
-0.212428 0.614833 -0.242646 0.600000 0.300000 0.000000
-0.263157 -0.145917 0.003294 1.000000 0.000000 0.000000
0.286756 0.392099 -0.154984 0.300000 0.000000 0.600000
-0.280656 -0.026156 0.158853 0.600000 0.000000 0.300000
0.251599 0.683470 -0.246487 0.600000 0.300000 0.000000
-0.179140 0.170658 -0.137803 0.300000 0.000000 0.600000
0.265279 -0.018381 0.323555 0.600000 0.000000 0.300000
0.343847 -0.576211 0.484940 0.300000 0.000000 0.600000
-0.334351 -0.020358 0.396382 0.600000 0.000000 0.300000
0.403927 -0.374912 -0.186482 0.600000 0.300000 0.000000
0.309431 -0.024047 0.003869 0.600000 0.000000 0.300000
-0.176906 -0.043225 0.075730 0.600000 0.000000 0.300000
-0.224862 -0.132601 0.047943 1.000000 0.000000 0.000000
0.318178 0.567620 -0.226059 0.300000 0.000000 0.600000
0.107330 0.634622 -0.256900 0.600000 0.300000 0.000000
0.060495 -0.155987 0.002792 1.000000 0.000000 0.000000
-0.353784 -0.726290 0.487258 0.500000 0.000000 0.500000
-0.270268 -0.101966 -0.045948 0.600000 0.000000 0.300000
0.336259 -0.560838 0.435964 0.300000 0.000000 0.600000
-0.320229 0.304822 -0.144494 0.600000 0.000000 0.300000
0.324615 -0.316097 0.287128 0.300000 0.000000 0.600000
0.283351 0.433132 -0.204716 0.300000 0.000000 0.600000
0.267900 0.014186 -0.208727 0.300000 0.000000 0.600000
-0.263355 -0.166814 0.006481 1.000000 0.000000 0.000000
0.403082 -0.413432 -0.171280 0.600000 0.300000 0.000000
-0.330340 -0.017887 0.162341 0.600000 0.000000 0.300000
0.359700 0.708745 -0.249234 0.300000 0.000000 0.600000
0.298295 -0.021513 -0.098045 0.600000 0.000000 0.300000
0.242188 0.015442 -0.141521 0.300000 0.000000 0.600000
0.341629 -0.342645 0.264439 0.300000 0.000000 0.600000
-0.317526 0.704104 -0.239501 0.600000 0.000000 0.300000
0.223799 0.326329 -0.159194 0.300000 0.000000 0.600000
-0.099160 0.649186 -0.264191 0.600000 0.300000 0.000000
-0.085768 -0.037904 0.303107 0.600000 0.000000 0.300000
-0.094334 -0.040503 0.246287 0.600000 0.000000 0.300000
-0.252529 -0.125482 0.034214 1.000000 0.000000 0.000000
-0.327149 0.730095 -0.280656 0.600000 0.000000 0.300000
0.292413 0.729309 -0.253422 0.300000 0.000000 0.600000
-0.302742 -0.712992 0.534451 0.000000 0.500000 0.500000
-0.269291 -0.032936 0.024095 0.600000 0.000000 0.300000
0.388266 -0.700996 -0.297720 0.600000 0.000000 0.300000
0.317806 0.449571 -0.159892 0.300000 0.000000 0.600000
-0.270176 -0.029752 -0.088737 0.600000 0.000000 0.300000
0.302468 -0.692524 0.559953 0.300000 0.000000 0.600000
0.298656 0.102042 -0.132791 0.300000 0.000000 0.600000
-0.245463 -0.031993 -0.137175 0.600000 0.000000 0.300000
-0.281924 0.305101 -0.184213 0.600000 0.000000 0.300000
0.355837 -0.454218 0.390868 0.300000 0.000000 0.600000
-0.297789 -0.030484 0.414132 0.600000 0.000000 0.300000
0.162709 0.161170 -0.143981 0.300000 0.000000 0.600000
0.377648 -0.400391 -0.172686 0.600000 0.300000 0.000000
0.321363 -0.238837 0.191812 0.300000 0.000000 0.600000
-0.044549 0.582083 -0.254371 0.300000 0.000000 0.600000
0.327334 -0.061835 0.446588 0.600000 0.000000 0.300000
0.294569 -0.140006 0.004877 1.000000 0.000000 0.000000
-0.174450 -0.044801 -0.153003 0.600000 0.000000 0.300000
0.329873 0.755257 -0.280524 0.300000 0.000000 0.600000
-0.307897 0.312924 -0.172195 0.600000 0.000000 0.300000
0.375131 -0.728753 0.535345 0.600000 0.300000 0.000000
0.285662 0.513300 -0.216361 0.300000 0.000000 0.600000
0.062910 -0.057680 -0.168701 0.600000 0.000000 0.300000
0.125662 -0.037729 0.383763 0.600000 0.000000 0.300000
0.231101 -0.078078 -0.174670 0.300000 0.000000 0.600000
-0.162925 -0.038735 0.185028 0.600000 0.000000 0.300000
-0.142555 -0.042058 0.148569 0.600000 0.000000 0.300000
0.304877 0.005105 -0.191139 0.300000 0.000000 0.600000
0.185919 0.710448 -0.268917 0.600000 0.300000 0.000000
0.326153 0.342374 -0.160566 0.300000 0.000000 0.600000
-0.258911 -0.041743 0.430683 0.600000 0.000000 0.300000
-0.205669 -0.079766 -0.168667 0.600000 0.000000 0.300000
-0.234337 0.494734 -0.208805 0.300000 0.000000 0.600000
-0.133457 -0.073016 0.455521 0.600000 0.000000 0.300000
-0.323012 -0.229853 0.157685 0.600000 0.000000 0.300000
-0.274020 0.704841 -0.255073 0.600000 0.300000 0.000000
-0.247458 -0.077414 -0.140825 0.300000 0.600000 0.000000
-0.379722 -0.245477 -0.087487 0.300000 0.600000 0.000000
-0.060279 0.131023 -0.162294 0.300000 0.000000 0.600000
-0.125465 -0.051336 -0.066349 0.600000 0.000000 0.300000
0.375268 -0.066628 0.265670 0.600000 0.000000 0.300000
0.212366 0.292318 -0.155184 0.300000 0.000000 0.600000
-0.048120 -0.138631 0.431213 0.600000 0.000000 0.300000
-0.312139 0.756415 -0.269691 0.600000 0.000000 0.300000
-0.058324 0.513760 -0.246964 0.300000 0.000000 0.600000
0.209681 -0.039383 0.040515 0.600000 0.000000 0.300000
-0.296350 0.429658 -0.189412 0.600000 0.000000 0.300000
-0.098558 0.030757 -0.165835 0.300000 0.000000 0.600000
-0.390310 -0.335615 -0.135292 0.300000 0.600000 0.000000
-0.341771 0.741114 -0.281949 0.600000 0.000000 0.300000
-0.029715 0.578382 -0.257041 0.600000 0.300000 0.000000
0.216926 0.073776 -0.135627 0.300000 0.000000 0.600000
0.349133 0.359285 -0.168009 0.300000 0.000000 0.600000
0.107929 0.724716 -0.289070 0.600000 0.300000 0.000000
0.028338 0.267460 -0.185962 0.300000 0.000000 0.600000
0.372632 -0.358804 -0.164414 0.600000 0.300000 0.000000
-0.112969 0.642601 -0.259738 0.600000 0.300000 0.000000
-0.249650 -0.017286 -0.209113 0.600000 0.000000 0.300000
0.376366 -0.065185 0.319937 0.600000 0.000000 0.300000
-0.030965 -0.126733 0.038885 1.000000 0.000000 0.000000
0.414645 -0.395000 -0.186430 0.600000 0.300000 0.000000
0.049383 0.648300 -0.263024 0.600000 0.300000 0.000000
0.231292 -0.125989 -0.087117 0.300000 0.000000 0.600000
0.259852 -0.041512 -0.215228 0.000000 0.500000 0.500000
0.218909 0.680147 -0.252110 0.600000 0.300000 0.000000
-0.108911 -0.057230 0.441945 0.600000 0.000000 0.300000
0.355448 -0.089590 -0.020508 0.600000 0.000000 0.300000
0.041581 0.463184 -0.231655 0.300000 0.000000 0.600000
0.226407 0.098531 -0.190003 0.300000 0.000000 0.600000
-0.325290 -0.160313 0.049379 0.600000 0.000000 0.300000
0.401150 -0.261798 -0.072455 0.600000 0.300000 0.000000
-0.082560 -0.017188 -0.171933 0.300000 0.000000 0.600000
0.171261 -0.129172 0.427856 0.600000 0.000000 0.300000
-0.329669 0.302529 -0.162744 0.600000 0.000000 0.300000
0.225032 -0.034701 -0.183891 0.000000 0.500000 0.500000
-0.294723 0.187930 -0.175552 0.600000 0.000000 0.300000
0.233975 0.548944 -0.222250 0.300000 0.000000 0.600000
-0.414058 -0.538493 -0.235232 0.300000 0.600000 0.000000
0.046506 -0.142461 0.004219 1.000000 0.000000 0.000000
0.349051 -0.315750 0.283182 0.300000 0.000000 0.600000
-0.358313 -0.433184 0.354707 0.600000 0.000000 0.300000
-0.423414 -0.507604 -0.244774 0.300000 0.600000 0.000000
-0.208733 -0.028754 0.298881 0.600000 0.000000 0.300000
0.332150 0.633700 -0.239527 0.300000 0.000000 0.600000
-0.234434 -0.102662 0.456230 0.600000 0.000000 0.300000
0.271656 -0.062810 0.449051 0.600000 0.000000 0.300000
-0.353622 -0.018331 -0.029980 0.600000 0.000000 0.300000
0.043183 -0.140823 0.446587 0.600000 0.000000 0.300000
0.128937 0.658699 -0.259762 0.600000 0.300000 0.000000
-0.337692 -0.424580 0.338889 0.600000 0.000000 0.300000
-0.367524 -0.069699 0.433672 0.600000 0.000000 0.300000
0.327718 -0.522849 0.456617 0.300000 0.000000 0.600000
0.143954 0.223511 -0.159153 0.300000 0.000000 0.600000
0.368070 0.559246 -0.215470 0.300000 0.000000 0.600000
-0.428860 -0.561549 -0.251861 0.300000 0.600000 0.000000
-0.238946 0.063636 -0.199426 0.600000 0.000000 0.300000
0.001578 -0.139765 0.438648 0.600000 0.000000 0.300000
0.335335 0.354361 -0.165205 0.300000 0.000000 0.600000
-0.306127 0.661814 -0.259340 0.600000 0.000000 0.300000
-0.264375 0.607624 -0.224357 0.300000 0.000000 0.600000
-0.337193 -0.462926 0.417534 0.600000 0.000000 0.300000
-0.341467 -0.694409 0.494571 0.500000 0.000000 0.500000
0.017333 -0.099230 -0.193577 0.600000 0.000000 0.300000
0.333869 -0.389245 0.359431 0.300000 0.000000 0.600000
0.020073 -0.147565 0.055934 1.000000 0.000000 0.000000
0.139254 0.425718 -0.209970 0.300000 0.000000 0.600000
0.325870 0.648814 -0.226941 0.300000 0.000000 0.600000
0.262235 0.147003 -0.145814 0.300000 0.000000 0.600000
0.292347 -0.014515 0.321728 0.600000 0.000000 0.300000
-0.092053 -0.048682 0.078882 0.600000 0.000000 0.300000
0.242386 -0.018322 -0.171821 0.300000 0.000000 0.600000
-0.296667 0.433625 -0.207289 0.600000 0.000000 0.300000
0.043142 0.391469 -0.211431 0.300000 0.000000 0.600000
-0.201087 0.185804 -0.134748 0.300000 0.000000 0.600000
0.266374 -0.115045 0.442605 0.600000 0.000000 0.300000
0.302660 -0.051289 0.444383 0.600000 0.000000 0.300000
0.237994 -0.129745 -0.116780 0.000000 0.500000 0.500000
0.003205 -0.095917 0.463302 0.600000 0.000000 0.300000
-0.326986 0.252268 -0.138989 0.600000 0.000000 0.300000
-0.350792 -0.413913 0.378301 0.600000 0.000000 0.300000
-0.344888 -0.528446 0.460216 0.600000 0.000000 0.300000
0.309261 0.673544 -0.229152 0.300000 0.000000 0.600000
0.384774 -0.185650 0.012655 0.600000 0.300000 0.000000
-0.149757 -0.049594 -0.051911 0.600000 0.000000 0.300000
0.237483 -0.079225 -0.201661 0.000000 0.500000 0.500000
0.131456 0.038685 -0.159888 0.300000 0.000000 0.600000
0.294323 0.137927 -0.140506 0.300000 0.000000 0.600000
-0.019460 -0.041394 0.380502 0.600000 0.000000 0.300000
-0.167344 -0.125182 0.033095 1.000000 0.000000 0.000000
0.050208 0.117975 -0.167455 0.300000 0.000000 0.600000
-0.215076 -0.128103 0.433746 0.600000 0.000000 0.300000
-0.357589 -0.019893 -0.001768 0.600000 0.000000 0.300000
-0.332027 -0.240120 0.144013 0.600000 0.000000 0.300000
0.361644 -0.049198 -0.056085 0.600000 0.000000 0.300000
0.297028 -0.030042 0.416017 0.600000 0.000000 0.300000
-0.105883 -0.134584 0.450529 0.600000 0.000000 0.300000
0.230284 0.190730 -0.161228 0.300000 0.000000 0.600000
0.240367 -0.029765 0.186883 0.600000 0.000000 0.300000
0.274360 0.628435 -0.230232 0.600000 0.300000 0.000000
-0.355829 -0.319581 0.288007 0.600000 0.000000 0.300000
0.107306 0.312668 -0.185081 0.300000 0.000000 0.600000
0.047797 -0.066518 -0.187789 0.600000 0.000000 0.300000
0.367100 -0.019371 0.209630 0.600000 0.000000 0.300000
-0.310146 0.720718 -0.282026 0.600000 0.000000 0.300000
-0.126180 -0.092195 0.461203 0.600000 0.000000 0.300000
0.165829 0.059992 -0.150830 0.300000 0.000000 0.600000
0.198245 -0.032049 0.382617 0.600000 0.000000 0.300000
0.090629 0.586708 -0.254351 0.600000 0.300000 0.000000
-0.278607 -0.031040 0.059063 0.600000 0.000000 0.300000
-0.404625 -0.259893 -0.065533 0.300000 0.600000 0.000000
-0.101893 0.082693 -0.162954 0.300000 0.000000 0.600000
0.297431 -0.081806 -0.182684 0.300000 0.000000 0.600000
-0.374284 -0.044937 0.028656 0.600000 0.000000 0.300000
-0.232745 -0.036713 -0.104674 0.600000 0.000000 0.300000
0.159171 0.654654 -0.257658 0.600000 0.300000 0.000000
-0.301784 0.339313 -0.186635 0.600000 0.000000 0.300000
0.320207 -0.037564 0.431901 0.600000 0.000000 0.300000
-0.146977 0.154681 -0.147338 0.300000 0.000000 0.600000
0.089710 0.737165 -0.298366 0.600000 0.300000 0.000000
-0.318244 -0.697537 0.504369 0.000000 0.500000 0.500000
0.353007 0.390990 -0.171695 0.300000 0.000000 0.600000
-0.206933 -0.033375 0.214044 0.600000 0.000000 0.300000
-0.070485 -0.159742 0.054988 1.000000 0.000000 0.000000
0.285946 -0.107482 -0.178668 0.000000 0.500000 0.500000
0.421586 -0.485799 -0.221661 0.600000 0.300000 0.000000
0.356146 -0.498096 0.419748 0.300000 0.000000 0.600000
0.041233 -0.058327 -0.144920 0.600000 0.000000 0.300000
0.235564 -0.176506 0.040888 1.000000 0.000000 0.000000
0.214196 -0.026193 0.337530 0.600000 0.000000 0.300000
-0.336855 -0.403714 0.369146 0.600000 0.000000 0.300000
-0.264128 -0.020757 0.346202 0.600000 0.000000 0.300000
0.317830 0.246516 -0.153153 0.300000 0.000000 0.600000
-0.122559 -0.166356 0.052762 1.000000 0.000000 0.000000
-0.247814 -0.118550 -0.156738 0.300000 0.600000 0.000000
-0.287122 -0.129612 0.013832 1.000000 0.000000 0.000000
-0.221398 0.124263 -0.129696 0.600000 0.000000 0.300000
0.006756 0.089151 -0.170330 0.300000 0.000000 0.600000
0.217972 -0.038752 -0.077983 0.600000 0.000000 0.300000
0.321851 -0.672371 0.518476 0.600000 0.000000 0.300000
0.101584 -0.052603 -0.024831 0.600000 0.000000 0.300000
0.018432 -0.178138 0.023984 1.000000 0.000000 0.000000
0.346643 -0.450331 0.365143 0.300000 0.000000 0.600000
0.374981 -0.735679 0.562994 0.600000 0.300000 0.000000
-0.077079 0.164804 -0.162986 0.300000 0.000000 0.600000
0.228303 -0.026611 0.278082 0.600000 0.000000 0.300000
-0.318962 0.567943 -0.228398 0.600000 0.000000 0.300000
-0.325696 -0.423420 0.375991 0.600000 0.000000 0.300000
0.272646 0.043958 -0.157113 0.300000 0.000000 0.600000
-0.093641 0.314576 -0.186891 0.300000 0.000000 0.600000
0.061684 -0.178382 0.033893 1.000000 0.000000 0.000000
0.068569 -0.066514 0.452995 0.600000 0.000000 0.300000
-0.329897 -0.013176 0.362398 0.600000 0.000000 0.300000
0.323431 -0.620278 0.504022 0.300000 0.000000 0.600000
0.216521 -0.052679 0.442108 0.600000 0.000000 0.300000
-0.302877 -0.707766 0.520535 0.000000 0.500000 0.500000
0.036412 -0.051650 0.050990 0.600000 0.000000 0.300000
0.052830 -0.042743 0.220496 0.600000 0.000000 0.300000
0.104343 -0.049526 0.047365 0.600000 0.000000 0.300000
-0.009402 -0.177595 0.021959 1.000000 0.000000 0.000000
0.361818 -0.754481 0.526033 0.600000 0.300000 0.000000
0.372632 -0.057711 0.166139 0.600000 0.000000 0.300000
-0.229096 0.689671 -0.260193 0.600000 0.300000 0.000000
0.347117 0.418729 -0.174646 0.300000 0.000000 0.600000
-0.223368 -0.036196 0.112629 0.600000 0.000000 0.300000
0.401303 -0.401235 -0.207825 0.600000 0.300000 0.000000
-0.013935 -0.060792 -0.178606 0.600000 0.000000 0.300000
-0.059374 0.009869 -0.175346 0.300000 0.000000 0.600000
0.125696 -0.043524 0.407864 0.600000 0.000000 0.300000
-0.300584 -0.126340 0.042422 0.600000 0.000000 0.300000
-0.296513 0.099713 -0.186874 0.600000 0.000000 0.300000
-0.399945 -0.229228 -0.032236 0.300000 0.600000 0.000000
-0.085833 -0.055742 -0.098205 0.600000 0.000000 0.300000
-0.280496 0.235282 -0.177105 0.600000 0.000000 0.300000
0.109959 -0.042791 0.176436 0.600000 0.000000 0.300000
-0.283920 0.357216 -0.185300 0.600000 0.000000 0.300000
-0.338402 0.413177 -0.147967 0.600000 0.000000 0.300000
0.252634 -0.023991 0.268351 0.600000 0.000000 0.300000
-0.197731 0.393663 -0.188973 0.300000 0.000000 0.600000
-0.138507 -0.177925 0.023188 1.000000 0.000000 0.000000
0.359762 0.681251 -0.237132 0.300000 0.000000 0.600000
0.236155 0.174626 -0.137146 0.300000 0.000000 0.600000
-0.393579 -0.546624 -0.253835 0.300000 0.600000 0.000000
-0.168961 -0.045985 -0.004078 0.600000 0.000000 0.300000
-0.129093 0.748075 -0.319784 0.600000 0.300000 0.000000
-0.339468 0.509449 -0.180774 0.600000 0.000000 0.300000
-0.361859 -0.021769 -0.058583 0.600000 0.000000 0.300000
0.278946 0.238385 -0.122225 0.300000 0.000000 0.600000
0.047827 -0.052665 0.027126 0.600000 0.000000 0.300000
0.340960 0.407562 -0.167792 0.300000 0.000000 0.600000
0.274429 -0.017291 -0.141877 0.300000 0.000000 0.600000
-0.089386 0.255780 -0.176479 0.300000 0.000000 0.600000
-0.071840 -0.041499 0.386871 0.600000 0.000000 0.300000
-0.381550 -0.025937 0.280578 0.600000 0.000000 0.300000
0.274989 0.749919 -0.272980 0.300000 0.000000 0.600000
-0.156803 -0.032374 0.359278 0.600000 0.000000 0.300000
0.012844 -0.043368 0.223891 0.600000 0.000000 0.300000
-0.212454 0.548648 -0.229668 0.300000 0.000000 0.600000
0.409743 -0.533183 -0.274736 0.600000 0.300000 0.000000
0.064102 -0.165013 0.053575 1.000000 0.000000 0.000000
0.374046 -0.680358 -0.266051 0.600000 0.000000 0.300000
0.331170 0.417052 -0.146156 0.300000 0.000000 0.600000
-0.413468 -0.460512 -0.209072 0.300000 0.600000 0.000000
0.018366 0.048030 -0.175787 0.300000 0.000000 0.600000
-0.293323 -0.041700 0.433833 0.600000 0.000000 0.300000
-0.271263 0.418210 -0.166597 0.600000 0.000000 0.300000
-0.147061 0.551891 -0.244643 0.300000 0.000000 0.600000
-0.079379 -0.036233 0.340205 0.600000 0.000000 0.300000
-0.305097 -0.683845 0.523077 0.000000 0.500000 0.500000
0.274491 0.065289 -0.195742 0.300000 0.000000 0.600000
0.311068 0.313613 -0.162787 0.300000 0.000000 0.600000
-0.310536 0.189773 -0.146609 0.600000 0.000000 0.300000
0.291086 0.649186 -0.248389 0.300000 0.000000 0.600000
0.387643 -0.331325 -0.152231 0.600000 0.300000 0.000000
-0.363801 -0.468159 0.389032 0.600000 0.000000 0.300000
-0.145686 -0.048345 -0.013281 0.600000 0.000000 0.300000
0.357258 -0.582991 0.468092 0.300000 0.000000 0.600000
0.096690 -0.044206 0.167551 0.600000 0.000000 0.300000
0.055765 0.439034 -0.226634 0.300000 0.000000 0.600000
-0.239749 0.060595 -0.142582 0.600000 0.000000 0.300000
0.293838 -0.030471 -0.164656 0.000000 0.500000 0.500000
-0.082772 0.073723 -0.167261 0.300000 0.000000 0.600000
-0.102866 -0.159540 0.003744 1.000000 0.000000 0.000000
-0.025071 -0.053307 0.026926 0.600000 0.000000 0.300000
0.305511 -0.100676 -0.148510 0.000000 0.500000 0.500000
0.390798 -0.590132 -0.287874 0.600000 0.300000 0.000000
-0.244749 0.668417 -0.249928 0.600000 0.300000 0.000000
0.035542 -0.106481 0.463330 0.600000 0.000000 0.300000
-0.343657 -0.149832 0.065638 0.600000 0.000000 0.300000
0.164066 -0.125232 0.025506 1.000000 0.000000 0.000000
0.207252 0.106044 -0.134088 0.300000 0.000000 0.600000
0.138662 -0.052119 -0.171139 0.600000 0.000000 0.300000
-0.245381 0.075488 -0.158698 0.600000 0.000000 0.300000
0.231113 -0.116643 -0.110511 0.300000 0.000000 0.600000
0.322383 -0.538556 0.428421 0.300000 0.000000 0.600000
0.226458 -0.131065 -0.061660 0.000000 0.500000 0.500000
0.313334 -0.642220 0.502581 0.300000 0.000000 0.600000
0.308225 0.154849 -0.154453 0.300000 0.000000 0.600000
-0.278571 -0.031803 0.410192 0.600000 0.000000 0.300000
-0.306238 -0.146709 0.015634 0.600000 0.000000 0.300000
0.254455 0.112310 -0.195592 0.300000 0.000000 0.600000
0.068045 0.372997 -0.203906 0.300000 0.000000 0.600000
0.003826 0.202451 -0.174367 0.300000 0.000000 0.600000
-0.379045 -0.031249 0.182884 0.600000 0.000000 0.300000
0.279993 0.098890 -0.191223 0.300000 0.000000 0.600000
0.334731 -0.465234 0.370477 0.300000 0.000000 0.600000
-0.328974 0.621285 -0.240091 0.600000 0.000000 0.300000
-0.131043 -0.054467 -0.176580 0.600000 0.000000 0.300000
0.125847 0.127375 -0.153075 0.300000 0.000000 0.600000
0.122718 -0.042143 0.170437 0.600000 0.000000 0.300000
0.295294 0.082423 -0.132465 0.300000 0.000000 0.600000
-0.050355 -0.055026 -0.017187 0.600000 0.000000 0.300000
0.221272 0.166206 -0.127664 0.300000 0.000000 0.600000
-0.361822 -0.143332 0.054800 1.000000 0.000000 0.000000
-0.287192 -0.178132 0.023962 1.000000 0.000000 0.000000
0.336079 0.702911 -0.234954 0.300000 0.000000 0.600000
0.039169 -0.176340 0.041506 1.000000 0.000000 0.000000
0.330340 0.440080 -0.188389 0.300000 0.000000 0.600000
0.385853 -0.423798 -0.214838 0.600000 0.300000 0.000000
-0.149926 0.481247 -0.224152 0.300000 0.000000 0.600000
-0.240133 -0.033146 0.401559 0.600000 0.000000 0.300000
-0.133413 -0.037623 0.255014 0.600000 0.000000 0.300000
0.344564 -0.287274 0.254706 0.300000 0.000000 0.600000
-0.148935 0.281829 -0.169657 0.300000 0.000000 0.600000
0.245205 0.279835 -0.140185 0.300000 0.000000 0.600000
0.268725 0.432429 -0.178478 0.300000 0.000000 0.600000
-0.030365 -0.040036 0.296935 0.600000 0.000000 0.300000
0.068488 0.240024 -0.176207 0.300000 0.000000 0.600000
0.242564 0.424512 -0.182724 0.300000 0.000000 0.600000
0.211521 0.039909 -0.143302 0.300000 0.000000 0.600000
0.282713 0.609742 -0.218137 0.300000 0.000000 0.600000
-0.325432 -0.032294 0.426111 0.600000 0.000000 0.300000
0.162117 -0.119561 0.457576 0.600000 0.000000 0.300000
0.434110 -0.721265 -0.219340 0.300000 0.000000 0.600000
-0.231504 -0.025323 0.324569 0.600000 0.000000 0.300000
-0.334616 -0.130381 0.013062 1.000000 0.000000 0.000000
-0.052088 0.238391 -0.175822 0.300000 0.000000 0.600000
0.058694 0.046109 -0.169710 0.300000 0.000000 0.600000
-0.152074 -0.048704 -0.029019 0.600000 0.000000 0.300000
-0.239672 -0.161346 0.039999 0.300000 0.600000 0.000000
-0.364332 -0.077090 -0.075430 0.600000 0.000000 0.300000
0.154690 0.340361 -0.181341 0.300000 0.000000 0.600000
-0.234897 -0.026727 0.284116 0.600000 0.000000 0.300000
-0.235848 -0.030548 0.198102 0.600000 0.000000 0.300000
-0.302372 -0.092833 -0.090234 0.300000 0.600000 0.000000
-0.408782 -0.135812 0.051155 1.000000 0.000000 0.000000
0.347799 -0.313712 0.238083 0.300000 0.000000 0.600000
-0.305936 0.108571 -0.168119 0.600000 0.000000 0.300000
0.370502 -0.287153 -0.088523 0.600000 0.300000 0.000000
-0.400690 -0.373867 -0.179234 0.300000 0.600000 0.000000
0.315819 0.607259 -0.233415 0.300000 0.000000 0.600000
0.405234 -0.376739 -0.148365 0.600000 0.300000 0.000000
0.224953 -0.129287 0.017734 0.000000 0.500000 0.500000
-0.417250 -0.505583 -0.224103 0.300000 0.600000 0.000000
0.181032 -0.043582 0.049562 0.600000 0.000000 0.300000
-0.358988 0.577011 -0.196635 0.600000 0.000000 0.300000
0.346848 0.630082 -0.227959 0.300000 0.000000 0.600000
0.295798 -0.024798 -0.150005 0.600000 0.000000 0.300000
-0.340326 0.556031 -0.203880 0.600000 0.000000 0.300000
-0.234029 0.715669 -0.267808 0.600000 0.300000 0.000000
-0.416441 -0.401547 -0.168393 0.300000 0.600000 0.000000
-0.052350 0.365257 -0.206456 0.300000 0.000000 0.600000
0.227738 0.109342 -0.148707 0.300000 0.000000 0.600000
-0.363327 -0.583972 0.464411 0.600000 0.000000 0.300000
0.243420 0.252390 -0.164484 0.300000 0.000000 0.600000
-0.305983 -0.061130 -0.177212 0.600000 0.000000 0.300000
-0.167693 0.584777 -0.243862 0.300000 0.000000 0.600000
0.050222 -0.082234 0.460161 0.600000 0.000000 0.300000
0.231744 0.071262 -0.133388 0.300000 0.000000 0.600000
-0.165047 -0.047365 -0.101363 0.600000 0.000000 0.300000
-0.321517 -0.521042 0.432619 0.600000 0.000000 0.300000
-0.357801 -0.687630 0.499560 0.500000 0.000000 0.500000
0.326523 -0.479206 0.427587 0.300000 0.000000 0.600000
0.422736 -0.584792 -0.264743 0.600000 0.300000 0.000000
0.353168 -0.016884 0.129427 0.600000 0.000000 0.300000
0.237585 -0.048401 -0.207661 0.300000 0.000000 0.600000
0.365856 -0.087245 0.094733 0.600000 0.000000 0.300000
0.385013 -0.500153 -0.248713 0.600000 0.300000 0.000000
-0.214192 0.564510 -0.232718 0.300000 0.000000 0.600000
-0.034562 -0.080796 0.460156 0.600000 0.000000 0.300000
-0.193824 0.074398 -0.143466 0.300000 0.000000 0.600000
-0.280350 -0.116723 0.017345 0.600000 0.000000 0.300000
-0.419646 -0.488078 -0.232278 0.300000 0.600000 0.000000
0.316299 -0.092607 0.448540 0.600000 0.000000 0.300000
-0.292448 -0.086136 -0.198921 0.300000 0.600000 0.000000
0.304854 -0.024600 0.071615 0.600000 0.000000 0.300000
0.096267 -0.036484 0.348426 0.600000 0.000000 0.300000
0.150820 -0.046445 0.040243 0.600000 0.000000 0.300000
0.233456 0.017711 -0.170123 0.300000 0.000000 0.600000
0.232354 0.755403 -0.301105 0.600000 0.300000 0.000000
-0.424250 -0.463930 -0.231967 0.300000 0.600000 0.000000
0.218852 -0.034787 0.138579 0.600000 0.000000 0.300000
-0.163563 0.686796 -0.269030 0.600000 0.300000 0.000000
-0.054812 -0.043827 0.206301 0.600000 0.000000 0.300000
0.338096 -0.010779 0.355613 0.600000 0.000000 0.300000
0.060976 0.064347 -0.168377 0.300000 0.000000 0.600000
-0.178575 0.419459 -0.201604 0.300000 0.000000 0.600000
-0.228367 -0.043225 -0.161586 0.600000 0.000000 0.300000
-0.345062 -0.127523 0.041830 1.000000 0.000000 0.000000
-0.334011 -0.476215 0.425969 0.600000 0.000000 0.300000
-0.362299 -0.696770 0.565859 0.300000 0.600000 0.000000
-0.110944 -0.053994 -0.065460 0.600000 0.000000 0.300000
0.405434 -0.443550 -0.189117 0.600000 0.300000 0.000000
-0.017830 -0.055306 0.433742 0.600000 0.000000 0.300000
0.312352 -0.016389 0.368502 0.600000 0.000000 0.300000
0.224659 -0.102400 -0.106987 0.000000 0.500000 0.500000
-0.357709 -0.293211 0.218308 0.600000 0.000000 0.300000
-0.105532 0.555099 -0.245876 0.300000 0.000000 0.600000
0.412398 -0.364786 -0.153234 0.600000 0.300000 0.000000
0.220401 0.279459 -0.151552 0.300000 0.000000 0.600000
-0.314428 -0.701869 0.490257 0.500000 0.000000 0.500000
0.285491 0.070667 -0.136389 0.300000 0.000000 0.600000
-0.352772 -0.381036 0.348154 0.600000 0.000000 0.300000
-0.271440 -0.164646 0.040819 0.600000 0.000000 0.300000
0.241326 -0.021929 0.328076 0.600000 0.000000 0.300000
-0.245056 0.091542 -0.199272 0.600000 0.000000 0.300000
0.367783 -0.069193 0.039230 0.600000 0.000000 0.300000
0.014745 -0.048025 0.130235 0.600000 0.000000 0.300000
0.365834 -0.087535 0.026858 0.600000 0.000000 0.300000
-0.207590 0.224179 -0.143436 0.300000 0.000000 0.600000
0.125191 -0.034066 0.339065 0.600000 0.000000 0.300000
0.268602 -0.179238 0.028083 1.000000 0.000000 0.000000
-0.024698 -0.038067 0.350850 0.600000 0.000000 0.300000
-0.254179 0.290463 -0.176376 0.600000 0.000000 0.300000
0.359564 -0.680892 0.538172 0.600000 0.300000 0.000000
-0.222673 0.112859 -0.137964 0.600000 0.000000 0.300000
0.189163 -0.176261 0.041799 1.000000 0.000000 0.000000
0.129259 -0.050784 -0.101652 0.600000 0.000000 0.300000
-0.085425 -0.086086 0.462267 0.600000 0.000000 0.300000
0.248352 0.321408 -0.149536 0.300000 0.000000 0.600000
0.293823 0.531597 -0.188941 0.300000 0.000000 0.600000
0.222414 0.189815 -0.134667 0.300000 0.000000 0.600000
0.134130 0.676006 -0.263077 0.600000 0.300000 0.000000
-0.236529 -0.091452 -0.174742 0.600000 0.000000 0.300000
-0.217011 -0.041159 -0.022722 0.600000 0.000000 0.300000
0.335392 0.681822 -0.256567 0.300000 0.000000 0.600000
0.248765 -0.034805 0.060571 0.600000 0.000000 0.300000
-0.240611 -0.097361 -0.097161 0.600000 0.000000 0.300000
-0.288183 0.266994 -0.126605 0.600000 0.000000 0.300000
0.229507 0.202713 -0.141201 0.300000 0.000000 0.600000
-0.117380 0.366640 -0.199255 0.300000 0.000000 0.600000
-0.357669 -0.237544 0.152439 0.600000 0.000000 0.300000
0.233266 -0.103176 -0.179730 0.000000 0.500000 0.500000
0.342649 -0.215259 0.105133 0.300000 0.000000 0.600000
-0.303052 -0.734361 0.517321 0.000000 0.500000 0.500000
0.370752 -0.714389 -0.302255 0.600000 0.000000 0.300000
0.061604 0.273420 -0.181752 0.300000 0.000000 0.600000
0.179073 0.389269 -0.189050 0.300000 0.000000 0.600000
-0.082612 -0.055284 -0.063722 0.600000 0.000000 0.300000
0.404747 -0.445361 -0.233295 0.600000 0.300000 0.000000
0.118923 -0.012284 -0.166835 0.300000 0.000000 0.600000
0.378395 -0.302286 -0.093551 0.600000 0.300000 0.000000
0.240297 -0.036206 -0.047608 0.600000 0.000000 0.300000
0.298257 -0.689520 0.513001 0.300000 0.000000 0.600000
0.305851 0.072196 -0.174307 0.300000 0.000000 0.600000
-0.104533 -0.035312 0.342069 0.600000 0.000000 0.300000
-0.258286 -0.021181 0.331410 0.600000 0.000000 0.300000
-0.173918 -0.045575 -0.125049 0.600000 0.000000 0.300000
-0.410106 -0.286419 -0.116876 0.300000 0.600000 0.000000
0.120357 0.376169 -0.198724 0.300000 0.000000 0.600000
-0.194627 -0.047271 0.433403 0.600000 0.000000 0.300000
-0.342452 -0.015105 -0.122121 0.600000 0.000000 0.300000
-0.016372 0.549120 -0.250074 0.300000 0.000000 0.600000
0.338695 -0.502680 0.398091 0.300000 0.000000 0.600000
0.056266 -0.050175 0.074142 0.600000 0.000000 0.300000
0.116554 -0.034674 0.327656 0.600000 0.000000 0.300000
0.126506 -0.044664 0.113262 0.600000 0.000000 0.300000
0.320290 -0.210336 0.104519 0.300000 0.000000 0.600000
0.344766 0.735870 -0.259123 0.300000 0.000000 0.600000
0.080593 0.525733 -0.246582 0.300000 0.000000 0.600000
-0.339345 0.634813 -0.222798 0.600000 0.000000 0.300000
-0.006728 0.498625 -0.241548 0.300000 0.000000 0.600000
0.239070 -0.033471 0.117674 0.600000 0.000000 0.300000
-0.124726 -0.046523 0.078903 0.600000 0.000000 0.300000
0.422206 -0.630254 -0.300109 0.600000 0.300000 0.000000
0.032369 -0.037084 0.343950 0.600000 0.000000 0.300000
-0.230625 0.423124 -0.188401 0.300000 0.000000 0.600000
0.261048 0.591934 -0.223335 0.600000 0.300000 0.000000
-0.382451 -0.044585 0.253409 0.600000 0.000000 0.300000
0.247039 -0.023493 0.291935 0.600000 0.000000 0.300000
0.323173 -0.380063 0.303995 0.300000 0.000000 0.600000
-0.389840 -0.474263 -0.212246 0.300000 0.600000 0.000000
0.246711 0.279235 -0.184366 0.300000 0.000000 0.600000
-0.051316 -0.057711 -0.100976 0.600000 0.000000 0.300000
-0.256905 -0.123167 0.427018 0.600000 0.000000 0.300000
0.283641 -0.005289 -0.138696 0.300000 0.000000 0.600000
-0.102380 -0.038883 0.384183 0.600000 0.000000 0.300000
-0.196708 -0.038893 0.126105 0.600000 0.000000 0.300000
0.152706 -0.048108 -0.101859 0.600000 0.000000 0.300000
-0.081800 -0.056852 -0.170237 0.600000 0.000000 0.300000
0.305275 0.253409 -0.123897 0.300000 0.000000 0.600000
0.308322 0.729570 -0.253670 0.300000 0.000000 0.600000
0.406518 -0.680887 -0.316903 0.600000 0.300000 0.000000
0.201336 0.689581 -0.255505 0.600000 0.300000 0.000000
-0.086716 0.136239 -0.161456 0.300000 0.000000 0.600000
0.277020 0.171251 -0.178175 0.300000 0.000000 0.600000
-0.234315 0.376196 -0.170248 0.300000 0.000000 0.600000
-0.301521 0.047337 -0.140134 0.600000 0.000000 0.300000
-0.048164 -0.040058 0.284970 0.600000 0.000000 0.300000
0.223869 -0.063477 -0.184965 0.000000 0.500000 0.500000
-0.075239 -0.039003 0.288245 0.600000 0.000000 0.300000
-0.445993 -0.711090 -0.219930 1.000000 0.000000 0.000000
0.343420 0.693802 -0.254816 0.300000 0.000000 0.600000
-0.343561 -0.365022 0.338589 0.600000 0.000000 0.300000
0.227436 0.147828 -0.190355 0.300000 0.000000 0.600000
0.305346 -0.061103 -0.183894 0.000000 0.500000 0.500000
-0.338473 -0.212930 0.164628 0.600000 0.000000 0.300000
-0.393298 -0.425733 -0.216249 0.300000 0.600000 0.000000
-0.167436 0.449852 -0.210273 0.300000 0.000000 0.600000
-0.395233 -0.756410 -0.260878 0.000000 1.000000 0.000000
0.315202 -0.494129 0.420985 0.300000 0.000000 0.600000
-0.411767 -0.487159 -0.211979 0.300000 0.600000 0.000000
0.307423 -0.016778 0.242066 0.600000 0.000000 0.300000
-0.290857 0.629571 -0.220962 0.600000 0.000000 0.300000
-0.130854 0.130622 -0.149724 0.300000 0.000000 0.600000
-0.349664 -0.680097 0.563644 0.500000 0.000000 0.500000
0.108545 0.454350 -0.223161 0.300000 0.000000 0.600000
-0.317404 0.499021 -0.210658 0.600000 0.000000 0.300000
-0.133940 -0.147932 0.056032 1.000000 0.000000 0.000000
-0.423104 -0.690629 -0.302833 1.000000 0.000000 0.000000
0.080365 -0.054152 -0.012848 0.600000 0.000000 0.300000
-0.091177 0.613150 -0.256623 0.600000 0.300000 0.000000
0.123517 0.193988 -0.155481 0.300000 0.000000 0.600000
0.060798 -0.130876 0.046219 1.000000 0.000000 0.000000
0.374202 -0.748309 -0.257049 0.600000 0.000000 0.300000
-0.269612 0.016779 -0.209071 0.600000 0.000000 0.300000
-0.195031 0.327304 -0.168105 0.300000 0.000000 0.600000
0.315617 -0.209566 0.120155 0.300000 0.000000 0.600000
0.237474 0.376903 -0.166982 0.300000 0.000000 0.600000
0.346733 -0.228382 0.183061 0.300000 0.000000 0.600000
0.196625 -0.032844 -0.153483 0.300000 0.000000 0.600000
0.280802 -0.020897 0.248312 0.600000 0.000000 0.300000
0.309593 0.362578 -0.141313 0.300000 0.000000 0.600000
0.117613 0.390741 -0.206372 0.300000 0.000000 0.600000
-0.092163 -0.036471 0.353909 0.600000 0.000000 0.300000
0.382388 -0.286117 -0.126354 0.600000 0.300000 0.000000
-0.165148 -0.060400 0.449109 0.600000 0.000000 0.300000
0.276317 -0.127653 -0.117994 0.300000 0.000000 0.600000
-0.402593 -0.531808 -0.270193 0.300000 0.600000 0.000000
-0.208240 0.748742 -0.295690 0.600000 0.300000 0.000000
-0.305729 -0.159145 0.042651 0.300000 0.600000 0.000000
-0.433066 -0.576810 -0.270338 0.300000 0.600000 0.000000
-0.329459 -0.366915 0.333107 0.600000 0.000000 0.300000
-0.148644 -0.045211 0.073204 0.600000 0.000000 0.300000
0.239129 0.309609 -0.150166 0.300000 0.000000 0.600000
0.281988 0.030539 -0.158661 0.300000 0.000000 0.600000
-0.336951 -0.597892 0.496434 0.600000 0.000000 0.300000
0.209890 -0.124894 0.026767 1.000000 0.000000 0.000000
0.369681 -0.080470 0.164309 0.600000 0.000000 0.300000
0.127866 -0.132551 0.047894 1.000000 0.000000 0.000000
0.021512 0.627800 -0.263755 0.600000 0.300000 0.000000
0.368983 -0.028154 0.144577 0.600000 0.000000 0.300000
-0.250025 -0.105858 0.455171 0.600000 0.000000 0.300000
0.294672 0.512994 -0.182221 0.300000 0.000000 0.600000
-0.330414 -0.258325 0.218687 0.600000 0.000000 0.300000
0.246900 -0.035379 -0.022030 0.600000 0.000000 0.300000
0.036798 0.342087 -0.201845 0.300000 0.000000 0.600000
-0.161893 -0.039739 0.167665 0.600000 0.000000 0.300000
-0.273390 0.399773 -0.159829 0.600000 0.000000 0.300000
0.264050 -0.113759 -0.169804 0.000000 0.500000 0.500000
0.204699 -0.156803 0.003010 1.000000 0.000000 0.000000
0.334934 -0.013875 0.197092 0.600000 0.000000 0.300000
0.018845 0.210386 -0.172539 0.300000 0.000000 0.600000
-0.248139 0.009819 -0.139416 0.600000 0.000000 0.300000
-0.326813 -0.193763 0.120999 0.600000 0.000000 0.300000
-0.342393 -0.038439 -0.150586 0.600000 0.000000 0.300000
-0.021745 0.151827 -0.164910 0.300000 0.000000 0.600000
-0.420558 -0.546871 -0.279789 0.300000 0.600000 0.000000
-0.425242 -0.431097 -0.196248 0.300000 0.600000 0.000000
0.086885 0.184131 -0.163546 0.300000 0.000000 0.600000
0.106061 0.287908 -0.181607 0.300000 0.000000 0.600000
0.099952 -0.048395 0.421195 0.600000 0.000000 0.300000
0.066205 -0.101967 -0.188977 0.600000 0.000000 0.300000
0.279569 -0.034630 -0.171893 0.300000 0.000000 0.600000
0.293818 0.322293 -0.179121 0.300000 0.000000 0.600000
0.414432 -0.394839 -0.170305 0.600000 0.300000 0.000000
0.431689 -0.750606 -0.286794 0.800000 0.200000 0.500000
0.175433 -0.078900 0.456958 0.600000 0.000000 0.300000
-0.384134 -0.045727 0.372092 0.600000 0.000000 0.300000
-0.182471 -0.029175 0.335225 0.600000 0.000000 0.300000
0.414987 -0.408019 -0.199519 0.600000 0.300000 0.000000
-0.356312 -0.389073 0.315089 0.600000 0.000000 0.300000
-0.288786 0.617040 -0.234751 0.600000 0.000000 0.300000
-0.422347 -0.632086 -0.310466 0.300000 0.600000 0.000000
0.145941 0.236918 -0.161408 0.300000 0.000000 0.600000
0.370153 -0.705998 -0.278365 0.600000 0.000000 0.300000
-0.252569 0.235435 -0.174247 0.600000 0.000000 0.300000
0.337410 -0.017014 -0.002177 0.600000 0.000000 0.300000
-0.167309 0.203641 -0.149754 0.300000 0.000000 0.600000
-0.010332 -0.039460 0.365922 0.600000 0.000000 0.300000
0.023383 -0.166689 0.006356 1.000000 0.000000 0.000000
0.135898 -0.045469 0.082659 0.600000 0.000000 0.300000
0.240269 0.403511 -0.173785 0.300000 0.000000 0.600000
0.371539 -0.075400 0.239602 0.600000 0.000000 0.300000
0.347993 -0.175094 0.047664 0.300000 0.000000 0.600000
0.107933 -0.037755 0.282329 0.600000 0.000000 0.300000
0.315153 -0.339873 0.288632 0.300000 0.000000 0.600000
0.315421 0.627858 -0.221357 0.300000 0.000000 0.600000
0.196781 -0.035307 0.179939 0.600000 0.000000 0.300000
-0.340179 -0.705470 0.578910 0.500000 0.000000 0.500000
0.368100 -0.751736 0.553312 0.600000 0.300000 0.000000
0.294158 0.453581 -0.168595 0.300000 0.000000 0.600000
0.228895 -0.037286 0.064405 0.600000 0.000000 0.300000
-0.332570 -0.021502 0.038138 0.600000 0.000000 0.300000
-0.300214 0.721833 -0.250706 0.600000 0.000000 0.300000
-0.093789 -0.039649 0.263486 0.600000 0.000000 0.300000
-0.375341 -0.079643 0.308095 0.600000 0.000000 0.300000
-0.241102 -0.037314 -0.035434 0.600000 0.000000 0.300000
0.003145 -0.049254 0.109301 0.600000 0.000000 0.300000
0.035912 0.144924 -0.167481 0.300000 0.000000 0.600000
0.351405 -0.309266 0.271353 0.300000 0.000000 0.600000
-0.303072 0.033204 -0.167041 0.600000 0.000000 0.300000
0.101087 -0.035805 0.333766 0.600000 0.000000 0.300000
-0.416794 -0.423324 -0.215645 0.300000 0.600000 0.000000
0.307020 0.573909 -0.200262 0.300000 0.000000 0.600000
-0.281606 0.193915 -0.116751 0.600000 0.000000 0.300000
-0.383164 -0.385048 -0.162167 0.300000 0.600000 0.000000
0.164806 -0.046764 -0.043833 0.600000 0.000000 0.300000
0.161314 0.532918 -0.237253 0.300000 0.000000 0.600000
-0.030249 -0.069654 -0.190718 0.600000 0.000000 0.300000
-0.150156 0.111290 -0.147008 0.300000 0.000000 0.600000
-0.434564 -0.724729 -0.219139 1.000000 0.000000 0.000000
-0.322199 -0.493898 0.408112 0.600000 0.000000 0.300000
0.122323 0.014554 -0.161705 0.300000 0.000000 0.600000
0.119405 0.228528 -0.165696 0.300000 0.000000 0.600000
-0.361009 0.508683 -0.177750 0.600000 0.000000 0.300000
-0.147903 0.341934 -0.187075 0.300000 0.000000 0.600000
-0.244251 -0.102574 -0.038982 0.300000 0.600000 0.000000
-0.384962 -0.310242 -0.116130 0.300000 0.600000 0.000000
-0.047216 -0.047664 0.411725 0.600000 0.000000 0.300000
-0.140338 -0.136775 0.438252 0.600000 0.000000 0.300000
-0.302379 -0.139532 0.053781 1.000000 0.000000 0.000000
-0.203839 -0.040751 0.072095 0.600000 0.000000 0.300000
-0.328292 -0.399023 0.358680 0.600000 0.000000 0.300000
-0.182926 0.472532 -0.213321 0.300000 0.000000 0.600000
-0.284887 -0.162831 0.022439 0.300000 0.600000 0.000000
-0.278978 0.744862 -0.267206 0.600000 0.000000 0.300000
-0.244448 0.028686 -0.206120 0.600000 0.000000 0.300000
-0.050839 0.456675 -0.229253 0.300000 0.000000 0.600000
0.086099 0.322333 -0.190152 0.300000 0.000000 0.600000
0.285264 0.562544 -0.220554 0.300000 0.000000 0.600000
0.140760 0.651898 -0.259671 0.600000 0.300000 0.000000
0.100217 0.171688 -0.159093 0.300000 0.000000 0.600000
-0.378608 -0.179389 0.028647 1.000000 0.000000 0.000000
-0.158183 -0.032161 0.317793 0.600000 0.000000 0.300000
0.245536 -0.032824 -0.167881 0.000000 0.500000 0.500000
-0.366463 -0.010760 0.270571 0.600000 0.000000 0.300000
0.203415 -0.037575 0.118458 0.600000 0.000000 0.300000
0.178838 -0.031483 0.286159 0.600000 0.000000 0.300000
0.363117 -0.009645 0.297123 0.600000 0.000000 0.300000
0.259227 -0.105317 0.453187 0.600000 0.000000 0.300000
-0.392464 -0.151235 0.056918 1.000000 0.000000 0.000000
-0.371051 -0.171380 0.011048 1.000000 0.000000 0.000000
0.299350 -0.131083 -0.079980 0.000000 0.500000 0.500000
-0.105449 0.707923 -0.280860 0.600000 0.300000 0.000000
-0.352900 0.577277 -0.219491 0.600000 0.000000 0.300000
-0.061204 -0.127156 0.040464 1.000000 0.000000 0.000000
-0.232122 -0.129196 0.014248 1.000000 0.000000 0.000000
-0.381918 -0.717997 0.515105 0.300000 0.600000 0.000000
-0.138554 -0.034706 0.301923 0.600000 0.000000 0.300000
-0.031428 -0.054312 0.004073 0.600000 0.000000 0.300000
-0.302138 0.143641 -0.130298 0.600000 0.000000 0.300000
-0.292076 -0.029042 0.062138 0.600000 0.000000 0.300000
0.076112 0.681967 -0.269260 0.600000 0.300000 0.000000
0.162937 -0.031948 0.303447 0.600000 0.000000 0.300000
-0.127074 0.314577 -0.184731 0.300000 0.000000 0.600000
0.236747 0.100386 -0.129165 0.300000 0.000000 0.600000
-0.012670 0.036065 -0.174425 0.300000 0.000000 0.600000
0.230835 -0.027263 -0.148064 0.300000 0.000000 0.600000
0.261483 0.250618 -0.128718 0.300000 0.000000 0.600000
-0.223990 -0.038997 -0.078870 0.600000 0.000000 0.300000
-0.115657 0.152366 -0.154460 0.300000 0.000000 0.600000
-0.394986 -0.624797 -0.280801 0.300000 0.600000 0.000000
-0.064193 0.327221 -0.196103 0.300000 0.000000 0.600000
-0.209247 0.628060 -0.242855 0.600000 0.300000 0.000000
-0.303589 -0.072696 -0.165432 0.600000 0.000000 0.300000
-0.336845 -0.332029 0.307454 0.600000 0.000000 0.300000
0.097045 -0.040426 0.244195 0.600000 0.000000 0.300000
0.029282 0.231064 -0.175863 0.300000 0.000000 0.600000
0.055100 -0.055304 -0.027899 0.600000 0.000000 0.300000
-0.263655 0.020523 -0.163625 0.600000 0.000000 0.300000
0.329435 -0.571639 0.440615 0.300000 0.000000 0.600000
-0.054720 0.423940 -0.222536 0.300000 0.000000 0.600000
-0.210826 0.684311 -0.257898 0.600000 0.300000 0.000000
-0.161722 -0.006131 -0.158606 0.300000 0.000000 0.600000
0.372120 -0.078522 0.319542 0.600000 0.000000 0.300000
-0.271968 0.447784 -0.181391 0.600000 0.000000 0.300000
0.299628 -0.123464 -0.112197 0.000000 0.500000 0.500000
-0.325518 -0.480788 0.394552 0.600000 0.000000 0.300000
-0.061137 0.096019 -0.165184 0.300000 0.000000 0.600000
-0.218707 -0.026761 0.320249 0.600000 0.000000 0.300000
-0.039436 -0.108161 0.463685 0.600000 0.000000 0.300000
0.365097 -0.061404 -0.006100 0.600000 0.000000 0.300000
0.329711 -0.046234 0.441776 0.600000 0.000000 0.300000
-0.232423 0.455005 -0.194074 0.300000 0.000000 0.600000
0.222967 0.148736 -0.176031 0.300000 0.000000 0.600000
0.196103 -0.029794 0.290079 0.600000 0.000000 0.300000
-0.217499 0.712069 -0.269231 0.600000 0.300000 0.000000
-0.230704 0.104094 -0.162939 0.600000 0.000000 0.300000
-0.055729 0.566343 -0.251846 0.300000 0.000000 0.600000
-0.184993 0.638353 -0.249306 0.600000 0.300000 0.000000
0.210874 -0.133946 0.049288 1.000000 0.000000 0.000000
-0.113894 -0.050412 0.011628 0.600000 0.000000 0.300000
-0.299512 0.276502 -0.168221 0.600000 0.000000 0.300000
-0.327222 -0.167115 0.077349 0.600000 0.000000 0.300000
0.321841 -0.487108 0.394878 0.300000 0.000000 0.600000
-0.174765 0.374521 -0.189461 0.300000 0.000000 0.600000
0.108128 -0.137050 0.442310 0.600000 0.000000 0.300000
-0.308108 -0.138710 0.037363 0.600000 0.000000 0.300000
-0.231012 -0.030319 0.217589 0.600000 0.000000 0.300000
0.311414 -0.730969 0.500597 0.300000 0.000000 0.600000
0.034771 -0.016415 -0.179643 0.300000 0.000000 0.600000
-0.383055 -0.064686 0.299000 0.600000 0.000000 0.300000
-0.031883 0.229424 -0.178588 0.300000 0.000000 0.600000
0.306880 0.417728 -0.195705 0.300000 0.000000 0.600000
0.041614 -0.057764 -0.105829 0.600000 0.000000 0.300000
-0.327098 0.740810 -0.252875 0.600000 0.000000 0.300000
0.153690 -0.052008 -0.171797 0.600000 0.000000 0.300000
-0.342932 -0.713790 0.488496 0.500000 0.000000 0.500000
0.353962 -0.185996 0.082037 0.300000 0.000000 0.600000
0.319802 -0.229239 0.139792 0.300000 0.000000 0.600000
0.133042 0.155461 -0.150321 0.300000 0.000000 0.600000
0.270890 0.088477 -0.196270 0.300000 0.000000 0.600000
0.095218 -0.054070 -0.044621 0.600000 0.000000 0.300000
0.312236 0.492428 -0.167608 0.300000 0.000000 0.600000
0.132204 0.066615 -0.157233 0.300000 0.000000 0.600000
0.317477 -0.154165 0.051280 0.300000 0.000000 0.600000
-0.455805 -0.737345 -0.253233 0.500000 0.500000 0.000000
-0.154225 0.677149 -0.267514 0.600000 0.300000 0.000000
-0.105460 -0.047731 0.080255 0.600000 0.000000 0.300000
-0.067058 -0.045961 0.156283 0.600000 0.000000 0.300000
-0.071887 0.044087 -0.168186 0.300000 0.000000 0.600000
-0.456185 -0.682119 -0.260998 0.500000 0.500000 0.000000
0.144819 0.524441 -0.236345 0.300000 0.000000 0.600000
-0.043256 -0.043852 0.213291 0.600000 0.000000 0.300000
-0.334001 0.568626 -0.219605 0.600000 0.000000 0.300000
0.236936 0.218045 -0.141328 0.300000 0.000000 0.600000
-0.174790 0.402709 -0.194627 0.300000 0.000000 0.600000
0.066444 -0.056633 -0.088453 0.600000 0.000000 0.300000
0.150844 -0.047147 -0.145651 0.600000 0.000000 0.300000
-0.385930 -0.690368 -0.292461 0.000000 1.000000 0.000000
-0.323217 -0.299848 0.254032 0.600000 0.000000 0.300000
-0.236457 0.528477 -0.218280 0.300000 0.000000 0.600000
0.273526 -0.125626 0.024035 1.000000 0.000000 0.000000
0.265230 -0.028562 -0.109007 0.600000 0.000000 0.300000
-0.337741 0.401209 -0.158345 0.600000 0.000000 0.300000
0.061512 0.414900 -0.216413 0.300000 0.000000 0.600000
-0.456599 -0.731949 -0.281966 0.500000 0.500000 0.000000
-0.355088 -0.341691 0.270607 0.600000 0.000000 0.300000
-0.404397 -0.467556 -0.197462 0.300000 0.600000 0.000000
0.076761 0.434538 -0.220642 0.300000 0.000000 0.600000
-0.119973 0.472021 -0.227263 0.300000 0.000000 0.600000
0.045903 -0.050749 0.423329 0.600000 0.000000 0.300000
-0.012847 -0.042842 0.242468 0.600000 0.000000 0.300000
-0.324043 -0.626606 0.481132 0.600000 0.000000 0.300000
0.181997 -0.035503 0.203880 0.600000 0.000000 0.300000
0.286990 -0.015857 0.335335 0.600000 0.000000 0.300000
-0.076772 -0.098075 -0.190107 0.600000 0.000000 0.300000
0.249130 -0.092755 -0.074199 0.000000 0.500000 0.500000
0.152322 0.111930 -0.145699 0.300000 0.000000 0.600000
0.306698 0.436856 -0.198801 0.300000 0.000000 0.600000
-0.357430 -0.718676 0.581901 0.500000 0.000000 0.500000
-0.328218 -0.065568 0.447387 0.600000 0.000000 0.300000
-0.230801 -0.037902 0.053186 0.600000 0.000000 0.300000
0.101727 0.003867 -0.166148 0.300000 0.000000 0.600000
0.134567 -0.162950 0.004657 1.000000 0.000000 0.000000
0.258134 0.622086 -0.230911 0.600000 0.300000 0.000000
0.137783 -0.049766 -0.079149 0.600000 0.000000 0.300000
-0.077397 -0.047464 0.119936 0.600000 0.000000 0.300000
0.114057 0.742205 -0.310172 0.600000 0.300000 0.000000
-0.381973 -0.731661 0.521411 0.300000 0.600000 0.000000
0.355076 -0.547900 0.454416 0.300000 0.000000 0.600000
0.205176 -0.039661 0.027839 0.600000 0.000000 0.300000
0.286336 -0.029181 0.034523 0.600000 0.000000 0.300000
-0.378180 -0.704318 -0.234324 0.000000 1.000000 0.000000
-0.362507 -0.027495 -0.091854 0.600000 0.000000 0.300000
-0.092243 0.171484 -0.158408 0.300000 0.000000 0.600000
-0.270645 0.373580 -0.168126 0.600000 0.000000 0.300000
0.290994 -0.120942 0.042905 0.000000 0.500000 0.500000
0.113279 0.175847 -0.152714 0.300000 0.000000 0.600000
0.401454 -0.254461 -0.086825 0.600000 0.300000 0.000000
0.361427 -0.067652 -0.058578 0.600000 0.000000 0.300000
0.308073 0.251817 -0.139868 0.300000 0.000000 0.600000
0.358763 -0.035883 0.424263 0.600000 0.000000 0.300000
-0.034710 0.732731 -0.304143 0.600000 0.300000 0.000000
0.046670 0.006144 -0.173788 0.300000 0.000000 0.600000
-0.318407 0.645844 -0.252385 0.600000 0.000000 0.300000
0.029069 0.197185 -0.170407 0.300000 0.000000 0.600000
0.177910 -0.030154 0.313167 0.600000 0.000000 0.300000
-0.327961 -0.167332 0.006999 1.000000 0.000000 0.000000
0.308166 0.706293 -0.241205 0.300000 0.000000 0.600000
-0.041203 -0.056373 -0.041639 0.600000 0.000000 0.300000
-0.189052 0.591242 -0.243169 0.600000 0.300000 0.000000
0.237855 0.504306 -0.206668 0.300000 0.000000 0.600000
0.315745 -0.110637 0.424440 0.600000 0.000000 0.300000
0.275202 -0.031018 0.021646 0.600000 0.000000 0.300000
0.113724 -0.064634 0.451178 0.600000 0.000000 0.300000
-0.204111 -0.042617 -0.011313 0.600000 0.000000 0.300000
-0.256733 0.303611 -0.161180 0.600000 0.000000 0.300000
-0.123087 -0.037056 0.281836 0.600000 0.000000 0.300000
0.177459 -0.043130 0.000165 0.600000 0.000000 0.300000
-0.130921 0.443815 -0.217437 0.300000 0.000000 0.600000
-0.369944 -0.694576 0.495737 0.500000 0.000000 0.500000
0.273348 0.510334 -0.204816 0.300000 0.000000 0.600000
-0.312771 0.700416 -0.264346 0.600000 0.000000 0.300000
0.016475 -0.071377 -0.191030 0.600000 0.000000 0.300000
0.382160 -0.321069 -0.135687 0.600000 0.300000 0.000000
0.008605 -0.052535 0.042016 0.600000 0.000000 0.300000
-0.299833 0.567417 -0.211872 0.600000 0.000000 0.300000
-0.377627 -0.327852 -0.128863 0.300000 0.600000 0.000000
0.376902 -0.063588 0.386072 0.600000 0.000000 0.300000
-0.268027 -0.027164 0.175174 0.600000 0.000000 0.300000
0.103758 -0.040975 0.392683 0.600000 0.000000 0.300000
-0.230779 0.660361 -0.247540 0.600000 0.300000 0.000000
0.300758 -0.024195 0.098983 0.600000 0.000000 0.300000
-0.310254 0.670940 -0.248282 0.600000 0.000000 0.300000
-0.196751 -0.007410 -0.151663 0.600000 0.000000 0.300000
0.100542 -0.091653 0.460873 0.600000 0.000000 0.300000
-0.303656 0.212297 -0.164509 0.600000 0.000000 0.300000
-0.234393 -0.134134 -0.057051 0.300000 0.600000 0.000000
-0.317379 0.616884 -0.207743 0.600000 0.000000 0.300000
-0.387771 -0.331088 -0.158689 0.300000 0.600000 0.000000
-0.325320 0.474999 -0.205552 0.600000 0.000000 0.300000
0.155753 -0.047782 -0.075088 0.600000 0.000000 0.300000
0.277461 0.588919 -0.220458 0.600000 0.300000 0.000000
0.179349 0.362008 -0.183977 0.300000 0.000000 0.600000
-0.308828 0.231682 -0.130322 0.600000 0.000000 0.300000
-0.141576 -0.044225 0.104013 0.600000 0.000000 0.300000
-0.271455 0.647424 -0.232363 0.300000 0.000000 0.600000
0.334469 0.303564 -0.146859 0.300000 0.000000 0.600000
0.086133 0.294195 -0.186167 0.300000 0.000000 0.600000
0.000825 0.560027 -0.254732 0.300000 0.000000 0.600000
0.156469 -0.152427 0.001838 1.000000 0.000000 0.000000
-0.289705 0.526492 -0.189783 0.600000 0.000000 0.300000
-0.140190 0.199121 -0.153655 0.300000 0.000000 0.600000
-0.074564 0.689489 -0.275889 0.600000 0.300000 0.000000
0.365158 -0.082717 0.192600 0.600000 0.000000 0.300000
-0.282649 0.123132 -0.185898 0.600000 0.000000 0.300000
-0.116290 -0.165082 0.005229 1.000000 0.000000 0.000000
-0.268014 0.136338 -0.120194 0.600000 0.000000 0.300000
0.011435 -0.046832 0.155104 0.600000 0.000000 0.300000
0.013527 -0.051211 0.066943 0.600000 0.000000 0.300000
0.073474 -0.043396 0.199724 0.600000 0.000000 0.300000
-0.236091 -0.108932 -0.164132 0.300000 0.600000 0.000000
-0.052259 -0.050668 0.071601 0.600000 0.000000 0.300000
0.276660 -0.078853 0.451493 0.600000 0.000000 0.300000
0.239840 -0.031173 0.160882 0.600000 0.000000 0.300000
-0.288918 -0.010446 -0.140374 0.600000 0.000000 0.300000
-0.171442 0.294881 -0.169129 0.300000 0.000000 0.600000
-0.038434 -0.041109 0.375052 0.600000 0.000000 0.300000
0.295923 -0.727447 0.518878 0.300000 0.000000 0.600000
0.257927 0.270586 -0.178404 0.300000 0.000000 0.600000
-0.278166 -0.027219 0.396502 0.600000 0.000000 0.300000
0.000611 -0.060323 -0.170352 0.600000 0.000000 0.300000
0.046842 -0.030914 -0.179601 0.300000 0.000000 0.600000
-0.290819 -0.152114 -0.025206 0.300000 0.600000 0.000000
-0.012485 0.510675 -0.247363 0.300000 0.000000 0.600000
0.065451 -0.016250 -0.176917 0.300000 0.000000 0.600000
0.387477 -0.564147 -0.276214 0.600000 0.300000 0.000000
0.272708 0.343706 -0.145346 0.300000 0.000000 0.600000
0.276135 0.055426 -0.129585 0.300000 0.000000 0.600000
0.053904 -0.037673 0.319022 0.600000 0.000000 0.300000
0.185450 0.743656 -0.292658 0.600000 0.300000 0.000000
0.246104 0.266038 -0.136190 0.300000 0.000000 0.600000
0.081821 0.084784 -0.163263 0.300000 0.000000 0.600000
0.229384 0.167462 -0.146671 0.300000 0.000000 0.600000
0.293703 0.329763 -0.137970 0.300000 0.000000 0.600000
-0.104171 -0.041320 0.217957 0.600000 0.000000 0.300000
-0.223501 0.329001 -0.163628 0.300000 0.000000 0.600000
-0.288465 -0.055747 -0.157578 0.600000 0.000000 0.300000
-0.330283 -0.318188 0.243359 0.600000 0.000000 0.300000
0.276385 -0.163910 0.039589 0.300000 0.000000 0.600000
0.290332 -0.114401 -0.163669 0.000000 0.500000 0.500000
-0.028947 -0.046862 0.157856 0.600000 0.000000 0.300000
0.209112 -0.041522 -0.034869 0.600000 0.000000 0.300000
-0.331153 0.362718 -0.154638 0.600000 0.000000 0.300000
-0.268033 0.346628 -0.148900 0.600000 0.000000 0.300000
-0.127619 -0.051346 -0.143634 0.600000 0.000000 0.300000
-0.109851 0.723902 -0.289473 0.600000 0.300000 0.000000
0.083852 0.617639 -0.259046 0.600000 0.300000 0.000000
-0.142767 0.256404 -0.164831 0.300000 0.000000 0.600000
0.030244 0.454896 -0.229397 0.300000 0.000000 0.600000
0.134233 -0.049153 -0.155766 0.600000 0.000000 0.300000
0.163552 0.739426 -0.291169 0.600000 0.300000 0.000000
-0.293987 0.205821 -0.171498 0.600000 0.000000 0.300000
0.433801 -0.699851 -0.297548 0.800000 0.200000 0.500000
0.375906 -0.045238 0.277869 0.600000 0.000000 0.300000
-0.105650 0.487639 -0.233178 0.300000 0.000000 0.600000
-0.116126 0.746462 -0.312810 0.600000 0.300000 0.000000
0.315302 -0.517675 0.438957 0.300000 0.000000 0.600000
-0.381534 -0.068461 0.244097 0.600000 0.000000 0.300000
0.350012 -0.580707 0.449853 0.300000 0.000000 0.600000
0.146215 -0.040188 0.173059 0.600000 0.000000 0.300000
0.254433 -0.118032 0.035282 0.000000 0.500000 0.500000
0.340229 -0.453343 0.410636 0.300000 0.000000 0.600000
-0.323183 -0.407030 0.338645 0.600000 0.000000 0.300000
0.367691 -0.036599 0.069088 0.600000 0.000000 0.300000
0.169677 -0.135059 0.050402 1.000000 0.000000 0.000000
0.083086 0.705458 -0.278516 0.600000 0.300000 0.000000
-0.388545 -0.732293 -0.300103 0.000000 1.000000 0.000000
-0.215626 -0.040610 0.006866 0.600000 0.000000 0.300000
-0.334147 -0.647094 0.483408 0.600000 0.000000 0.300000
0.333242 -0.336179 0.312207 0.300000 0.000000 0.600000
-0.361902 -0.597947 0.469271 0.600000 0.000000 0.300000
0.332561 0.276529 -0.148448 0.300000 0.000000 0.600000
0.351630 -0.517185 0.418291 0.300000 0.000000 0.600000
0.260893 0.328226 -0.191150 0.300000 0.000000 0.600000
-0.107302 0.508770 -0.241056 0.300000 0.000000 0.600000
0.191690 -0.028467 0.335625 0.600000 0.000000 0.300000
0.284202 -0.160179 0.012729 0.000000 0.500000 0.500000
-0.390183 -0.425802 -0.185592 0.300000 0.600000 0.000000
-0.311900 -0.111235 -0.129094 0.300000 0.600000 0.000000
-0.397780 -0.647716 -0.287983 0.300000 0.600000 0.000000
-0.004583 0.130945 -0.170297 0.300000 0.000000 0.600000
0.276050 -0.072512 -0.148074 0.000000 0.500000 0.500000
0.367022 -0.291013 -0.112128 0.600000 0.300000 0.000000
0.233698 0.040662 -0.166878 0.300000 0.000000 0.600000
0.136366 -0.049227 -0.142568 0.600000 0.000000 0.300000
0.072627 -0.057155 -0.158373 0.600000 0.000000 0.300000
0.004959 0.702820 -0.282923 0.600000 0.300000 0.000000
0.256988 0.296977 -0.153246 0.300000 0.000000 0.600000
-0.168830 -0.033278 -0.158059 0.300000 0.000000 0.600000
-0.345004 0.735756 -0.257212 0.600000 0.000000 0.300000
-0.243694 -0.036353 0.042644 0.600000 0.000000 0.300000
0.194679 -0.037687 0.136741 0.600000 0.000000 0.300000
0.238807 -0.035554 0.038113 0.600000 0.000000 0.300000
0.338980 -0.723239 0.487720 0.600000 0.000000 0.300000
-0.263834 0.084829 -0.199605 0.600000 0.000000 0.300000
-0.298076 -0.080950 -0.147115 0.600000 0.000000 0.300000
-0.359905 -0.299620 0.258241 0.600000 0.000000 0.300000
-0.453922 -0.690966 -0.290568 0.500000 0.500000 0.000000
0.395720 -0.385416 -0.185210 0.600000 0.300000 0.000000
-0.262482 -0.007217 -0.139141 0.600000 0.000000 0.300000
0.250955 0.327022 -0.173636 0.300000 0.000000 0.600000
0.418559 -0.700378 -0.310569 0.300000 0.000000 0.600000
0.048533 -0.049049 0.099121 0.600000 0.000000 0.300000
-0.168888 0.113460 -0.141969 0.300000 0.000000 0.600000
-0.143249 -0.038095 0.229759 0.600000 0.000000 0.300000
-0.052972 -0.048350 0.118271 0.600000 0.000000 0.300000
-0.210888 -0.175796 0.043321 1.000000 0.000000 0.000000
-0.250567 -0.035993 0.002784 0.600000 0.000000 0.300000
0.243524 -0.156457 -0.004741 0.000000 0.500000 0.500000
0.154569 0.722169 -0.282640 0.600000 0.300000 0.000000
-0.294253 0.010182 -0.150519 0.600000 0.000000 0.300000
-0.041103 -0.057510 -0.073492 0.600000 0.000000 0.300000
-0.270153 0.313331 -0.151402 0.600000 0.000000 0.300000
0.311871 0.289660 -0.128519 0.300000 0.000000 0.600000
0.237771 0.120341 -0.146593 0.300000 0.000000 0.600000
-0.363281 -0.553616 0.454910 0.600000 0.000000 0.300000
0.194254 0.620017 -0.243995 0.600000 0.300000 0.000000
-0.306558 0.424814 -0.155862 0.600000 0.000000 0.300000
-0.114174 -0.043525 0.157210 0.600000 0.000000 0.300000
0.148160 0.020867 -0.158340 0.300000 0.000000 0.600000
0.277872 0.693091 -0.241851 0.300000 0.000000 0.600000
0.227729 -0.157116 0.044649 0.000000 0.500000 0.500000
0.193254 0.208245 -0.140145 0.300000 0.000000 0.600000
0.390947 -0.365428 -0.166479 0.600000 0.300000 0.000000
-0.095324 0.445137 -0.221865 0.300000 0.000000 0.600000
0.214384 -0.175428 0.015097 1.000000 0.000000 0.000000
-0.456441 -0.704363 -0.265664 0.500000 0.500000 0.000000
0.241367 0.258475 -0.179858 0.300000 0.000000 0.600000
0.344811 0.326161 -0.158765 0.300000 0.000000 0.600000
0.315513 0.229854 -0.154762 0.300000 0.000000 0.600000
-0.231109 -0.098225 -0.141839 0.300000 0.600000 0.000000
-0.202384 -0.139309 0.005064 1.000000 0.000000 0.000000
-0.274268 -0.157468 0.008859 0.600000 0.000000 0.300000
0.273600 -0.020685 0.277562 0.600000 0.000000 0.300000
0.257071 0.647872 -0.233735 0.600000 0.300000 0.000000
0.362554 -0.176911 0.039377 1.000000 0.000000 0.000000
-0.203655 -0.039033 0.110050 0.600000 0.000000 0.300000
0.285608 0.035006 -0.200770 0.300000 0.000000 0.600000
0.258027 0.061231 -0.144438 0.300000 0.000000 0.600000
-0.202895 -0.027720 0.337384 0.600000 0.000000 0.300000
-0.120135 -0.052363 -0.113307 0.600000 0.000000 0.300000
-0.124224 -0.038689 0.245642 0.600000 0.000000 0.300000
0.272855 0.362983 -0.165176 0.300000 0.000000 0.600000
0.323054 0.371870 -0.139072 0.300000 0.000000 0.600000
0.371932 -0.055851 0.140437 0.600000 0.000000 0.300000
0.181737 -0.042487 -0.153618 0.600000 0.000000 0.300000
0.253893 -0.116382 -0.158181 0.300000 0.000000 0.600000
-0.080777 0.103021 -0.162061 0.300000 0.000000 0.600000
-0.381814 -0.051201 0.228441 0.600000 0.000000 0.300000
-0.230353 -0.021397 -0.145422 0.600000 0.000000 0.300000
-0.312555 -0.013400 0.335013 0.600000 0.000000 0.300000
0.065185 -0.048110 0.417824 0.600000 0.000000 0.300000
0.192000 0.039670 -0.146975 0.300000 0.000000 0.600000
0.024277 -0.089036 0.462414 0.600000 0.000000 0.300000
0.272948 0.181238 -0.116450 0.300000 0.000000 0.600000
-0.267212 -0.030844 0.403632 0.600000 0.000000 0.300000
-0.321759 -0.329469 0.285117 0.600000 0.000000 0.300000
-0.304099 0.068087 -0.140596 0.600000 0.000000 0.300000
0.114968 0.096720 -0.155637 0.300000 0.000000 0.600000
-0.400444 -0.195065 -0.024624 0.300000 0.600000 0.000000
-0.294311 0.394410 -0.200691 0.600000 0.000000 0.300000
0.399039 -0.333059 -0.158937 0.600000 0.300000 0.000000
0.400854 -0.654818 -0.280384 0.600000 0.300000 0.000000
-0.255849 0.445065 -0.181144 0.600000 0.000000 0.300000
0.178104 -0.044864 -0.092686 0.600000 0.000000 0.300000
-0.250516 0.028980 -0.159968 0.600000 0.000000 0.300000
-0.390607 -0.335843 -0.118244 0.300000 0.600000 0.000000
-0.082335 -0.177047 0.038871 1.000000 0.000000 0.000000
-0.064160 -0.055764 -0.046882 0.600000 0.000000 0.300000
0.319276 -0.063058 -0.152238 0.600000 0.000000 0.300000
-0.030800 0.387089 -0.210180 0.300000 0.000000 0.600000
0.213104 0.341938 -0.166519 0.300000 0.000000 0.600000
-0.297461 -0.107178 -0.019863 0.300000 0.600000 0.000000
0.321307 -0.587831 0.485511 0.300000 0.000000 0.600000
-0.341563 0.443479 -0.175286 0.600000 0.000000 0.300000
0.370960 -0.714856 -0.248255 0.600000 0.000000 0.300000
0.346928 -0.553570 0.433564 0.300000 0.000000 0.600000
-0.361928 -0.185556 0.098017 0.600000 0.000000 0.300000
-0.276457 -0.113966 -0.169049 0.300000 0.600000 0.000000
-0.372445 -0.022800 0.133272 0.600000 0.000000 0.300000
-0.128497 -0.143883 0.003838 1.000000 0.000000 0.000000
0.164979 0.635007 -0.249485 0.600000 0.300000 0.000000
0.404389 -0.615714 -0.264692 0.600000 0.300000 0.000000
0.290495 0.492440 -0.177971 0.300000 0.000000 0.600000
-0.386292 -0.292014 -0.120369 0.300000 0.600000 0.000000
0.269597 0.321773 -0.141783 0.300000 0.000000 0.600000
-0.015464 -0.169008 0.008675 1.000000 0.000000 0.000000
0.294426 -0.049435 -0.204102 0.300000 0.000000 0.600000
0.135276 0.322929 -0.184765 0.300000 0.000000 0.600000
0.318492 0.638140 -0.228900 0.300000 0.000000 0.600000
0.081836 -0.038050 0.300780 0.600000 0.000000 0.300000
-0.383490 -0.175251 -0.026884 0.300000 0.600000 0.000000
0.235737 0.218415 -0.163108 0.300000 0.000000 0.600000
0.170768 0.413283 -0.198536 0.300000 0.000000 0.600000
-0.311980 -0.141721 0.004418 1.000000 0.000000 0.000000
-0.207921 -0.041426 -0.091816 0.600000 0.000000 0.300000
-0.235746 0.615916 -0.235679 0.600000 0.300000 0.000000
0.241825 0.082633 -0.130087 0.300000 0.000000 0.600000
-0.287820 -0.155254 -0.011749 0.300000 0.600000 0.000000
-0.324239 -0.274985 0.200381 0.600000 0.000000 0.300000
0.231320 0.200380 -0.186598 0.300000 0.000000 0.600000
-0.285062 -0.006678 -0.167560 0.600000 0.000000 0.300000
0.157384 0.320187 -0.178470 0.300000 0.000000 0.600000
-0.379121 -0.270321 -0.096384 0.300000 0.600000 0.000000
-0.229366 -0.053247 -0.170466 0.600000 0.000000 0.300000
-0.059855 0.400644 -0.215548 0.300000 0.000000 0.600000
-0.290595 0.465808 -0.205303 0.600000 0.000000 0.300000
-0.252492 -0.163074 0.042020 0.600000 0.000000 0.300000
-0.356428 -0.639576 0.480583 0.600000 0.000000 0.300000
-0.362371 -0.301931 0.242584 0.600000 0.000000 0.300000
0.210540 -0.040304 -0.014234 0.600000 0.000000 0.300000
0.324168 0.259065 -0.137196 0.300000 0.000000 0.600000
-0.045963 -0.042867 0.230984 0.600000 0.000000 0.300000
-0.338195 0.694410 -0.253492 0.600000 0.000000 0.300000
-0.352379 -0.404093 0.367988 0.600000 0.000000 0.300000
-0.414934 -0.455613 -0.221591 0.300000 0.600000 0.000000
0.304336 -0.110187 -0.069113 0.000000 0.500000 0.500000
0.316653 -0.607448 0.472811 0.300000 0.000000 0.600000
0.264667 0.156799 -0.117917 0.300000 0.000000 0.600000
-0.375006 -0.077244 0.041694 0.600000 0.000000 0.300000
0.360765 -0.040824 -0.068160 0.600000 0.000000 0.300000
0.004226 0.431327 -0.222606 0.300000 0.000000 0.600000
0.204960 0.609598 -0.236866 0.600000 0.300000 0.000000
0.278923 -0.028604 0.088379 0.600000 0.000000 0.300000
0.446073 -0.734018 -0.231511 0.800000 0.200000 0.500000
0.347347 0.565293 -0.188195 0.300000 0.000000 0.600000
-0.382845 -0.063721 0.285458 0.600000 0.000000 0.300000
-0.123794 -0.136628 0.051970 1.000000 0.000000 0.000000
-0.329886 -0.016182 0.200484 0.600000 0.000000 0.300000
0.262742 0.257030 -0.178874 0.300000 0.000000 0.600000
0.032939 0.326786 -0.195998 0.300000 0.000000 0.600000
0.191309 -0.156520 0.055852 1.000000 0.000000 0.000000
0.346960 -0.019588 -0.029621 0.600000 0.000000 0.300000
-0.299017 0.474183 -0.168966 0.600000 0.000000 0.300000
-0.051177 0.494683 -0.242630 0.300000 0.000000 0.600000
0.000795 0.656824 -0.268141 0.600000 0.300000 0.000000
-0.287963 0.369534 -0.183748 0.600000 0.000000 0.300000
-0.255294 -0.066457 -0.206650 0.600000 0.000000 0.300000
0.397305 -0.400483 -0.186268 0.600000 0.300000 0.000000
-0.363059 -0.401933 0.337657 0.600000 0.000000 0.300000
0.114351 0.042069 -0.162760 0.300000 0.000000 0.600000
0.275789 -0.030599 -0.004014 0.600000 0.000000 0.300000
0.012220 0.379760 -0.208334 0.300000 0.000000 0.600000
0.124307 0.507967 -0.238917 0.300000 0.000000 0.600000
-0.358681 -0.514667 0.417660 0.600000 0.000000 0.300000
-0.063900 0.211489 -0.169265 0.300000 0.000000 0.600000
-0.390182 -0.305889 -0.142364 0.300000 0.600000 0.000000
-0.350010 -0.011632 0.213167 0.600000 0.000000 0.300000
0.266355 -0.031951 -0.026810 0.600000 0.000000 0.300000
0.386903 -0.361974 -0.142852 0.600000 0.300000 0.000000
0.318873 0.483547 -0.207189 0.300000 0.000000 0.600000
0.344597 -0.162434 0.054266 1.000000 0.000000 0.000000
-0.190015 0.692024 -0.263561 0.600000 0.300000 0.000000
0.062869 -0.057070 -0.113999 0.600000 0.000000 0.300000
-0.279499 -0.021440 0.252963 0.600000 0.000000 0.300000
-0.267043 -0.038172 -0.160615 0.600000 0.000000 0.300000
0.358081 -0.101147 0.432951 0.600000 0.000000 0.300000
0.135446 0.050135 -0.155105 0.300000 0.000000 0.600000
-0.296047 0.414977 -0.191847 0.600000 0.000000 0.300000
-0.101066 -0.150731 0.056783 1.000000 0.000000 0.000000
-0.054306 -0.039853 0.369605 0.600000 0.000000 0.300000
0.235901 0.251894 -0.151523 0.300000 0.000000 0.600000
0.256560 0.034006 -0.207044 0.300000 0.000000 0.600000
-0.251723 -0.093234 -0.073141 0.300000 0.600000 0.000000
-0.361654 -0.618580 0.481226 0.600000 0.000000 0.300000
0.164763 -0.044682 -0.003373 0.600000 0.000000 0.300000
0.330871 -0.578304 0.489537 0.300000 0.000000 0.600000
0.112362 -0.047251 0.081742 0.600000 0.000000 0.300000
-0.032188 -0.179571 0.029325 1.000000 0.000000 0.000000
0.179283 0.684793 -0.261338 0.600000 0.300000 0.000000
0.079016 -0.130961 0.456147 0.600000 0.000000 0.300000
0.097699 -0.054270 -0.109057 0.600000 0.000000 0.300000
0.255959 0.162843 -0.184924 0.300000 0.000000 0.600000
-0.241177 0.138671 -0.140634 0.600000 0.000000 0.300000
0.125332 0.254195 -0.167007 0.300000 0.000000 0.600000
0.361302 -0.013753 0.371955 0.600000 0.000000 0.300000
-0.230250 0.103655 -0.130687 0.600000 0.000000 0.300000
0.235560 0.654457 -0.239670 0.600000 0.300000 0.000000
0.302167 -0.718541 0.573664 0.300000 0.000000 0.600000
-0.196893 -0.127881 0.043169 1.000000 0.000000 0.000000
0.077964 -0.082210 0.459909 0.600000 0.000000 0.300000
0.101295 -0.120971 0.462907 0.600000 0.000000 0.300000
0.392763 -0.526609 -0.266332 0.600000 0.300000 0.000000
-0.049690 -0.119695 0.464430 0.600000 0.000000 0.300000
0.161631 -0.040916 0.133689 0.600000 0.000000 0.300000
-0.138970 -0.042341 0.409029 0.600000 0.000000 0.300000
0.317458 0.307295 -0.131426 0.300000 0.000000 0.600000
-0.323237 0.302011 -0.132173 0.600000 0.000000 0.300000
0.369002 -0.315645 -0.133674 0.600000 0.300000 0.000000
0.275105 0.443513 -0.184547 0.300000 0.000000 0.600000
-0.383686 -0.072189 0.384471 0.600000 0.000000 0.300000
-0.339561 -0.600779 0.457658 0.600000 0.000000 0.300000
0.298375 0.041281 -0.140011 0.300000 0.000000 0.600000
-0.164365 0.730600 -0.284793 0.600000 0.300000 0.000000
0.431143 -0.676945 -0.242968 0.300000 0.000000 0.600000
-0.362398 -0.208182 0.123104 0.600000 0.000000 0.300000
-0.106317 -0.046822 0.098329 0.600000 0.000000 0.300000
-0.362106 0.637745 -0.241128 0.600000 0.000000 0.300000
-0.082615 -0.069665 0.453997 0.600000 0.000000 0.300000
0.051580 -0.040282 0.269017 0.600000 0.000000 0.300000
0.242475 -0.028836 0.199646 0.600000 0.000000 0.300000
-0.383270 -0.076834 0.349460 0.600000 0.000000 0.300000
-0.045362 -0.041843 0.251562 0.600000 0.000000 0.300000
-0.414921 -0.551880 -0.241512 0.300000 0.600000 0.000000
0.290876 -0.044755 0.437488 0.600000 0.000000 0.300000
0.255505 0.350462 -0.167352 0.300000 0.000000 0.600000
0.009014 -0.049872 0.095104 0.600000 0.000000 0.300000
-0.300615 -0.021388 -0.117946 0.600000 0.000000 0.300000
0.331214 0.353920 -0.139972 0.300000 0.000000 0.600000
0.234433 -0.116238 0.006495 0.000000 0.500000 0.500000
-0.309316 -0.140649 -0.021249 0.300000 0.600000 0.000000
-0.289319 0.554469 -0.219273 0.600000 0.000000 0.300000
-0.268631 0.326239 -0.165665 0.600000 0.000000 0.300000
0.199553 -0.051078 -0.172567 0.600000 0.000000 0.300000
-0.308555 0.619134 -0.223740 0.600000 0.000000 0.300000
0.305684 -0.046305 -0.188407 0.000000 0.500000 0.500000
0.263030 -0.020183 0.354640 0.600000 0.000000 0.300000
-0.317162 0.387936 -0.189514 0.600000 0.000000 0.300000
0.386061 -0.544746 -0.257262 0.600000 0.300000 0.000000
0.143277 -0.039526 0.190592 0.600000 0.000000 0.300000
-0.317026 -0.714015 0.573592 0.000000 0.500000 0.500000
-0.282090 -0.027945 -0.076905 0.600000 0.000000 0.300000
0.045202 -0.050689 0.067444 0.600000 0.000000 0.300000
-0.310318 0.252554 -0.131056 0.600000 0.000000 0.300000
0.113289 -0.028129 -0.169273 0.300000 0.000000 0.600000
0.158695 -0.129396 0.044739 1.000000 0.000000 0.000000
-0.244847 0.715630 -0.260707 0.600000 0.300000 0.000000
0.301836 -0.048847 -0.158566 0.600000 0.000000 0.300000
-0.245109 0.211029 -0.188659 0.600000 0.000000 0.300000
-0.023119 -0.041173 0.276664 0.600000 0.000000 0.300000
-0.350043 -0.179886 0.115035 0.600000 0.000000 0.300000
0.242483 -0.022971 0.313382 0.600000 0.000000 0.300000
0.226938 0.094722 -0.155807 0.300000 0.000000 0.600000
0.181748 -0.130046 0.045388 1.000000 0.000000 0.000000
0.308670 0.271281 -0.156588 0.300000 0.000000 0.600000
-0.319630 -0.728905 0.499520 0.000000 0.500000 0.500000
-0.318330 0.550767 -0.224987 0.600000 0.000000 0.300000
0.373825 -0.163637 0.004841 1.000000 0.000000 0.000000
0.279309 -0.029231 0.071767 0.600000 0.000000 0.300000
-0.382131 -0.690347 0.534908 0.300000 0.600000 0.000000
-0.396022 -0.681110 -0.294169 1.000000 0.000000 0.000000
0.000986 0.716028 -0.285962 0.600000 0.300000 0.000000
0.250860 0.023553 -0.160390 0.300000 0.000000 0.600000
-0.352651 -0.537184 0.424506 0.600000 0.000000 0.300000
-0.232047 0.050031 -0.137035 0.600000 0.000000 0.300000
-0.325606 -0.021801 -0.000785 0.600000 0.000000 0.300000
0.363705 -0.703685 0.576155 0.600000 0.000000 0.300000
0.350646 -0.411734 0.338353 0.300000 0.000000 0.600000
0.102505 -0.160057 0.003882 1.000000 0.000000 0.000000
0.331964 0.697970 -0.260365 0.300000 0.000000 0.600000
0.339463 0.369682 -0.170323 0.300000 0.000000 0.600000
-0.234760 0.182640 -0.135317 0.600000 0.000000 0.300000
-0.277788 0.151083 -0.182926 0.600000 0.000000 0.300000
0.354965 -0.628400 0.487753 0.300000 0.000000 0.600000
0.037571 -0.042532 0.230570 0.600000 0.000000 0.300000
-0.091801 -0.042351 0.211455 0.600000 0.000000 0.300000
0.357538 -0.015749 0.173589 0.600000 0.000000 0.300000
0.063288 0.146758 -0.161487 0.300000 0.000000 0.600000
0.358566 0.589957 -0.217416 0.300000 0.000000 0.600000
-0.326012 -0.216492 0.155352 0.600000 0.000000 0.300000
0.098891 0.337987 -0.194081 0.300000 0.000000 0.600000
-0.109710 0.602901 -0.253689 0.600000 0.300000 0.000000
-0.333218 -0.099734 0.442744 0.600000 0.000000 0.300000
0.365971 -0.282679 -0.100853 0.600000 0.300000 0.000000
-0.378435 -0.069187 0.141645 0.600000 0.000000 0.300000
-0.265334 -0.033277 -0.019706 0.600000 0.000000 0.300000
0.278869 -0.087460 -0.111107 0.300000 0.000000 0.600000
0.244584 -0.037981 0.420830 0.600000 0.000000 0.300000
-0.019958 -0.123989 0.464385 0.600000 0.000000 0.300000
0.280835 0.371805 -0.198084 0.300000 0.000000 0.600000
0.304874 0.214703 -0.133330 0.300000 0.000000 0.600000
0.311483 -0.023080 -0.010255 0.600000 0.000000 0.300000
0.003595 -0.106455 -0.192575 0.600000 0.000000 0.300000
0.367274 -0.015991 0.259465 0.600000 0.000000 0.300000
0.061922 -0.038446 0.300802 0.600000 0.000000 0.300000
0.067570 0.727743 -0.291503 0.600000 0.300000 0.000000
0.331941 -0.639410 0.519218 0.300000 0.000000 0.600000
-0.361351 -0.368858 0.323956 0.600000 0.000000 0.300000
0.277379 0.058154 -0.152262 0.300000 0.000000 0.600000
-0.400788 -0.699910 -0.221397 1.000000 0.000000 0.000000
0.447603 -0.746954 -0.288401 0.800000 0.200000 0.500000
-0.355002 -0.536415 0.461499 0.600000 0.000000 0.300000
-0.234897 0.008991 -0.170622 0.600000 0.000000 0.300000
0.348608 0.503470 -0.192901 0.300000 0.000000 0.600000
-0.077149 0.235382 -0.174173 0.300000 0.000000 0.600000
0.148914 -0.171508 0.011176 1.000000 0.000000 0.000000
-0.092655 0.745872 -0.316041 0.600000 0.300000 0.000000
-0.242539 -0.035489 0.070483 0.600000 0.000000 0.300000
-0.340408 -0.342353 0.262440 0.600000 0.000000 0.300000
0.133010 0.529789 -0.241975 0.300000 0.000000 0.600000
0.087898 0.379877 -0.206701 0.300000 0.000000 0.600000
0.166127 -0.037686 0.188204 0.600000 0.000000 0.300000
-0.316621 -0.112037 0.424794 0.600000 0.000000 0.300000
0.241920 0.474949 -0.196144 0.300000 0.000000 0.600000
0.177239 0.529064 -0.229661 0.300000 0.000000 0.600000
0.376904 -0.041724 0.362628 0.600000 0.000000 0.300000
0.332061 -0.597225 0.455123 0.300000 0.000000 0.600000
0.262604 -0.103884 -0.026248 0.000000 0.500000 0.500000
0.374218 -0.083056 0.355405 0.600000 0.000000 0.300000
-0.191225 -0.040646 0.413061 0.600000 0.000000 0.300000
-0.339772 0.757063 -0.276822 0.600000 0.000000 0.300000
0.149311 0.249186 -0.163274 0.300000 0.000000 0.600000
0.004693 -0.058728 0.440836 0.600000 0.000000 0.300000
0.052498 0.516170 -0.244529 0.300000 0.000000 0.600000
0.300303 -0.114313 -0.091070 0.300000 0.000000 0.600000
0.309161 0.340133 -0.172769 0.300000 0.000000 0.600000
-0.012692 -0.045733 0.407355 0.600000 0.000000 0.300000
0.215760 0.116133 -0.131258 0.300000 0.000000 0.600000
0.206335 0.135165 -0.131228 0.300000 0.000000 0.600000
-0.345127 0.527600 -0.175139 0.600000 0.000000 0.300000
-0.147188 -0.049488 -0.112635 0.600000 0.000000 0.300000
-0.370637 -0.265203 -0.078185 0.300000 0.600000 0.000000
0.359302 -0.050359 -0.090501 0.600000 0.000000 0.300000
-0.349552 -0.007933 0.328469 0.600000 0.000000 0.300000
-0.314119 0.668374 -0.226707 0.600000 0.000000 0.300000
-0.387359 -0.127861 0.043093 1.000000 0.000000 0.000000
0.254606 -0.007326 -0.142370 0.300000 0.000000 0.600000
-0.095278 0.047439 -0.164939 0.300000 0.000000 0.600000
0.337480 -0.325567 0.246492 0.300000 0.000000 0.600000
0.059739 0.096118 -0.168380 0.300000 0.000000 0.600000
-0.305360 0.271433 -0.129972 0.600000 0.000000 0.300000
0.373006 -0.727534 -0.302325 0.600000 0.000000 0.300000
0.108317 -0.056543 -0.177826 0.600000 0.000000 0.300000
-0.188371 0.537603 -0.233119 0.300000 0.000000 0.600000
-0.135507 -0.048906 -0.005244 0.600000 0.000000 0.300000
-0.347782 -0.425572 0.391212 0.600000 0.000000 0.300000
-0.344960 -0.018343 0.002527 0.600000 0.000000 0.300000
0.201915 -0.036552 0.408953 0.600000 0.000000 0.300000
0.226845 0.454293 -0.198653 0.300000 0.000000 0.600000
-0.387454 -0.748391 -0.289041 0.000000 1.000000 0.000000
0.309438 0.265340 -0.126093 0.300000 0.000000 0.600000
-0.242244 -0.143722 -0.049803 0.300000 0.600000 0.000000
0.200379 -0.177374 0.021135 1.000000 0.000000 0.000000
-0.300183 -0.168503 0.008170 1.000000 0.000000 0.000000
0.333329 0.420444 -0.182378 0.300000 0.000000 0.600000
0.353025 -0.337207 0.276167 0.300000 0.000000 0.600000
-0.301306 0.167250 -0.126507 0.600000 0.000000 0.300000
0.289173 0.161674 -0.119106 0.300000 0.000000 0.600000
0.213741 -0.160448 0.054799 1.000000 0.000000 0.000000
0.040682 -0.048104 0.120513 0.600000 0.000000 0.300000
0.354855 -0.134665 0.008778 1.000000 0.000000 0.000000
-0.323267 -0.607222 0.471903 0.600000 0.000000 0.300000
-0.363346 -0.132612 0.047954 1.000000 0.000000 0.000000
-0.380190 -0.042082 0.164599 0.600000 0.000000 0.300000
-0.362067 0.739886 -0.281298 0.600000 0.000000 0.300000
0.356290 0.480347 -0.188167 0.300000 0.000000 0.600000
-0.410929 -0.623234 -0.267575 0.300000 0.600000 0.000000
0.240434 0.005213 -0.158369 0.300000 0.000000 0.600000
-0.185770 0.439825 -0.202451 0.300000 0.000000 0.600000
-0.068537 -0.149294 0.002389 1.000000 0.000000 0.000000
0.155789 -0.063360 0.451068 0.600000 0.000000 0.300000
-0.250290 -0.144754 0.003605 1.000000 0.000000 0.000000
-0.369374 -0.089738 0.029711 0.600000 0.000000 0.300000
-0.070809 0.123278 -0.164781 0.300000 0.000000 0.600000
0.017279 0.698672 -0.277270 0.600000 0.300000 0.000000
-0.419994 -0.724572 -0.219148 1.000000 0.000000 0.000000
0.181817 -0.043137 -0.135202 0.600000 0.000000 0.300000
0.067531 0.554954 -0.252097 0.300000 0.000000 0.600000
-0.309929 -0.731421 0.568136 0.000000 0.500000 0.500000
0.080690 -0.037355 0.314785 0.600000 0.000000 0.300000
-0.291337 0.230942 -0.123203 0.600000 0.000000 0.300000
-0.353361 -0.324080 0.250738 0.600000 0.000000 0.300000
0.078257 -0.125242 0.025467 1.000000 0.000000 0.000000
-0.008260 -0.053924 0.019553 0.600000 0.000000 0.300000
-0.077643 0.373608 -0.205892 0.300000 0.000000 0.600000
0.294955 -0.020509 0.207540 0.600000 0.000000 0.300000
0.119386 -0.049532 0.024580 0.600000 0.000000 0.300000
-0.288845 -0.091421 -0.096889 0.600000 0.000000 0.300000
0.292104 0.585058 -0.233402 0.300000 0.000000 0.600000
0.286283 0.607431 -0.230601 0.600000 0.300000 0.000000
0.316746 -0.332444 0.269496 0.300000 0.000000 0.600000
-0.123306 0.690642 -0.274098 0.600000 0.300000 0.000000
-0.404463 -0.549801 -0.277995 0.300000 0.600000 0.000000
0.271264 0.144744 -0.121632 0.300000 0.000000 0.600000
0.074376 -0.099493 0.462225 0.600000 0.000000 0.300000
0.348287 -0.017203 0.093778 0.600000 0.000000 0.300000
-0.136038 -0.050460 -0.087175 0.600000 0.000000 0.300000
0.367817 -0.083630 0.046594 0.600000 0.000000 0.300000
0.194297 -0.041417 -0.121455 0.600000 0.000000 0.300000
-0.380262 -0.073198 0.208471 0.600000 0.000000 0.300000
-0.289356 0.538536 -0.194294 0.600000 0.000000 0.300000
-0.307625 -0.026996 0.406724 0.600000 0.000000 0.300000
0.008097 -0.037648 0.354055 0.600000 0.000000 0.300000
-0.296742 0.310934 -0.134723 0.600000 0.000000 0.300000
0.053766 0.688219 -0.272348 0.600000 0.300000 0.000000
0.184557 -0.042042 0.072432 0.600000 0.000000 0.300000
-0.187731 -0.038568 0.147155 0.600000 0.000000 0.300000
-0.305038 -0.104108 -0.175129 0.300000 0.600000 0.000000
0.295865 -0.141747 -0.049881 0.000000 0.500000 0.500000
-0.098668 -0.053988 0.435060 0.600000 0.000000 0.300000
-0.338917 -0.386675 0.355517 0.600000 0.000000 0.300000
-0.365270 -0.032883 -0.075930 0.600000 0.000000 0.300000
0.162801 -0.043034 0.091147 0.600000 0.000000 0.300000
0.316159 -0.018305 0.380528 0.600000 0.000000 0.300000
-0.240087 0.164839 -0.141799 0.600000 0.000000 0.300000
-0.127690 0.274352 -0.171766 0.300000 0.000000 0.600000
-0.381313 -0.711925 0.574254 0.300000 0.600000 0.000000
-0.330205 0.273424 -0.140827 0.600000 0.000000 0.300000
-0.373695 -0.288463 -0.114352 0.300000 0.600000 0.000000
-0.391913 -0.722128 -0.229338 0.000000 1.000000 0.000000
-0.275249 0.658240 -0.239905 0.600000 0.300000 0.000000
-0.261984 -0.023718 0.370725 0.600000 0.000000 0.300000
-0.210385 -0.039617 -0.135477 0.600000 0.000000 0.300000
-0.000589 -0.050959 0.076394 0.600000 0.000000 0.300000
-0.087480 -0.115328 0.463191 0.600000 0.000000 0.300000
-0.230985 -0.031978 -0.190600 0.300000 0.600000 0.000000
0.079439 0.631601 -0.261303 0.600000 0.300000 0.000000
-0.210223 0.736392 -0.280230 0.600000 0.300000 0.000000
0.298633 0.131784 -0.160161 0.300000 0.000000 0.600000
-0.332220 -0.402711 0.324521 0.600000 0.000000 0.300000
0.341478 0.377771 -0.150133 0.300000 0.000000 0.600000
-0.401353 -0.175091 0.044026 1.000000 0.000000 0.000000
-0.309083 0.083528 -0.181640 0.600000 0.000000 0.300000
0.241591 -0.022575 0.342247 0.600000 0.000000 0.300000
0.033239 0.570196 -0.252975 0.300000 0.000000 0.600000
0.212084 -0.042130 0.423703 0.600000 0.000000 0.300000
-0.331309 -0.029636 -0.152490 0.600000 0.000000 0.300000
-0.232932 -0.087749 -0.149702 0.300000 0.600000 0.000000
-0.241922 -0.152904 0.019356 0.600000 0.000000 0.300000
-0.360344 -0.283448 0.210565 0.600000 0.000000 0.300000
-0.080723 0.500265 -0.238870 0.300000 0.000000 0.600000
-0.403896 -0.603798 -0.264277 0.300000 0.600000 0.000000
-0.260869 -0.006577 -0.209884 0.600000 0.000000 0.300000
-0.257243 0.732679 -0.264983 0.600000 0.300000 0.000000
-0.362315 -0.179757 0.080328 0.600000 0.000000 0.300000
-0.204420 0.361381 -0.177920 0.300000 0.000000 0.600000
-0.419200 -0.476149 -0.236697 0.300000 0.600000 0.000000
-0.265765 0.068207 -0.198792 0.600000 0.000000 0.300000
0.114413 0.569747 -0.249702 0.300000 0.000000 0.600000
-0.403305 -0.218529 -0.038257 0.300000 0.600000 0.000000
-0.063251 -0.041158 0.253499 0.600000 0.000000 0.300000
-0.323273 0.224551 -0.149370 0.600000 0.000000 0.300000
-0.032661 0.527216 -0.250056 0.300000 0.000000 0.600000
-0.303010 -0.746706 0.541147 0.000000 0.500000 0.500000
0.081783 0.215634 -0.169892 0.300000 0.000000 0.600000
0.330592 0.658610 -0.243045 0.300000 0.000000 0.600000
-0.343447 -0.671222 0.525132 0.500000 0.000000 0.500000
0.407376 -0.454680 -0.194949 0.600000 0.300000 0.000000
-0.315198 -0.676017 0.513516 0.500000 0.000000 0.500000
0.233436 -0.041836 0.428030 0.600000 0.000000 0.300000
0.104620 0.058915 -0.160774 0.300000 0.000000 0.600000
0.355736 -0.010484 0.238274 0.600000 0.000000 0.300000
0.086832 0.047073 -0.165698 0.300000 0.000000 0.600000
0.199279 0.652307 -0.246419 0.600000 0.300000 0.000000
-0.267721 0.158554 -0.142280 0.600000 0.000000 0.300000
-0.211403 0.147467 -0.129110 0.600000 0.000000 0.300000
-0.349911 -0.017120 -0.076886 0.600000 0.000000 0.300000
-0.202901 -0.130443 0.430986 0.600000 0.000000 0.300000
0.120950 -0.034941 0.315293 0.600000 0.000000 0.300000
0.018559 0.675568 -0.273597 0.600000 0.300000 0.000000
0.146973 0.555206 -0.243622 0.300000 0.000000 0.600000
0.345839 -0.195878 0.135410 0.300000 0.000000 0.600000
0.205876 0.317443 -0.162781 0.300000 0.000000 0.600000
0.046097 0.208232 -0.174167 0.300000 0.000000 0.600000
0.209295 -0.039104 0.073713 0.600000 0.000000 0.300000
-0.234257 -0.178491 0.033488 1.000000 0.000000 0.000000
0.311355 -0.016692 -0.129117 0.600000 0.000000 0.300000
0.192032 0.509393 -0.224387 0.300000 0.000000 0.600000
0.334647 -0.205743 0.155708 0.300000 0.000000 0.600000
-0.019992 -0.049961 0.417540 0.600000 0.000000 0.300000
-0.130040 -0.039687 0.216337 0.600000 0.000000 0.300000
-0.309321 -0.016046 0.265743 0.600000 0.000000 0.300000
0.330505 0.552247 -0.181538 0.300000 0.000000 0.600000
-0.323976 -0.040677 0.435520 0.600000 0.000000 0.300000
-0.071397 0.431853 -0.220543 0.300000 0.000000 0.600000
-0.312904 -0.137256 0.023342 0.300000 0.600000 0.000000
0.417195 -0.563708 -0.248476 0.600000 0.300000 0.000000
-0.378490 -0.016022 0.345678 0.600000 0.000000 0.300000
0.296267 -0.702073 0.565537 0.300000 0.000000 0.600000
0.216805 0.383983 -0.177496 0.300000 0.000000 0.600000
-0.341101 0.457894 -0.177462 0.600000 0.000000 0.300000
-0.059454 -0.177824 0.022813 1.000000 0.000000 0.000000
-0.310596 0.362826 -0.141446 0.600000 0.000000 0.300000
-0.363796 -0.100830 0.434609 0.600000 0.000000 0.300000
-0.362144 -0.089013 -0.023877 0.600000 0.000000 0.300000
-0.097366 0.467493 -0.230308 0.300000 0.000000 0.600000
-0.384740 -0.269356 -0.109651 0.300000 0.600000 0.000000
-0.377016 -0.079237 0.108817 0.600000 0.000000 0.300000
-0.391151 -0.451047 -0.198669 0.300000 0.600000 0.000000
0.267859 0.409645 -0.163137 0.300000 0.000000 0.600000
0.338387 -0.264314 0.230244 0.300000 0.000000 0.600000
-0.033295 0.008008 -0.174902 0.300000 0.000000 0.600000
0.385175 -0.482504 -0.241238 0.600000 0.300000 0.000000
-0.106633 -0.053768 -0.159780 0.600000 0.000000 0.300000
-0.150745 0.099232 -0.150810 0.300000 0.000000 0.600000
-0.230652 -0.124036 -0.040996 0.300000 0.600000 0.000000
0.108731 -0.149975 0.056580 1.000000 0.000000 0.000000
0.143905 0.267881 -0.169166 0.300000 0.000000 0.600000
0.189071 -0.043696 -0.080369 0.600000 0.000000 0.300000
-0.314490 0.165334 -0.161309 0.600000 0.000000 0.300000
0.367101 -0.079898 0.218028 0.600000 0.000000 0.300000
-0.252821 0.389033 -0.166240 0.600000 0.000000 0.300000
0.445954 -0.680193 -0.262865 0.800000 0.200000 0.500000
-0.302664 -0.692160 0.541067 0.000000 0.500000 0.500000
-0.323179 -0.206294 0.115477 0.600000 0.000000 0.300000
0.349670 -0.679419 0.560054 0.600000 0.000000 0.300000
-0.277530 0.043006 -0.157558 0.600000 0.000000 0.300000
-0.310632 -0.032329 -0.178588 0.300000 0.600000 0.000000
0.219258 -0.026992 0.293188 0.600000 0.000000 0.300000
0.114665 0.150749 -0.151119 0.300000 0.000000 0.600000
0.283612 0.259179 -0.124935 0.300000 0.000000 0.600000
0.178974 -0.044832 -0.036006 0.600000 0.000000 0.300000
0.023158 -0.127016 0.018846 1.000000 0.000000 0.000000
-0.334683 0.496999 -0.167776 0.600000 0.000000 0.300000
0.415437 -0.690799 -0.302953 0.300000 0.000000 0.600000
-0.312469 -0.121380 -0.074412 0.300000 0.600000 0.000000
-0.182980 0.357349 -0.179675 0.300000 0.000000 0.600000
0.108905 0.196225 -0.158835 0.300000 0.000000 0.600000
-0.363527 -0.041318 0.432279 0.600000 0.000000 0.300000
-0.262514 -0.118945 0.038320 0.300000 0.600000 0.000000
-0.136202 -0.046193 0.069824 0.600000 0.000000 0.300000
-0.342163 0.377722 -0.147117 0.600000 0.000000 0.300000
-0.248195 0.184127 -0.122016 0.600000 0.000000 0.300000
-0.195399 0.449000 -0.202610 0.300000 0.000000 0.600000
-0.328050 0.340999 -0.158721 0.600000 0.000000 0.300000
-0.368022 -0.007638 0.335495 0.600000 0.000000 0.300000
-0.343467 0.409561 -0.179882 0.600000 0.000000 0.300000
0.263393 -0.120006 -0.150733 0.300000 0.000000 0.600000
0.389274 -0.224696 -0.024810 0.600000 0.300000 0.000000
0.387061 -0.680934 -0.262040 0.600000 0.000000 0.300000
-0.173154 0.279191 -0.164818 0.300000 0.000000 0.600000
-0.258227 0.152070 -0.131967 0.600000 0.000000 0.300000
0.296766 0.556629 -0.228818 0.300000 0.000000 0.600000
0.148742 0.156876 -0.144661 0.300000 0.000000 0.600000
0.289583 -0.095606 -0.087685 0.300000 0.000000 0.600000
0.301844 0.120380 -0.135251 0.300000 0.000000 0.600000
-0.286224 -0.018696 0.285185 0.600000 0.000000 0.300000
-0.299405 -0.139075 -0.049365 0.600000 0.000000 0.300000
-0.008156 -0.047830 0.141310 0.600000 0.000000 0.300000
-0.233349 -0.028658 0.376614 0.600000 0.000000 0.300000
-0.299745 -0.178444 0.025124 1.000000 0.000000 0.000000
-0.390861 -0.692910 -0.303764 1.000000 0.000000 0.000000
0.025189 0.292189 -0.191317 0.300000 0.000000 0.600000
-0.031892 -0.059047 -0.149375 0.600000 0.000000 0.300000
0.180058 0.750828 -0.315716 0.600000 0.300000 0.000000
0.142361 -0.032514 0.326517 0.600000 0.000000 0.300000
-0.412574 -0.290496 -0.102068 0.300000 0.600000 0.000000
-0.013651 -0.134169 0.456665 0.600000 0.000000 0.300000
0.372495 -0.066703 0.174931 0.600000 0.000000 0.300000
-0.180538 -0.036683 0.399488 0.600000 0.000000 0.300000
-0.071884 0.183850 -0.166355 0.300000 0.000000 0.600000
-0.045659 0.594468 -0.256232 0.600000 0.300000 0.000000
0.072567 0.483848 -0.235356 0.300000 0.000000 0.600000
0.028170 -0.157350 0.055629 1.000000 0.000000 0.000000
-0.136906 0.424084 -0.210147 0.300000 0.000000 0.600000
0.321106 0.351801 -0.151593 0.300000 0.000000 0.600000
0.119434 -0.051741 -0.069102 0.600000 0.000000 0.300000
-0.190425 -0.033508 0.238848 0.600000 0.000000 0.300000
-0.004328 0.166049 -0.169611 0.300000 0.000000 0.600000
0.247278 0.075175 -0.145047 0.300000 0.000000 0.600000
0.252568 0.535951 -0.209578 0.300000 0.000000 0.600000
-0.249896 -0.108733 -0.029603 0.600000 0.000000 0.300000
-0.197152 0.412017 -0.194514 0.300000 0.000000 0.600000
-0.102249 -0.124573 0.027964 1.000000 0.000000 0.000000
-0.379433 -0.351959 -0.154230 0.300000 0.600000 0.000000
-0.336145 0.604562 -0.206752 0.600000 0.000000 0.300000
0.246852 0.660844 -0.238735 0.600000 0.300000 0.000000
0.322716 -0.458552 0.370944 0.300000 0.000000 0.600000
0.011112 -0.149040 0.002457 1.000000 0.000000 0.000000
-0.342999 -0.562959 0.480180 0.600000 0.000000 0.300000
0.314334 -0.558419 0.457510 0.300000 0.000000 0.600000
0.141416 0.728915 -0.285769 0.600000 0.300000 0.000000
0.023295 0.304421 -0.193921 0.300000 0.000000 0.600000
-0.012400 0.232170 -0.179093 0.300000 0.000000 0.600000
-0.326751 -0.605190 0.496131 0.600000 0.000000 0.300000
0.380932 -0.440602 -0.194920 0.600000 0.300000 0.000000
0.091095 -0.098882 -0.187921 0.600000 0.000000 0.300000
-0.187370 -0.044402 -0.006068 0.600000 0.000000 0.300000
-0.325647 -0.222175 0.127169 0.600000 0.000000 0.300000
0.186220 0.399950 -0.193566 0.300000 0.000000 0.600000
-0.082615 0.028540 -0.170972 0.300000 0.000000 0.600000
-0.360903 -0.009680 0.259150 0.600000 0.000000 0.300000
-0.289370 -0.166542 0.039553 0.300000 0.600000 0.000000
0.166657 -0.031487 0.361074 0.600000 0.000000 0.300000
-0.353010 0.472465 -0.193235 0.600000 0.000000 0.300000
-0.281427 -0.146749 -0.038359 0.600000 0.000000 0.300000
0.240795 0.753805 -0.291847 0.600000 0.300000 0.000000
-0.351940 0.440976 -0.181858 0.600000 0.000000 0.300000
-0.232861 -0.117955 -0.023231 0.300000 0.600000 0.000000
0.418578 -0.538771 -0.267383 0.600000 0.300000 0.000000
-0.262492 -0.023360 0.267891 0.600000 0.000000 0.300000
0.026841 -0.050189 0.083190 0.600000 0.000000 0.300000
-0.283463 0.286923 -0.179156 0.600000 0.000000 0.300000
-0.058739 -0.091987 0.462205 0.600000 0.000000 0.300000
-0.249048 -0.127814 0.015867 1.000000 0.000000 0.000000
0.322970 0.728371 -0.273841 0.300000 0.000000 0.600000
-0.194010 -0.081614 -0.172830 0.600000 0.000000 0.300000
0.223828 0.016997 -0.179992 0.300000 0.000000 0.600000
0.015018 -0.061090 -0.176767 0.600000 0.000000 0.300000
-0.267363 -0.051991 -0.169850 0.600000 0.000000 0.300000
0.245453 -0.023049 0.361818 0.600000 0.000000 0.300000
0.323304 -0.356742 0.282889 0.300000 0.000000 0.600000
0.418346 -0.516230 -0.256525 0.600000 0.300000 0.000000
-0.395910 -0.367878 -0.151872 0.300000 0.600000 0.000000
-0.042922 -0.001374 -0.177822 0.300000 0.000000 0.600000
-0.029033 0.325024 -0.196004 0.300000 0.000000 0.600000
0.391243 -0.244740 -0.089535 0.600000 0.300000 0.000000
-0.295416 -0.017293 -0.160761 0.600000 0.000000 0.300000
0.384572 -0.515501 -0.239638 0.600000 0.300000 0.000000
0.419060 -0.501656 -0.224989 0.600000 0.300000 0.000000
-0.387134 -0.319046 -0.124831 0.300000 0.600000 0.000000
0.154964 -0.037035 0.219080 0.600000 0.000000 0.300000
0.377111 -0.083862 0.394120 0.600000 0.000000 0.300000
0.396322 -0.574767 -0.286179 0.600000 0.300000 0.000000
0.140653 0.168503 -0.149869 0.300000 0.000000 0.600000
-0.337990 0.612605 -0.231928 0.600000 0.000000 0.300000
0.255654 -0.112199 -0.001068 0.300000 0.000000 0.600000
-0.155185 -0.069060 0.453474 0.600000 0.000000 0.300000
-0.234369 -0.012768 -0.175241 0.600000 0.000000 0.300000
-0.367378 0.565501 -0.207384 0.600000 0.000000 0.300000
-0.344451 0.601345 -0.197497 0.600000 0.000000 0.300000
0.056890 -0.047243 0.131106 0.600000 0.000000 0.300000
0.321857 -0.445155 0.361283 0.300000 0.000000 0.600000
-0.093644 0.665287 -0.264871 0.600000 0.300000 0.000000
0.004421 0.675839 -0.273959 0.600000 0.300000 0.000000
-0.333838 -0.437382 0.352203 0.600000 0.000000 0.300000
0.229533 -0.110750 0.454427 0.600000 0.000000 0.300000
0.224362 0.094489 -0.143605 0.300000 0.000000 0.600000
0.126384 0.591321 -0.249146 0.600000 0.300000 0.000000
-0.106954 -0.024225 -0.170647 0.300000 0.000000 0.600000
-0.098101 -0.037409 0.304885 0.600000 0.000000 0.300000
0.321988 0.365119 -0.150945 0.300000 0.000000 0.600000
0.372255 -0.691659 0.558094 0.600000 0.300000 0.000000
-0.205036 -0.042032 0.023387 0.600000 0.000000 0.300000
0.223523 -0.103104 -0.135993 0.000000 0.500000 0.500000
0.018723 -0.126930 0.039620 1.000000 0.000000 0.000000
0.120575 0.633764 -0.255715 0.600000 0.300000 0.000000
-0.405408 -0.233101 -0.054463 0.300000 0.600000 0.000000
-0.137382 -0.050853 -0.051170 0.600000 0.000000 0.300000
-0.400333 -0.225075 -0.065287 0.300000 0.600000 0.000000
-0.330104 0.473628 -0.160902 0.600000 0.000000 0.300000
-0.213917 0.206334 -0.137987 0.600000 0.000000 0.300000
0.373771 -0.055938 0.200841 0.600000 0.000000 0.300000
0.415196 -0.646158 -0.314522 0.600000 0.300000 0.000000
0.289801 0.651611 -0.226311 0.300000 0.000000 0.600000
-0.269424 -0.110516 -0.008179 0.600000 0.000000 0.300000
-0.410212 -0.361659 -0.176755 0.300000 0.600000 0.000000
-0.081279 -0.043054 0.204416 0.600000 0.000000 0.300000
-0.370632 -0.059680 -0.028397 0.600000 0.000000 0.300000
0.293484 -0.101649 -0.072202 0.300000 0.000000 0.600000
0.110120 -0.169563 0.009231 1.000000 0.000000 0.000000
-0.283721 0.475370 -0.186907 0.600000 0.000000 0.300000
0.403109 -0.655927 -0.313577 0.600000 0.300000 0.000000
0.258145 -0.124970 -0.133370 0.300000 0.000000 0.600000
0.371801 -0.687308 -0.276953 0.600000 0.000000 0.300000
-0.292281 -0.023209 0.180041 0.600000 0.000000 0.300000
0.170077 0.489426 -0.222043 0.300000 0.000000 0.600000
0.304312 0.192347 -0.143874 0.300000 0.000000 0.600000
-0.180503 -0.033303 0.259168 0.600000 0.000000 0.300000
-0.077969 0.011951 -0.173035 0.300000 0.000000 0.600000
-0.402955 -0.478081 -0.206696 0.300000 0.600000 0.000000
0.251765 -0.119187 0.427409 0.600000 0.000000 0.300000
0.298509 -0.018664 0.371671 0.600000 0.000000 0.300000
-0.430746 -0.537182 -0.252467 0.300000 0.600000 0.000000
-0.296099 0.488110 -0.199548 0.600000 0.000000 0.300000
-0.019422 0.047598 -0.173053 0.300000 0.000000 0.600000
-0.301114 -0.120534 0.005130 0.600000 0.000000 0.300000
-0.223639 0.675595 -0.253125 0.600000 0.300000 0.000000
0.121781 -0.151369 0.001834 1.000000 0.000000 0.000000
-0.105256 0.521029 -0.241088 0.300000 0.000000 0.600000
-0.020339 -0.051723 0.061097 0.600000 0.000000 0.300000
0.317224 0.389935 -0.140887 0.300000 0.000000 0.600000
0.324555 -0.016382 0.182240 0.600000 0.000000 0.300000
0.223470 -0.027652 0.372392 0.600000 0.000000 0.300000
-0.379959 -0.074677 0.224296 0.600000 0.000000 0.300000
-0.378364 -0.052069 0.121503 0.600000 0.000000 0.300000
-0.243126 -0.130074 -0.091938 0.600000 0.000000 0.300000
-0.085473 -0.046025 0.143087 0.600000 0.000000 0.300000
-0.196271 0.579403 -0.236626 0.300000 0.000000 0.600000
0.016702 0.180085 -0.171711 0.300000 0.000000 0.600000
-0.444847 -0.698997 -0.297821 0.500000 0.500000 0.000000
-0.300982 -0.017960 0.369610 0.600000 0.000000 0.300000
0.362881 -0.249192 -0.077292 0.600000 0.300000 0.000000
0.229485 -0.052423 -0.199070 0.300000 0.000000 0.600000
0.302214 0.709933 -0.255322 0.300000 0.000000 0.600000
0.022376 0.538866 -0.249110 0.300000 0.000000 0.600000
-0.016428 -0.076048 0.457903 0.600000 0.000000 0.300000
-0.346916 -0.018064 0.044128 0.600000 0.000000 0.300000
-0.294708 0.321770 -0.183139 0.600000 0.000000 0.300000
0.095346 -0.053022 -0.010464 0.600000 0.000000 0.300000
-0.110516 -0.171639 0.047479 1.000000 0.000000 0.000000
-0.212953 -0.029962 0.371649 0.600000 0.000000 0.300000
-0.230406 0.093098 -0.178008 0.600000 0.000000 0.300000
0.030487 -0.108739 -0.189730 0.600000 0.000000 0.300000
0.296619 -0.176601 0.040534 1.000000 0.000000 0.000000
-0.338659 0.657342 -0.233228 0.600000 0.000000 0.300000
-0.292658 0.523644 -0.216769 0.600000 0.000000 0.300000
0.350831 -0.171394 0.081807 0.300000 0.000000 0.600000
-0.116979 0.550288 -0.244050 0.300000 0.000000 0.600000
-0.275013 0.575372 -0.210581 0.300000 0.000000 0.600000
-0.331819 0.721756 -0.254217 0.600000 0.000000 0.300000
-0.273908 0.043036 -0.204354 0.600000 0.000000 0.300000
0.221515 0.719775 -0.266391 0.600000 0.300000 0.000000
-0.323697 -0.524406 0.446589 0.600000 0.000000 0.300000
-0.001611 -0.053903 0.428549 0.600000 0.000000 0.300000
0.174824 -0.135008 0.008435 1.000000 0.000000 0.000000
-0.313885 0.602374 -0.207222 0.600000 0.000000 0.300000
-0.245938 -0.091774 -0.107222 0.600000 0.000000 0.300000
0.263276 -0.160298 0.010298 0.000000 0.500000 0.500000
0.214885 0.496195 -0.214776 0.300000 0.000000 0.600000
-0.117998 0.337894 -0.191464 0.300000 0.000000 0.600000
-0.220463 -0.136359 0.007084 1.000000 0.000000 0.000000
-0.357329 -0.346235 0.312928 0.600000 0.000000 0.300000
0.370803 -0.047003 0.109243 0.600000 0.000000 0.300000
-0.391510 -0.671979 -0.264515 1.000000 0.000000 0.000000
0.069763 -0.053737 -0.001191 0.600000 0.000000 0.300000
0.062832 0.253010 -0.180054 0.300000 0.000000 0.600000
-0.256400 -0.034537 0.029707 0.600000 0.000000 0.300000
0.269562 -0.030336 -0.057861 0.600000 0.000000 0.300000
-0.169972 0.699253 -0.272063 0.600000 0.300000 0.000000
0.217340 0.148033 -0.137995 0.300000 0.000000 0.600000
0.425378 -0.672278 -0.284944 0.600000 0.300000 0.000000
-0.163296 -0.043583 0.087204 0.600000 0.000000 0.300000
0.266555 -0.087819 -0.094565 0.000000 0.500000 0.500000
0.314760 -0.681117 0.546509 0.300000 0.000000 0.600000
0.143194 0.341888 -0.187685 0.300000 0.000000 0.600000
-0.330176 -0.204635 0.091783 0.600000 0.000000 0.300000
-0.364405 -0.707639 0.500132 0.300000 0.600000 0.000000
0.247951 0.349873 -0.155791 0.300000 0.000000 0.600000
-0.265966 0.229588 -0.128206 0.600000 0.000000 0.300000
-0.273031 0.374420 -0.152761 0.600000 0.000000 0.300000
0.255645 -0.170097 0.009765 1.000000 0.000000 0.000000
0.227125 -0.028542 0.243556 0.600000 0.000000 0.300000
-0.320347 -0.138516 0.053509 1.000000 0.000000 0.000000
-0.217265 0.404513 -0.183780 0.300000 0.000000 0.600000
0.271263 -0.035669 0.423941 0.600000 0.000000 0.300000
-0.111748 -0.053413 -0.131574 0.600000 0.000000 0.300000
0.090783 0.547040 -0.245706 0.300000 0.000000 0.600000
-0.237695 0.021015 -0.195042 0.600000 0.000000 0.300000
0.251268 0.250845 -0.139946 0.300000 0.000000 0.600000
-0.061737 -0.130134 0.013309 1.000000 0.000000 0.000000
-0.324996 -0.509097 0.414354 0.600000 0.000000 0.300000
-0.230929 -0.103901 -0.127589 0.300000 0.600000 0.000000
-0.153725 -0.049516 -0.063603 0.600000 0.000000 0.300000
0.205231 0.752228 -0.304888 0.600000 0.300000 0.000000
0.278509 -0.124649 -0.146505 0.000000 0.500000 0.500000
0.329761 0.509927 -0.179150 0.300000 0.000000 0.600000
-0.296698 0.756136 -0.274567 0.600000 0.000000 0.300000
0.299223 0.685816 -0.234763 0.300000 0.000000 0.600000
0.359497 0.614295 -0.209997 0.300000 0.000000 0.600000
0.274015 0.352652 -0.187032 0.300000 0.000000 0.600000
-0.164050 -0.047577 -0.087378 0.600000 0.000000 0.300000
-0.043573 -0.100234 -0.191823 0.600000 0.000000 0.300000
0.226126 -0.038395 -0.009827 0.600000 0.000000 0.300000
0.032150 -0.041762 0.392110 0.600000 0.000000 0.300000
-0.241866 -0.127807 -0.114079 0.300000 0.600000 0.000000
0.113729 -0.035640 0.370135 0.600000 0.000000 0.300000
0.071014 -0.040520 0.256790 0.600000 0.000000 0.300000
0.343179 -0.239169 0.141761 0.300000 0.000000 0.600000
0.402108 -0.421364 -0.204643 0.600000 0.300000 0.000000
0.376300 -0.386581 -0.165604 0.600000 0.300000 0.000000
-0.325795 -0.077636 0.448039 0.600000 0.000000 0.300000
-0.356958 -0.007364 0.315667 0.600000 0.000000 0.300000
-0.199431 -0.066718 0.452168 0.600000 0.000000 0.300000
-0.117758 0.178614 -0.157699 0.300000 0.000000 0.600000
-0.260449 0.281379 -0.163610 0.600000 0.000000 0.300000
-0.251149 0.289061 -0.158160 0.600000 0.000000 0.300000
0.315846 -0.422774 0.365238 0.300000 0.000000 0.600000
-0.329879 -0.011209 0.336761 0.600000 0.000000 0.300000
-0.307224 0.500116 -0.172704 0.600000 0.000000 0.300000
0.150033 -0.047433 -0.025918 0.600000 0.000000 0.300000
-0.369837 -0.010637 0.302339 0.600000 0.000000 0.300000
0.187591 -0.130242 0.013202 1.000000 0.000000 0.000000
0.278898 -0.138657 -0.086152 0.000000 0.500000 0.500000
-0.188375 0.650054 -0.251596 0.600000 0.300000 0.000000
0.088919 -0.061814 -0.183383 0.600000 0.000000 0.300000
-0.323906 -0.493740 0.428662 0.600000 0.000000 0.300000
0.227708 -0.036234 -0.101312 0.600000 0.000000 0.300000
-0.184920 -0.125929 0.022904 1.000000 0.000000 0.000000
-0.121017 -0.049470 0.021615 0.600000 0.000000 0.300000
-0.037372 -0.053097 0.026940 0.600000 0.000000 0.300000
-0.104063 0.148005 -0.154071 0.300000 0.000000 0.600000
0.345263 0.433446 -0.181785 0.300000 0.000000 0.600000
-0.326208 -0.686261 0.569450 0.500000 0.000000 0.500000
-0.376614 -0.723255 0.571229 0.300000 0.600000 0.000000
-0.433971 -0.611460 -0.277517 0.300000 0.600000 0.000000
-0.305825 0.130153 -0.136737 0.600000 0.000000 0.300000
-0.351599 0.615590 -0.204485 0.600000 0.000000 0.300000
0.197646 0.013915 -0.148795 0.300000 0.000000 0.600000
0.355832 -0.391035 0.342949 0.300000 0.000000 0.600000
-0.300212 -0.020485 0.208224 0.600000 0.000000 0.300000
0.281572 -0.114702 0.021979 0.000000 0.500000 0.500000
0.368557 0.701736 -0.266338 0.300000 0.000000 0.600000
0.375426 -0.030874 0.260104 0.600000 0.000000 0.300000
0.338850 -0.528416 0.458416 0.300000 0.000000 0.600000
-0.244526 -0.038593 -0.175779 0.600000 0.000000 0.300000
-0.214567 -0.027180 0.349440 0.600000 0.000000 0.300000
-0.068329 -0.057142 -0.118154 0.600000 0.000000 0.300000
-0.303028 -0.712762 0.562177 0.000000 0.500000 0.500000
0.356752 -0.571316 0.458529 0.300000 0.000000 0.600000
-0.262582 0.755336 -0.288040 0.600000 0.300000 0.000000
0.150289 -0.048306 -0.043379 0.600000 0.000000 0.300000
0.271007 0.517500 -0.195124 0.300000 0.000000 0.600000
-0.168897 -0.040407 0.143374 0.600000 0.000000 0.300000
-0.235811 -0.139672 -0.005639 0.600000 0.000000 0.300000
0.074339 0.125335 -0.160931 0.300000 0.000000 0.600000
-0.384917 -0.403247 -0.173449 0.300000 0.600000 0.000000
-0.033414 -0.047343 0.146436 0.600000 0.000000 0.300000
-0.267836 -0.021439 0.288513 0.600000 0.000000 0.300000
0.374470 -0.046210 0.209388 0.600000 0.000000 0.300000
-0.229985 -0.039185 -0.040277 0.600000 0.000000 0.300000
-0.069105 0.264853 -0.179527 0.300000 0.000000 0.600000
0.321244 -0.181064 0.104201 0.300000 0.000000 0.600000
0.240146 0.335540 -0.155627 0.300000 0.000000 0.600000
-0.380510 -0.126668 0.020144 1.000000 0.000000 0.000000
-0.256056 -0.031732 -0.105315 0.600000 0.000000 0.300000
0.449543 -0.713418 -0.300210 0.800000 0.200000 0.500000
-0.052341 0.478986 -0.238146 0.300000 0.000000 0.600000
0.234283 -0.136884 0.052226 1.000000 0.000000 0.000000
0.352384 -0.430381 0.381464 0.300000 0.000000 0.600000
0.091658 0.745787 -0.321227 0.600000 0.300000 0.000000
0.431668 -0.754055 -0.273163 0.800000 0.200000 0.500000
0.059354 0.076628 -0.167357 0.300000 0.000000 0.600000
-0.373636 -0.015360 0.258405 0.600000 0.000000 0.300000
0.364178 -0.730370 0.500228 0.600000 0.300000 0.000000
0.323340 0.540042 -0.217778 0.300000 0.000000 0.600000
-0.352090 -0.548552 0.430846 0.600000 0.000000 0.300000
-0.059370 -0.053235 0.016415 0.600000 0.000000 0.300000
0.258140 0.040042 -0.133915 0.300000 0.000000 0.600000
0.052317 -0.037520 0.362142 0.600000 0.000000 0.300000
0.310410 0.340647 -0.140140 0.300000 0.000000 0.600000
0.148344 0.370568 -0.191479 0.300000 0.000000 0.600000
0.270885 -0.026349 0.397897 0.600000 0.000000 0.300000
-0.119825 -0.041041 0.201952 0.600000 0.000000 0.300000
-0.240833 0.084693 -0.131260 0.600000 0.000000 0.300000
-0.113939 -0.176996 0.019726 1.000000 0.000000 0.000000
-0.089932 -0.049543 0.063593 0.600000 0.000000 0.300000
-0.241209 0.315310 -0.151378 0.600000 0.000000 0.300000
0.366664 -0.042254 0.019582 0.600000 0.000000 0.300000
-0.374845 -0.050114 0.040317 0.600000 0.000000 0.300000
-0.088695 0.423783 -0.218675 0.300000 0.000000 0.600000
-0.334356 -0.386876 0.308170 0.600000 0.000000 0.300000
0.376974 -0.044420 0.341487 0.600000 0.000000 0.300000
0.321261 -0.222223 0.124110 0.300000 0.000000 0.600000
-0.285581 0.641729 -0.237215 0.300000 0.000000 0.600000
0.007792 -0.059850 -0.156877 0.600000 0.000000 0.300000
-0.377428 -0.690834 -0.261558 0.000000 1.000000 0.000000
-0.042559 0.534089 -0.247983 0.300000 0.000000 0.600000
0.392747 -0.164750 0.053645 1.000000 0.000000 0.000000
-0.101136 0.531518 -0.245825 0.300000 0.000000 0.600000
-0.013399 -0.057464 -0.054327 0.600000 0.000000 0.300000
-0.247112 -0.086443 -0.189018 0.600000 0.000000 0.300000
-0.196610 -0.044166 -0.032834 0.600000 0.000000 0.300000
-0.088735 -0.050724 0.040242 0.600000 0.000000 0.300000
-0.324924 -0.179310 0.079877 0.600000 0.000000 0.300000
0.282918 0.626164 -0.221821 0.300000 0.000000 0.600000
-0.090123 0.204039 -0.163640 0.300000 0.000000 0.600000
-0.294770 0.135940 -0.148592 0.600000 0.000000 0.300000
-0.015123 -0.058214 -0.073680 0.600000 0.000000 0.300000
-0.094990 0.370703 -0.200535 0.300000 0.000000 0.600000
-0.315984 0.272197 -0.149794 0.600000 0.000000 0.300000
0.319312 0.687553 -0.243302 0.300000 0.000000 0.600000
-0.272802 -0.029662 0.106470 0.600000 0.000000 0.300000
-0.261076 0.278414 -0.188511 0.600000 0.000000 0.300000
-0.286554 -0.022725 0.206795 0.600000 0.000000 0.300000
0.279669 0.385970 -0.187867 0.300000 0.000000 0.600000
-0.256740 0.215374 -0.187423 0.600000 0.000000 0.300000
0.280204 -0.028953 -0.044292 0.600000 0.000000 0.300000
0.241202 -0.086035 -0.109702 0.000000 0.500000 0.500000
0.023913 -0.057278 -0.058860 0.600000 0.000000 0.300000
-0.302828 -0.020071 -0.131306 0.600000 0.000000 0.300000
-0.034534 -0.035727 -0.180305 0.300000 0.000000 0.600000
-0.303497 0.552168 -0.192059 0.600000 0.000000 0.300000
0.273834 0.020152 -0.163547 0.300000 0.000000 0.600000
-0.340476 0.680093 -0.226392 0.600000 0.000000 0.300000
0.252394 -0.143875 0.003841 1.000000 0.000000 0.000000
-0.234533 -0.114473 -0.140353 0.300000 0.600000 0.000000
0.239858 -0.036433 -0.035437 0.600000 0.000000 0.300000
0.339332 0.337568 -0.158136 0.300000 0.000000 0.600000
0.201074 0.361710 -0.178237 0.300000 0.000000 0.600000
-0.357555 -0.554414 0.467521 0.600000 0.000000 0.300000
-0.339231 0.493198 -0.181810 0.600000 0.000000 0.300000
-0.304621 -0.080437 -0.195945 0.300000 0.600000 0.000000
-0.314081 0.100355 -0.164329 0.600000 0.000000 0.300000
0.301930 -0.025958 0.405063 0.600000 0.000000 0.300000
0.186987 0.639087 -0.249070 0.600000 0.300000 0.000000
-0.235226 -0.110805 -0.113993 0.600000 0.000000 0.300000
0.094638 0.077788 -0.163834 0.300000 0.000000 0.600000
0.219352 -0.036365 0.105484 0.600000 0.000000 0.300000
-0.129265 0.354188 -0.194277 0.300000 0.000000 0.600000
0.026375 0.439515 -0.227814 0.300000 0.000000 0.600000
0.255860 0.553736 -0.215709 0.300000 0.000000 0.600000
0.161909 0.284801 -0.168611 0.300000 0.000000 0.600000
0.178588 -0.082179 -0.177584 0.600000 0.000000 0.300000
-0.299069 -0.023922 0.145681 0.600000 0.000000 0.300000
0.162830 -0.045729 -0.137271 0.600000 0.000000 0.300000
-0.340098 -0.500324 0.396321 0.600000 0.000000 0.300000
0.301477 0.668376 -0.247884 0.300000 0.000000 0.600000
0.356932 -0.046001 -0.122640 0.600000 0.000000 0.300000
0.178029 0.661688 -0.252441 0.600000 0.300000 0.000000
-0.048520 -0.039403 0.297659 0.600000 0.000000 0.300000
-0.388207 -0.194888 0.006729 0.300000 0.600000 0.000000
0.042511 0.292100 -0.187783 0.300000 0.000000 0.600000
0.213339 -0.027282 0.356688 0.600000 0.000000 0.300000
-0.373277 -0.752892 0.516742 0.300000 0.600000 0.000000
0.122127 0.115037 -0.155003 0.300000 0.000000 0.600000
0.095142 0.702634 -0.276967 0.600000 0.300000 0.000000
-0.376234 -0.022824 0.381243 0.600000 0.000000 0.300000
0.407255 -0.431830 -0.183855 0.600000 0.300000 0.000000
0.314425 -0.578500 0.471266 0.300000 0.000000 0.600000
-0.309324 -0.020102 -0.108726 0.600000 0.000000 0.300000
-0.321506 0.414463 -0.150745 0.600000 0.000000 0.300000
-0.383415 -0.059077 0.325780 0.600000 0.000000 0.300000
-0.080376 -0.071433 -0.190883 0.600000 0.000000 0.300000
-0.271871 -0.030816 0.084156 0.600000 0.000000 0.300000
-0.208567 0.076543 -0.137121 0.600000 0.000000 0.300000
0.296703 0.224794 -0.119352 0.300000 0.000000 0.600000
0.359174 -0.010769 0.359193 0.600000 0.000000 0.300000
-0.348167 -0.013214 0.184711 0.600000 0.000000 0.300000
-0.456010 -0.706659 -0.248462 0.500000 0.500000 0.000000
-0.305908 0.192419 -0.129926 0.600000 0.000000 0.300000
0.021658 -0.058216 -0.096774 0.600000 0.000000 0.300000
0.320418 -0.650711 0.489522 0.300000 0.000000 0.600000
0.279555 0.303311 -0.185886 0.300000 0.000000 0.600000
0.142338 -0.178039 0.035173 1.000000 0.000000 0.000000
-0.361848 -0.160404 0.051509 0.600000 0.000000 0.300000
-0.231323 0.338277 -0.163467 0.600000 0.000000 0.300000
-0.190419 0.095279 -0.138924 0.300000 0.000000 0.600000
0.259337 -0.105920 -0.177777 0.300000 0.000000 0.600000
0.215120 0.178422 -0.129638 0.300000 0.000000 0.600000
-0.398862 -0.618395 -0.295867 0.300000 0.600000 0.000000
0.101596 -0.103705 0.461778 0.600000 0.000000 0.300000
-0.322338 -0.243698 0.166731 0.600000 0.000000 0.300000
-0.280062 0.010319 -0.208482 0.600000 0.000000 0.300000
0.234633 0.133159 -0.125969 0.300000 0.000000 0.600000
0.120465 -0.079063 -0.186849 0.600000 0.000000 0.300000
0.084971 -0.149059 0.056334 1.000000 0.000000 0.000000
0.202913 -0.035488 0.161861 0.600000 0.000000 0.300000
-0.429888 -0.634181 -0.276200 0.300000 0.600000 0.000000
-0.406314 -0.504179 -0.262749 0.300000 0.600000 0.000000
-0.044482 0.633025 -0.264474 0.600000 0.300000 0.000000
-0.202772 -0.152393 0.001829 1.000000 0.000000 0.000000
-0.334931 0.585119 -0.202081 0.600000 0.000000 0.300000
-0.260144 -0.076565 -0.149175 0.600000 0.000000 0.300000
0.101071 0.203516 -0.164509 0.300000 0.000000 0.600000
0.324444 -0.271884 0.186641 0.300000 0.000000 0.600000
0.408600 -0.325824 -0.133686 0.600000 0.300000 0.000000
0.277473 0.018570 -0.202740 0.300000 0.000000 0.600000
0.131297 0.569703 -0.247915 0.300000 0.000000 0.600000
-0.087735 -0.055370 -0.080846 0.600000 0.000000 0.300000
-0.318271 -0.015720 0.244744 0.600000 0.000000 0.300000
-0.341440 0.536116 -0.199872 0.600000 0.000000 0.300000
0.253464 -0.021035 0.323623 0.600000 0.000000 0.300000
0.407134 -0.548731 -0.239547 0.600000 0.300000 0.000000
0.353644 -0.248911 0.190269 0.300000 0.000000 0.600000
0.301465 -0.155756 0.044080 0.000000 0.500000 0.500000
0.301937 0.310456 -0.170074 0.300000 0.000000 0.600000
0.011202 -0.040447 0.379680 0.600000 0.000000 0.300000
0.219288 0.636245 -0.239605 0.600000 0.300000 0.000000
-0.301862 -0.091818 -0.121587 0.600000 0.000000 0.300000
-0.031924 -0.049659 0.099410 0.600000 0.000000 0.300000
0.374385 -0.059398 0.226088 0.600000 0.000000 0.300000
0.332526 0.727726 -0.257433 0.300000 0.000000 0.600000
-0.306609 -0.140335 -0.038583 0.300000 0.600000 0.000000
-0.049659 0.649643 -0.263904 0.600000 0.300000 0.000000
0.134421 -0.077080 0.457510 0.600000 0.000000 0.300000
-0.139744 0.512097 -0.235559 0.300000 0.000000 0.600000
0.111101 0.139096 -0.155389 0.300000 0.000000 0.600000
-0.335350 -0.533958 0.421164 0.600000 0.000000 0.300000
-0.289801 -0.028384 -0.043638 0.600000 0.000000 0.300000
-0.421503 -0.388536 -0.171172 0.300000 0.600000 0.000000
-0.415019 -0.459338 -0.197145 0.300000 0.600000 0.000000
-0.308144 -0.743597 0.562044 0.000000 0.500000 0.500000
-0.159200 0.158452 -0.141684 0.300000 0.000000 0.600000
-0.361931 -0.681146 0.542498 0.300000 0.600000 0.000000
-0.037159 -0.134387 0.457116 0.600000 0.000000 0.300000
-0.384183 -0.038646 0.362024 0.600000 0.000000 0.300000
0.353201 -0.172823 0.064743 0.300000 0.000000 0.600000
-0.210688 0.530697 -0.222760 0.300000 0.000000 0.600000
0.275644 0.556472 -0.215524 0.300000 0.000000 0.600000
-0.253396 -0.069659 0.451839 0.600000 0.000000 0.300000
0.411595 -0.482018 -0.229058 0.600000 0.300000 0.000000
0.310523 -0.024361 0.030825 0.600000 0.000000 0.300000
0.371542 -0.742608 -0.278633 0.600000 0.000000 0.300000
-0.067495 -0.040403 0.265634 0.600000 0.000000 0.300000
-0.303252 0.513942 -0.215250 0.600000 0.000000 0.300000
0.231479 -0.109250 -0.169455 0.000000 0.500000 0.500000
-0.159176 -0.134586 0.431597 0.600000 0.000000 0.300000
-0.244444 0.234164 -0.185014 0.600000 0.000000 0.300000
0.011395 0.598283 -0.259869 0.600000 0.300000 0.000000
0.348637 -0.248722 0.159817 0.300000 0.000000 0.600000
0.422504 -0.711238 -0.219921 0.300000 0.000000 0.600000
0.283385 0.118274 -0.146477 0.300000 0.000000 0.600000
0.208505 -0.039609 -0.101454 0.600000 0.000000 0.300000
0.065293 0.533676 -0.246317 0.300000 0.000000 0.600000
0.352810 -0.021810 0.056101 0.600000 0.000000 0.300000
0.243829 -0.016168 -0.213032 0.300000 0.000000 0.600000
0.046537 -0.131625 0.011818 1.000000 0.000000 0.000000
-0.108083 -0.052308 -0.030831 0.600000 0.000000 0.300000
-0.286692 -0.151801 0.001718 1.000000 0.000000 0.000000
-0.160850 0.020062 -0.156616 0.300000 0.000000 0.600000
0.252422 -0.106983 -0.013573 0.000000 0.500000 0.500000
0.133612 -0.172556 0.012224 1.000000 0.000000 0.000000
0.359307 0.572076 -0.197731 0.300000 0.000000 0.600000
-0.232916 0.039697 -0.168329 0.600000 0.000000 0.300000
0.405921 -0.442030 -0.216734 0.600000 0.300000 0.000000
-0.257912 0.267838 -0.137413 0.600000 0.000000 0.300000
0.299425 0.548215 -0.208180 0.300000 0.000000 0.600000
0.379900 -0.176147 -0.024579 0.600000 0.300000 0.000000
-0.320920 -0.019342 0.387230 0.600000 0.000000 0.300000
-0.285535 0.492867 -0.180796 0.600000 0.000000 0.300000
-0.242779 0.296178 -0.153135 0.600000 0.000000 0.300000
-0.218196 0.380451 -0.179737 0.300000 0.000000 0.600000
-0.297494 -0.112448 0.440876 0.600000 0.000000 0.300000
-0.356268 0.534214 -0.208121 0.600000 0.000000 0.300000
-0.143523 0.646903 -0.261014 0.600000 0.300000 0.000000
0.336796 -0.299218 0.272850 0.300000 0.000000 0.600000
-0.132204 0.070443 -0.158045 0.300000 0.000000 0.600000
0.211956 -0.037025 -0.146771 0.600000 0.000000 0.300000
0.266894 -0.029577 0.115902 0.600000 0.000000 0.300000
-0.372411 -0.085350 0.004005 0.600000 0.000000 0.300000
0.285605 0.406554 -0.155754 0.300000 0.000000 0.600000
0.023730 -0.011529 -0.180143 0.300000 0.000000 0.600000
-0.304092 0.361370 -0.190548 0.600000 0.000000 0.300000
-0.398408 -0.196372 -0.001808 0.300000 0.600000 0.000000
-0.218214 -0.040236 0.034415 0.600000 0.000000 0.300000
0.376706 -0.369790 -0.176363 0.600000 0.300000 0.000000
-0.286634 0.196057 -0.179190 0.600000 0.000000 0.300000
0.311422 -0.135344 0.050686 1.000000 0.000000 0.000000
0.306703 0.274792 -0.135910 0.300000 0.000000 0.600000
-0.323090 -0.281018 0.227845 0.600000 0.000000 0.300000
0.354777 0.549544 -0.206037 0.300000 0.000000 0.600000
-0.189300 0.213945 -0.146074 0.300000 0.000000 0.600000
-0.325181 -0.021036 0.113106 0.600000 0.000000 0.300000
-0.070239 0.549808 -0.251320 0.300000 0.000000 0.600000
-0.120212 0.716673 -0.284328 0.600000 0.300000 0.000000
0.282636 0.471988 -0.204504 0.300000 0.000000 0.600000
0.305868 -0.033646 -0.194724 0.000000 0.500000 0.500000
-0.349469 0.749859 -0.265195 0.600000 0.000000 0.300000
-0.415057 -0.324621 -0.120438 0.300000 0.600000 0.000000
-0.083246 0.732210 -0.299442 0.600000 0.300000 0.000000
-0.108059 -0.067460 -0.186939 0.600000 0.000000 0.300000
0.382436 -0.684799 -0.246365 0.600000 0.000000 0.300000
0.019192 0.616567 -0.260203 0.600000 0.300000 0.000000
0.004830 -0.054331 0.007303 0.600000 0.000000 0.300000
0.097393 0.742925 -0.307462 0.600000 0.300000 0.000000
-0.249687 0.068919 -0.132032 0.600000 0.000000 0.300000
-0.393217 -0.444974 -0.226202 0.300000 0.600000 0.000000
-0.015593 0.184749 -0.171587 0.300000 0.000000 0.600000
0.007840 0.060372 -0.172542 0.300000 0.000000 0.600000
0.290817 -0.099794 0.450694 0.600000 0.000000 0.300000
0.043858 -0.178118 0.023908 1.000000 0.000000 0.000000
-0.390934 -0.172762 -0.016447 0.300000 0.600000 0.000000
-0.314831 -0.703052 0.578338 0.500000 0.000000 0.500000
0.277392 0.076675 -0.193310 0.300000 0.000000 0.600000
-0.321685 -0.450711 0.386963 0.600000 0.000000 0.300000
-0.322285 -0.191949 0.082365 0.600000 0.000000 0.300000
-0.240059 0.748432 -0.289763 0.600000 0.300000 0.000000
0.235729 -0.152368 0.018017 0.300000 0.000000 0.600000
-0.251225 0.058027 -0.144932 0.600000 0.000000 0.300000
-0.328283 -0.604438 0.461373 0.600000 0.000000 0.300000
-0.428066 -0.689240 -0.231554 1.000000 0.000000 0.000000
-0.373220 -0.083800 0.319944 0.600000 0.000000 0.300000
-0.374058 -0.076987 0.273171 0.600000 0.000000 0.300000
0.261998 -0.032828 0.023096 0.600000 0.000000 0.300000
-0.306912 -0.027770 -0.152365 0.600000 0.000000 0.300000
-0.334251 -0.195907 0.076471 0.600000 0.000000 0.300000
-0.206727 -0.032471 0.231568 0.600000 0.000000 0.300000
0.219997 -0.122724 0.446698 0.600000 0.000000 0.300000
-0.185983 0.059521 -0.146941 0.300000 0.000000 0.600000
-0.358218 -0.462439 0.378073 0.600000 0.000000 0.300000
-0.232464 0.234515 -0.144761 0.600000 0.000000 0.300000
-0.392390 -0.339115 -0.146653 0.300000 0.600000 0.000000
0.357520 0.521922 -0.182092 0.300000 0.000000 0.600000
-0.334723 -0.583823 0.488920 0.600000 0.000000 0.300000
0.271591 0.421970 -0.165444 0.300000 0.000000 0.600000
0.337085 -0.018341 0.081371 0.600000 0.000000 0.300000
-0.030164 0.657813 -0.268586 0.600000 0.300000 0.000000
0.389428 -0.434950 -0.187052 0.600000 0.300000 0.000000
0.329742 -0.149976 0.066959 0.300000 0.000000 0.600000
-0.175940 0.494468 -0.224397 0.300000 0.000000 0.600000
-0.144086 0.533084 -0.239275 0.300000 0.000000 0.600000
0.315146 -0.436488 0.371143 0.300000 0.000000 0.600000
-0.326657 -0.335812 0.302444 0.600000 0.000000 0.300000
0.179552 -0.045161 -0.071672 0.600000 0.000000 0.300000
-0.082871 -0.177658 0.022192 1.000000 0.000000 0.000000
0.354131 -0.648960 0.497492 0.300000 0.000000 0.600000
-0.026330 -0.057687 -0.069526 0.600000 0.000000 0.300000
-0.346739 -0.298217 0.212255 0.600000 0.000000 0.300000
0.223264 0.690962 -0.254782 0.600000 0.300000 0.000000
-0.297141 -0.161287 0.023030 0.300000 0.600000 0.000000
0.087677 -0.005711 -0.172168 0.300000 0.000000 0.600000
0.132146 -0.036385 0.269159 0.600000 0.000000 0.300000
0.274890 -0.063666 -0.210183 0.000000 0.500000 0.500000
-0.097045 0.004778 -0.167999 0.300000 0.000000 0.600000
-0.287208 0.137797 -0.120199 0.600000 0.000000 0.300000
-0.282565 -0.117042 0.433496 0.600000 0.000000 0.300000
0.344276 -0.025543 0.420897 0.600000 0.000000 0.300000
-0.327327 0.315481 -0.165034 0.600000 0.000000 0.300000
-0.305396 0.697076 -0.273137 0.600000 0.000000 0.300000
-0.139919 -0.127828 0.042970 1.000000 0.000000 0.000000
-0.343590 0.346731 -0.152260 0.600000 0.000000 0.300000
-0.402622 -0.177628 0.022081 1.000000 0.000000 0.000000
-0.126107 -0.035491 0.307620 0.600000 0.000000 0.300000
0.326241 -0.019526 -0.016195 0.600000 0.000000 0.300000
-0.189694 -0.043362 -0.128531 0.600000 0.000000 0.300000
0.338397 -0.537252 0.422036 0.300000 0.000000 0.600000
-0.016014 0.676871 -0.274479 0.600000 0.300000 0.000000
-0.291726 -0.124132 -0.129784 0.600000 0.000000 0.300000
0.168565 -0.033717 0.260263 0.600000 0.000000 0.300000
0.361224 -0.021389 0.405939 0.600000 0.000000 0.300000
-0.405720 -0.640610 -0.311430 0.300000 0.600000 0.000000
0.355102 -0.266704 0.205404 0.300000 0.000000 0.600000
0.230041 -0.133107 -0.006473 0.300000 0.000000 0.600000
0.321178 -0.257434 0.174268 0.300000 0.000000 0.600000
0.390748 -0.348947 -0.164948 0.600000 0.300000 0.000000
0.322217 -0.283658 0.203773 0.300000 0.000000 0.600000
-0.287644 -0.138758 -0.068248 0.600000 0.000000 0.300000
0.316579 -0.292816 0.222729 0.300000 0.000000 0.600000
-0.169462 -0.033030 0.282627 0.600000 0.000000 0.300000
-0.107516 0.106949 -0.159848 0.300000 0.000000 0.600000
-0.190076 -0.091641 0.457824 0.600000 0.000000 0.300000
0.119810 -0.041453 0.397713 0.600000 0.000000 0.300000
0.344678 0.722472 -0.267499 0.300000 0.000000 0.600000
0.056329 -0.057598 -0.136609 0.600000 0.000000 0.300000
-0.111377 0.427310 -0.214394 0.300000 0.000000 0.600000
-0.247628 -0.116304 0.023140 0.300000 0.600000 0.000000
-0.248134 -0.152622 0.056897 1.000000 0.000000 0.000000
-0.290579 0.076564 -0.139416 0.600000 0.000000 0.300000
0.214098 0.700619 -0.256814 0.600000 0.300000 0.000000
0.284565 0.123127 -0.185611 0.300000 0.000000 0.600000
0.336877 0.754187 -0.270954 0.300000 0.000000 0.600000
-0.031649 0.495943 -0.243482 0.300000 0.000000 0.600000
0.272142 0.256091 -0.130061 0.300000 0.000000 0.600000
0.290556 -0.023137 0.168116 0.600000 0.000000 0.300000
-0.406065 -0.395435 -0.205762 0.300000 0.600000 0.000000
0.371464 -0.729504 -0.234907 0.600000 0.000000 0.300000
0.258943 0.315338 -0.191329 0.300000 0.000000 0.600000
0.054572 -0.053049 0.017327 0.600000 0.000000 0.300000
-0.172412 -0.031748 0.365638 0.600000 0.000000 0.300000
0.285795 -0.028978 0.015079 0.600000 0.000000 0.300000
0.347297 -0.012585 0.200773 0.600000 0.000000 0.300000
-0.343962 -0.448234 0.407335 0.600000 0.000000 0.300000
-0.370504 -0.081367 0.221577 0.600000 0.000000 0.300000
-0.065447 0.288629 -0.185408 0.300000 0.000000 0.600000
0.347311 -0.271185 0.234072 0.300000 0.000000 0.600000
0.217112 0.562221 -0.229543 0.300000 0.000000 0.600000
0.336304 0.521739 -0.185113 0.300000 0.000000 0.600000
-0.046448 -0.045404 0.180607 0.600000 0.000000 0.300000
0.367988 0.572542 -0.215942 0.300000 0.000000 0.600000
0.424033 -0.619583 -0.275793 0.600000 0.300000 0.000000
-0.335015 0.551843 -0.180956 0.600000 0.000000 0.300000
0.364621 0.640361 -0.236040 0.300000 0.000000 0.600000
0.289649 -0.062047 -0.208860 0.000000 0.500000 0.500000
-0.357196 -0.369727 0.299242 0.600000 0.000000 0.300000
0.107402 -0.041198 0.212832 0.600000 0.000000 0.300000
0.362742 -0.074487 -0.039715 0.600000 0.000000 0.300000
0.323285 -0.180558 0.044439 0.300000 0.000000 0.600000
-0.245416 0.244626 -0.178632 0.600000 0.000000 0.300000
-0.023941 0.699332 -0.277797 0.600000 0.300000 0.000000
0.228663 -0.114208 -0.023423 0.000000 0.500000 0.500000
-0.073015 -0.037134 0.326558 0.600000 0.000000 0.300000
-0.071231 -0.048865 0.096273 0.600000 0.000000 0.300000
-0.330992 -0.291996 0.210312 0.600000 0.000000 0.300000
0.224033 0.232411 -0.144243 0.300000 0.000000 0.600000
0.247749 0.107648 -0.126395 0.300000 0.000000 0.600000
-0.039933 0.127795 -0.164899 0.300000 0.000000 0.600000
-0.163156 0.225105 -0.155032 0.300000 0.000000 0.600000
-0.329093 -0.230405 0.184582 0.600000 0.000000 0.300000
0.061586 -0.055732 -0.055627 0.600000 0.000000 0.300000
-0.139447 -0.047767 0.031909 0.600000 0.000000 0.300000
0.381934 -0.330946 -0.129109 0.600000 0.300000 0.000000
0.228243 0.026453 -0.139977 0.300000 0.000000 0.600000
-0.268844 -0.085312 -0.107369 0.300000 0.600000 0.000000
0.110362 0.694541 -0.273553 0.600000 0.300000 0.000000
0.356831 -0.126486 0.020824 1.000000 0.000000 0.000000
-0.128655 0.737196 -0.294332 0.600000 0.300000 0.000000
-0.267740 -0.125661 -0.130224 0.600000 0.000000 0.300000
0.427533 -0.657741 -0.290833 0.600000 0.300000 0.000000
-0.321811 0.674233 -0.234941 0.600000 0.000000 0.300000
-0.136664 0.617843 -0.256858 0.600000 0.300000 0.000000
0.011324 -0.028000 -0.179640 0.300000 0.000000 0.600000
0.262092 -0.023143 0.261254 0.600000 0.000000 0.300000
0.235572 0.056948 -0.143061 0.300000 0.000000 0.600000
0.360056 -0.027739 -0.014440 0.600000 0.000000 0.300000
-0.328725 0.337203 -0.136863 0.600000 0.000000 0.300000
0.094788 -0.146852 0.003043 1.000000 0.000000 0.000000
-0.383171 -0.136452 0.051795 1.000000 0.000000 0.000000
0.421945 -0.553730 -0.270796 0.600000 0.300000 0.000000
-0.150794 0.244374 -0.159675 0.300000 0.000000 0.600000
-0.327694 -0.211970 0.105113 0.600000 0.000000 0.300000
-0.356838 -0.019759 0.024415 0.600000 0.000000 0.300000
0.277022 -0.129082 0.044424 1.000000 0.000000 0.000000
-0.024363 -0.132187 0.047530 1.000000 0.000000 0.000000
0.134082 -0.047724 0.039345 0.600000 0.000000 0.300000
0.283715 0.503251 -0.184257 0.300000 0.000000 0.600000
0.130668 -0.047202 0.055161 0.600000 0.000000 0.300000
0.321851 -0.345414 0.313974 0.300000 0.000000 0.600000
0.375255 -0.041258 0.404299 0.600000 0.000000 0.300000
0.027650 0.163787 -0.166319 0.300000 0.000000 0.600000
0.155058 -0.039983 0.162403 0.600000 0.000000 0.300000
0.186050 -0.042785 -0.011110 0.600000 0.000000 0.300000
0.291649 0.469800 -0.186249 0.300000 0.000000 0.600000
0.352032 0.411647 -0.165916 0.300000 0.000000 0.600000
-0.383465 -0.213038 -0.006600 0.300000 0.600000 0.000000
0.251039 0.265630 -0.188478 0.300000 0.000000 0.600000
0.312272 -0.012525 0.340026 0.600000 0.000000 0.300000
-0.405009 -0.133683 0.009760 1.000000 0.000000 0.000000
-0.305078 -0.122786 -0.123052 0.300000 0.600000 0.000000
-0.167203 -0.041330 0.128634 0.600000 0.000000 0.300000
-0.197566 0.338319 -0.173131 0.300000 0.000000 0.600000
-0.145113 -0.094925 -0.182556 0.600000 0.000000 0.300000
-0.286493 0.735869 -0.265676 0.600000 0.000000 0.300000
0.204296 -0.134941 0.008502 1.000000 0.000000 0.000000
-0.203948 -0.033564 0.392601 0.600000 0.000000 0.300000
-0.079636 -0.056705 -0.130062 0.600000 0.000000 0.300000
0.265153 -0.145171 -0.057354 0.000000 0.500000 0.500000
0.042760 -0.053909 0.003857 0.600000 0.000000 0.300000
0.102170 -0.072727 -0.188688 0.600000 0.000000 0.300000
0.289050 0.345878 -0.142823 0.300000 0.000000 0.600000
-0.282079 0.023973 -0.160048 0.600000 0.000000 0.300000
0.095648 -0.051134 0.027647 0.600000 0.000000 0.300000
0.329985 -0.125309 0.033568 1.000000 0.000000 0.000000
-0.237949 -0.114668 -0.010277 0.300000 0.600000 0.000000
0.273596 -0.169101 0.008769 1.000000 0.000000 0.000000
-0.186641 0.679448 -0.263141 0.600000 0.300000 0.000000
-0.233211 0.150071 -0.172991 0.600000 0.000000 0.300000
-0.302226 0.085558 -0.157523 0.600000 0.000000 0.300000
0.295716 -0.091921 -0.190632 0.000000 0.500000 0.500000
-0.412121 -0.443239 -0.210919 0.300000 0.600000 0.000000
-0.125217 -0.034449 0.328887 0.600000 0.000000 0.300000
-0.219222 -0.041069 -0.035833 0.600000 0.000000 0.300000
0.134621 0.736226 -0.292055 0.600000 0.300000 0.000000
-0.096829 0.501149 -0.237585 0.300000 0.000000 0.600000
-0.180317 0.310731 -0.167990 0.300000 0.000000 0.600000
0.164822 0.387578 -0.192253 0.300000 0.000000 0.600000
0.392304 -0.126277 0.037182 1.000000 0.000000 0.000000
-0.305338 0.344516 -0.139462 0.600000 0.000000 0.300000
-0.380818 -0.344194 -0.131935 0.300000 0.600000 0.000000
-0.187128 -0.137302 0.006140 1.000000 0.000000 0.000000
0.350384 -0.009780 0.265472 0.600000 0.000000 0.300000
0.288396 -0.041728 -0.168528 0.000000 0.500000 0.500000
0.231264 -0.034571 -0.121295 0.600000 0.000000 0.300000
0.406305 -0.360907 -0.140067 0.600000 0.300000 0.000000
0.244345 0.281213 -0.170721 0.300000 0.000000 0.600000
-0.237773 -0.136361 -0.032639 0.600000 0.000000 0.300000
0.278975 0.375264 -0.181098 0.300000 0.000000 0.600000
-0.354311 -0.453932 0.366442 0.600000 0.000000 0.300000
0.117379 0.735044 -0.292882 0.600000 0.300000 0.000000
0.299414 -0.088361 -0.171221 0.300000 0.000000 0.600000
0.023485 -0.058709 -0.124503 0.600000 0.000000 0.300000
0.163395 -0.044780 0.055287 0.600000 0.000000 0.300000
0.296964 -0.155471 0.015634 0.000000 0.500000 0.500000
-0.011308 0.728869 -0.300680 0.600000 0.300000 0.000000
-0.035300 -0.055336 -0.018301 0.600000 0.000000 0.300000
0.135505 0.118129 -0.148876 0.300000 0.000000 0.600000
-0.413484 -0.344189 -0.158867 0.300000 0.600000 0.000000
0.263307 0.332059 -0.166601 0.300000 0.000000 0.600000
0.384409 -0.690727 -0.301976 0.300000 0.000000 0.600000
0.150453 0.420325 -0.205776 0.300000 0.000000 0.600000
-0.326653 -0.385166 0.344607 0.600000 0.000000 0.300000
0.022568 0.027330 -0.177077 0.300000 0.000000 0.600000
0.145313 0.474141 -0.223616 0.300000 0.000000 0.600000
0.279215 0.411302 -0.166977 0.300000 0.000000 0.600000
0.148924 0.513425 -0.236491 0.300000 0.000000 0.600000
-0.441180 -0.687395 -0.291907 0.500000 0.500000 0.000000
-0.232988 -0.133314 0.039027 0.300000 0.600000 0.000000
-0.313905 0.136293 -0.157859 0.600000 0.000000 0.300000
0.206499 -0.032568 0.212518 0.600000 0.000000 0.300000
0.392774 -0.417789 -0.174867 0.600000 0.300000 0.000000
-0.327748 -0.126262 0.021662 1.000000 0.000000 0.000000
0.355191 -0.070849 -0.102461 0.600000 0.000000 0.300000
-0.276224 0.347438 -0.179424 0.600000 0.000000 0.300000
0.321232 -0.363415 0.292335 0.300000 0.000000 0.600000
-0.426433 -0.457983 -0.221940 0.300000 0.600000 0.000000
-0.412521 -0.675698 -0.285393 1.000000 0.000000 0.000000
0.349158 -0.437569 0.391765 0.300000 0.000000 0.600000
-0.298585 -0.034439 0.426056 0.600000 0.000000 0.300000
-0.182302 -0.041496 0.100495 0.600000 0.000000 0.300000
-0.143852 -0.125401 0.024874 1.000000 0.000000 0.000000
-0.291404 0.562055 -0.199980 0.600000 0.000000 0.300000
-0.056217 0.026848 -0.171292 0.300000 0.000000 0.600000
0.068303 0.263885 -0.178635 0.300000 0.000000 0.600000
0.352235 -0.061862 0.439898 0.600000 0.000000 0.300000
-0.321358 -0.104320 0.441594 0.600000 0.000000 0.300000
-0.397096 -0.708730 -0.300961 0.000000 1.000000 0.000000
-0.063545 0.683096 -0.271476 0.600000 0.300000 0.000000
0.012541 0.158733 -0.166710 0.300000 0.000000 0.600000
0.290581 -0.024601 0.133338 0.600000 0.000000 0.300000
-0.076889 0.623487 -0.258882 0.600000 0.300000 0.000000
0.262478 0.391535 -0.171001 0.300000 0.000000 0.600000
-0.085276 0.056652 -0.165630 0.300000 0.000000 0.600000
-0.220559 -0.032740 0.196266 0.600000 0.000000 0.300000
-0.372990 -0.255393 -0.061812 0.300000 0.600000 0.000000
0.172682 0.371557 -0.185418 0.300000 0.000000 0.600000
-0.121443 0.098241 -0.157675 0.300000 0.000000 0.600000
-0.277360 0.175627 -0.119808 0.600000 0.000000 0.300000
0.330362 0.337550 -0.138452 0.300000 0.000000 0.600000
0.209245 -0.031454 0.386654 0.600000 0.000000 0.300000
-0.341425 -0.010765 0.269389 0.600000 0.000000 0.300000
0.088055 -0.055401 -0.129088 0.600000 0.000000 0.300000
0.114941 0.348061 -0.191449 0.300000 0.000000 0.600000
-0.400273 -0.349860 -0.175495 0.300000 0.600000 0.000000
0.033634 0.585984 -0.255220 0.600000 0.300000 0.000000
-0.312243 0.711967 -0.274466 0.600000 0.000000 0.300000
0.185998 0.597413 -0.241900 0.600000 0.300000 0.000000
-0.043719 -0.170375 0.048743 1.000000 0.000000 0.000000
-0.275539 -0.019163 0.308769 0.600000 0.000000 0.300000
-0.257565 -0.165051 0.031634 0.300000 0.600000 0.000000
-0.451843 -0.753546 -0.277819 0.500000 0.500000 0.000000
0.299015 0.265147 -0.159156 0.300000 0.000000 0.600000
0.351948 0.640450 -0.229942 0.300000 0.000000 0.600000
-0.309238 -0.102226 -0.077310 0.300000 0.600000 0.000000
0.347720 -0.364772 0.331996 0.300000 0.000000 0.600000
0.086588 0.468355 -0.229781 0.300000 0.000000 0.600000
-0.002647 0.224508 -0.174822 0.300000 0.000000 0.600000
-0.251199 0.105475 -0.192825 0.600000 0.000000 0.300000
0.248628 0.249397 -0.174544 0.300000 0.000000 0.600000
0.344885 -0.605051 0.498755 0.300000 0.000000 0.600000
-0.051725 -0.057940 -0.124177 0.600000 0.000000 0.300000
0.049193 -0.051398 0.052005 0.600000 0.000000 0.300000
0.305618 0.498813 -0.208167 0.300000 0.000000 0.600000
-0.313224 0.433886 -0.202353 0.600000 0.000000 0.300000
0.307265 -0.715031 0.489296 0.600000 0.000000 0.300000
0.332152 -0.013340 0.221855 0.600000 0.000000 0.300000
0.278292 -0.027590 -0.151043 0.600000 0.000000 0.300000
-0.314257 0.151697 -0.151299 0.600000 0.000000 0.300000
-0.392848 -0.387407 -0.195656 0.300000 0.600000 0.000000
0.338195 -0.008592 0.306035 0.600000 0.000000 0.300000
0.228218 0.001329 -0.146441 0.300000 0.000000 0.600000
0.260035 0.097458 -0.125391 0.300000 0.000000 0.600000
-0.371174 -0.039810 -0.011472 0.600000 0.000000 0.300000
-0.181815 -0.046201 -0.049179 0.600000 0.000000 0.300000
0.390311 -0.640658 -0.295756 0.600000 0.300000 0.000000
-0.042633 -0.048143 0.126781 0.600000 0.000000 0.300000
-0.217503 -0.124947 0.445804 0.600000 0.000000 0.300000
0.391201 -0.137961 0.053304 1.000000 0.000000 0.000000
-0.319665 -0.723680 0.488504 0.500000 0.000000 0.500000
0.281256 -0.025673 -0.094530 0.600000 0.000000 0.300000
0.317863 -0.232673 0.179327 0.300000 0.000000 0.600000
-0.390135 -0.179271 0.030578 1.000000 0.000000 0.000000
-0.257689 0.542306 -0.213126 0.300000 0.000000 0.600000
-0.277028 0.027816 -0.206420 0.600000 0.000000 0.300000
-0.414819 -0.672748 -0.270104 1.000000 0.000000 0.000000
0.205801 0.414567 -0.192781 0.300000 0.000000 0.600000
0.259765 -0.062604 -0.159569 0.600000 0.000000 0.300000
0.008935 -0.139958 0.449165 0.600000 0.000000 0.300000
-0.219786 -0.038378 -0.123177 0.600000 0.000000 0.300000
0.333125 -0.009208 0.330849 0.600000 0.000000 0.300000
-0.381534 -0.749615 0.540256 0.300000 0.600000 0.000000
0.179967 0.138513 -0.137065 0.300000 0.000000 0.600000
0.142017 -0.033082 -0.162661 0.300000 0.000000 0.600000
0.285295 0.163219 -0.131186 0.300000 0.000000 0.600000
-0.259574 0.152443 -0.187430 0.600000 0.000000 0.300000
-0.434035 -0.603403 -0.286741 0.300000 0.600000 0.000000
0.404047 -0.484994 -0.210480 0.600000 0.300000 0.000000
-0.280001 -0.103698 -0.039747 0.600000 0.000000 0.300000
-0.103150 -0.042554 0.193226 0.600000 0.000000 0.300000
-0.129267 0.081932 -0.157575 0.300000 0.000000 0.600000
-0.109204 -0.039759 0.394453 0.600000 0.000000 0.300000
0.040015 0.270789 -0.183331 0.300000 0.000000 0.600000
0.298770 0.065710 -0.167689 0.300000 0.000000 0.600000
-0.305139 -0.113419 -0.138851 0.600000 0.000000 0.300000
0.449352 -0.698797 -0.286175 0.800000 0.200000 0.500000
-0.068256 0.519863 -0.247211 0.300000 0.000000 0.600000
0.233843 -0.125612 0.024318 0.300000 0.000000 0.600000
0.345394 -0.705868 0.491370 0.600000 0.000000 0.300000
-0.231532 0.363734 -0.170586 0.300000 0.000000 0.600000
-0.344331 0.361502 -0.150130 0.600000 0.000000 0.300000
-0.258044 0.017541 -0.139241 0.600000 0.000000 0.300000
0.305473 0.227141 -0.149165 0.300000 0.000000 0.600000
0.101288 0.047864 -0.162372 0.300000 0.000000 0.600000
-0.088077 0.289439 -0.181170 0.300000 0.000000 0.600000
0.235627 -0.109741 -0.051558 0.300000 0.000000 0.600000
0.281378 0.724423 -0.253507 0.300000 0.000000 0.600000
0.083264 -0.036751 0.347816 0.600000 0.000000 0.300000
0.358053 -0.725370 0.571656 0.600000 0.300000 0.000000
-0.246707 -0.106444 -0.168228 0.600000 0.000000 0.300000
0.229806 0.105155 -0.160115 0.300000 0.000000 0.600000
-0.262312 0.625915 -0.230842 0.600000 0.300000 0.000000
-0.293473 -0.108602 -0.009015 0.300000 0.600000 0.000000
-0.131030 -0.130339 0.013104 1.000000 0.000000 0.000000
-0.288863 0.455975 -0.180436 0.600000 0.000000 0.300000
-0.289881 -0.027204 0.108720 0.600000 0.000000 0.300000
0.350837 0.695481 -0.236312 0.300000 0.000000 0.600000
-0.286906 0.046189 -0.197279 0.600000 0.000000 0.300000
0.057406 -0.170243 0.009911 1.000000 0.000000 0.000000
0.334567 -0.019010 0.022303 0.600000 0.000000 0.300000
-0.234145 -0.024923 0.335893 0.600000 0.000000 0.300000
0.392827 -0.662265 -0.306403 0.600000 0.300000 0.000000
-0.262716 0.397620 -0.163922 0.600000 0.000000 0.300000
0.223539 -0.039285 -0.033358 0.600000 0.000000 0.300000
0.170716 0.047542 -0.150933 0.300000 0.000000 0.600000
0.354949 -0.006671 0.338641 0.600000 0.000000 0.300000
-0.314743 -0.153210 0.056739 1.000000 0.000000 0.000000
0.311601 -0.701956 0.569803 0.300000 0.000000 0.600000
-0.175964 -0.135408 0.050751 1.000000 0.000000 0.000000
-0.419550 -0.682564 -0.295257 1.000000 0.000000 0.000000
-0.276784 0.410869 -0.179701 0.600000 0.000000 0.300000
0.333755 -0.269964 0.239279 0.300000 0.000000 0.600000
0.303564 -0.041930 0.435371 0.600000 0.000000 0.300000
0.093367 -0.172127 0.046990 1.000000 0.000000 0.000000
0.355237 -0.597153 0.468850 0.300000 0.000000 0.600000
-0.071337 0.220401 -0.169712 0.300000 0.000000 0.600000
-0.102253 -0.177261 0.038073 1.000000 0.000000 0.000000
-0.391904 -0.217591 -0.068078 0.300000 0.600000 0.000000
-0.228604 -0.038788 0.009668 0.600000 0.000000 0.300000
-0.152193 -0.040220 0.174031 0.600000 0.000000 0.300000
0.394480 -0.677207 -0.245493 0.300000 0.000000 0.600000
0.204319 0.531984 -0.223318 0.300000 0.000000 0.600000
-0.375475 -0.037814 0.076620 0.600000 0.000000 0.300000
-0.337564 -0.539593 0.464612 0.600000 0.000000 0.300000
-0.329307 -0.219796 0.171691 0.600000 0.000000 0.300000
-0.125489 0.041161 -0.161777 0.300000 0.000000 0.600000
0.320010 -0.633922 0.507186 0.300000 0.000000 0.600000
-0.257374 -0.034485 -0.039706 0.600000 0.000000 0.300000
-0.332039 0.718862 -0.270888 0.600000 0.000000 0.300000
-0.256485 0.004443 -0.211361 0.600000 0.000000 0.300000
-0.396019 -0.162413 0.010805 0.300000 0.600000 0.000000
0.334584 -0.698733 0.576615 0.600000 0.000000 0.300000
-0.164838 -0.043562 0.416460 0.600000 0.000000 0.300000
0.287024 0.748449 -0.267645 0.300000 0.000000 0.600000
-0.242654 0.491883 -0.201248 0.300000 0.000000 0.600000
0.263028 -0.016044 -0.140180 0.300000 0.000000 0.600000
-0.093366 -0.029224 -0.173582 0.300000 0.000000 0.600000
-0.362252 -0.523665 0.443839 0.600000 0.000000 0.300000
-0.018329 0.424675 -0.220596 0.300000 0.000000 0.600000
-0.271859 -0.078890 -0.134083 0.300000 0.600000 0.000000
0.166720 -0.040835 0.411583 0.600000 0.000000 0.300000
-0.380730 -0.257889 -0.095367 0.300000 0.600000 0.000000
-0.360971 -0.234460 0.173456 0.600000 0.000000 0.300000
0.360792 -0.228819 -0.056356 0.600000 0.300000 0.000000
-0.108843 0.272017 -0.174032 0.300000 0.000000 0.600000
0.221672 0.751113 -0.293508 0.600000 0.300000 0.000000
-0.329327 -0.288701 0.253551 0.600000 0.000000 0.300000
-0.037921 0.176117 -0.169780 0.300000 0.000000 0.600000
-0.345877 -0.126315 0.021462 1.000000 0.000000 0.000000
-0.018993 0.082843 -0.170612 0.300000 0.000000 0.600000
0.292797 -0.018677 -0.163875 0.300000 0.000000 0.600000
0.356597 -0.094366 0.029078 0.600000 0.000000 0.300000
0.271493 -0.090317 -0.083506 0.000000 0.500000 0.500000
-0.005495 -0.065614 -0.188034 0.600000 0.000000 0.300000
0.276886 -0.101236 -0.037336 0.000000 0.500000 0.500000
-0.355769 -0.196619 0.131534 0.600000 0.000000 0.300000
-0.203814 -0.039451 0.412072 0.600000 0.000000 0.300000
-0.011866 0.275408 -0.187709 0.300000 0.000000 0.600000
-0.111538 0.628874 -0.260121 0.600000 0.300000 0.000000
0.243654 -0.120912 0.046300 0.000000 0.500000 0.500000
0.265149 0.112508 -0.191175 0.300000 0.000000 0.600000
0.259782 0.607436 -0.227405 0.600000 0.300000 0.000000
-0.352325 -0.460267 0.412980 0.600000 0.000000 0.300000
-0.031100 0.741801 -0.311177 0.600000 0.300000 0.000000
-0.338555 0.531929 -0.184477 0.600000 0.000000 0.300000
0.318024 -0.396447 0.325857 0.300000 0.000000 0.600000
0.152243 0.673028 -0.259987 0.600000 0.300000 0.000000
0.216641 0.527888 -0.222457 0.300000 0.000000 0.600000
-0.279444 -0.070883 0.451275 0.600000 0.000000 0.300000
0.368682 -0.081689 0.072069 0.600000 0.000000 0.300000
-0.237551 -0.034578 -0.123066 0.600000 0.000000 0.300000
0.319570 -0.191545 0.076832 0.300000 0.000000 0.600000
0.007770 0.326536 -0.196519 0.300000 0.000000 0.600000
-0.264155 -0.161786 0.016948 0.300000 0.600000 0.000000
-0.363235 -0.056716 0.435261 0.600000 0.000000 0.300000
0.335053 0.533097 -0.193124 0.300000 0.000000 0.600000
-0.330012 0.448024 -0.196388 0.600000 0.000000 0.300000
0.163694 0.172506 -0.142031 0.300000 0.000000 0.600000
0.304816 0.622460 -0.245278 0.300000 0.000000 0.600000
0.384052 -0.444833 -0.223522 0.600000 0.300000 0.000000
0.075594 0.512624 -0.244684 0.300000 0.000000 0.600000
0.119591 -0.135947 0.443053 0.600000 0.000000 0.300000
-0.268216 -0.163599 0.053954 1.000000 0.000000 0.000000
0.324708 -0.009913 0.319995 0.600000 0.000000 0.300000
0.411332 -0.632672 -0.270204 0.600000 0.300000 0.000000
0.448674 -0.706745 -0.234166 0.800000 0.200000 0.500000
-0.297038 0.533895 -0.205539 0.600000 0.000000 0.300000
0.050605 -0.036836 0.336627 0.600000 0.000000 0.300000
-0.305239 0.612450 -0.242465 0.600000 0.000000 0.300000
0.237588 0.065174 -0.161734 0.300000 0.000000 0.600000
0.295616 -0.708345 0.548771 0.300000 0.000000 0.600000
0.037660 0.690944 -0.277253 0.600000 0.300000 0.000000
0.241122 0.232304 -0.163548 0.300000 0.000000 0.600000
-0.169293 -0.155655 0.002703 1.000000 0.000000 0.000000
-0.249340 0.625597 -0.237309 0.600000 0.300000 0.000000
-0.189808 0.569452 -0.239315 0.300000 0.000000 0.600000
-0.422904 -0.596452 -0.259456 0.300000 0.600000 0.000000
-0.303823 -0.745048 0.521581 0.000000 0.500000 0.500000
0.284558 0.065327 -0.146788 0.300000 0.000000 0.600000
-0.418792 -0.362719 -0.162598 0.300000 0.600000 0.000000
-0.294721 0.101863 -0.140922 0.600000 0.000000 0.300000
-0.224678 -0.128212 0.427365 0.600000 0.000000 0.300000
-0.357295 -0.267196 0.186956 0.600000 0.000000 0.300000
-0.253035 0.465142 -0.191292 0.300000 0.000000 0.600000
0.053691 0.313865 -0.194571 0.300000 0.000000 0.600000
-0.367375 -0.017574 0.167477 0.600000 0.000000 0.300000
0.309956 0.282637 -0.158088 0.300000 0.000000 0.600000
0.032299 0.401637 -0.217346 0.300000 0.000000 0.600000
0.375207 -0.050699 0.242259 0.600000 0.000000 0.300000
0.191164 0.300953 -0.164966 0.300000 0.000000 0.600000
-0.301069 -0.025399 0.111218 0.600000 0.000000 0.300000
0.020578 0.417457 -0.219151 0.300000 0.000000 0.600000
-0.223514 0.013687 -0.142065 0.600000 0.000000 0.300000
0.356585 0.559406 -0.191767 0.300000 0.000000 0.600000
-0.251099 -0.144139 -0.041720 0.600000 0.000000 0.300000
-0.167273 0.260514 -0.161776 0.300000 0.000000 0.600000
-0.282707 0.408232 -0.158166 0.600000 0.000000 0.300000
0.222522 0.153411 -0.126959 0.300000 0.000000 0.600000
-0.323614 0.642992 -0.214782 0.600000 0.000000 0.300000
0.292772 0.198270 -0.122790 0.300000 0.000000 0.600000
-0.354534 -0.440045 0.394433 0.600000 0.000000 0.300000
-0.404480 -0.519629 -0.228288 0.300000 0.600000 0.000000
-0.383674 -0.343621 -0.160946 0.300000 0.600000 0.000000
-0.306723 0.025015 -0.196056 0.600000 0.000000 0.300000
-0.238214 0.221314 -0.131711 0.600000 0.000000 0.300000
-0.384812 -0.407679 -0.184588 0.300000 0.600000 0.000000
-0.301411 0.395438 -0.150569 0.600000 0.000000 0.300000
-0.242004 -0.178330 0.024699 1.000000 0.000000 0.000000
-0.092504 -0.175221 0.014890 1.000000 0.000000 0.000000
-0.314538 -0.022581 0.124319 0.600000 0.000000 0.300000
0.228348 0.063029 -0.171305 0.300000 0.000000 0.600000
0.063644 0.309216 -0.189840 0.300000 0.000000 0.600000
-0.236543 -0.120588 0.007442 0.300000 0.600000 0.000000
0.310685 0.692382 -0.269657 0.300000 0.000000 0.600000
0.224971 -0.024926 -0.200149 0.300000 0.000000 0.600000
-0.369285 -0.028489 0.019209 0.600000 0.000000 0.300000
-0.277497 0.332383 -0.182805 0.600000 0.000000 0.300000
0.258036 0.019572 -0.206277 0.300000 0.000000 0.600000
-0.303147 -0.014337 -0.149713 0.600000 0.000000 0.300000
0.278636 -0.020469 0.368809 0.600000 0.000000 0.300000
-0.166134 -0.020729 -0.158931 0.300000 0.000000 0.600000
0.242066 -0.118144 0.445651 0.600000 0.000000 0.300000
-0.377864 -0.695468 -0.286049 0.000000 1.000000 0.000000
0.309308 0.126601 -0.151048 0.300000 0.000000 0.600000
0.316488 -0.317781 0.274132 0.300000 0.000000 0.600000
0.035939 0.045263 -0.171716 0.300000 0.000000 0.600000
-0.288369 0.677400 -0.249166 0.600000 0.000000 0.300000
-0.377499 -0.711727 0.499639 0.300000 0.600000 0.000000
-0.333798 -0.174606 0.102322 0.600000 0.000000 0.300000
-0.320881 0.454517 -0.200063 0.600000 0.000000 0.300000
0.252724 0.212714 -0.186945 0.300000 0.000000 0.600000
0.385670 -0.703936 -0.310861 0.300000 0.000000 0.600000
-0.338139 0.569411 -0.194045 0.600000 0.000000 0.300000
-0.280722 0.585840 -0.220011 0.300000 0.000000 0.600000
-0.277195 0.278113 -0.131405 0.600000 0.000000 0.300000
0.348118 -0.014150 0.378783 0.600000 0.000000 0.300000
0.331004 0.472982 -0.191567 0.300000 0.000000 0.600000
-0.043438 -0.072671 0.455913 0.600000 0.000000 0.300000
0.068124 -0.050408 0.064978 0.600000 0.000000 0.300000
0.351060 0.477574 -0.167194 0.300000 0.000000 0.600000
-0.093161 -0.138404 0.439038 0.600000 0.000000 0.300000
0.018683 0.641126 -0.265522 0.600000 0.300000 0.000000
-0.418397 -0.584922 -0.253074 0.300000 0.600000 0.000000
-0.286266 0.062921 -0.139500 0.600000 0.000000 0.300000
0.376142 -0.031633 0.283509 0.600000 0.000000 0.300000
0.342484 -0.178804 0.032320 1.000000 0.000000 0.000000
-0.109348 0.402179 -0.207133 0.300000 0.000000 0.600000
-0.267728 -0.070287 -0.208285 0.300000 0.600000 0.000000
0.333274 0.468054 -0.181141 0.300000 0.000000 0.600000
0.151437 -0.041476 0.139764 0.600000 0.000000 0.300000
0.247798 0.069087 -0.131299 0.300000 0.000000 0.600000
0.139207 -0.042366 0.141031 0.600000 0.000000 0.300000
0.413958 -0.558947 -0.284114 0.600000 0.300000 0.000000
-0.265491 0.469545 -0.183791 0.600000 0.000000 0.300000
-0.369842 -0.085218 0.159350 0.600000 0.000000 0.300000
0.404268 -0.398669 -0.160544 0.600000 0.300000 0.000000
0.348194 -0.384554 0.311356 0.300000 0.000000 0.600000
-0.272340 0.008324 -0.139036 0.600000 0.000000 0.300000
-0.007506 0.375704 -0.210211 0.300000 0.000000 0.600000
-0.033634 0.615782 -0.262230 0.600000 0.300000 0.000000
-0.347320 -0.509597 0.449542 0.600000 0.000000 0.300000
-0.313474 -0.019769 0.181566 0.600000 0.000000 0.300000
-0.382048 -0.703974 0.555358 0.300000 0.600000 0.000000
0.400519 -0.667174 -0.279230 0.600000 0.300000 0.000000
0.169753 -0.160926 0.054671 1.000000 0.000000 0.000000
-0.061289 -0.011368 -0.176995 0.300000 0.000000 0.600000
-0.456029 -0.726668 -0.257373 0.500000 0.500000 0.000000
-0.423517 -0.456949 -0.204443 0.300000 0.600000 0.000000
-0.312401 0.320793 -0.140034 0.600000 0.000000 0.300000
0.394510 -0.514643 -0.263201 0.600000 0.300000 0.000000
-0.234802 0.089573 -0.155219 0.600000 0.000000 0.300000
-0.221499 -0.057413 0.447443 0.600000 0.000000 0.300000
0.233789 -0.033582 0.127835 0.600000 0.000000 0.300000
0.020311 -0.041000 0.267198 0.600000 0.000000 0.300000
0.399815 -0.581004 -0.254586 0.600000 0.300000 0.000000
-0.302048 0.048449 -0.188379 0.600000 0.000000 0.300000
0.332007 0.548470 -0.210074 0.300000 0.000000 0.600000
-0.066851 -0.044413 0.186949 0.600000 0.000000 0.300000
0.246656 0.262130 -0.158539 0.300000 0.000000 0.600000
0.370147 -0.730309 -0.286832 0.600000 0.000000 0.300000
-0.131694 -0.090685 -0.186591 0.600000 0.000000 0.300000
0.354674 -0.198972 0.092905 0.300000 0.000000 0.600000
-0.210982 0.235716 -0.141748 0.600000 0.000000 0.300000
-0.252601 -0.022518 0.314177 0.600000 0.000000 0.300000
-0.327396 -0.319508 0.285177 0.600000 0.000000 0.300000
-0.367427 0.547018 -0.207300 0.600000 0.000000 0.300000
0.151264 -0.036026 0.244521 0.600000 0.000000 0.300000
-0.010104 0.487537 -0.241137 0.300000 0.000000 0.600000
0.348644 -0.012719 0.188586 0.600000 0.000000 0.300000
-0.041084 0.107984 -0.169108 0.300000 0.000000 0.600000
0.297403 0.333153 -0.179466 0.300000 0.000000 0.600000
0.361360 -0.026910 0.027442 0.600000 0.000000 0.300000
0.060340 0.335577 -0.196461 0.300000 0.000000 0.600000
0.136778 -0.048369 -0.016337 0.600000 0.000000 0.300000
0.340429 -0.189144 0.064696 0.300000 0.000000 0.600000
0.326637 -0.327280 0.250925 0.300000 0.000000 0.600000
-0.283464 -0.022297 0.224430 0.600000 0.000000 0.300000
0.320569 -0.020122 0.110368 0.600000 0.000000 0.300000
0.018566 0.123753 -0.169859 0.300000 0.000000 0.600000
-0.220823 0.514302 -0.218655 0.300000 0.000000 0.600000
-0.306068 0.092686 -0.141011 0.600000 0.000000 0.300000
-0.116052 0.592296 -0.253878 0.600000 0.300000 0.000000
-0.323029 -0.681076 0.531928 0.000000 0.500000 0.500000
-0.300487 -0.130883 -0.083525 0.600000 0.000000 0.300000
-0.343649 -0.611457 0.504931 0.600000 0.000000 0.300000
-0.173815 -0.045980 0.020526 0.600000 0.000000 0.300000
-0.194084 0.198134 -0.138594 0.300000 0.000000 0.600000
-0.320851 -0.675320 0.555355 0.500000 0.000000 0.500000
0.268150 0.649155 -0.231225 0.300000 0.000000 0.600000
-0.204334 -0.039952 0.088009 0.600000 0.000000 0.300000
-0.104546 -0.054304 -0.146252 0.600000 0.000000 0.300000
-0.108975 -0.113390 0.462289 0.600000 0.000000 0.300000
0.267524 0.245734 -0.178206 0.300000 0.000000 0.600000
0.401030 -0.481361 -0.251627 0.600000 0.300000 0.000000
0.020713 0.280215 -0.188757 0.300000 0.000000 0.600000
-0.003264 0.119078 -0.171269 0.300000 0.000000 0.600000
-0.408581 -0.424851 -0.199207 0.300000 0.600000 0.000000
-0.025712 0.220737 -0.174303 0.300000 0.000000 0.600000
0.352505 -0.221713 0.158748 0.300000 0.000000 0.600000
-0.431181 -0.573534 -0.259272 0.300000 0.600000 0.000000
0.133048 0.077197 -0.153028 0.300000 0.000000 0.600000
-0.311766 0.114784 -0.149314 0.600000 0.000000 0.300000
0.448917 -0.730611 -0.253990 0.800000 0.200000 0.500000
-0.251673 -0.099773 -0.063624 0.600000 0.000000 0.300000
-0.226105 0.062476 -0.136193 0.600000 0.000000 0.300000
-0.322935 0.761317 -0.278924 0.600000 0.000000 0.300000
0.297275 0.427458 -0.160436 0.300000 0.000000 0.600000
0.294674 0.014928 -0.151251 0.300000 0.000000 0.600000
-0.259791 -0.048528 0.441551 0.600000 0.000000 0.300000
0.296027 -0.719925 0.507943 0.300000 0.000000 0.600000
0.080724 0.035691 -0.170176 0.300000 0.000000 0.600000
-0.260502 0.373669 -0.162913 0.600000 0.000000 0.300000
0.392116 -0.459384 -0.238883 0.600000 0.300000 0.000000
0.151601 0.200055 -0.149248 0.300000 0.000000 0.600000
-0.084657 0.519812 -0.242990 0.300000 0.000000 0.600000
0.281939 -0.031897 0.415468 0.600000 0.000000 0.300000
0.191357 -0.126293 0.037243 1.000000 0.000000 0.000000
0.101407 -0.044509 0.154257 0.600000 0.000000 0.300000
0.375004 -0.740521 0.532487 0.600000 0.300000 0.000000
-0.351869 -0.245881 0.206552 0.600000 0.000000 0.300000
-0.173784 -0.089290 -0.173978 0.600000 0.000000 0.300000
0.438375 -0.681492 -0.285674 0.800000 0.200000 0.500000
-0.089068 0.578959 -0.251000 0.300000 0.000000 0.600000
0.380560 -0.329708 -0.113886 0.600000 0.300000 0.000000
0.228427 -0.140815 -0.032869 0.000000 0.500000 0.500000
0.292775 0.587170 -0.206713 0.300000 0.000000 0.600000
-0.246648 -0.113609 0.010052 0.300000 0.600000 0.000000
-0.046977 0.399192 -0.213207 0.300000 0.000000 0.600000
-0.112120 0.298785 -0.182901 0.300000 0.000000 0.600000
0.296024 0.055053 -0.164789 0.300000 0.000000 0.600000
0.102317 0.015147 -0.167517 0.300000 0.000000 0.600000
0.364198 -0.047003 -0.017752 0.600000 0.000000 0.300000
0.112564 0.607520 -0.252912 0.600000 0.300000 0.000000
-0.293947 -0.089822 0.451039 0.600000 0.000000 0.300000
0.083595 -0.047096 0.123577 0.600000 0.000000 0.300000
-0.092028 0.302410 -0.183701 0.300000 0.000000 0.600000
-0.350557 0.486959 -0.168346 0.600000 0.000000 0.300000
-0.367928 -0.033896 -0.032934 0.600000 0.000000 0.300000
0.249217 -0.032785 -0.153516 0.600000 0.000000 0.300000
0.321802 -0.203060 0.142084 0.300000 0.000000 0.600000
0.345701 0.352572 -0.157191 0.300000 0.000000 0.600000
0.116602 -0.052261 -0.126193 0.600000 0.000000 0.300000
-0.020376 -0.046404 0.170259 0.600000 0.000000 0.300000
0.376597 -0.301079 -0.112769 0.600000 0.300000 0.000000
-0.261691 0.743500 -0.271301 0.600000 0.000000 0.300000
0.244426 -0.060694 -0.207346 0.300000 0.000000 0.600000
-0.013682 0.581118 -0.257488 0.600000 0.300000 0.000000
0.301270 0.523138 -0.187465 0.300000 0.000000 0.600000
0.142238 -0.008992 -0.162127 0.300000 0.000000 0.600000
0.447024 -0.692529 -0.240039 0.800000 0.200000 0.500000
0.227008 0.050667 -0.180277 0.300000 0.000000 0.600000
0.281311 -0.017479 0.352052 0.600000 0.000000 0.300000
0.073960 0.412230 -0.217542 0.300000 0.000000 0.600000
0.195604 0.119663 -0.135645 0.300000 0.000000 0.600000
-0.376037 -0.090354 0.369305 0.600000 0.000000 0.300000
0.205893 0.269343 -0.151260 0.300000 0.000000 0.600000
0.257154 0.729572 -0.260783 0.300000 0.000000 0.600000
-0.264898 0.068850 -0.156771 0.600000 0.000000 0.300000
-0.358596 0.688144 -0.259080 0.600000 0.000000 0.300000
-0.402196 -0.235258 -0.074588 0.300000 0.600000 0.000000
-0.393742 -0.539887 -0.244697 0.300000 0.600000 0.000000
-0.044712 -0.040988 0.268862 0.600000 0.000000 0.300000
0.376158 -0.028597 0.301910 0.600000 0.000000 0.300000
-0.347500 -0.402457 0.323351 0.600000 0.000000 0.300000
0.423953 -0.605880 -0.272404 0.600000 0.300000 0.000000
-0.225761 -0.150445 0.002081 1.000000 0.000000 0.000000
-0.400078 -0.563289 -0.251551 0.300000 0.600000 0.000000
0.301560 0.374836 -0.191288 0.300000 0.000000 0.600000
-0.060989 -0.052142 0.426278 0.600000 0.000000 0.300000
-0.285754 -0.023771 0.388798 0.600000 0.000000 0.300000
0.283427 0.133604 -0.148988 0.300000 0.000000 0.600000
0.237697 -0.134943 0.008499 1.000000 0.000000 0.000000
0.280183 -0.113909 -0.168724 0.000000 0.500000 0.500000
-0.324127 -0.140058 0.004863 1.000000 0.000000 0.000000
-0.298167 0.089014 -0.183486 0.600000 0.000000 0.300000
0.012202 -0.128927 0.014517 1.000000 0.000000 0.000000
0.230555 0.226111 -0.152136 0.300000 0.000000 0.600000
0.230860 -0.099364 0.456043 0.600000 0.000000 0.300000
0.245973 0.713216 -0.255852 0.600000 0.300000 0.000000
0.143036 0.708464 -0.271728 0.600000 0.300000 0.000000
0.229327 0.682195 -0.247214 0.600000 0.300000 0.000000
-0.133900 -0.128124 0.454200 0.600000 0.000000 0.300000
-0.096593 0.544696 -0.245625 0.300000 0.000000 0.600000
-0.415642 -0.441186 -0.189115 0.300000 0.600000 0.000000
-0.361934 -0.414998 0.357804 0.600000 0.000000 0.300000
-0.404501 -0.441114 -0.230759 0.300000 0.600000 0.000000
-0.002696 0.075743 -0.174647 0.300000 0.000000 0.600000
-0.126873 -0.045722 0.092868 0.600000 0.000000 0.300000
0.315205 0.556503 -0.220446 0.300000 0.000000 0.600000
0.345188 -0.466142 0.374740 0.300000 0.000000 0.600000
0.323875 -0.023109 0.403907 0.600000 0.000000 0.300000
-0.422045 -0.438470 -0.221419 0.300000 0.600000 0.000000
0.248525 -0.064370 0.450241 0.600000 0.000000 0.300000
0.248577 -0.081047 -0.203050 0.000000 0.500000 0.500000
0.166483 0.119451 -0.144732 0.300000 0.000000 0.600000
0.132308 0.414054 -0.207905 0.300000 0.000000 0.600000
0.321134 -0.295524 0.258555 0.300000 0.000000 0.600000
-0.269351 -0.027649 0.160647 0.600000 0.000000 0.300000
-0.245747 0.119528 -0.147180 0.600000 0.000000 0.300000
-0.356144 -0.360443 0.289167 0.600000 0.000000 0.300000
-0.238628 -0.035540 0.081111 0.600000 0.000000 0.300000
0.038545 0.647299 -0.266150 0.600000 0.300000 0.000000
-0.297963 0.068058 -0.187727 0.600000 0.000000 0.300000
-0.196481 -0.042748 -0.114946 0.600000 0.000000 0.300000
-0.326002 -0.332076 0.264103 0.600000 0.000000 0.300000
0.122933 0.686949 -0.267938 0.600000 0.300000 0.000000
-0.338886 -0.450182 0.359098 0.600000 0.000000 0.300000
-0.135008 -0.041695 0.166833 0.600000 0.000000 0.300000
0.289796 -0.027601 -0.021238 0.600000 0.000000 0.300000
0.367112 -0.039684 0.041508 0.600000 0.000000 0.300000
-0.116204 -0.043916 0.146084 0.600000 0.000000 0.300000
0.384796 -0.177490 0.037218 1.000000 0.000000 0.000000
0.356058 -0.465330 0.397542 0.300000 0.000000 0.600000
-0.095248 0.478532 -0.231605 0.300000 0.000000 0.600000
-0.355556 -0.309770 0.235502 0.600000 0.000000 0.300000
0.219002 -0.150235 0.002137 1.000000 0.000000 0.000000
-0.382049 -0.055266 0.242183 0.600000 0.000000 0.300000
-0.321785 -0.551151 0.442080 0.600000 0.000000 0.300000
-0.223050 -0.034724 0.145613 0.600000 0.000000 0.300000
-0.067057 0.362599 -0.201601 0.300000 0.000000 0.600000
-0.270143 0.291379 -0.176457 0.600000 0.000000 0.300000
0.151952 0.580413 -0.243546 0.300000 0.000000 0.600000
0.314363 -0.483113 0.405412 0.300000 0.000000 0.600000
0.387755 -0.190537 -0.032752 0.600000 0.300000 0.000000
0.218973 -0.044577 -0.164648 0.600000 0.000000 0.300000
0.301094 0.203249 -0.159795 0.300000 0.000000 0.600000
-0.293127 0.387528 -0.153316 0.600000 0.000000 0.300000
-0.409711 -0.368402 -0.140341 0.300000 0.600000 0.000000
-0.004282 0.338566 -0.201332 0.300000 0.000000 0.600000
0.234729 0.169201 -0.184817 0.300000 0.000000 0.600000
0.181062 0.548087 -0.232486 0.300000 0.000000 0.600000
-0.357847 -0.010546 0.242105 0.600000 0.000000 0.300000
-0.207161 0.400126 -0.188347 0.300000 0.000000 0.600000
0.318805 0.746615 -0.281361 0.300000 0.000000 0.600000
-0.287094 -0.028765 0.083103 0.600000 0.000000 0.300000
0.068912 -0.046530 0.140341 0.600000 0.000000 0.300000
-0.354376 0.385063 -0.169196 0.600000 0.000000 0.300000
0.169750 -0.043125 0.077962 0.600000 0.000000 0.300000
-0.351597 -0.629901 0.472515 0.600000 0.000000 0.300000
0.223294 -0.123319 0.430157 0.600000 0.000000 0.300000
-0.375769 -0.016964 0.360158 0.600000 0.000000 0.300000
0.134870 -0.041778 0.159577 0.600000 0.000000 0.300000
0.198066 0.328200 -0.167410 0.300000 0.000000 0.600000
0.321258 0.579988 -0.227424 0.300000 0.000000 0.600000
0.312946 0.676733 -0.258322 0.300000 0.000000 0.600000
0.170695 -0.035681 0.387060 0.600000 0.000000 0.300000
-0.029098 0.368529 -0.208203 0.300000 0.000000 0.600000
-0.324674 -0.177727 0.022449 1.000000 0.000000 0.000000
0.295843 -0.083333 -0.133564 0.000000 0.500000 0.500000
-0.060815 0.638093 -0.261631 0.600000 0.300000 0.000000
-0.284607 -0.057887 -0.211896 0.300000 0.600000 0.000000
-0.252177 -0.136174 -0.094791 0.300000 0.600000 0.000000
0.100610 0.363129 -0.197332 0.300000 0.000000 0.600000
0.189464 -0.039036 0.412088 0.600000 0.000000 0.300000
-0.223104 -0.042897 0.427589 0.600000 0.000000 0.300000
-0.376921 -0.080292 0.140384 0.600000 0.000000 0.300000
-0.205919 0.011555 -0.144724 0.600000 0.000000 0.300000
-0.093511 -0.053343 -0.028690 0.600000 0.000000 0.300000
-0.248778 -0.025708 0.264561 0.600000 0.000000 0.300000
0.052699 0.462145 -0.233235 0.300000 0.000000 0.600000
-0.322356 -0.023689 0.054310 0.600000 0.000000 0.300000
-0.272842 -0.130383 0.013061 1.000000 0.000000 0.000000
0.260451 -0.120667 0.046908 0.000000 0.500000 0.500000
0.123211 -0.046917 0.072219 0.600000 0.000000 0.300000
0.160744 0.296668 -0.169098 0.300000 0.000000 0.600000
0.334385 -0.475715 0.377984 0.300000 0.000000 0.600000
-0.324252 -0.241834 0.182048 0.600000 0.000000 0.300000
0.291786 -0.154668 0.056348 1.000000 0.000000 0.000000
0.343172 -0.649082 0.484466 0.300000 0.000000 0.600000
0.309985 -0.754053 0.524955 0.300000 0.000000 0.600000
0.397073 -0.245190 -0.052093 0.600000 0.300000 0.000000
-0.384232 -0.051322 0.392428 0.600000 0.000000 0.300000
-0.080915 0.409595 -0.215575 0.300000 0.000000 0.600000
-0.341570 -0.217933 0.105956 0.600000 0.000000 0.300000
0.330558 -0.344738 0.264349 0.300000 0.000000 0.600000
0.356943 0.524805 -0.198545 0.300000 0.000000 0.600000
-0.117951 -0.051052 -0.022366 0.600000 0.000000 0.300000
-0.359824 0.534226 -0.184129 0.600000 0.000000 0.300000
0.110971 -0.052364 -0.167708 0.600000 0.000000 0.300000
0.289529 0.181394 -0.174987 0.300000 0.000000 0.600000
-0.242225 -0.031293 0.162752 0.600000 0.000000 0.300000
-0.307749 0.744673 -0.259838 0.600000 0.000000 0.300000
-0.162738 -0.175222 0.043895 1.000000 0.000000 0.000000
0.037834 -0.134735 0.454405 0.600000 0.000000 0.300000
0.105904 -0.053222 -0.068611 0.600000 0.000000 0.300000
0.416691 -0.620779 -0.302672 0.600000 0.300000 0.000000
-0.020671 -0.054656 0.000768 0.600000 0.000000 0.300000
0.047142 0.335384 -0.199868 0.300000 0.000000 0.600000
0.188036 -0.031869 0.375757 0.600000 0.000000 0.300000
0.146247 0.279207 -0.168172 0.300000 0.000000 0.600000
0.342878 0.386258 -0.168002 0.300000 0.000000 0.600000
-0.040765 0.272283 -0.186738 0.300000 0.000000 0.600000
0.237823 -0.102797 -0.036969 0.000000 0.500000 0.500000
0.399753 -0.640614 -0.311692 0.600000 0.300000 0.000000
0.078145 -0.042330 0.218700 0.600000 0.000000 0.300000
0.361311 -0.680709 0.524271 0.600000 0.300000 0.000000
-0.358042 0.498696 -0.173502 0.600000 0.000000 0.300000
-0.230729 0.310996 -0.154079 0.600000 0.000000 0.300000
-0.456416 -0.704397 -0.291173 0.500000 0.500000 0.000000
0.287535 0.026385 -0.139629 0.300000 0.000000 0.600000
0.330074 -0.015791 0.172460 0.600000 0.000000 0.300000
0.211211 -0.172290 0.046828 1.000000 0.000000 0.000000
-0.382278 -0.715091 0.551223 0.300000 0.600000 0.000000
-0.054139 0.154407 -0.161653 0.300000 0.000000 0.600000
0.283758 -0.020708 -0.212843 0.300000 0.000000 0.600000
0.015185 -0.059447 -0.148403 0.600000 0.000000 0.300000
-0.266294 -0.021402 -0.140694 0.600000 0.000000 0.300000
0.136006 -0.142028 0.054450 1.000000 0.000000 0.000000
-0.370431 -0.741709 0.506675 0.300000 0.600000 0.000000
0.083636 -0.046415 0.136847 0.600000 0.000000 0.300000
0.282252 0.712340 -0.248764 0.300000 0.000000 0.600000
0.306369 0.060605 -0.174197 0.300000 0.000000 0.600000
0.306218 -0.166880 0.006547 1.000000 0.000000 0.000000
0.302176 -0.147876 0.009209 0.000000 0.500000 0.500000
0.005855 0.302098 -0.193438 0.300000 0.000000 0.600000
-0.346607 -0.318761 0.294685 0.600000 0.000000 0.300000
-0.197980 -0.032417 0.247078 0.600000 0.000000 0.300000
0.226072 0.083321 -0.159357 0.300000 0.000000 0.600000
-0.380098 -0.065542 0.191892 0.600000 0.000000 0.300000
0.313922 -0.616675 0.491924 0.300000 0.000000 0.600000
-0.068606 -0.175364 0.043753 1.000000 0.000000 0.000000
-0.269299 0.540966 -0.204622 0.300000 0.000000 0.600000
-0.361597 -0.018322 0.103752 0.600000 0.000000 0.300000
-0.300279 0.457296 -0.210871 0.600000 0.000000 0.300000
0.296265 -0.111111 -0.015616 0.000000 0.500000 0.500000
-0.143724 0.053463 -0.157172 0.300000 0.000000 0.600000
-0.421343 -0.707748 -0.220319 1.000000 0.000000 0.000000
0.307354 0.023486 -0.163188 0.300000 0.000000 0.600000
0.261397 0.084057 -0.126879 0.300000 0.000000 0.600000
0.093049 0.561166 -0.247571 0.300000 0.000000 0.600000
-0.367564 -0.223839 -0.052320 0.300000 0.600000 0.000000
-0.030156 0.447926 -0.230182 0.300000 0.000000 0.600000
0.116902 -0.035108 0.356287 0.600000 0.000000 0.300000
0.269275 0.310875 -0.139186 0.300000 0.000000 0.600000
0.198280 -0.045626 -0.162859 0.600000 0.000000 0.300000
-0.278803 0.098003 -0.194329 0.600000 0.000000 0.300000
-0.341550 -0.686163 0.502155 0.500000 0.000000 0.500000
0.151852 -0.033677 0.373786 0.600000 0.000000 0.300000
-0.174154 -0.179520 0.029649 1.000000 0.000000 0.000000
0.263081 0.456935 -0.180740 0.300000 0.000000 0.600000
-0.231623 -0.057552 -0.194051 0.300000 0.600000 0.000000
-0.346032 -0.233320 0.128513 0.600000 0.000000 0.300000
0.356062 -0.402727 0.349995 0.300000 0.000000 0.600000
-0.332696 -0.016778 -0.073258 0.600000 0.000000 0.300000
-0.362071 -0.680995 0.522164 0.300000 0.600000 0.000000
0.305910 -0.750407 0.554639 0.300000 0.000000 0.600000
-0.240121 0.268984 -0.149065 0.600000 0.000000 0.300000
0.236791 -0.094814 -0.081109 0.000000 0.500000 0.500000
0.332163 0.668189 -0.248620 0.300000 0.000000 0.600000
0.252025 -0.034189 -0.046458 0.600000 0.000000 0.300000
0.303770 -0.020210 -0.158732 0.300000 0.000000 0.600000
-0.248541 0.173345 -0.126547 0.600000 0.000000 0.300000
0.226612 -0.173439 0.013107 1.000000 0.000000 0.000000
-0.026732 -0.058367 -0.095724 0.600000 0.000000 0.300000
-0.292568 -0.135072 0.050414 1.000000 0.000000 0.000000
0.223214 0.129772 -0.156580 0.300000 0.000000 0.600000
-0.307411 0.510824 -0.175947 0.600000 0.000000 0.300000
0.225037 -0.138107 0.005386 1.000000 0.000000 0.000000
-0.271554 -0.026018 0.189229 0.600000 0.000000 0.300000
0.311330 -0.013745 0.291622 0.600000 0.000000 0.300000
-0.363562 0.472244 -0.186434 0.600000 0.000000 0.300000
0.341697 -0.152719 0.067512 0.300000 0.000000 0.600000
-0.131011 -0.050864 -0.076050 0.600000 0.000000 0.300000
0.135534 0.334109 -0.184736 0.300000 0.000000 0.600000
0.371009 -0.025510 0.201139 0.600000 0.000000 0.300000
0.148547 -0.044041 0.092760 0.600000 0.000000 0.300000
-0.294000 -0.016961 0.348969 0.600000 0.000000 0.300000
-0.399449 -0.188342 -0.014205 0.300000 0.600000 0.000000
0.290553 0.462689 -0.177156 0.300000 0.000000 0.600000
-0.387284 -0.261338 -0.054179 0.300000 0.600000 0.000000
-0.009756 -0.045228 0.193815 0.600000 0.000000 0.300000
0.130856 -0.136317 0.007125 1.000000 0.000000 0.000000
0.350080 -0.202668 0.143208 0.300000 0.000000 0.600000
-0.331897 0.301056 -0.139172 0.600000 0.000000 0.300000
-0.287066 -0.029775 0.009228 0.600000 0.000000 0.300000
-0.155360 0.335066 -0.180437 0.300000 0.000000 0.600000
0.169219 -0.154869 0.002492 1.000000 0.000000 0.000000
-0.311880 -0.126988 -0.060664 0.300000 0.600000 0.000000
-0.094930 -0.041179 0.398085 0.600000 0.000000 0.300000
-0.389900 -0.485475 -0.223267 0.300000 0.600000 0.000000
-0.398325 -0.248164 -0.092744 0.300000 0.600000 0.000000
0.223574 0.137994 -0.179017 0.300000 0.000000 0.600000
-0.244802 -0.060361 -0.205212 0.600000 0.000000 0.300000
-0.320499 -0.690801 0.560677 0.000000 0.500000 0.500000
-0.423949 -0.652643 -0.278256 0.300000 0.600000 0.000000
-0.050216 0.681089 -0.274751 0.600000 0.300000 0.000000
-0.421016 -0.501000 -0.233553 0.300000 0.600000 0.000000
-0.417128 -0.455897 -0.235004 0.300000 0.600000 0.000000
0.405947 -0.569786 -0.290186 0.600000 0.300000 0.000000
0.317206 0.596193 -0.233421 0.300000 0.000000 0.600000
-0.127057 -0.044203 0.124812 0.600000 0.000000 0.300000
0.250961 0.737325 -0.268176 0.300000 0.000000 0.600000
-0.327780 -0.672911 0.542864 0.500000 0.000000 0.500000
0.088705 0.415975 -0.214069 0.300000 0.000000 0.600000
0.345364 -0.644761 0.515868 0.300000 0.000000 0.600000
0.295612 -0.020535 -0.125877 0.600000 0.000000 0.300000
0.160252 -0.046703 -0.115015 0.600000 0.000000 0.300000
0.254817 0.190873 -0.183530 0.300000 0.000000 0.600000
-0.240629 -0.102842 -0.050874 0.300000 0.600000 0.000000
-0.175029 -0.045794 -0.110393 0.600000 0.000000 0.300000
-0.249698 0.130305 -0.126816 0.600000 0.000000 0.300000
0.299541 -0.112443 -0.113838 0.300000 0.000000 0.600000
0.315466 -0.279122 0.215565 0.300000 0.000000 0.600000
-0.344917 -0.016462 0.123594 0.600000 0.000000 0.300000
0.337820 0.603126 -0.209201 0.300000 0.000000 0.600000
0.035546 -0.040660 0.267894 0.600000 0.000000 0.300000
0.375722 -0.042784 0.266400 0.600000 0.000000 0.300000
0.290560 -0.091658 -0.106809 0.300000 0.000000 0.600000
-0.381930 -0.374012 -0.161299 0.300000 0.600000 0.000000
0.004804 -0.057378 -0.053588 0.600000 0.000000 0.300000
-0.171182 0.185736 -0.142244 0.300000 0.000000 0.600000
-0.361266 -0.642270 0.494688 0.600000 0.000000 0.300000
0.020789 -0.041782 0.251737 0.600000 0.000000 0.300000
-0.263815 -0.025920 0.214673 0.600000 0.000000 0.300000
-0.369748 0.609314 -0.228838 0.600000 0.000000 0.300000
0.007292 -0.107874 0.463690 0.600000 0.000000 0.300000
-0.368362 -0.067513 -0.060054 0.600000 0.000000 0.300000
0.308672 0.390016 -0.187732 0.300000 0.000000 0.600000
-0.205740 0.053133 -0.140147 0.600000 0.000000 0.300000
0.147544 -0.048363 -0.118233 0.600000 0.000000 0.300000
-0.352522 -0.575072 0.483487 0.600000 0.000000 0.300000
-0.156144 0.408987 -0.204512 0.300000 0.000000 0.600000
0.107581 0.226702 -0.165124 0.300000 0.000000 0.600000
0.369871 -0.066060 0.087960 0.600000 0.000000 0.300000
0.255814 -0.034077 0.011819 0.600000 0.000000 0.300000
0.371069 -0.704036 -0.239646 0.600000 0.000000 0.300000
-0.326161 0.326579 -0.134811 0.600000 0.000000 0.300000
-0.393811 -0.435764 -0.188941 0.300000 0.600000 0.000000
0.226891 0.010578 -0.156142 0.300000 0.000000 0.600000
-0.171105 -0.110217 0.459726 0.600000 0.000000 0.300000
0.261002 0.051718 -0.133977 0.300000 0.000000 0.600000
0.298754 0.284595 -0.165204 0.300000 0.000000 0.600000
-0.366929 -0.047895 -0.081676 0.600000 0.000000 0.300000
0.238367 -0.119227 -0.003455 0.300000 0.000000 0.600000
-0.411504 -0.689771 -0.230538 1.000000 0.000000 0.000000
-0.277595 -0.010025 -0.209440 0.600000 0.000000 0.300000
-0.298910 0.249976 -0.122342 0.600000 0.000000 0.300000
-0.346945 0.418140 -0.153031 0.600000 0.000000 0.300000
0.347717 -0.327596 0.299235 0.300000 0.000000 0.600000
-0.025223 -0.044360 0.210525 0.600000 0.000000 0.300000
-0.385102 -0.429225 -0.209627 0.300000 0.600000 0.000000
0.304411 0.174009 -0.131764 0.300000 0.000000 0.600000
-0.016532 0.058618 -0.172531 0.300000 0.000000 0.600000
-0.456754 -0.716193 -0.294928 0.500000 0.500000 0.000000
0.005377 -0.128282 0.043624 1.000000 0.000000 0.000000
-0.245703 0.349701 -0.158178 0.600000 0.000000 0.300000
0.081116 0.658066 -0.262358 0.600000 0.300000 0.000000
-0.230831 -0.038444 -0.056898 0.600000 0.000000 0.300000
0.295664 -0.015531 0.308550 0.600000 0.000000 0.300000
-0.293957 0.440280 -0.180361 0.600000 0.000000 0.300000
0.208656 0.633001 -0.243706 0.600000 0.300000 0.000000
-0.187743 -0.121648 0.453941 0.600000 0.000000 0.300000
0.256185 0.337438 -0.177248 0.300000 0.000000 0.600000
-0.105354 0.744955 -0.310654 0.600000 0.300000 0.000000
0.300694 0.395964 -0.196713 0.300000 0.000000 0.600000
0.353643 -0.025655 -0.114867 0.600000 0.000000 0.300000
-0.366605 -0.025057 0.045893 0.600000 0.000000 0.300000
0.262773 -0.097721 -0.051797 0.000000 0.500000 0.500000
0.306194 0.422594 -0.151584 0.300000 0.000000 0.600000
0.146078 -0.126069 0.022379 1.000000 0.000000 0.000000
0.104021 0.528423 -0.244729 0.300000 0.000000 0.600000
-0.349101 -0.216139 0.170500 0.600000 0.000000 0.300000
-0.378406 -0.021111 0.247630 0.600000 0.000000 0.300000
-0.038459 0.515286 -0.248172 0.300000 0.000000 0.600000
0.289674 0.086152 -0.155288 0.300000 0.000000 0.600000
0.290459 0.557939 -0.199821 0.300000 0.000000 0.600000
0.227201 -0.115854 -0.085299 0.300000 0.000000 0.600000
-0.338459 0.685204 -0.259951 0.600000 0.000000 0.300000
-0.404695 -0.459928 -0.241232 0.300000 0.600000 0.000000
-0.337850 -0.266896 0.232627 0.600000 0.000000 0.300000
-0.106857 -0.053366 -0.077503 0.600000 0.000000 0.300000
0.127703 0.171401 -0.149322 0.300000 0.000000 0.600000
-0.287486 0.242609 -0.125122 0.600000 0.000000 0.300000
-0.230512 0.634134 -0.240981 0.600000 0.300000 0.000000
-0.339011 -0.014218 0.206446 0.600000 0.000000 0.300000
-0.358366 0.593473 -0.201200 0.600000 0.000000 0.300000
0.426916 -0.684625 -0.235905 0.300000 0.000000 0.600000
-0.301742 0.148299 -0.176014 0.600000 0.000000 0.300000
0.232581 0.238050 -0.149178 0.300000 0.000000 0.600000
-0.102199 -0.050764 0.020539 0.600000 0.000000 0.300000
-0.116560 0.084790 -0.156968 0.300000 0.000000 0.600000
0.318184 -0.327938 0.292310 0.300000 0.000000 0.600000
-0.042255 0.710037 -0.284783 0.600000 0.300000 0.000000
0.040043 0.669865 -0.268117 0.600000 0.300000 0.000000
0.419119 -0.447821 -0.211939 0.600000 0.300000 0.000000
0.338984 -0.381240 0.301347 0.300000 0.000000 0.600000
0.064870 0.183279 -0.164039 0.300000 0.000000 0.600000
0.204854 -0.041454 -0.024654 0.600000 0.000000 0.300000
0.355256 -0.301317 0.251166 0.300000 0.000000 0.600000
-0.262670 -0.033921 0.003569 0.600000 0.000000 0.300000
0.265090 -0.079598 -0.130757 0.000000 0.500000 0.500000
0.130833 0.610274 -0.253930 0.600000 0.300000 0.000000
-0.357615 -0.278494 0.236804 0.600000 0.000000 0.300000
0.326550 0.584064 -0.205939 0.300000 0.000000 0.600000
0.150840 -0.035324 0.258675 0.600000 0.000000 0.300000
-0.233644 0.506550 -0.209705 0.300000 0.000000 0.600000
-0.355335 -0.603040 0.494231 0.600000 0.000000 0.300000
-0.283406 0.159018 -0.129616 0.600000 0.000000 0.300000
0.220241 -0.038088 0.043525 0.600000 0.000000 0.300000
0.391229 -0.385125 -0.157840 0.600000 0.300000 0.000000
-0.114659 0.682791 -0.272039 0.600000 0.300000 0.000000
-0.325792 -0.503255 0.436765 0.600000 0.000000 0.300000
0.267556 0.380539 -0.174075 0.300000 0.000000 0.600000
-0.204546 -0.042031 0.009882 0.600000 0.000000 0.300000
-0.009139 -0.038201 0.333280 0.600000 0.000000 0.300000
0.372095 -0.092512 0.416532 0.600000 0.000000 0.300000
0.058011 0.347662 -0.198726 0.300000 0.000000 0.600000
0.184802 -0.045164 -0.054643 0.600000 0.000000 0.300000
-0.109987 -0.073364 0.455766 0.600000 0.000000 0.300000
0.026512 -0.046269 0.161627 0.600000 0.000000 0.300000
0.227959 -0.117379 -0.064919 0.300000 0.000000 0.600000
-0.344734 -0.168908 0.050209 1.000000 0.000000 0.000000
0.268029 0.352964 -0.149136 0.300000 0.000000 0.600000
-0.200978 -0.034387 0.204667 0.600000 0.000000 0.300000
-0.150016 0.187238 -0.151218 0.300000 0.000000 0.600000
0.356919 -0.083743 -0.053227 0.600000 0.000000 0.300000
-0.385746 -0.421399 -0.194691 0.300000 0.600000 0.000000
-0.132420 -0.048802 0.019820 0.600000 0.000000 0.300000
-0.402783 -0.402955 -0.174988 0.300000 0.600000 0.000000
0.172735 0.192424 -0.145247 0.300000 0.000000 0.600000
0.395555 -0.456387 -0.195215 0.600000 0.300000 0.000000
-0.237397 -0.032582 -0.200566 0.600000 0.000000 0.300000
0.204004 -0.126098 0.036513 1.000000 0.000000 0.000000
-0.187074 0.318997 -0.170928 0.300000 0.000000 0.600000
-0.193411 0.242612 -0.150764 0.300000 0.000000 0.600000
-0.407281 -0.496947 -0.214371 0.300000 0.600000 0.000000
0.282876 0.047272 -0.134004 0.300000 0.000000 0.600000
0.104806 0.487637 -0.233351 0.300000 0.000000 0.600000
0.356632 -0.634126 0.504367 0.300000 0.000000 0.600000
0.250516 -0.131043 -0.119472 0.000000 0.500000 0.500000
0.259485 0.292500 -0.175137 0.300000 0.000000 0.600000
0.335053 -0.268291 0.176789 0.300000 0.000000 0.600000
0.278833 -0.022912 0.213229 0.600000 0.000000 0.300000
0.043477 0.530123 -0.250462 0.300000 0.000000 0.600000
0.078675 -0.051099 0.426909 0.600000 0.000000 0.300000
0.054564 -0.159688 0.055002 1.000000 0.000000 0.000000
0.167949 0.579631 -0.240556 0.300000 0.000000 0.600000
-0.361292 -0.401493 0.351970 0.600000 0.000000 0.300000
0.224099 -0.134748 0.027992 0.000000 0.500000 0.500000
0.052629 -0.041458 0.245662 0.600000 0.000000 0.300000
0.232150 0.122040 -0.156318 0.300000 0.000000 0.600000
0.227926 -0.034777 0.117437 0.600000 0.000000 0.300000
0.367598 -0.093813 0.427428 0.600000 0.000000 0.300000
-0.198614 0.752575 -0.314278 0.600000 0.300000 0.000000
-0.250370 -0.031563 -0.127328 0.600000 0.000000 0.300000
-0.315221 0.176276 -0.144010 0.600000 0.000000 0.300000
-0.014990 0.474834 -0.237571 0.300000 0.000000 0.600000
0.398661 -0.146073 0.055534 1.000000 0.000000 0.000000
-0.275478 0.505148 -0.193451 0.600000 0.000000 0.300000
-0.448613 -0.749671 -0.253893 0.500000 0.500000 0.000000
0.002381 -0.021056 -0.179231 0.300000 0.000000 0.600000
-0.184842 -0.044704 -0.101149 0.600000 0.000000 0.300000
-0.051450 -0.055785 -0.033141 0.600000 0.000000 0.300000
-0.350127 -0.701256 0.576828 0.500000 0.000000 0.500000
-0.452745 -0.723693 -0.302656 0.500000 0.500000 0.000000
-0.278113 -0.144472 -0.060393 0.300000 0.600000 0.000000
-0.397128 -0.265988 -0.110890 0.300000 0.600000 0.000000
-0.408528 -0.253941 -0.073918 0.300000 0.600000 0.000000
0.325738 -0.458730 0.412171 0.300000 0.000000 0.600000
-0.057867 0.504013 -0.241892 0.300000 0.000000 0.600000
0.316731 -0.039549 -0.156923 0.600000 0.000000 0.300000
0.376217 -0.345819 -0.129568 0.600000 0.300000 0.000000
0.299682 0.171313 -0.160123 0.300000 0.000000 0.600000
-0.112873 0.388654 -0.202865 0.300000 0.000000 0.600000
-0.074696 -0.126438 0.021003 1.000000 0.000000 0.000000
0.384146 -0.489140 -0.218490 0.600000 0.300000 0.000000
0.059726 -0.088101 0.461809 0.600000 0.000000 0.300000
-0.004196 -0.058923 -0.091210 0.600000 0.000000 0.300000
-0.322642 0.396916 -0.184101 0.600000 0.000000 0.300000
-0.120866 -0.048023 0.052500 0.600000 0.000000 0.300000
-0.296569 0.597217 -0.235534 0.600000 0.000000 0.300000
-0.020835 0.175895 -0.166496 0.300000 0.000000 0.600000
0.112605 0.364571 -0.199477 0.300000 0.000000 0.600000
0.269062 0.384349 -0.185498 0.300000 0.000000 0.600000
-0.168370 0.068004 -0.147021 0.300000 0.000000 0.600000
-0.087276 0.563206 -0.249383 0.300000 0.000000 0.600000
-0.221141 -0.033666 0.174378 0.600000 0.000000 0.300000
0.091524 -0.177267 0.020738 1.000000 0.000000 0.000000
0.302889 0.578636 -0.233126 0.300000 0.000000 0.600000
0.444193 -0.747528 -0.250312 0.800000 0.200000 0.500000
-0.138200 -0.049774 -0.028210 0.600000 0.000000 0.300000
-0.195294 -0.042177 -0.141570 0.600000 0.000000 0.300000
-0.186651 -0.043257 -0.149026 0.600000 0.000000 0.300000
0.223532 -0.038380 0.054881 0.600000 0.000000 0.300000
-0.409926 -0.305692 -0.132465 0.300000 0.600000 0.000000
0.318174 0.235249 -0.132282 0.300000 0.000000 0.600000
-0.356455 0.705306 -0.261483 0.600000 0.000000 0.300000
0.332324 0.395349 -0.171772 0.300000 0.000000 0.600000
0.298993 0.579819 -0.222580 0.300000 0.000000 0.600000
-0.388279 -0.680527 -0.271977 0.000000 1.000000 0.000000
-0.123034 0.120037 -0.152848 0.300000 0.000000 0.600000
-0.278598 -0.137183 -0.093192 0.300000 0.600000 0.000000
0.229150 -0.024529 0.316349 0.600000 0.000000 0.300000
0.407327 -0.452594 -0.219384 0.600000 0.300000 0.000000
0.150057 0.748314 -0.310264 0.600000 0.300000 0.000000
0.222871 0.164703 -0.174783 0.300000 0.000000 0.600000
0.183738 0.728099 -0.277471 0.600000 0.300000 0.000000
0.192433 0.168368 -0.135191 0.300000 0.000000 0.600000
-0.007277 0.615721 -0.260025 0.600000 0.300000 0.000000
0.329804 0.313275 -0.156727 0.300000 0.000000 0.600000
0.252445 0.377608 -0.161022 0.300000 0.000000 0.600000
-0.200130 0.741548 -0.293990 0.600000 0.300000 0.000000
0.228058 -0.101452 -0.160349 0.300000 0.000000 0.600000
0.162079 -0.033256 0.279787 0.600000 0.000000 0.300000
0.321915 -0.186448 0.058822 0.300000 0.000000 0.600000
0.276263 0.416002 -0.186816 0.300000 0.000000 0.600000
0.339405 -0.294854 0.211416 0.300000 0.000000 0.600000
-0.243010 0.591805 -0.230781 0.600000 0.300000 0.000000
-0.408557 -0.644832 -0.277809 0.300000 0.600000 0.000000
-0.257929 -0.046724 -0.171707 0.600000 0.000000 0.300000
-0.082205 -0.053832 -0.016498 0.600000 0.000000 0.300000
0.230183 -0.089336 -0.126269 0.000000 0.500000 0.500000
0.302729 -0.121658 -0.098836 0.000000 0.500000 0.500000
-0.330020 -0.232505 0.135466 0.600000 0.000000 0.300000
0.149115 -0.134192 0.438177 0.600000 0.000000 0.300000
0.071909 -0.177271 0.038035 1.000000 0.000000 0.000000
0.074361 0.335184 -0.194549 0.300000 0.000000 0.600000
0.215673 0.217002 -0.140558 0.300000 0.000000 0.600000
0.225146 -0.138499 -0.018070 0.000000 0.500000 0.500000
0.004741 0.731858 -0.297526 0.600000 0.300000 0.000000
-0.187602 -0.029191 0.325550 0.600000 0.000000 0.300000
0.120845 0.026068 -0.160810 0.300000 0.000000 0.600000
-0.383234 -0.061453 0.311341 0.600000 0.000000 0.300000
0.141459 -0.044079 0.102671 0.600000 0.000000 0.300000
-0.352258 0.634670 -0.237460 0.600000 0.000000 0.300000
-0.374880 -0.028406 0.124186 0.600000 0.000000 0.300000
-0.237821 -0.105678 -0.074833 0.600000 0.000000 0.300000
-0.216747 0.287023 -0.151873 0.300000 0.000000 0.600000
0.338350 -0.441672 0.402155 0.300000 0.000000 0.600000
0.296525 -0.073042 -0.154280 0.000000 0.500000 0.500000
0.337625 -0.103991 0.435347 0.600000 0.000000 0.300000
0.374096 -0.079700 0.336317 0.600000 0.000000 0.300000
-0.430311 -0.700605 -0.221380 1.000000 0.000000 0.000000
0.279860 0.381178 -0.151614 0.300000 0.000000 0.600000
-0.302235 -0.002734 -0.172410 0.600000 0.000000 0.300000
-0.236211 0.735351 -0.272543 0.600000 0.300000 0.000000
0.159207 0.012844 -0.156844 0.300000 0.000000 0.600000
0.164987 0.338294 -0.178261 0.300000 0.000000 0.600000
-0.241901 -0.128607 0.055197 0.300000 0.600000 0.000000
-0.263391 -0.131334 0.046677 1.000000 0.000000 0.000000
-0.322180 -0.558739 0.459793 0.600000 0.000000 0.300000
-0.305495 -0.051014 -0.181346 0.600000 0.000000 0.300000
0.289179 -0.114706 -0.152639 0.300000 0.000000 0.600000
0.315803 -0.022405 0.076585 0.600000 0.000000 0.300000
0.127791 0.487002 -0.232924 0.300000 0.000000 0.600000
-0.401690 -0.216653 -0.024112 0.300000 0.600000 0.000000
-0.326529 0.517208 -0.211426 0.600000 0.000000 0.300000
-0.044987 -0.154025 0.002266 1.000000 0.000000 0.000000
0.324086 -0.471254 0.419924 0.300000 0.000000 0.600000
0.067493 0.461973 -0.229759 0.300000 0.000000 0.600000
-0.197544 -0.028882 0.355660 0.600000 0.000000 0.300000
-0.306352 -0.023779 -0.055773 0.600000 0.000000 0.300000
-0.232224 0.070992 -0.163802 0.600000 0.000000 0.300000
0.317836 0.639948 -0.244517 0.300000 0.000000 0.600000
0.200209 -0.030632 0.266461 0.600000 0.000000 0.300000
0.317318 -0.021294 0.096490 0.600000 0.000000 0.300000
-0.328789 0.484089 -0.163768 0.600000 0.000000 0.300000
-0.046906 0.446483 -0.229421 0.300000 0.000000 0.600000
0.291970 -0.026460 -0.039467 0.600000 0.000000 0.300000
0.026777 0.256036 -0.183541 0.300000 0.000000 0.600000
-0.381744 -0.024012 0.302992 0.600000 0.000000 0.300000
0.378146 -0.342420 -0.162177 0.600000 0.300000 0.000000
0.332531 0.716811 -0.248434 0.300000 0.000000 0.600000
0.299128 -0.130449 -0.052857 0.300000 0.000000 0.600000
-0.027921 -0.049205 0.110136 0.600000 0.000000 0.300000
-0.358374 -0.607823 0.466214 0.600000 0.000000 0.300000
-0.363488 -0.495899 0.411356 0.600000 0.000000 0.300000
-0.391485 -0.524561 -0.250581 0.300000 0.600000 0.000000
-0.333088 0.667461 -0.248510 0.600000 0.000000 0.300000
-0.353432 0.564893 -0.189768 0.600000 0.000000 0.300000
-0.264995 0.201314 -0.185624 0.600000 0.000000 0.300000
-0.197272 0.546030 -0.232797 0.300000 0.000000 0.600000
0.085341 0.346095 -0.195024 0.300000 0.000000 0.600000
0.355948 -0.685403 0.501671 0.600000 0.000000 0.300000
0.245706 -0.030863 0.404859 0.600000 0.000000 0.300000
-0.286312 0.000907 -0.146690 0.600000 0.000000 0.300000
-0.324900 -0.416356 0.344051 0.600000 0.000000 0.300000
0.008484 0.720477 -0.294128 0.600000 0.300000 0.000000
-0.016117 -0.048250 0.133858 0.600000 0.000000 0.300000
0.026153 -0.043067 0.224579 0.600000 0.000000 0.300000
-0.039405 -0.039156 0.308444 0.600000 0.000000 0.300000
-0.240193 -0.148693 0.002353 0.600000 0.000000 0.300000
-0.368331 -0.076265 -0.050486 0.600000 0.000000 0.300000
-0.275086 -0.028721 0.120111 0.600000 0.000000 0.300000
-0.284933 0.438902 -0.165566 0.600000 0.000000 0.300000
0.000951 -0.059576 -0.132230 0.600000 0.000000 0.300000
0.226249 0.202500 -0.129425 0.300000 0.000000 0.600000
0.359069 0.428189 -0.176365 0.300000 0.000000 0.600000
0.381123 -0.249958 -0.043568 0.600000 0.300000 0.000000
-0.064361 -0.036575 0.343180 0.600000 0.000000 0.300000
-0.125895 -0.033827 0.348983 0.600000 0.000000 0.300000
-0.295456 -0.019671 0.238332 0.600000 0.000000 0.300000
-0.170241 0.427599 -0.202998 0.300000 0.000000 0.600000
0.281595 -0.025029 0.159697 0.600000 0.000000 0.300000
0.082107 -0.048302 0.100610 0.600000 0.000000 0.300000
-0.207474 -0.041897 -0.000623 0.600000 0.000000 0.300000
-0.184019 0.719340 -0.278695 0.600000 0.300000 0.000000
0.373491 -0.068263 0.209856 0.600000 0.000000 0.300000
-0.360028 -0.426772 0.375742 0.600000 0.000000 0.300000
0.265177 0.018117 -0.135513 0.300000 0.000000 0.600000
0.208797 0.543387 -0.227771 0.300000 0.000000 0.600000
0.138642 0.548185 -0.243893 0.300000 0.000000 0.600000
0.007699 -0.046000 0.172916 0.600000 0.000000 0.300000
0.091868 0.663130 -0.265786 0.600000 0.300000 0.000000
-0.383041 -0.315015 -0.105214 0.300000 0.600000 0.000000
-0.033160 -0.097102 -0.192501 0.600000 0.000000 0.300000
-0.023116 -0.044773 0.404343 0.600000 0.000000 0.300000
-0.271638 0.719143 -0.256287 0.600000 0.000000 0.300000
-0.018267 0.285076 -0.189832 0.300000 0.000000 0.600000
-0.365561 -0.688950 0.559015 0.300000 0.600000 0.000000
-0.288049 -0.022170 -0.142800 0.600000 0.000000 0.300000
-0.091326 0.218481 -0.168910 0.300000 0.000000 0.600000
0.220960 -0.030632 0.217681 0.600000 0.000000 0.300000
0.207949 -0.084769 0.456681 0.600000 0.000000 0.300000
-0.301628 -0.057869 -0.155636 0.600000 0.000000 0.300000
0.244976 -0.028050 0.390312 0.600000 0.000000 0.300000
0.331222 -0.016911 0.140803 0.600000 0.000000 0.300000
-0.353484 -0.308597 0.278677 0.600000 0.000000 0.300000
0.043098 -0.056154 -0.041136 0.600000 0.000000 0.300000
0.116989 -0.044171 0.137658 0.600000 0.000000 0.300000
0.305575 -0.138136 0.017690 0.000000 0.500000 0.500000
0.375152 -0.329989 -0.150872 0.600000 0.300000 0.000000
-0.322733 -0.680982 0.520723 0.000000 0.500000 0.500000
-0.303107 0.262731 -0.165831 0.600000 0.000000 0.300000
0.158775 -0.039071 0.173759 0.600000 0.000000 0.300000
-0.306097 0.564797 -0.220375 0.600000 0.000000 0.300000
-0.361755 -0.272799 0.212305 0.600000 0.000000 0.300000
0.288123 0.429823 -0.179709 0.300000 0.000000 0.600000
-0.211785 0.119648 -0.131860 0.600000 0.000000 0.300000
0.299626 -0.109567 -0.132041 0.300000 0.000000 0.600000
0.114468 0.320805 -0.186011 0.300000 0.000000 0.600000
-0.333981 0.598636 -0.196310 0.600000 0.000000 0.300000
-0.432846 -0.612403 -0.295145 0.300000 0.600000 0.000000
-0.258362 0.307484 -0.171282 0.600000 0.000000 0.300000
-0.276651 -0.057980 -0.166511 0.600000 0.000000 0.300000
0.344135 -0.354714 0.276954 0.300000 0.000000 0.600000
-0.254358 -0.031266 0.126916 0.600000 0.000000 0.300000
0.025749 -0.112832 0.463593 0.600000 0.000000 0.300000
0.331711 -0.407776 0.327409 0.300000 0.000000 0.600000
0.296165 -0.745114 0.535403 0.300000 0.000000 0.600000
0.248846 0.138034 -0.147071 0.300000 0.000000 0.600000
-0.257269 0.038068 -0.203381 0.600000 0.000000 0.300000
0.400805 -0.718069 -0.311917 0.300000 0.000000 0.600000
0.284157 0.395652 -0.195630 0.300000 0.000000 0.600000
0.177340 -0.176168 0.042147 1.000000 0.000000 0.000000
-0.396833 -0.186725 0.008466 0.300000 0.600000 0.000000
0.327012 -0.149511 0.056455 1.000000 0.000000 0.000000
0.187730 0.060845 -0.145654 0.300000 0.000000 0.600000
-0.252941 0.144443 -0.122188 0.600000 0.000000 0.300000
0.091282 0.436482 -0.222587 0.300000 0.000000 0.600000
-0.345680 0.564975 -0.206925 0.600000 0.000000 0.300000
0.234478 0.725874 -0.263343 0.600000 0.300000 0.000000
-0.205446 0.486984 -0.211942 0.300000 0.000000 0.600000
0.272693 -0.026954 0.150413 0.600000 0.000000 0.300000
0.222978 0.060932 -0.136194 0.300000 0.000000 0.600000
-0.310326 -0.091407 -0.138108 0.300000 0.600000 0.000000
0.062808 0.028567 -0.170648 0.300000 0.000000 0.600000
0.042422 -0.058398 -0.155710 0.600000 0.000000 0.300000
-0.090524 0.160387 -0.160700 0.300000 0.000000 0.600000
0.381492 -0.397562 -0.197327 0.600000 0.300000 0.000000
-0.235908 -0.141889 0.020039 0.600000 0.000000 0.300000
0.256665 0.752135 -0.280637 0.300000 0.000000 0.600000
-0.340106 -0.251346 0.156137 0.600000 0.000000 0.300000
0.150409 -0.092955 -0.180114 0.600000 0.000000 0.300000
0.259984 -0.176116 0.042339 1.000000 0.000000 0.000000
-0.339777 -0.327040 0.248065 0.600000 0.000000 0.300000
-0.072587 -0.053592 0.002068 0.600000 0.000000 0.300000
-0.005257 -0.038908 0.317978 0.600000 0.000000 0.300000
0.216480 -0.040343 -0.046661 0.600000 0.000000 0.300000
-0.069061 0.419643 -0.217750 0.300000 0.000000 0.600000
0.079332 0.109197 -0.161487 0.300000 0.000000 0.600000
0.135588 0.351753 -0.189124 0.300000 0.000000 0.600000
-0.349339 -0.490298 0.389409 0.600000 0.000000 0.300000
-0.168776 -0.098923 0.459611 0.600000 0.000000 0.300000
-0.256955 -0.033268 -0.077832 0.600000 0.000000 0.300000
0.262555 0.510988 -0.197020 0.300000 0.000000 0.600000
0.067551 -0.176159 0.016606 1.000000 0.000000 0.000000
0.303226 0.584796 -0.208301 0.300000 0.000000 0.600000
-0.321763 -0.574353 0.468302 0.600000 0.000000 0.300000
0.245483 -0.031972 -0.118655 0.600000 0.000000 0.300000
0.356456 -0.419157 0.359325 0.300000 0.000000 0.600000
-0.050761 -0.058167 -0.145669 0.600000 0.000000 0.300000
0.371622 -0.041825 0.128221 0.600000 0.000000 0.300000
0.337426 -0.232539 0.192556 0.300000 0.000000 0.600000
0.364483 -0.075236 -0.016678 0.600000 0.000000 0.300000
0.305865 0.295534 -0.135348 0.300000 0.000000 0.600000
-0.152217 -0.039597 0.186376 0.600000 0.000000 0.300000
-0.060993 0.651599 -0.266749 0.600000 0.300000 0.000000
0.396532 -0.218574 -0.045756 0.600000 0.300000 0.000000
0.232092 -0.113043 -0.013225 0.000000 0.500000 0.500000
-0.280924 0.316829 -0.137556 0.600000 0.000000 0.300000
0.281407 -0.010934 -0.168860 0.300000 0.000000 0.600000
-0.350435 0.704260 -0.238260 0.600000 0.000000 0.300000
-0.311662 0.209118 -0.135813 0.600000 0.000000 0.300000
0.267274 -0.034387 -0.211886 0.300000 0.000000 0.600000
-0.288315 0.142296 -0.139161 0.600000 0.000000 0.300000
-0.237911 -0.109470 -0.061573 0.600000 0.000000 0.300000
-0.329712 -0.494901 0.398059 0.600000 0.000000 0.300000
-0.383828 -0.072265 0.398964 0.600000 0.000000 0.300000
0.245752 -0.079865 -0.130268 0.000000 0.500000 0.500000
-0.377355 -0.176606 0.018272 1.000000 0.000000 0.000000
0.280787 -0.066271 -0.155524 0.000000 0.500000 0.500000
-0.401925 -0.207513 -0.016648 0.300000 0.600000 0.000000
-0.352887 -0.472274 0.379365 0.600000 0.000000 0.300000
0.322161 0.492723 -0.171877 0.300000 0.000000 0.600000
-0.323025 -0.353891 0.312946 0.600000 0.000000 0.300000
0.242117 0.294653 -0.155682 0.300000 0.000000 0.600000
-0.329889 0.660628 -0.223395 0.600000 0.000000 0.300000
0.004818 0.743938 -0.315919 0.600000 0.300000 0.000000
0.206646 0.443037 -0.198503 0.300000 0.000000 0.600000
-0.153134 -0.142924 0.054690 1.000000 0.000000 0.000000
0.059390 -0.088309 -0.193149 0.600000 0.000000 0.300000
-0.231190 -0.029514 0.234591 0.600000 0.000000 0.300000
-0.130898 -0.043471 0.134945 0.600000 0.000000 0.300000
-0.361962 -0.458861 0.394526 0.600000 0.000000 0.300000
0.314575 -0.697255 0.505231 0.300000 0.000000 0.600000
-0.040521 -0.058071 -0.102473 0.600000 0.000000 0.300000
-0.293765 -0.064106 0.448538 0.600000 0.000000 0.300000
0.060101 -0.127246 0.459930 0.600000 0.000000 0.300000
-0.409348 -0.261448 -0.092708 0.300000 0.600000 0.000000
0.360508 -0.239588 -0.057029 0.600000 0.300000 0.000000
-0.314515 0.308273 -0.135721 0.600000 0.000000 0.300000
-0.091029 0.125205 -0.161605 0.300000 0.000000 0.600000
-0.236028 0.002775 -0.202814 0.600000 0.000000 0.300000
-0.308747 -0.109195 -0.104016 0.600000 0.000000 0.300000
-0.148121 0.121870 -0.146397 0.300000 0.000000 0.600000
0.357325 0.500860 -0.176322 0.300000 0.000000 0.600000
0.326607 -0.683195 0.505498 0.600000 0.000000 0.300000
0.085783 0.455848 -0.228478 0.300000 0.000000 0.600000
0.067218 0.052591 -0.168416 0.300000 0.000000 0.600000
0.307304 -0.022083 -0.052154 0.600000 0.000000 0.300000
-0.267787 0.303047 -0.149176 0.600000 0.000000 0.300000
0.237388 -0.034696 -0.094816 0.600000 0.000000 0.300000
0.449704 -0.719601 -0.280429 0.800000 0.200000 0.500000
-0.068329 0.470648 -0.231459 0.300000 0.000000 0.600000
-0.303777 -0.715632 0.499502 0.000000 0.500000 0.500000
-0.032683 0.064555 -0.173462 0.300000 0.000000 0.600000
-0.292104 -0.016492 0.309616 0.600000 0.000000 0.300000
0.363597 -0.207193 -0.049457 0.600000 0.300000 0.000000
0.383162 -0.296091 -0.131105 0.600000 0.300000 0.000000
0.373543 -0.246213 -0.089644 0.600000 0.300000 0.000000
-0.227839 0.594234 -0.235812 0.600000 0.300000 0.000000
0.371439 -0.023250 0.374418 0.600000 0.000000 0.300000
0.247484 -0.032765 0.110977 0.600000 0.000000 0.300000
0.402422 -0.413210 -0.211681 0.600000 0.300000 0.000000
0.339621 -0.016534 0.057550 0.600000 0.000000 0.300000
-0.309568 0.611641 -0.216064 0.600000 0.000000 0.300000
0.306866 0.481648 -0.212392 0.300000 0.000000 0.600000
-0.221753 0.172900 -0.134967 0.600000 0.000000 0.300000
-0.025911 -0.058993 -0.127776 0.600000 0.000000 0.300000
-0.017840 -0.056451 -0.035081 0.600000 0.000000 0.300000
-0.231512 -0.077778 0.454146 0.600000 0.000000 0.300000
0.165631 -0.014183 -0.155207 0.300000 0.000000 0.600000
-0.320940 -0.654296 0.511634 0.600000 0.000000 0.300000
0.188536 -0.129824 0.439814 0.600000 0.000000 0.300000
0.269002 -0.163481 0.025064 0.000000 0.500000 0.500000
0.092515 0.610700 -0.257297 0.600000 0.300000 0.000000
0.331635 0.735339 -0.268687 0.300000 0.000000 0.600000
-0.098699 0.253528 -0.171570 0.300000 0.000000 0.600000
0.022693 0.361816 -0.203606 0.300000 0.000000 0.600000
-0.068072 0.377935 -0.208244 0.300000 0.000000 0.600000
-0.286498 0.061628 -0.151478 0.600000 0.000000 0.300000
-0.377245 -0.134530 0.008912 1.000000 0.000000 0.000000
-0.219382 -0.029026 0.276078 0.600000 0.000000 0.300000
-0.034090 0.192675 -0.170378 0.300000 0.000000 0.600000
-0.323694 -0.018711 0.170763 0.600000 0.000000 0.300000
0.359112 -0.013641 0.214004 0.600000 0.000000 0.300000
0.118725 0.552464 -0.246668 0.300000 0.000000 0.600000
-0.155460 0.420304 -0.207979 0.300000 0.000000 0.600000
-0.215686 -0.031366 0.237733 0.600000 0.000000 0.300000
0.373526 -0.042154 0.172479 0.600000 0.000000 0.300000
0.375047 -0.030381 0.385193 0.600000 0.000000 0.300000
0.353501 -0.653728 0.516167 0.300000 0.000000 0.600000
0.073614 -0.043805 0.405827 0.600000 0.000000 0.300000
0.370752 -0.125502 0.024495 1.000000 0.000000 0.000000
0.228590 -0.053063 0.443375 0.600000 0.000000 0.300000
-0.027559 -0.048530 0.124118 0.600000 0.000000 0.300000
0.336892 -0.184951 0.123425 0.300000 0.000000 0.600000
0.229175 0.201419 -0.160910 0.300000 0.000000 0.600000
-0.060980 0.244432 -0.175979 0.300000 0.000000 0.600000
0.374658 -0.285494 -0.106948 0.600000 0.300000 0.000000
-0.369347 0.719968 -0.272712 0.600000 0.000000 0.300000
0.163534 0.150474 -0.143301 0.300000 0.000000 0.600000
-0.208872 -0.030157 0.271990 0.600000 0.000000 0.300000
0.360707 -0.162206 0.004458 1.000000 0.000000 0.000000
0.199455 -0.143552 0.003927 1.000000 0.000000 0.000000
0.091853 -0.039691 0.264843 0.600000 0.000000 0.300000
0.382733 -0.425759 -0.185831 0.600000 0.300000 0.000000
-0.259995 0.228609 -0.179740 0.600000 0.000000 0.300000
-0.093812 -0.138832 0.005191 1.000000 0.000000 0.000000
0.047184 -0.039790 0.280317 0.600000 0.000000 0.300000
0.359192 0.656566 -0.226386 0.300000 0.000000 0.600000
-0.171174 -0.042105 0.107331 0.600000 0.000000 0.300000
-0.172027 -0.033469 0.270038 0.600000 0.000000 0.300000
-0.371526 -0.157501 0.055589 1.000000 0.000000 0.000000
-0.102158 -0.086831 0.462586 0.600000 0.000000 0.300000
-0.381588 -0.086244 0.379390 0.600000 0.000000 0.300000
-0.111285 -0.053112 -0.097338 0.600000 0.000000 0.300000
-0.000508 -0.176036 0.016146 1.000000 0.000000 0.000000
0.156124 -0.045843 0.422390 0.600000 0.000000 0.300000
-0.327397 0.608014 -0.201568 0.600000 0.000000 0.300000
-0.214368 -0.145782 0.003330 1.000000 0.000000 0.000000
0.329965 -0.017560 -0.039689 0.600000 0.000000 0.300000
-0.376969 -0.721764 -0.297295 0.000000 1.000000 0.000000
-0.309072 0.650477 -0.254955 0.600000 0.000000 0.300000
-0.360924 -0.216225 0.150407 0.600000 0.000000 0.300000
-0.178652 -0.129613 0.447015 0.600000 0.000000 0.300000
-0.381424 -0.751706 -0.271199 0.000000 1.000000 0.000000
0.210582 0.725967 -0.268610 0.600000 0.300000 0.000000
-0.321773 -0.407659 0.354988 0.600000 0.000000 0.300000
-0.254837 0.426374 -0.176036 0.600000 0.000000 0.300000
-0.371557 -0.081442 -0.013270 0.600000 0.000000 0.300000
0.075482 0.743601 -0.313497 0.600000 0.300000 0.000000
0.363351 -0.091471 0.052399 0.600000 0.000000 0.300000
-0.188675 0.111064 -0.140752 0.300000 0.000000 0.600000
-0.333401 0.385709 -0.152864 0.600000 0.000000 0.300000
0.229209 0.000190 -0.203413 0.300000 0.000000 0.600000
-0.364857 -0.092823 0.020481 0.600000 0.000000 0.300000
-0.178501 -0.171153 0.010821 1.000000 0.000000 0.000000
0.301025 0.182839 -0.140152 0.300000 0.000000 0.600000
0.132312 0.432961 -0.213761 0.300000 0.000000 0.600000
-0.131738 -0.051040 -0.133736 0.600000 0.000000 0.300000
-0.337403 0.592055 -0.217780 0.600000 0.000000 0.300000
-0.402288 -0.388070 -0.180904 0.300000 0.600000 0.000000
0.092709 0.719045 -0.281465 0.600000 0.300000 0.000000
0.025269 -0.092163 -0.194986 0.600000 0.000000 0.300000
0.380176 -0.311403 -0.144218 0.600000 0.300000 0.000000
-0.273819 0.276223 -0.184696 0.600000 0.000000 0.300000
0.365100 0.489940 -0.191401 0.300000 0.000000 0.600000
-0.382126 -0.362482 -0.144523 0.300000 0.600000 0.000000
-0.119617 0.168260 -0.155663 0.300000 0.000000 0.600000
-0.255707 0.075804 -0.155856 0.600000 0.000000 0.300000
0.314235 0.353315 -0.136045 0.300000 0.000000 0.600000
-0.182362 -0.043453 0.063211 0.600000 0.000000 0.300000
0.090974 0.309626 -0.188997 0.300000 0.000000 0.600000
0.086794 0.490359 -0.235833 0.300000 0.000000 0.600000
0.322046 -0.443054 0.395344 0.300000 0.000000 0.600000
-0.282859 -0.020035 0.269709 0.600000 0.000000 0.300000
-0.062619 0.272962 -0.182150 0.300000 0.000000 0.600000
0.161759 0.701075 -0.266453 0.600000 0.300000 0.000000
-0.302882 -0.721154 0.520778 0.000000 0.500000 0.500000
-0.246549 0.064965 -0.160299 0.600000 0.000000 0.300000
0.304318 0.533688 -0.189325 0.300000 0.000000 0.600000
0.243719 0.435156 -0.182593 0.300000 0.000000 0.600000
-0.332399 0.440782 -0.188872 0.600000 0.000000 0.300000
-0.277324 0.128420 -0.148430 0.600000 0.000000 0.300000
-0.166674 0.336470 -0.177814 0.300000 0.000000 0.600000
-0.291439 0.296002 -0.181919 0.600000 0.000000 0.300000
0.071008 -0.052728 0.018574 0.600000 0.000000 0.300000
0.261170 -0.037926 -0.171694 0.300000 0.000000 0.600000
-0.204425 0.162130 -0.133360 0.600000 0.000000 0.300000
0.291389 0.529994 -0.199367 0.300000 0.000000 0.600000
0.303187 -0.019838 -0.107413 0.600000 0.000000 0.300000
-0.025960 0.108304 -0.170519 0.300000 0.000000 0.600000
0.355265 -0.249178 0.173580 0.300000 0.000000 0.600000
0.218651 0.112936 -0.144355 0.300000 0.000000 0.600000
-0.374947 -0.033835 0.415261 0.600000 0.000000 0.300000
-0.375523 -0.308224 -0.126205 0.300000 0.600000 0.000000
0.370549 0.617159 -0.235986 0.300000 0.000000 0.600000
-0.305021 0.491946 -0.206729 0.600000 0.000000 0.300000
-0.312648 0.201162 -0.142899 0.600000 0.000000 0.300000
-0.235219 0.138161 -0.191414 0.600000 0.000000 0.300000
0.440635 -0.697768 -0.233251 0.800000 0.200000 0.500000
-0.009346 0.305467 -0.194187 0.300000 0.000000 0.600000
-0.195835 -0.176553 0.018074 1.000000 0.000000 0.000000
0.174756 -0.020152 -0.153808 0.300000 0.000000 0.600000
0.235147 -0.149127 0.001947 0.300000 0.000000 0.600000
-0.302989 -0.692427 0.557646 0.000000 0.500000 0.500000
0.113902 -0.051709 -0.033271 0.600000 0.000000 0.300000
0.295521 -0.106320 -0.174057 0.000000 0.500000 0.500000
-0.008036 -0.132505 0.010938 1.000000 0.000000 0.000000
-0.280139 -0.121248 -0.155104 0.300000 0.600000 0.000000
0.149921 0.632161 -0.251752 0.600000 0.300000 0.000000
0.314475 0.333711 -0.166081 0.300000 0.000000 0.600000
-0.044328 -0.044621 0.197445 0.600000 0.000000 0.300000
0.044521 -0.109527 -0.188108 0.600000 0.000000 0.300000
0.276849 -0.152067 -0.025779 0.000000 0.500000 0.500000
0.418170 -0.517380 -0.230157 0.600000 0.300000 0.000000
0.264521 -0.130546 -0.108673 0.300000 0.000000 0.600000
-0.251158 -0.025864 0.374936 0.600000 0.000000 0.300000
0.355229 -0.362407 0.309162 0.300000 0.000000 0.600000
-0.422399 -0.525138 -0.236512 0.300000 0.600000 0.000000
0.020139 -0.055255 -0.015969 0.600000 0.000000 0.300000
0.008798 0.515266 -0.248315 0.300000 0.000000 0.600000
-0.033478 -0.056863 -0.048997 0.600000 0.000000 0.300000
-0.361523 -0.259675 0.198611 0.600000 0.000000 0.300000
-0.328341 0.336770 -0.169253 0.600000 0.000000 0.300000
-0.148500 -0.130419 0.450286 0.600000 0.000000 0.300000
-0.328716 0.679602 -0.261569 0.600000 0.000000 0.300000
0.241661 -0.026014 0.256418 0.600000 0.000000 0.300000
-0.339353 0.482522 -0.181767 0.600000 0.000000 0.300000
0.310571 0.507823 -0.176309 0.300000 0.000000 0.600000
0.233608 -0.122527 0.036464 0.000000 0.500000 0.500000
0.360334 -0.050716 -0.075786 0.600000 0.000000 0.300000
-0.190887 0.420609 -0.195469 0.300000 0.000000 0.600000
0.288477 0.501864 -0.217855 0.300000 0.000000 0.600000
0.291883 0.033089 -0.155570 0.300000 0.000000 0.600000
-0.345550 0.517168 -0.189458 0.600000 0.000000 0.300000
-0.144569 0.687709 -0.268780 0.600000 0.300000 0.000000
0.243786 -0.165779 0.053339 1.000000 0.000000 0.000000
0.266368 -0.018820 0.336969 0.600000 0.000000 0.300000
-0.305149 -0.093506 -0.176302 0.600000 0.000000 0.300000
-0.335443 0.437297 -0.157105 0.600000 0.000000 0.300000
-0.291298 -0.097921 -0.053753 0.300000 0.600000 0.000000
0.263294 -0.049432 0.441261 0.600000 0.000000 0.300000
0.215527 -0.033134 0.179841 0.600000 0.000000 0.300000
-0.400058 -0.324482 -0.158479 0.300000 0.600000 0.000000
-0.357372 -0.011476 0.220881 0.600000 0.000000 0.300000
-0.035624 -0.131311 0.012132 1.000000 0.000000 0.000000
-0.362393 -0.365242 0.311912 0.600000 0.000000 0.300000
-0.278331 0.351293 -0.148940 0.600000 0.000000 0.300000
0.161225 -0.045850 -0.018618 0.600000 0.000000 0.300000
0.372440 -0.089417 0.380073 0.600000 0.000000 0.300000
-0.235448 -0.123559 -0.059388 0.600000 0.000000 0.300000
0.136148 -0.033625 0.315466 0.600000 0.000000 0.300000
0.252414 -0.029338 0.165183 0.600000 0.000000 0.300000
-0.281731 0.622069 -0.222586 0.300000 0.000000 0.600000
-0.235276 -0.012616 -0.187179 0.600000 0.000000 0.300000
0.060798 0.165000 -0.161956 0.300000 0.000000 0.600000
-0.325752 -0.252865 0.170949 0.600000 0.000000 0.300000
-0.090529 0.453249 -0.226832 0.300000 0.000000 0.600000
-0.359779 0.662288 -0.247907 0.600000 0.000000 0.300000
0.343475 -0.019247 0.008054 0.600000 0.000000 0.300000
0.302109 0.660298 -0.236807 0.300000 0.000000 0.600000
-0.038676 -0.094297 0.462639 0.600000 0.000000 0.300000
-0.258744 -0.157935 -0.000506 0.300000 0.600000 0.000000
0.292150 -0.015939 0.351783 0.600000 0.000000 0.300000
-0.231962 -0.037877 -0.069544 0.600000 0.000000 0.300000
0.398246 -0.380079 -0.195524 0.600000 0.300000 0.000000
0.307478 -0.014475 0.355842 0.600000 0.000000 0.300000
0.158426 -0.138661 0.053548 1.000000 0.000000 0.000000
0.367397 -0.063482 0.030257 0.600000 0.000000 0.300000
0.080132 -0.056305 -0.138759 0.600000 0.000000 0.300000
0.294441 -0.022750 0.391599 0.600000 0.000000 0.300000
-0.251631 -0.062095 -0.159030 0.300000 0.600000 0.000000
0.050321 -0.152975 0.001985 1.000000 0.000000 0.000000
0.366696 -0.082309 0.015188 0.600000 0.000000 0.300000
-0.363871 -0.210642 -0.030057 0.300000 0.600000 0.000000
-0.100969 0.624157 -0.257924 0.600000 0.300000 0.000000
0.222569 0.083094 -0.141634 0.300000 0.000000 0.600000
0.309126 0.102606 -0.152228 0.300000 0.000000 0.600000
0.152714 -0.032238 0.314743 0.600000 0.000000 0.300000
0.223985 0.003656 -0.182057 0.300000 0.000000 0.600000
-0.041499 0.361990 -0.206306 0.300000 0.000000 0.600000
0.194144 0.519746 -0.223226 0.300000 0.000000 0.600000
0.315040 0.518502 -0.174666 0.300000 0.000000 0.600000
-0.228508 -0.034984 0.123574 0.600000 0.000000 0.300000
-0.275889 -0.031430 0.048795 0.600000 0.000000 0.300000
0.295579 -0.742967 0.554463 0.300000 0.000000 0.600000
-0.010432 -0.050913 0.080404 0.600000 0.000000 0.300000
-0.406071 -0.404115 -0.195623 0.300000 0.600000 0.000000
-0.231725 0.128510 -0.152225 0.600000 0.000000 0.300000
0.315347 -0.681008 0.527126 0.300000 0.000000 0.600000
-0.038167 -0.043851 0.397305 0.600000 0.000000 0.300000
0.350273 -0.400410 0.358599 0.300000 0.000000 0.600000
-0.012047 -0.077220 -0.194528 0.600000 0.000000 0.300000
-0.336290 0.702957 -0.246554 0.600000 0.000000 0.300000
0.164040 -0.178427 0.025062 1.000000 0.000000 0.000000
0.376483 -0.039619 0.306668 0.600000 0.000000 0.300000
0.265819 0.342158 -0.168737 0.300000 0.000000 0.600000
-0.352173 -0.147757 0.055152 0.600000 0.000000 0.300000
0.092463 -0.043847 0.181250 0.600000 0.000000 0.300000
-0.126957 -0.173190 0.045927 1.000000 0.000000 0.000000
-0.151238 -0.042437 0.128382 0.600000 0.000000 0.300000
-0.298573 0.019151 -0.201744 0.600000 0.000000 0.300000
0.393135 -0.208418 -0.046210 0.600000 0.300000 0.000000
0.301822 0.637685 -0.250547 0.300000 0.000000 0.600000
-0.362902 -0.692080 0.507737 0.300000 0.600000 0.000000
-0.362621 -0.427419 0.362716 0.600000 0.000000 0.300000
0.086385 -0.041823 0.225369 0.600000 0.000000 0.300000
-0.157668 -0.040616 0.157969 0.600000 0.000000 0.300000
0.300444 0.195935 -0.130437 0.300000 0.000000 0.600000
-0.078820 0.542159 -0.249426 0.300000 0.000000 0.600000
0.391773 -0.653277 -0.297738 0.600000 0.300000 0.000000
0.290112 -0.097512 -0.182653 0.300000 0.000000 0.600000
-0.254161 0.552643 -0.217290 0.300000 0.000000 0.600000
-0.069497 -0.166937 0.006604 1.000000 0.000000 0.000000
-0.313302 0.723729 -0.251172 0.600000 0.000000 0.300000
-0.132153 0.652688 -0.260290 0.600000 0.300000 0.000000
0.170564 0.243268 -0.156953 0.300000 0.000000 0.600000
0.276712 0.535049 -0.213151 0.300000 0.000000 0.600000
-0.210830 0.579247 -0.236571 0.300000 0.000000 0.600000
-0.116062 -0.044998 0.123349 0.600000 0.000000 0.300000
-0.185352 -0.037072 0.179521 0.600000 0.000000 0.300000
-0.315108 0.273305 -0.135399 0.600000 0.000000 0.300000
-0.239538 -0.122589 -0.131911 0.300000 0.600000 0.000000
0.321344 0.404521 -0.182120 0.300000 0.000000 0.600000
0.321605 0.396417 -0.149062 0.300000 0.000000 0.600000
0.305659 -0.012948 -0.191079 0.300000 0.000000 0.600000
0.297798 0.033008 -0.195597 0.300000 0.000000 0.600000
0.145209 -0.070375 0.455243 0.600000 0.000000 0.300000
0.305310 -0.178171 0.034678 1.000000 0.000000 0.000000
-0.286593 -0.092450 -0.076418 0.300000 0.600000 0.000000
-0.402584 -0.145779 0.055455 1.000000 0.000000 0.000000
-0.249560 -0.126925 -0.134591 0.300000 0.600000 0.000000
-0.346502 -0.195364 0.069053 0.600000 0.000000 0.300000
-0.327805 -0.594845 0.456904 0.600000 0.000000 0.300000
0.261540 -0.142805 -0.067768 0.000000 0.500000 0.500000
-0.309866 0.579287 -0.197097 0.600000 0.000000 0.300000
-0.361544 -0.508043 0.439465 0.600000 0.000000 0.300000
-0.293146 0.201638 -0.121190 0.600000 0.000000 0.300000
0.340501 0.556852 -0.210891 0.300000 0.000000 0.600000
-0.321749 -0.433057 0.374074 0.600000 0.000000 0.300000
0.314461 -0.687607 0.570745 0.600000 0.000000 0.300000
-0.343403 -0.619789 0.467669 0.600000 0.000000 0.300000
0.317984 -0.312222 0.243646 0.300000 0.000000 0.600000
0.429173 -0.640112 -0.296098 0.600000 0.300000 0.000000
0.221168 -0.037739 0.073400 0.600000 0.000000 0.300000
-0.342409 0.347071 -0.169052 0.600000 0.000000 0.300000
0.076335 -0.156450 0.055871 1.000000 0.000000 0.000000
0.274938 -0.173224 0.045894 1.000000 0.000000 0.000000
-0.318239 0.658650 -0.226009 0.600000 0.000000 0.300000
-0.300212 -0.135092 -0.059814 0.600000 0.000000 0.300000
-0.404546 -0.629256 -0.274534 0.300000 0.600000 0.000000
-0.276902 -0.035264 -0.158106 0.600000 0.000000 0.300000
-0.332135 0.460314 -0.194873 0.600000 0.000000 0.300000
0.345377 -0.564813 0.477811 0.300000 0.000000 0.600000
0.058295 0.697391 -0.277771 0.600000 0.300000 0.000000
-0.260286 -0.043908 -0.214607 0.300000 0.600000 0.000000
-0.169685 0.657250 -0.256215 0.600000 0.300000 0.000000
-0.366285 0.524739 -0.196489 0.600000 0.000000 0.300000
-0.324890 -0.109978 0.432429 0.600000 0.000000 0.300000
-0.312573 -0.089281 -0.164875 0.300000 0.600000 0.000000
0.227569 -0.089292 -0.138628 0.000000 0.500000 0.500000
-0.268233 -0.000082 -0.163252 0.600000 0.000000 0.300000
-0.383754 -0.057974 0.360247 0.600000 0.000000 0.300000
0.186146 -0.070854 -0.179056 0.600000 0.000000 0.300000
-0.387908 -0.407064 -0.201862 0.300000 0.600000 0.000000
-0.091868 -0.038518 0.371325 0.600000 0.000000 0.300000
-0.189610 0.162405 -0.137286 0.300000 0.000000 0.600000
-0.344133 0.597722 -0.226450 0.600000 0.000000 0.300000
0.037632 0.181687 -0.167733 0.300000 0.000000 0.600000
0.357476 -0.056082 -0.113157 0.600000 0.000000 0.300000
-0.347877 -0.284571 0.195826 0.600000 0.000000 0.300000
0.265861 0.711218 -0.251254 0.300000 0.000000 0.600000
0.356620 -0.686960 0.557544 0.600000 0.300000 0.000000
-0.201930 -0.036303 0.166685 0.600000 0.000000 0.300000
0.153411 0.430595 -0.211258 0.300000 0.000000 0.600000
0.304790 -0.143506 0.051608 0.000000 0.500000 0.500000
-0.122180 0.452220 -0.223340 0.300000 0.000000 0.600000
-0.372305 -0.722828 0.496230 0.300000 0.600000 0.000000
-0.312155 0.530921 -0.180509 0.600000 0.000000 0.300000
0.142501 -0.134635 0.008808 1.000000 0.000000 0.000000
-0.122611 -0.053145 -0.169867 0.600000 0.000000 0.300000
0.104102 -0.036181 0.361724 0.600000 0.000000 0.300000
0.004467 -0.041159 0.270257 0.600000 0.000000 0.300000
0.287158 0.442146 -0.183469 0.300000 0.000000 0.600000
0.302138 0.139975 -0.133721 0.300000 0.000000 0.600000
-0.280478 -0.149655 0.056494 1.000000 0.000000 0.000000
0.414162 -0.504821 -0.255831 0.600000 0.300000 0.000000
0.309595 0.410972 -0.147352 0.300000 0.000000 0.600000
-0.051564 -0.037319 0.336799 0.600000 0.000000 0.300000
0.250655 -0.097401 -0.053031 0.000000 0.500000 0.500000
0.261659 0.428218 -0.171878 0.300000 0.000000 0.600000
0.126368 -0.040744 0.193523 0.600000 0.000000 0.300000
-0.083894 -0.131828 0.047170 1.000000 0.000000 0.000000
-0.024642 -0.009271 -0.176955 0.300000 0.000000 0.600000
-0.419111 -0.397036 -0.194213 0.300000 0.600000 0.000000
-0.435610 -0.674699 -0.281498 1.000000 0.000000 0.000000
-0.279017 0.399121 -0.173949 0.600000 0.000000 0.300000
-0.379522 -0.043763 0.148993 0.600000 0.000000 0.300000
0.180862 -0.152202 0.001777 1.000000 0.000000 0.000000
-0.329174 -0.012838 0.266899 0.600000 0.000000 0.300000
-0.127043 0.662471 -0.265438 0.600000 0.300000 0.000000
-0.300337 -0.131101 -0.107282 0.300000 0.600000 0.000000
0.054920 0.451774 -0.227475 0.300000 0.000000 0.600000
-0.157723 -0.046875 0.004144 0.600000 0.000000 0.300000
-0.224535 0.481399 -0.207888 0.300000 0.000000 0.600000
-0.410399 -0.475195 -0.248228 0.300000 0.600000 0.000000
0.326960 -0.305840 0.278958 0.300000 0.000000 0.600000
0.376646 -0.057215 0.331608 0.600000 0.000000 0.300000
-0.067832 0.496068 -0.241543 0.300000 0.000000 0.600000
-0.252628 -0.013427 -0.165977 0.600000 0.000000 0.300000
0.416640 -0.608300 -0.301019 0.600000 0.300000 0.000000
0.256513 -0.129703 0.013741 1.000000 0.000000 0.000000
-0.094433 -0.054795 -0.092192 0.600000 0.000000 0.300000
0.251970 0.465949 -0.191239 0.300000 0.000000 0.600000
0.258151 -0.050328 -0.165773 0.000000 0.500000 0.500000
-0.302370 0.183789 -0.123622 0.600000 0.000000 0.300000
-0.153739 0.388200 -0.199018 0.300000 0.000000 0.600000
-0.276944 0.058386 -0.155514 0.600000 0.000000 0.300000
0.364135 -0.267098 -0.091818 0.600000 0.300000 0.000000
-0.066095 -0.084363 0.461609 0.600000 0.000000 0.300000
0.356645 -0.140433 0.054023 1.000000 0.000000 0.000000
0.338171 0.522804 -0.195421 0.300000 0.000000 0.600000
-0.061898 -0.042562 0.390177 0.600000 0.000000 0.300000
-0.430245 -0.679011 -0.241025 1.000000 0.000000 0.000000
0.393587 -0.513759 -0.227096 0.600000 0.300000 0.000000
-0.139187 0.592646 -0.252414 0.600000 0.300000 0.000000
-0.358950 -0.164278 0.071103 0.600000 0.000000 0.300000
-0.084910 0.395518 -0.208871 0.300000 0.000000 0.600000
-0.381474 -0.051795 0.217939 0.600000 0.000000 0.300000
0.214320 0.743862 -0.291484 0.600000 0.300000 0.000000
0.409454 -0.578985 -0.250892 0.600000 0.300000 0.000000
0.245375 -0.134871 -0.101723 0.000000 0.500000 0.500000
-0.089365 -0.043174 0.196805 0.600000 0.000000 0.300000
0.294249 0.054531 -0.147756 0.300000 0.000000 0.600000
-0.335706 -0.016059 0.179099 0.600000 0.000000 0.300000
0.211112 -0.029666 0.260368 0.600000 0.000000 0.300000
0.241762 -0.145842 -0.050664 0.000000 0.500000 0.500000
0.375072 -0.059860 0.249266 0.600000 0.000000 0.300000
-0.310093 -0.017185 -0.164493 0.600000 0.000000 0.300000
-0.207061 -0.167513 0.051604 1.000000 0.000000 0.000000
0.080271 -0.055844 -0.070780 0.600000 0.000000 0.300000
0.275151 0.109262 -0.191505 0.300000 0.000000 0.600000
0.151740 -0.007995 -0.157747 0.300000 0.000000 0.600000
-0.322059 -0.395657 0.335075 0.600000 0.000000 0.300000
-0.394768 -0.636374 -0.288930 0.300000 0.600000 0.000000
-0.237848 -0.087755 0.454680 0.600000 0.000000 0.300000
-0.008812 0.738614 -0.304477 0.600000 0.300000 0.000000
-0.362902 0.660174 -0.229597 0.600000 0.000000 0.300000
0.108839 -0.039902 0.237118 0.600000 0.000000 0.300000
-0.008128 0.696915 -0.281068 0.600000 0.300000 0.000000
-0.263159 -0.030767 -0.096486 0.600000 0.000000 0.300000
0.008096 0.548005 -0.250338 0.300000 0.000000 0.600000
-0.226239 0.152211 -0.139215 0.600000 0.000000 0.300000
0.064306 -0.056343 -0.070458 0.600000 0.000000 0.300000
-0.307633 0.242895 -0.161858 0.600000 0.000000 0.300000
-0.390536 -0.501655 -0.247614 0.300000 0.600000 0.000000
-0.292844 0.052662 -0.142705 0.600000 0.000000 0.300000
0.069415 -0.000980 -0.172292 0.300000 0.000000 0.600000
0.373749 -0.751628 0.543441 0.600000 0.300000 0.000000
-0.133394 0.256740 -0.169545 0.300000 0.000000 0.600000
-0.338936 -0.018112 -0.019586 0.600000 0.000000 0.300000
0.129489 -0.037141 0.259034 0.600000 0.000000 0.300000
-0.104247 -0.098876 -0.188011 0.600000 0.000000 0.300000
0.229375 0.079769 -0.195359 0.300000 0.000000 0.600000
0.242480 -0.092430 -0.101481 0.300000 0.000000 0.600000
0.399667 -0.252812 -0.062530 0.600000 0.300000 0.000000
0.268369 0.286591 -0.186134 0.300000 0.000000 0.600000
0.157900 0.564973 -0.242977 0.300000 0.000000 0.600000
0.159284 0.220994 -0.151543 0.300000 0.000000 0.600000
0.226575 0.123988 -0.189549 0.300000 0.000000 0.600000
-0.294975 -0.025132 0.134906 0.600000 0.000000 0.300000
-0.196086 0.061442 -0.144349 0.600000 0.000000 0.300000
0.324423 -0.184616 0.116507 0.300000 0.000000 0.600000
0.317724 0.556254 -0.186947 0.300000 0.000000 0.600000
-0.374925 -0.030303 0.110630 0.600000 0.000000 0.300000
0.300141 0.456320 -0.209368 0.300000 0.000000 0.600000
0.074966 0.597760 -0.257093 0.600000 0.300000 0.000000
-0.284609 -0.025568 -0.106043 0.600000 0.000000 0.300000
0.307296 0.638593 -0.217281 0.300000 0.000000 0.600000
0.259266 -0.025799 -0.211682 0.300000 0.000000 0.600000
0.017131 0.688546 -0.274558 0.600000 0.300000 0.000000
-0.315133 0.221719 -0.157982 0.600000 0.000000 0.300000
0.232484 0.215670 -0.181295 0.300000 0.000000 0.600000
0.364500 0.508238 -0.191019 0.300000 0.000000 0.600000
0.325615 -0.012538 0.267420 0.600000 0.000000 0.300000
0.103004 -0.072151 0.456723 0.600000 0.000000 0.300000
-0.072624 0.442574 -0.223135 0.300000 0.000000 0.600000
-0.236055 0.122636 -0.180317 0.600000 0.000000 0.300000
0.186632 0.014388 -0.150765 0.300000 0.000000 0.600000
0.272762 0.244689 -0.127941 0.300000 0.000000 0.600000
0.315124 0.373946 -0.178627 0.300000 0.000000 0.600000
0.334303 -0.019547 0.035717 0.600000 0.000000 0.300000
-0.380530 -0.032039 0.205508 0.600000 0.000000 0.300000
0.266043 -0.156715 -0.005767 0.000000 0.500000 0.500000
-0.188892 0.659170 -0.256848 0.600000 0.300000 0.000000
0.063111 -0.047814 0.117550 0.600000 0.000000 0.300000
0.234301 -0.028551 0.385905 0.600000 0.000000 0.300000
-0.263090 0.392809 -0.173723 0.600000 0.000000 0.300000
-0.195288 -0.044667 -0.045802 0.600000 0.000000 0.300000
0.398615 -0.324689 -0.152658 0.600000 0.300000 0.000000
-0.050014 -0.124524 0.030640 1.000000 0.000000 0.000000
0.001469 -0.152178 0.057016 1.000000 0.000000 0.000000
-0.347742 0.550024 -0.214260 0.600000 0.000000 0.300000
0.341828 0.393868 -0.150439 0.300000 0.000000 0.600000
0.136355 -0.126537 0.038153 1.000000 0.000000 0.000000
-0.255659 0.065217 -0.203003 0.600000 0.000000 0.300000
-0.040728 -0.063045 0.449220 0.600000 0.000000 0.300000
-0.362460 -0.200003 0.111433 0.600000 0.000000 0.300000
0.028878 0.218218 -0.173734 0.300000 0.000000 0.600000
0.238197 -0.012960 -0.143688 0.300000 0.000000 0.600000
0.228589 0.111788 -0.129512 0.300000 0.000000 0.600000
-0.204732 0.100022 -0.138450 0.600000 0.000000 0.300000
-0.369504 -0.674064 0.519677 0.500000 0.000000 0.500000
0.290334 -0.022066 0.191134 0.600000 0.000000 0.300000
0.054593 0.729218 -0.294070 0.600000 0.300000 0.000000
0.179881 -0.125830 0.035514 1.000000 0.000000 0.000000
-0.332110 0.356072 -0.139736 0.600000 0.000000 0.300000
-0.361926 -0.314457 0.262674 0.600000 0.000000 0.300000
-0.264856 0.039117 -0.157940 0.600000 0.000000 0.300000
-0.268599 0.489488 -0.192122 0.600000 0.000000 0.300000
-0.422085 -0.496071 -0.246060 0.300000 0.600000 0.000000
-0.144005 -0.046999 0.041818 0.600000 0.000000 0.300000
0.268272 -0.142958 0.004086 1.000000 0.000000 0.000000
0.437809 -0.713619 -0.228619 0.800000 0.200000 0.500000
-0.272102 0.198069 -0.118045 0.600000 0.000000 0.300000
-0.164536 0.403238 -0.200576 0.300000 0.000000 0.600000
-0.086487 -0.040266 0.256034 0.600000 0.000000 0.300000
-0.375686 -0.299601 -0.103044 0.300000 0.600000 0.000000
-0.337691 -0.647219 0.519330 0.600000 0.000000 0.300000
-0.305140 0.376107 -0.144727 0.600000 0.000000 0.300000
-0.196618 -0.031061 0.372176 0.600000 0.000000 0.300000
0.298646 -0.680942 0.537983 0.300000 0.000000 0.600000
-0.291649 0.350306 -0.140752 0.600000 0.000000 0.300000
-0.344065 -0.019368 0.058660 0.600000 0.000000 0.300000
-0.175218 -0.036488 0.207388 0.600000 0.000000 0.300000
0.091955 -0.135311 0.450071 0.600000 0.000000 0.300000
-0.215826 0.297642 -0.158064 0.300000 0.000000 0.600000
-0.079617 -0.137041 0.006402 1.000000 0.000000 0.000000
-0.258312 0.172420 -0.187803 0.600000 0.000000 0.300000
-0.417235 -0.599328 -0.300677 0.300000 0.600000 0.000000
-0.242063 -0.140604 -0.059982 0.300000 0.600000 0.000000
0.060742 -0.071764 -0.190042 0.600000 0.000000 0.300000
0.370842 -0.149026 0.056325 1.000000 0.000000 0.000000
-0.222094 -0.030117 0.376662 0.600000 0.000000 0.300000
-0.337138 0.423408 -0.183727 0.600000 0.000000 0.300000
0.365807 -0.032530 0.058162 0.600000 0.000000 0.300000
0.180685 0.103408 -0.140340 0.300000 0.000000 0.600000
0.316045 -0.295401 0.241681 0.300000 0.000000 0.600000
-0.005343 0.156278 -0.166126 0.300000 0.000000 0.600000
-0.196351 -0.126631 0.448726 0.600000 0.000000 0.300000
-0.026021 0.459939 -0.233475 0.300000 0.000000 0.600000
-0.256902 -0.025668 0.240576 0.600000 0.000000 0.300000
0.078793 -0.081000 -0.194141 0.600000 0.000000 0.300000
0.373261 -0.355245 -0.147777 0.600000 0.300000 0.000000
0.339415 -0.010824 0.250411 0.600000 0.000000 0.300000
-0.387032 -0.157413 0.003174 1.000000 0.000000 0.000000
-0.271372 -0.024134 0.225974 0.600000 0.000000 0.300000
0.336026 -0.475069 0.426559 0.300000 0.000000 0.600000
0.376849 -0.074342 0.364841 0.600000 0.000000 0.300000
-0.302715 0.133090 -0.172831 0.600000 0.000000 0.300000
0.254529 -0.089017 -0.089529 0.000000 0.500000 0.500000
0.377714 -0.422946 -0.206039 0.600000 0.300000 0.000000
0.316511 -0.497720 0.432349 0.300000 0.000000 0.600000
-0.256343 -0.032744 0.088794 0.600000 0.000000 0.300000
-0.070564 -0.074707 -0.192817 0.600000 0.000000 0.300000
-0.240208 0.048089 -0.194509 0.600000 0.000000 0.300000
-0.243130 0.259359 -0.145299 0.600000 0.000000 0.300000
-0.278087 -0.093746 -0.069743 0.300000 0.600000 0.000000
0.294636 0.716918 -0.248035 0.300000 0.000000 0.600000
-0.185403 -0.153876 0.056561 1.000000 0.000000 0.000000
0.303939 -0.019264 0.202432 0.600000 0.000000 0.300000
0.390629 -0.681821 -0.303639 0.600000 0.300000 0.000000
-0.236953 0.177503 -0.178654 0.600000 0.000000 0.300000
0.331634 0.570828 -0.220537 0.300000 0.000000 0.600000
-0.016013 -0.040001 0.300232 0.600000 0.000000 0.300000
0.378264 -0.203288 0.001173 0.600000 0.300000 0.000000
0.231725 0.368231 -0.166931 0.300000 0.000000 0.600000
0.364891 -0.028216 0.412881 0.600000 0.000000 0.300000
0.264893 0.149299 -0.187639 0.300000 0.000000 0.600000
-0.449465 -0.752438 -0.267751 0.500000 0.500000 0.000000
-0.358302 -0.168559 0.046109 0.600000 0.000000 0.300000
-0.220473 0.030971 -0.140519 0.600000 0.000000 0.300000
-0.233110 0.026215 -0.139650 0.600000 0.000000 0.300000
-0.261171 -0.025313 0.381245 0.600000 0.000000 0.300000
0.025075 0.186594 -0.168795 0.300000 0.000000 0.600000
0.327071 0.624427 -0.238862 0.300000 0.000000 0.600000
0.423660 -0.682532 -0.284601 0.600000 0.300000 0.000000
-0.388949 -0.322610 -0.134433 0.300000 0.600000 0.000000
-0.243251 -0.050800 -0.168054 0.600000 0.000000 0.300000
-0.231602 -0.038970 -0.013895 0.600000 0.000000 0.300000
-0.146737 -0.026153 -0.161093 0.300000 0.000000 0.600000
-0.167947 -0.047942 -0.059968 0.600000 0.000000 0.300000
-0.304385 -0.107995 -0.055455 0.600000 0.000000 0.300000
0.176293 -0.054309 0.441422 0.600000 0.000000 0.300000
-0.241627 -0.142374 -0.025088 0.600000 0.000000 0.300000
0.373477 -0.278939 -0.081989 0.600000 0.300000 0.000000
-0.358521 -0.020233 -0.118224 0.600000 0.000000 0.300000
-0.106474 -0.053770 -0.113279 0.600000 0.000000 0.300000
-0.139378 0.453950 -0.221518 0.300000 0.000000 0.600000
-0.249825 -0.125287 -0.120267 0.600000 0.000000 0.300000
-0.173830 0.077743 -0.144732 0.300000 0.000000 0.600000
-0.076399 0.729115 -0.292235 0.600000 0.300000 0.000000
0.339571 -0.672442 0.540097 0.600000 0.000000 0.300000
0.321729 -0.217077 0.163611 0.300000 0.000000 0.600000
0.272116 0.204908 -0.181533 0.300000 0.000000 0.600000
-0.152852 0.747820 -0.315563 0.600000 0.300000 0.000000
0.402877 -0.704746 -0.220790 0.300000 0.000000 0.600000
0.325461 -0.171778 0.011446 1.000000 0.000000 0.000000
0.298629 -0.098375 -0.164440 0.300000 0.000000 0.600000
0.160289 0.746406 -0.303660 0.600000 0.300000 0.000000
-0.005997 -0.109614 0.463885 0.600000 0.000000 0.300000
-0.310981 -0.161180 0.004183 1.000000 0.000000 0.000000
0.012723 -0.044749 0.196332 0.600000 0.000000 0.300000
0.225675 -0.079183 -0.161133 0.000000 0.500000 0.500000
-0.144959 0.219944 -0.155977 0.300000 0.000000 0.600000
0.030060 -0.057185 -0.071395 0.600000 0.000000 0.300000
-0.296382 0.580875 -0.231920 0.600000 0.000000 0.300000
-0.234253 0.755675 -0.305800 0.600000 0.300000 0.000000
0.328135 -0.625391 0.511731 0.300000 0.000000 0.600000
-0.255199 -0.033788 0.069513 0.600000 0.000000 0.300000
-0.252870 0.286807 -0.148180 0.600000 0.000000 0.300000
0.000264 0.413374 -0.217850 0.300000 0.000000 0.600000
0.025559 -0.045624 0.174829 0.600000 0.000000 0.300000
0.355472 -0.233439 0.158259 0.300000 0.000000 0.600000
-0.361364 0.612514 -0.209240 0.600000 0.000000 0.300000
0.256471 -0.033483 0.069229 0.600000 0.000000 0.300000
-0.261684 0.682085 -0.249301 0.600000 0.300000 0.000000
0.277179 0.130177 -0.187428 0.300000 0.000000 0.600000
-0.205770 -0.038276 0.120174 0.600000 0.000000 0.300000
0.284689 0.153220 -0.128502 0.300000 0.000000 0.600000
0.238181 0.732040 -0.271656 0.600000 0.300000 0.000000
0.309049 -0.720828 0.581073 0.600000 0.000000 0.300000
-0.212737 -0.081772 0.455606 0.600000 0.000000 0.300000
-0.250539 0.038291 -0.135880 0.600000 0.000000 0.300000
0.333265 0.644678 -0.243047 0.300000 0.000000 0.600000
-0.411527 -0.280825 -0.106378 0.300000 0.600000 0.000000
0.393761 -0.387636 -0.171136 0.600000 0.300000 0.000000
0.005154 0.526983 -0.248001 0.300000 0.000000 0.600000
-0.090003 0.112591 -0.162830 0.300000 0.000000 0.600000
0.256803 0.233803 -0.130123 0.300000 0.000000 0.600000
-0.326874 -0.011502 0.299554 0.600000 0.000000 0.300000
0.240453 -0.114728 0.014797 0.000000 0.500000 0.500000
-0.017581 0.264399 -0.185326 0.300000 0.000000 0.600000
0.303466 0.593417 -0.236989 0.300000 0.000000 0.600000
-0.325057 -0.322172 0.258715 0.600000 0.000000 0.300000
-0.261426 0.057592 -0.151090 0.600000 0.000000 0.300000
0.393576 -0.352286 -0.174972 0.600000 0.300000 0.000000
0.228173 0.582833 -0.230698 0.300000 0.000000 0.600000
-0.332823 0.604351 -0.228429 0.600000 0.000000 0.300000
0.252385 -0.017868 -0.143992 0.300000 0.000000 0.600000
-0.264912 0.316744 -0.176003 0.600000 0.000000 0.300000
0.419332 -0.456283 -0.222038 0.600000 0.300000 0.000000
-0.430904 -0.552933 -0.266127 0.300000 0.600000 0.000000
0.072481 0.361231 -0.200066 0.300000 0.000000 0.600000
0.354428 0.467488 -0.169342 0.300000 0.000000 0.600000
0.082651 -0.022449 -0.171796 0.300000 0.000000 0.600000
0.125985 0.315422 -0.184980 0.300000 0.000000 0.600000
0.021262 -0.048553 0.416394 0.600000 0.000000 0.300000
0.306519 0.214917 -0.143536 0.300000 0.000000 0.600000
-0.137998 0.482175 -0.230060 0.300000 0.000000 0.600000
-0.208258 -0.027275 0.327767 0.600000 0.000000 0.300000
-0.242375 0.056420 -0.156244 0.600000 0.000000 0.300000
-0.128491 -0.177138 0.020257 1.000000 0.000000 0.000000
-0.246742 0.540095 -0.217434 0.300000 0.000000 0.600000
-0.322531 0.567127 -0.188576 0.600000 0.000000 0.300000
0.153236 0.451849 -0.215067 0.300000 0.000000 0.600000
-0.336494 0.401967 -0.180611 0.600000 0.000000 0.300000
-0.299698 0.541357 -0.212198 0.600000 0.000000 0.300000
0.371052 -0.027672 0.186894 0.600000 0.000000 0.300000
0.321680 -0.019105 -0.046118 0.600000 0.000000 0.300000
-0.146944 0.404162 -0.202676 0.300000 0.000000 0.600000
-0.420062 -0.372471 -0.159144 0.300000 0.600000 0.000000
0.124200 -0.069031 -0.185691 0.600000 0.000000 0.300000
-0.321817 0.319432 -0.157239 0.600000 0.000000 0.300000
-0.265595 -0.097233 0.453683 0.600000 0.000000 0.300000
-0.153680 0.305616 -0.176454 0.300000 0.000000 0.600000
0.192999 -0.033389 0.226283 0.600000 0.000000 0.300000
-0.365280 0.729181 -0.265461 0.600000 0.000000 0.300000
-0.138499 0.101142 -0.153375 0.300000 0.000000 0.600000
0.298395 -0.016015 0.289062 0.600000 0.000000 0.300000
-0.378791 -0.045073 0.131985 0.600000 0.000000 0.300000
0.337884 0.680971 -0.246212 0.300000 0.000000 0.600000
0.204049 0.003997 -0.146333 0.300000 0.000000 0.600000
-0.067914 -0.070571 0.454601 0.600000 0.000000 0.300000
0.364795 -0.688768 0.497549 0.600000 0.000000 0.300000
0.215482 0.400259 -0.185970 0.300000 0.000000 0.600000
-0.182077 -0.017648 -0.155522 0.300000 0.000000 0.600000
0.292066 0.001382 -0.171044 0.300000 0.000000 0.600000
0.230615 -0.033429 0.138404 0.600000 0.000000 0.300000
0.078984 -0.050243 0.063972 0.600000 0.000000 0.300000
-0.377323 -0.713324 -0.272713 0.000000 1.000000 0.000000
-0.153697 0.561896 -0.242592 0.300000 0.000000 0.600000
0.383783 -0.134056 0.009387 1.000000 0.000000 0.000000
-0.256249 0.099236 -0.152476 0.600000 0.000000 0.300000
0.231687 -0.023744 0.337791 0.600000 0.000000 0.300000
-0.157539 -0.035519 0.255051 0.600000 0.000000 0.300000
-0.354698 -0.443107 0.358257 0.600000 0.000000 0.300000
0.299428 -0.710010 0.500259 0.300000 0.000000 0.600000
-0.156980 -0.046107 0.042539 0.600000 0.000000 0.300000
0.337180 -0.048038 -0.148418 0.600000 0.000000 0.300000
0.286563 0.365749 -0.145368 0.300000 0.000000 0.600000
-0.134977 0.244604 -0.166309 0.300000 0.000000 0.600000
0.153573 -0.042863 0.109234 0.600000 0.000000 0.300000
0.365407 -0.027931 0.078807 0.600000 0.000000 0.300000
0.296820 -0.039842 -0.158862 0.600000 0.000000 0.300000
-0.432374 -0.591910 -0.267897 0.300000 0.600000 0.000000
-0.113754 -0.048042 0.062052 0.600000 0.000000 0.300000
-0.261362 -0.032561 0.077707 0.600000 0.000000 0.300000
0.255085 -0.156350 -0.007529 0.000000 0.500000 0.500000
0.276441 0.617050 -0.221805 0.300000 0.000000 0.600000
-0.035254 -0.045268 0.188376 0.600000 0.000000 0.300000
0.189767 -0.043979 -0.066768 0.600000 0.000000 0.300000
0.039302 -0.048813 0.106787 0.600000 0.000000 0.300000
0.270528 -0.016564 -0.165395 0.300000 0.000000 0.600000
-0.239348 -0.036377 0.060727 0.600000 0.000000 0.300000
-0.352535 0.518508 -0.175559 0.600000 0.000000 0.300000
0.375290 -0.705479 0.550321 0.600000 0.300000 0.000000
0.235379 -0.103131 -0.090471 0.300000 0.000000 0.600000
-0.169746 0.319943 -0.175732 0.300000 0.000000 0.600000
0.074499 0.397429 -0.210186 0.300000 0.000000 0.600000
-0.279806 -0.126594 0.020422 1.000000 0.000000 0.000000
-0.091713 -0.051498 0.019675 0.600000 0.000000 0.300000
0.217801 0.017863 -0.148930 0.300000 0.000000 0.600000
0.378575 -0.291354 -0.118353 0.600000 0.300000 0.000000
0.272208 0.203937 -0.121299 0.300000 0.000000 0.600000
0.045090 0.618989 -0.262208 0.600000 0.300000 0.000000
-0.237750 0.194003 -0.129242 0.600000 0.000000 0.300000
-0.303011 -0.026648 -0.003548 0.600000 0.000000 0.300000
0.249502 0.695872 -0.248287 0.300000 0.000000 0.600000
0.269400 -0.026908 -0.120919 0.600000 0.000000 0.300000
-0.241817 0.227583 -0.177336 0.600000 0.000000 0.300000
0.413996 -0.386264 -0.164629 0.600000 0.300000 0.000000
-0.134042 -0.005635 -0.161832 0.300000 0.000000 0.600000
0.372856 -0.752468 -0.281273 0.600000 0.000000 0.300000
0.164670 -0.095593 0.459354 0.600000 0.000000 0.300000
-0.367572 -0.211507 -0.044222 0.300000 0.600000 0.000000
-0.310299 0.662572 -0.234294 0.600000 0.000000 0.300000
-0.249428 0.004924 -0.168463 0.600000 0.000000 0.300000
0.372522 -0.038850 0.149108 0.600000 0.000000 0.300000
0.163576 0.267961 -0.164191 0.300000 0.000000 0.600000
0.285153 -0.153538 -0.000135 0.300000 0.000000 0.600000
0.360460 -0.067279 -0.071368 0.600000 0.000000 0.300000
-0.423903 -0.414769 -0.189859 0.300000 0.600000 0.000000
-0.311997 0.045988 -0.183772 0.600000 0.000000 0.300000
-0.310745 -0.747183 0.510775 0.000000 0.500000 0.500000
-0.383072 -0.055736 0.293687 0.600000 0.000000 0.300000
-0.329106 -0.021819 0.074900 0.600000 0.000000 0.300000
0.006487 0.118896 -0.168016 0.300000 0.000000 0.600000
0.168540 0.619510 -0.246342 0.600000 0.300000 0.000000
-0.267156 0.336596 -0.150967 0.600000 0.000000 0.300000
-0.032814 -0.050599 0.079802 0.600000 0.000000 0.300000
0.041215 0.076757 -0.168931 0.300000 0.000000 0.600000
-0.328360 0.382957 -0.175665 0.600000 0.000000 0.300000
-0.151604 -0.043196 0.111779 0.600000 0.000000 0.300000
-0.071983 -0.062069 0.447358 0.600000 0.000000 0.300000
0.072649 -0.044934 0.170028 0.600000 0.000000 0.300000
-0.116655 -0.045822 0.105060 0.600000 0.000000 0.300000
-0.383421 -0.319867 -0.146632 0.300000 0.600000 0.000000
0.177071 -0.029576 -0.157394 0.300000 0.000000 0.600000
-0.021819 0.622093 -0.263096 0.600000 0.300000 0.000000
0.226644 -0.113396 -0.141278 0.000000 0.500000 0.500000
0.394439 -0.203350 -0.028137 0.600000 0.300000 0.000000
0.258704 0.070027 -0.129435 0.300000 0.000000 0.600000
0.005092 0.028974 -0.178273 0.300000 0.000000 0.600000
-0.270113 0.222168 -0.122458 0.600000 0.000000 0.300000
-0.342750 -0.304067 0.279496 0.600000 0.000000 0.300000
-0.050962 0.129574 -0.166337 0.300000 0.000000 0.600000
0.316479 -0.064322 0.447740 0.600000 0.000000 0.300000
-0.270237 -0.155042 -0.013263 0.300000 0.600000 0.000000
-0.041962 0.051963 -0.170717 0.300000 0.000000 0.600000
-0.298923 -0.063564 -0.165640 0.600000 0.000000 0.300000
0.107177 0.672053 -0.266885 0.600000 0.300000 0.000000
0.277803 -0.028307 0.100305 0.600000 0.000000 0.300000
-0.040637 -0.049194 0.105905 0.600000 0.000000 0.300000
-0.320713 -0.027181 -0.153553 0.600000 0.000000 0.300000
0.315688 -0.351770 0.304039 0.300000 0.000000 0.600000
-0.322872 -0.689066 0.500915 0.500000 0.000000 0.500000
0.318460 -0.022928 0.052040 0.600000 0.000000 0.300000
-0.220466 0.390409 -0.178858 0.300000 0.000000 0.600000
0.383585 -0.142846 0.004116 1.000000 0.000000 0.000000
0.027261 -0.037540 0.331987 0.600000 0.000000 0.300000
0.138976 -0.043193 0.124499 0.600000 0.000000 0.300000
0.243252 -0.116757 0.027649 0.000000 0.500000 0.500000
-0.307959 -0.020599 -0.141623 0.600000 0.000000 0.300000
0.237031 0.149101 -0.186986 0.300000 0.000000 0.600000
-0.369027 -0.084316 0.177562 0.600000 0.000000 0.300000
0.223566 -0.034906 -0.144567 0.600000 0.000000 0.300000
0.137694 -0.047806 0.003204 0.600000 0.000000 0.300000
0.118301 -0.054516 -0.174536 0.600000 0.000000 0.300000
-0.274806 0.144543 -0.146178 0.600000 0.000000 0.300000
0.058427 -0.043802 0.404796 0.600000 0.000000 0.300000
-0.005503 0.058892 -0.176155 0.300000 0.000000 0.600000
0.208585 0.061225 -0.138467 0.300000 0.000000 0.600000
-0.428434 -0.565541 -0.275693 0.300000 0.600000 0.000000
0.270400 -0.031536 0.054391 0.600000 0.000000 0.300000
-0.357539 -0.183138 0.062595 0.600000 0.000000 0.300000
-0.243396 0.036676 -0.165860 0.600000 0.000000 0.300000
0.406544 -0.303593 -0.123368 0.600000 0.300000 0.000000
-0.247555 -0.089116 -0.093501 0.300000 0.600000 0.000000
-0.295731 0.160106 -0.121748 0.600000 0.000000 0.300000
-0.320142 -0.015729 0.373313 0.600000 0.000000 0.300000
0.003173 -0.170662 0.048455 1.000000 0.000000 0.000000
0.334481 0.568138 -0.196651 0.300000 0.000000 0.600000
0.271515 -0.092575 -0.073525 0.000000 0.500000 0.500000
-0.303802 0.538032 -0.224238 0.600000 0.000000 0.300000
0.263699 -0.089084 0.453082 0.600000 0.000000 0.300000
0.382400 -0.168588 -0.012955 0.600000 0.300000 0.000000
-0.178643 -0.072772 -0.180013 0.600000 0.000000 0.300000
0.294796 -0.113291 -0.144208 0.300000 0.000000 0.600000
0.160993 0.711751 -0.270862 0.600000 0.300000 0.000000
-0.196800 0.288669 -0.160876 0.300000 0.000000 0.600000
-0.140951 -0.043538 0.119439 0.600000 0.000000 0.300000
-0.322423 0.559257 -0.221027 0.600000 0.000000 0.300000
0.281882 -0.023840 -0.123845 0.600000 0.000000 0.300000
0.331885 0.539536 -0.204974 0.300000 0.000000 0.600000
-0.024887 0.682158 -0.273018 0.600000 0.300000 0.000000
0.097594 -0.054022 -0.162170 0.600000 0.000000 0.300000
0.060061 0.285814 -0.184731 0.300000 0.000000 0.600000
-0.289098 -0.113826 -0.168321 0.300000 0.600000 0.000000
0.249952 -0.108195 -0.023415 0.300000 0.000000 0.600000
0.118148 -0.052014 -0.105127 0.600000 0.000000 0.300000
-0.199798 -0.088609 0.456981 0.600000 0.000000 0.300000
-0.092539 0.273978 -0.179999 0.300000 0.000000 0.600000
-0.305182 0.729382 -0.255473 0.600000 0.000000 0.300000
0.297499 -0.121136 -0.132844 0.000000 0.500000 0.500000
0.259920 0.406887 -0.173768 0.300000 0.000000 0.600000
0.221355 -0.038676 -0.062913 0.600000 0.000000 0.300000
-0.267002 -0.087467 -0.097176 0.300000 0.600000 0.000000
0.365175 -0.015555 0.236398 0.600000 0.000000 0.300000
0.258775 -0.030328 0.128306 0.600000 0.000000 0.300000
-0.377645 -0.072713 0.120361 0.600000 0.000000 0.300000
-0.217871 -0.034479 0.399229 0.600000 0.000000 0.300000
0.149662 0.095974 -0.147832 0.300000 0.000000 0.600000
-0.337985 -0.312730 0.233680 0.600000 0.000000 0.300000
0.031518 -0.042232 0.238784 0.600000 0.000000 0.300000
-0.094140 -0.054999 -0.109216 0.600000 0.000000 0.300000
0.391790 -0.183386 -0.008583 0.600000 0.300000 0.000000
0.417286 -0.681257 -0.293938 0.300000 0.000000 0.600000
-0.296360 0.464548 -0.196680 0.600000 0.000000 0.300000
0.071452 -0.056774 -0.119881 0.600000 0.000000 0.300000
0.295629 -0.132146 0.011298 1.000000 0.000000 0.000000
-0.262559 0.420547 -0.171383 0.600000 0.000000 0.300000
-0.378752 -0.077001 0.180096 0.600000 0.000000 0.300000
-0.271619 0.365661 -0.184661 0.600000 0.000000 0.300000
0.309730 -0.023533 -0.149535 0.600000 0.000000 0.300000
-0.376562 -0.174065 0.045052 1.000000 0.000000 0.000000
0.371503 -0.741650 -0.264288 0.600000 0.000000 0.300000
-0.241569 -0.023654 -0.144281 0.600000 0.000000 0.300000
-0.166041 -0.145015 0.003535 1.000000 0.000000 0.000000
0.238892 -0.158332 0.010376 0.000000 0.500000 0.500000
0.071600 -0.036695 0.343021 0.600000 0.000000 0.300000
0.086256 0.681400 -0.268418 0.600000 0.300000 0.000000
0.100889 -0.061544 -0.182695 0.600000 0.000000 0.300000
-0.047172 0.465783 -0.231986 0.300000 0.000000 0.600000
0.101870 -0.056856 0.443697 0.600000 0.000000 0.300000
0.354229 -0.487085 0.401518 0.300000 0.000000 0.600000
0.092964 -0.048906 0.077189 0.600000 0.000000 0.300000
0.385852 -0.357637 -0.133692 0.600000 0.300000 0.000000
-0.101501 -0.135634 0.050977 1.000000 0.000000 0.000000
0.009427 0.278454 -0.188375 0.300000 0.000000 0.600000
0.259003 -0.178188 0.024169 1.000000 0.000000 0.000000
-0.032443 -0.055503 0.435131 0.600000 0.000000 0.300000
0.327996 -0.440941 0.354334 0.300000 0.000000 0.600000
-0.381112 -0.730910 0.566240 0.300000 0.600000 0.000000
0.020289 0.458075 -0.232941 0.300000 0.000000 0.600000
0.356255 -0.476923 0.404768 0.300000 0.000000 0.600000
-0.346933 -0.580453 0.490626 0.600000 0.000000 0.300000
-0.266132 -0.087394 -0.198966 0.300000 0.600000 0.000000
0.423460 -0.535512 -0.257715 0.600000 0.300000 0.000000
0.438615 -0.691518 -0.294225 0.800000 0.200000 0.500000
0.406797 -0.459364 -0.211800 0.600000 0.300000 0.000000
-0.275145 0.086350 -0.194381 0.600000 0.000000 0.300000
-0.211544 -0.148848 0.056278 1.000000 0.000000 0.000000
-0.440056 -0.695981 -0.235369 0.500000 0.500000 0.000000
-0.227325 0.572373 -0.228093 0.300000 0.000000 0.600000
-0.343388 0.574043 -0.202914 0.600000 0.000000 0.300000
-0.209448 -0.093312 0.456843 0.600000 0.000000 0.300000
-0.232463 0.400885 -0.181135 0.300000 0.000000 0.600000
-0.381247 -0.301302 -0.131671 0.300000 0.600000 0.000000
-0.317412 0.606169 -0.239224 0.600000 0.000000 0.300000
-0.011505 0.601545 -0.260335 0.600000 0.300000 0.000000
-0.157974 0.368967 -0.189742 0.300000 0.000000 0.600000
0.359285 -0.696705 0.504834 0.600000 0.300000 0.000000
0.037350 -0.044532 0.407237 0.600000 0.000000 0.300000
0.287006 0.394886 -0.185726 0.300000 0.000000 0.600000
-0.027461 0.566372 -0.255473 0.300000 0.000000 0.600000
-0.054681 -0.174721 0.014390 1.000000 0.000000 0.000000
-0.306977 -0.017637 0.242318 0.600000 0.000000 0.300000
0.281329 -0.029706 0.005579 0.600000 0.000000 0.300000
-0.001469 0.214513 -0.176254 0.300000 0.000000 0.600000
0.350573 -0.223669 0.174914 0.300000 0.000000 0.600000
0.152971 -0.111903 0.460522 0.600000 0.000000 0.300000
0.262940 -0.034125 0.415768 0.600000 0.000000 0.300000
0.321296 -0.209922 0.152539 0.300000 0.000000 0.600000
-0.298681 -0.051718 0.444333 0.600000 0.000000 0.300000
-0.440232 -0.672264 -0.250937 1.000000 0.000000 0.000000
-0.266975 0.079120 -0.130549 0.600000 0.000000 0.300000
0.375835 -0.022218 0.326419 0.600000 0.000000 0.300000
-0.151650 -0.048957 -0.097484 0.600000 0.000000 0.300000
0.295003 -0.144476 -0.040133 0.000000 0.500000 0.500000
-0.191746 0.362341 -0.178472 0.300000 0.000000 0.600000
-0.075635 0.350546 -0.200014 0.300000 0.000000 0.600000
-0.184622 -0.040167 0.121909 0.600000 0.000000 0.300000
-0.366827 0.591734 -0.211618 0.600000 0.000000 0.300000
0.372034 -0.024962 0.224247 0.600000 0.000000 0.300000
0.315831 -0.236385 0.166250 0.300000 0.000000 0.600000
-0.086849 -0.039248 0.275878 0.600000 0.000000 0.300000
0.001295 -0.047016 0.154609 0.600000 0.000000 0.300000
0.393857 -0.618957 -0.273246 0.600000 0.300000 0.000000
0.309655 0.757673 -0.288449 0.300000 0.000000 0.600000
0.236511 0.221951 -0.130172 0.300000 0.000000 0.600000
0.126575 -0.035476 0.295763 0.600000 0.000000 0.300000
-0.125227 0.571226 -0.246888 0.300000 0.000000 0.600000
0.290049 0.569358 -0.227107 0.300000 0.000000 0.600000
-0.195806 -0.034313 0.214648 0.600000 0.000000 0.300000
-0.021861 -0.114026 0.464173 0.600000 0.000000 0.300000
-0.394127 -0.320045 -0.103547 0.300000 0.600000 0.000000
-0.272883 0.078857 -0.155316 0.600000 0.000000 0.300000
0.407964 -0.660919 -0.276345 0.600000 0.300000 0.000000
-0.236917 0.020175 -0.166551 0.600000 0.000000 0.300000
-0.338931 -0.340205 0.315890 0.600000 0.000000 0.300000
-0.379591 -0.188460 0.017914 0.300000 0.600000 0.000000
-0.247504 0.607176 -0.230031 0.300000 0.000000 0.600000
0.226962 0.123432 -0.168297 0.300000 0.000000 0.600000
0.187362 -0.028920 0.321239 0.600000 0.000000 0.300000
-0.340343 -0.478257 0.379920 0.600000 0.000000 0.300000
0.363734 0.687365 -0.245886 0.300000 0.000000 0.600000
0.135827 -0.054055 0.440997 0.600000 0.000000 0.300000
0.274036 -0.154668 -0.014579 0.000000 0.500000 0.500000
-0.292975 -0.155770 0.011615 0.600000 0.000000 0.300000
-0.246348 -0.028828 0.204011 0.600000 0.000000 0.300000
-0.275376 0.254065 -0.129872 0.600000 0.000000 0.300000
0.005067 0.009271 -0.179818 0.300000 0.000000 0.600000
0.187360 -0.038878 0.129839 0.600000 0.000000 0.300000
0.207557 0.393623 -0.182837 0.300000 0.000000 0.600000
-0.207450 -0.132798 0.048140 1.000000 0.000000 0.000000
-0.282783 -0.119374 0.028991 0.600000 0.000000 0.300000
0.136731 0.558024 -0.242470 0.300000 0.000000 0.600000
0.093861 0.638806 -0.261079 0.600000 0.300000 0.000000
-0.053036 -0.059169 -0.178004 0.600000 0.000000 0.300000
0.189417 0.421047 -0.199078 0.300000 0.000000 0.600000
-0.013973 -0.037651 0.348212 0.600000 0.000000 0.300000
-0.269331 0.344363 -0.160993 0.600000 0.000000 0.300000
-0.283520 0.532764 -0.206533 0.600000 0.000000 0.300000
0.320457 0.384208 -0.177013 0.300000 0.000000 0.600000
-0.292900 -0.023637 0.169949 0.600000 0.000000 0.300000
-0.344263 -0.016694 -0.036282 0.600000 0.000000 0.300000
-0.029521 -0.043352 0.229709 0.600000 0.000000 0.300000
0.223121 -0.030970 0.205766 0.600000 0.000000 0.300000
0.233811 -0.036216 0.074502 0.600000 0.000000 0.300000
-0.088363 -0.047755 0.103691 0.600000 0.000000 0.300000
-0.400934 -0.419204 -0.217399 0.300000 0.600000 0.000000
-0.279950 0.118455 -0.121749 0.600000 0.000000 0.300000
0.387189 -0.124915 0.026689 1.000000 0.000000 0.000000
0.239828 -0.137424 -0.085825 0.000000 0.500000 0.500000
-0.033662 -0.124579 0.027942 1.000000 0.000000 0.000000
0.139644 0.487730 -0.231292 0.300000 0.000000 0.600000
0.310943 -0.020721 0.137725 0.600000 0.000000 0.300000
0.207179 0.733131 -0.275839 0.600000 0.300000 0.000000
0.328265 -0.018089 0.125517 0.600000 0.000000 0.300000
0.290045 -0.133413 0.048755 1.000000 0.000000 0.000000
0.286744 0.321316 -0.186839 0.300000 0.000000 0.600000
-0.364181 -0.620343 0.490846 0.600000 0.000000 0.300000
0.351400 -0.470875 0.416781 0.300000 0.000000 0.600000
0.222879 0.377294 -0.172984 0.300000 0.000000 0.600000
-0.358397 -0.130259 0.013184 1.000000 0.000000 0.000000
-0.363967 -0.090691 -0.001641 0.600000 0.000000 0.300000
0.356714 -0.613303 0.485272 0.300000 0.000000 0.600000
-0.158886 -0.087573 -0.181695 0.600000 0.000000 0.300000
-0.217915 -0.118249 0.453347 0.600000 0.000000 0.300000
-0.147704 -0.098500 0.460452 0.600000 0.000000 0.300000
-0.423701 -0.641719 -0.313164 0.300000 0.600000 0.000000
0.287631 -0.004617 -0.208555 0.300000 0.000000 0.600000
-0.285916 -0.029850 -0.006077 0.600000 0.000000 0.300000
0.293545 0.681039 -0.265003 0.300000 0.000000 0.600000
-0.171847 0.570816 -0.240987 0.300000 0.000000 0.600000
-0.292590 0.423186 -0.180840 0.600000 0.000000 0.300000
-0.324303 -0.252647 0.196951 0.600000 0.000000 0.300000
0.177510 -0.045239 -0.082153 0.600000 0.000000 0.300000
0.347755 0.645133 -0.214963 0.300000 0.000000 0.600000
-0.134747 -0.118214 0.461302 0.600000 0.000000 0.300000
-0.249056 -0.169605 0.049512 1.000000 0.000000 0.000000
0.338565 -0.248290 0.210922 0.300000 0.000000 0.600000
0.292270 0.137648 -0.151664 0.300000 0.000000 0.600000
-0.312785 -0.105970 -0.115268 0.300000 0.600000 0.000000
-0.347258 -0.209973 0.091463 0.600000 0.000000 0.300000
-0.439033 -0.706804 -0.300448 0.500000 0.500000 0.000000
-0.323994 -0.056252 -0.153189 0.600000 0.000000 0.300000
0.217631 0.436515 -0.196192 0.300000 0.000000 0.600000
0.217884 0.425885 -0.192828 0.300000 0.000000 0.600000
-0.412824 -0.434444 -0.220873 0.300000 0.600000 0.000000
-0.156827 0.624922 -0.255291 0.600000 0.300000 0.000000
0.077183 0.010535 -0.172793 0.300000 0.000000 0.600000
0.214738 -0.037909 -0.117888 0.600000 0.000000 0.300000
0.086059 -0.039187 0.276932 0.600000 0.000000 0.300000
0.442300 -0.742612 -0.235173 0.800000 0.200000 0.500000
0.237540 -0.122588 0.434548 0.600000 0.000000 0.300000
0.274311 0.108108 -0.151255 0.300000 0.000000 0.600000
0.107897 0.393063 -0.205093 0.300000 0.000000 0.600000
-0.297409 -0.027905 0.009599 0.600000 0.000000 0.300000
-0.180002 0.193524 -0.141333 0.300000 0.000000 0.600000
-0.358172 -0.009511 0.354186 0.600000 0.000000 0.300000
-0.311304 -0.115709 -0.038857 0.300000 0.600000 0.000000
-0.015531 -0.059808 -0.154286 0.600000 0.000000 0.300000
-0.009309 -0.043504 0.228125 0.600000 0.000000 0.300000
0.354878 -0.708442 0.573833 0.600000 0.300000 0.000000
-0.014438 0.250719 -0.182495 0.300000 0.000000 0.600000
-0.446070 -0.685280 -0.246285 0.500000 0.500000 0.000000
-0.134674 -0.038056 0.244437 0.600000 0.000000 0.300000
-0.273174 -0.082893 0.452174 0.600000 0.000000 0.300000
-0.104368 -0.051940 -0.007424 0.600000 0.000000 0.300000
0.289376 0.125493 -0.128131 0.300000 0.000000 0.600000
0.231238 0.115038 -0.184364 0.300000 0.000000 0.600000
-0.263643 0.129483 -0.189814 0.600000 0.000000 0.300000
-0.359144 0.621598 -0.236698 0.600000 0.000000 0.300000
-0.284160 0.364225 -0.197413 0.600000 0.000000 0.300000
-0.156443 0.738139 -0.297143 0.600000 0.300000 0.000000
0.166089 0.468849 -0.217192 0.300000 0.000000 0.600000
-0.295498 -0.087400 -0.103266 0.300000 0.600000 0.000000
-0.392421 -0.680865 -0.255628 0.000000 1.000000 0.000000
0.120430 0.497446 -0.236649 0.300000 0.000000 0.600000
0.386440 -0.360981 -0.181738 0.600000 0.300000 0.000000
-0.187459 0.480589 -0.217273 0.300000 0.000000 0.600000
0.247631 0.119128 -0.125255 0.300000 0.000000 0.600000
0.259801 -0.065998 -0.210405 0.000000 0.500000 0.500000
-0.303582 -0.089220 -0.112030 0.300000 0.600000 0.000000
0.281823 0.369962 -0.154485 0.300000 0.000000 0.600000
-0.323566 -0.616777 0.499772 0.600000 0.000000 0.300000
0.289381 0.141373 -0.177436 0.300000 0.000000 0.600000
0.037774 -0.058725 -0.167440 0.600000 0.000000 0.300000
-0.120742 0.670335 -0.267881 0.600000 0.300000 0.000000
-0.315953 0.663907 -0.259207 0.600000 0.000000 0.300000
0.244653 0.083274 -0.155129 0.300000 0.000000 0.600000
-0.257034 0.199913 -0.125034 0.600000 0.000000 0.300000
0.375217 -0.723020 0.555136 0.600000 0.300000 0.000000
-0.187873 0.280567 -0.158073 0.300000 0.000000 0.600000
-0.311563 -0.164054 0.053832 1.000000 0.000000 0.000000
-0.165835 0.708363 -0.272944 0.600000 0.300000 0.000000
0.312081 0.609161 -0.214574 0.300000 0.000000 0.600000
-0.232226 -0.105896 -0.148223 0.300000 0.600000 0.000000
0.449464 -0.705863 -0.266340 0.800000 0.200000 0.500000
-0.248810 -0.169612 0.009280 1.000000 0.000000 0.000000
-0.078730 -0.134049 0.454731 0.600000 0.000000 0.300000
0.070157 0.579106 -0.255091 0.600000 0.300000 0.000000
0.028670 0.605650 -0.258584 0.600000 0.300000 0.000000
0.116046 -0.129867 0.045210 1.000000 0.000000 0.000000
0.340691 -0.524541 0.414369 0.300000 0.000000 0.600000
0.097490 -0.049227 0.063813 0.600000 0.000000 0.300000
-0.319757 0.314146 -0.148182 0.600000 0.000000 0.300000
0.322539 -0.330435 0.260567 0.300000 0.000000 0.600000
0.232580 -0.024171 0.348722 0.600000 0.000000 0.300000
0.211307 0.452691 -0.202775 0.300000 0.000000 0.600000
0.298158 0.538325 -0.195748 0.300000 0.000000 0.600000
0.203149 0.258127 -0.149107 0.300000 0.000000 0.600000
-0.236295 -0.145591 -0.015859 0.300000 0.600000 0.000000
-0.363623 -0.563775 0.452847 0.600000 0.000000 0.300000
-0.388895 -0.482509 -0.237327 0.300000 0.600000 0.000000
-0.081021 -0.045548 0.155379 0.600000 0.000000 0.300000
-0.362414 0.555649 -0.218666 0.600000 0.000000 0.300000
-0.093746 -0.058249 0.442686 0.600000 0.000000 0.300000
-0.008711 0.318906 -0.194759 0.300000 0.000000 0.600000
0.311551 0.467563 -0.164262 0.300000 0.000000 0.600000
-0.337076 0.562198 -0.184273 0.600000 0.000000 0.300000
-0.348696 -0.233942 0.196512 0.600000 0.000000 0.300000
-0.388676 -0.473697 -0.222187 0.300000 0.600000 0.000000
0.235158 0.395591 -0.177197 0.300000 0.000000 0.600000
-0.393954 -0.537398 -0.266225 0.300000 0.600000 0.000000
0.281771 0.149262 -0.179578 0.300000 0.000000 0.600000
-0.237885 0.094124 -0.144110 0.600000 0.000000 0.300000
0.046817 0.056362 -0.170173 0.300000 0.000000 0.600000
0.087702 0.397630 -0.208756 0.300000 0.000000 0.600000
-0.218977 -0.171620 0.047497 1.000000 0.000000 0.000000
0.349373 -0.006360 0.317639 0.600000 0.000000 0.300000
-0.114732 -0.039808 0.235206 0.600000 0.000000 0.300000
0.036483 0.441076 -0.228193 0.300000 0.000000 0.600000
0.413326 -0.374184 -0.156567 0.600000 0.300000 0.000000
-0.252156 -0.151869 -0.008633 0.600000 0.000000 0.300000
-0.141258 0.445109 -0.215707 0.300000 0.000000 0.600000
-0.323421 -0.267007 0.210954 0.600000 0.000000 0.300000
0.315768 -0.184235 0.096441 0.300000 0.000000 0.600000
-0.004792 -0.178964 0.031721 1.000000 0.000000 0.000000
0.176607 -0.149842 0.056544 1.000000 0.000000 0.000000
0.003640 -0.051444 0.065378 0.600000 0.000000 0.300000
0.020343 -0.054168 0.005709 0.600000 0.000000 0.300000
0.302047 -0.022993 0.122053 0.600000 0.000000 0.300000
0.336973 -0.547807 0.470483 0.300000 0.000000 0.600000
-0.400963 -0.294249 -0.086065 0.300000 0.600000 0.000000
0.302603 -0.025752 0.053263 0.600000 0.000000 0.300000
0.042898 0.137332 -0.166819 0.300000 0.000000 0.600000
0.218273 0.333834 -0.162831 0.300000 0.000000 0.600000
-0.185571 0.031558 -0.150064 0.300000 0.000000 0.600000
0.418900 -0.532104 -0.248991 0.600000 0.300000 0.000000
-0.204810 0.244829 -0.145287 0.300000 0.000000 0.600000
-0.094483 0.518547 -0.244378 0.300000 0.000000 0.600000
-0.315781 -0.016668 0.234110 0.600000 0.000000 0.300000
0.350450 -0.278959 0.198851 0.300000 0.000000 0.600000
-0.271920 -0.148702 -0.041764 0.300000 0.600000 0.000000
0.030309 0.549107 -0.250228 0.300000 0.000000 0.600000
0.132437 0.599474 -0.252218 0.600000 0.300000 0.000000
0.181695 0.309418 -0.169450 0.300000 0.000000 0.600000
-0.397844 -0.177761 0.003603 0.300000 0.600000 0.000000
-0.127374 0.513270 -0.240183 0.300000 0.000000 0.600000
0.239209 -0.115892 -0.163010 0.000000 0.500000 0.500000
0.386910 -0.472736 -0.208838 0.600000 0.300000 0.000000
-0.075391 -0.038494 0.364536 0.600000 0.000000 0.300000
-0.399145 -0.427443 -0.181474 0.300000 0.600000 0.000000
0.220666 0.250692 -0.144447 0.300000 0.000000 0.600000
-0.397010 -0.444730 -0.191991 0.300000 0.600000 0.000000
0.069873 0.097542 -0.167035 0.300000 0.000000 0.600000
-0.367793 -0.035337 -0.045027 0.600000 0.000000 0.300000
0.351931 -0.468989 0.384979 0.300000 0.000000 0.600000
-0.335587 0.331442 -0.141383 0.600000 0.000000 0.300000
0.365748 -0.079378 0.246701 0.600000 0.000000 0.300000
0.318361 -0.124828 0.031775 1.000000 0.000000 0.000000
0.313742 -0.532065 0.435635 0.300000 0.000000 0.600000
0.008503 -0.120721 0.463978 0.600000 0.000000 0.300000
0.046782 0.563988 -0.251716 0.300000 0.000000 0.600000
-0.374419 -0.068108 0.426630 0.600000 0.000000 0.300000
0.000531 0.361326 -0.206320 0.300000 0.000000 0.600000
0.133591 0.711605 -0.278024 0.600000 0.300000 0.000000
-0.034529 0.253217 -0.179773 0.300000 0.000000 0.600000
0.073776 -0.038105 0.374451 0.600000 0.000000 0.300000
0.313060 -0.101025 0.444272 0.600000 0.000000 0.300000
-0.056788 0.110857 -0.164329 0.300000 0.000000 0.600000
0.429077 -0.620084 -0.287550 0.600000 0.300000 0.000000
0.325351 -0.158071 0.072847 0.300000 0.000000 0.600000
0.254559 -0.081997 -0.121045 0.000000 0.500000 0.500000
-0.053801 -0.040415 0.274271 0.600000 0.000000 0.300000
0.264044 0.168564 -0.182366 0.300000 0.000000 0.600000
0.352740 -0.516182 0.444018 0.300000 0.000000 0.600000
-0.293058 -0.095480 -0.087852 0.600000 0.000000 0.300000
0.398235 -0.414559 -0.183682 0.600000 0.300000 0.000000
-0.300773 -0.042236 -0.212492 0.300000 0.600000 0.000000
-0.367251 -0.021158 0.111460 0.600000 0.000000 0.300000
-0.061406 0.220859 -0.174169 0.300000 0.000000 0.600000
-0.323996 -0.218716 0.144464 0.600000 0.000000 0.300000
-0.327948 0.538968 -0.218677 0.600000 0.000000 0.300000
0.417489 -0.426277 -0.208049 0.600000 0.300000 0.000000
0.379929 -0.683762 -0.287099 0.600000 0.000000 0.300000
0.240363 0.275426 -0.162997 0.300000 0.000000 0.600000
0.345127 -0.585215 0.489005 0.300000 0.000000 0.600000
0.106755 -0.046210 0.111456 0.600000 0.000000 0.300000
-0.362848 -0.571259 0.469856 0.600000 0.000000 0.300000
0.383971 -0.497054 -0.225706 0.600000 0.300000 0.000000
-0.331219 -0.020688 -0.145819 0.600000 0.000000 0.300000
-0.294631 -0.152096 -0.004287 0.600000 0.000000 0.300000
0.054600 -0.005584 -0.174097 0.300000 0.000000 0.600000
0.241027 0.009304 -0.205386 0.300000 0.000000 0.600000
-0.111503 -0.052561 -0.040180 0.600000 0.000000 0.300000
0.317628 -0.550836 0.463058 0.300000 0.000000 0.600000
0.044474 -0.038024 0.315848 0.600000 0.000000 0.300000
-0.422654 -0.470857 -0.208926 0.300000 0.600000 0.000000
-0.012212 -0.058989 -0.105129 0.600000 0.000000 0.300000
0.131390 0.728397 -0.286181 0.600000 0.300000 0.000000
-0.244827 0.081643 -0.200298 0.600000 0.000000 0.300000
-0.300261 0.631079 -0.218072 0.600000 0.000000 0.300000
-0.037632 0.407211 -0.218815 0.300000 0.000000 0.600000
0.360305 -0.142229 0.004282 1.000000 0.000000 0.000000
-0.224528 -0.103366 0.456872 0.600000 0.000000 0.300000
0.395467 -0.313112 -0.146743 0.600000 0.300000 0.000000
0.193924 0.704576 -0.264962 0.600000 0.300000 0.000000
0.374052 -0.746242 0.523844 0.600000 0.300000 0.000000
0.142375 -0.039087 0.200490 0.600000 0.000000 0.300000
0.257150 -0.029150 -0.130557 0.600000 0.000000 0.300000
0.406757 -0.396367 -0.200173 0.600000 0.300000 0.000000
-0.287831 0.165372 -0.177420 0.600000 0.000000 0.300000
0.373839 -0.048720 0.192423 0.600000 0.000000 0.300000
0.203550 0.741478 -0.284914 0.600000 0.300000 0.000000
-0.351577 -0.326428 0.299059 0.600000 0.000000 0.300000
0.093336 0.726496 -0.288022 0.600000 0.300000 0.000000
0.248854 0.506293 -0.202240 0.300000 0.000000 0.600000
0.362691 -0.041968 -0.039597 0.600000 0.000000 0.300000
-0.348180 0.445894 -0.158372 0.600000 0.000000 0.300000
0.045858 -0.045233 0.174629 0.600000 0.000000 0.300000
0.252809 0.585025 -0.224383 0.300000 0.000000 0.600000
-0.321130 -0.376333 0.325150 0.600000 0.000000 0.300000
-0.386684 -0.353345 -0.132212 0.300000 0.600000 0.000000
0.227095 0.621018 -0.237853 0.600000 0.300000 0.000000
0.321577 -0.158206 0.003386 1.000000 0.000000 0.000000
-0.119522 0.355384 -0.195814 0.300000 0.000000 0.600000
0.397226 -0.558819 -0.247965 0.600000 0.300000 0.000000
0.405764 -0.700041 -0.310301 0.300000 0.000000 0.600000
0.316482 0.628237 -0.211488 0.300000 0.000000 0.600000
0.145090 -0.045689 0.064323 0.600000 0.000000 0.300000
0.033980 -0.087445 -0.195661 0.600000 0.000000 0.300000
-0.098909 0.693931 -0.276198 0.600000 0.300000 0.000000
-0.321324 0.556924 -0.189765 0.600000 0.000000 0.300000
0.274733 -0.024438 0.195657 0.600000 0.000000 0.300000
-0.273630 -0.130238 -0.123672 0.300000 0.600000 0.000000
-0.024749 0.205532 -0.172446 0.300000 0.000000 0.600000
-0.308675 -0.056163 -0.189216 0.600000 0.000000 0.300000
0.440266 -0.712436 -0.304059 0.800000 0.200000 0.500000
0.299673 -0.143602 0.033265 0.300000 0.000000 0.600000
0.221995 0.178587 -0.149353 0.300000 0.000000 0.600000
0.278721 0.042190 -0.197773 0.300000 0.000000 0.600000
0.043206 -0.049656 0.088710 0.600000 0.000000 0.300000
0.193904 -0.029052 0.352902 0.600000 0.000000 0.300000
0.277321 0.108307 -0.123004 0.300000 0.000000 0.600000
-0.254121 -0.114357 -0.168709 0.300000 0.600000 0.000000
-0.319930 -0.022466 -0.018207 0.600000 0.000000 0.300000
-0.335564 0.396635 -0.171832 0.600000 0.000000 0.300000
-0.299054 0.165818 -0.144015 0.600000 0.000000 0.300000
-0.422860 -0.558914 -0.280517 0.300000 0.600000 0.000000
-0.320210 0.474031 -0.161341 0.600000 0.000000 0.300000
0.009705 -0.062055 0.448714 0.600000 0.000000 0.300000
-0.207100 -0.036554 0.153370 0.600000 0.000000 0.300000
-0.149507 -0.173630 0.045487 1.000000 0.000000 0.000000
-0.100726 -0.037108 0.363452 0.600000 0.000000 0.300000
0.037665 0.235455 -0.179364 0.300000 0.000000 0.600000
-0.077610 -0.153264 0.002062 1.000000 0.000000 0.000000
0.264723 -0.151364 -0.029585 0.000000 0.500000 0.500000
-0.045497 0.247078 -0.181037 0.300000 0.000000 0.600000
-0.341642 -0.375044 0.295543 0.600000 0.000000 0.300000
-0.367777 -0.024505 0.418051 0.600000 0.000000 0.300000
0.171196 -0.034110 0.248403 0.600000 0.000000 0.300000
-0.361893 -0.736148 0.503384 0.300000 0.600000 0.000000
0.051459 -0.057470 -0.106852 0.600000 0.000000 0.300000
0.307738 0.664080 -0.226673 0.300000 0.000000 0.600000
-0.163592 0.440868 -0.208680 0.300000 0.000000 0.600000
0.390147 -0.313800 -0.099039 0.600000 0.300000 0.000000
-0.358060 -0.021927 0.406572 0.600000 0.000000 0.300000
0.409022 -0.569649 -0.247512 0.600000 0.300000 0.000000
-0.000432 0.506896 -0.243493 0.300000 0.000000 0.600000
0.373593 -0.317987 -0.111385 0.600000 0.300000 0.000000
0.254476 0.229431 -0.186337 0.300000 0.000000 0.600000
0.360680 0.732773 -0.259979 0.300000 0.000000 0.600000
-0.305977 -0.142461 -0.003415 0.600000 0.000000 0.300000
0.317577 -0.194891 0.090774 0.300000 0.000000 0.600000
-0.097587 0.057019 -0.165848 0.300000 0.000000 0.600000
-0.284094 0.607539 -0.227703 0.300000 0.000000 0.600000
-0.329390 0.574012 -0.193607 0.600000 0.000000 0.300000
-0.275727 -0.071809 -0.154998 0.600000 0.000000 0.300000
0.303819 -0.012860 0.320577 0.600000 0.000000 0.300000
-0.343714 -0.008103 0.320485 0.600000 0.000000 0.300000
0.116369 0.420947 -0.215254 0.300000 0.000000 0.600000
0.178397 0.164609 -0.140722 0.300000 0.000000 0.600000
0.313735 0.535557 -0.184355 0.300000 0.000000 0.600000
0.369906 -0.684058 0.517821 0.600000 0.300000 0.000000
0.333607 0.619363 -0.233440 0.300000 0.000000 0.600000
0.244245 0.675780 -0.245594 0.600000 0.300000 0.000000
-0.072403 0.332729 -0.196166 0.300000 0.000000 0.600000
0.342969 -0.007953 0.333661 0.600000 0.000000 0.300000
-0.308675 -0.738720 0.505547 0.000000 0.500000 0.500000
-0.227436 -0.171596 0.011264 1.000000 0.000000 0.000000
-0.363677 -0.070016 -0.100615 0.600000 0.000000 0.300000
-0.302482 -0.048053 -0.159576 0.600000 0.000000 0.300000
0.314399 -0.511942 0.427922 0.300000 0.000000 0.600000
-0.232123 0.296930 -0.150345 0.600000 0.000000 0.300000
0.305781 -0.074495 0.449170 0.600000 0.000000 0.300000
-0.077034 -0.041852 0.230882 0.600000 0.000000 0.300000
0.126787 0.518070 -0.240741 0.300000 0.000000 0.600000
-0.198632 -0.043634 -0.069757 0.600000 0.000000 0.300000
0.338418 -0.174653 0.105844 0.300000 0.000000 0.600000
-0.246662 -0.023043 0.338374 0.600000 0.000000 0.300000
0.449698 -0.708654 -0.286704 0.800000 0.200000 0.500000
-0.310774 -0.013173 0.316508 0.600000 0.000000 0.300000
0.120891 -0.037040 0.275153 0.600000 0.000000 0.300000
-0.026288 0.402847 -0.214651 0.300000 0.000000 0.600000
0.262992 -0.086229 -0.199890 0.000000 0.500000 0.500000
-0.245012 -0.119148 0.033271 0.300000 0.600000 0.000000
0.151494 0.004835 -0.156492 0.300000 0.000000 0.600000
-0.343712 -0.714478 0.580880 0.500000 0.000000 0.500000
0.003992 0.451909 -0.228746 0.300000 0.000000 0.600000
0.321537 -0.709290 0.579668 0.600000 0.000000 0.300000
-0.282924 -0.081282 -0.125627 0.300000 0.600000 0.000000
0.347620 0.613425 -0.203153 0.300000 0.000000 0.600000
0.252144 0.368793 -0.167108 0.300000 0.000000 0.600000
0.229213 -0.038094 -0.175618 0.000000 0.500000 0.500000
0.296172 0.310968 -0.131434 0.300000 0.000000 0.600000
-0.289658 -0.114875 0.021882 0.300000 0.600000 0.000000
0.294950 -0.160147 0.031928 0.000000 0.500000 0.500000
0.341717 -0.315371 0.289776 0.300000 0.000000 0.600000
0.370679 -0.706155 -0.256526 0.600000 0.000000 0.300000
-0.138503 0.333544 -0.187099 0.300000 0.000000 0.600000
-0.057661 -0.042415 0.232319 0.600000 0.000000 0.300000
0.006139 -0.040544 0.281603 0.600000 0.000000 0.300000
0.357334 -0.675646 0.516766 0.600000 0.000000 0.300000
-0.368413 -0.715116 0.580045 0.500000 0.000000 0.500000
0.209878 0.210698 -0.135649 0.300000 0.000000 0.600000
-0.165590 -0.046567 -0.130246 0.600000 0.000000 0.300000
-0.274758 -0.009314 -0.167586 0.600000 0.000000 0.300000
-0.236069 0.145830 -0.156664 0.600000 0.000000 0.300000
-0.079369 0.487949 -0.237973 0.300000 0.000000 0.600000
-0.311583 -0.110301 -0.070206 0.300000 0.600000 0.000000
-0.324801 -0.126341 0.037421 1.000000 0.000000 0.000000
0.002208 -0.041503 0.386675 0.600000 0.000000 0.300000
-0.025173 -0.167789 0.007457 1.000000 0.000000 0.000000
-0.304887 0.759180 -0.279140 0.600000 0.000000 0.300000
-0.126640 -0.158794 0.003544 1.000000 0.000000 0.000000
0.367855 -0.083834 0.326671 0.600000 0.000000 0.300000
-0.378949 -0.060345 0.145976 0.600000 0.000000 0.300000
0.047075 -0.124707 0.027462 1.000000 0.000000 0.000000
0.028621 0.743306 -0.314366 0.600000 0.300000 0.000000
-0.231118 -0.127083 -0.011727 0.300000 0.600000 0.000000
-0.186782 -0.136988 0.052331 1.000000 0.000000 0.000000
-0.381344 -0.038862 0.194857 0.600000 0.000000 0.300000
0.183288 -0.040222 0.111299 0.600000 0.000000 0.300000
-0.365089 -0.024667 -0.030959 0.600000 0.000000 0.300000
-0.031903 0.508078 -0.246695 0.300000 0.000000 0.600000
0.371495 -0.018489 0.349783 0.600000 0.000000 0.300000
0.320963 0.475201 -0.200127 0.300000 0.000000 0.600000
0.121511 -0.131756 0.011687 1.000000 0.000000 0.000000
-0.159675 0.451627 -0.216078 0.300000 0.000000 0.600000
-0.302426 0.225683 -0.125838 0.600000 0.000000 0.300000
-0.404141 -0.385272 -0.199557 0.300000 0.600000 0.000000
-0.345938 0.451594 -0.186884 0.600000 0.000000 0.300000
-0.299364 -0.026030 -0.043822 0.600000 0.000000 0.300000
0.353126 -0.180580 0.058674 0.300000 0.000000 0.600000
0.319018 -0.013091 0.278688 0.600000 0.000000 0.300000
-0.347796 -0.388606 0.310164 0.600000 0.000000 0.300000
0.291589 0.623186 -0.242273 0.600000 0.300000 0.000000
-0.222195 -0.037064 -0.135832 0.600000 0.000000 0.300000
-0.018436 0.504259 -0.242848 0.300000 0.000000 0.600000
0.191819 -0.137899 0.053242 1.000000 0.000000 0.000000
-0.392897 -0.556704 -0.264706 0.300000 0.600000 0.000000
0.393591 -0.198377 -0.016320 0.600000 0.300000 0.000000
0.233371 -0.119071 -0.125480 0.300000 0.000000 0.600000
0.281978 0.137074 -0.124738 0.300000 0.000000 0.600000
0.251437 0.002143 -0.166820 0.300000 0.000000 0.600000
-0.053683 -0.127174 0.018257 1.000000 0.000000 0.000000
-0.397731 -0.347489 -0.164541 0.300000 0.600000 0.000000
0.171617 -0.167155 0.006822 1.000000 0.000000 0.000000
0.310492 0.616782 -0.238563 0.300000 0.000000 0.600000
-0.237692 0.557962 -0.221726 0.300000 0.000000 0.600000
0.222916 0.103216 -0.169001 0.300000 0.000000 0.600000
-0.343578 0.366154 -0.167421 0.600000 0.000000 0.300000
0.260280 -0.021778 0.292235 0.600000 0.000000 0.300000
0.332940 0.655932 -0.227296 0.300000 0.000000 0.600000
-0.135038 0.714800 -0.282469 0.600000 0.300000 0.000000
-0.185855 -0.032229 0.270706 0.600000 0.000000 0.300000
-0.260310 0.051193 -0.132772 0.600000 0.000000 0.300000
0.293712 0.046506 -0.153417 0.300000 0.000000 0.600000
0.142439 -0.049221 -0.069527 0.600000 0.000000 0.300000
0.169837 -0.044311 -0.153558 0.600000 0.000000 0.300000
-0.214862 0.309869 -0.158348 0.300000 0.000000 0.600000
0.193010 0.590987 -0.239403 0.600000 0.300000 0.000000
-0.272193 0.354029 -0.163266 0.600000 0.000000 0.300000
-0.160783 0.670482 -0.264475 0.600000 0.300000 0.000000
0.155363 -0.045554 -0.000627 0.600000 0.000000 0.300000
0.299250 0.041591 -0.182021 0.300000 0.000000 0.600000
-0.215614 0.726538 -0.271257 0.600000 0.300000 0.000000
-0.255669 0.601465 -0.228587 0.600000 0.300000 0.000000
-0.241516 0.158550 -0.184812 0.600000 0.000000 0.300000
0.382877 -0.492560 -0.242851 0.600000 0.300000 0.000000
-0.268210 0.268186 -0.185413 0.600000 0.000000 0.300000
0.227670 -0.146325 0.052657 0.000000 0.500000 0.500000
0.293512 0.107809 -0.179710 0.300000 0.000000 0.600000
-0.247534 0.254735 -0.176407 0.600000 0.000000 0.300000
0.210894 -0.039422 0.002126 0.600000 0.000000 0.300000
-0.151030 -0.049090 -0.038781 0.600000 0.000000 0.300000
0.115102 0.655932 -0.262561 0.600000 0.300000 0.000000
0.006568 0.354354 -0.202187 0.300000 0.000000 0.600000
-0.248991 -0.157155 0.000360 0.300000 0.600000 0.000000
0.321259 -0.011013 0.334185 0.600000 0.000000 0.300000
0.355317 -0.638548 0.495699 0.300000 0.000000 0.600000
-0.374712 -0.069569 0.035577 0.600000 0.000000 0.300000
-0.359627 -0.466549 0.408956 0.600000 0.000000 0.300000
-0.033904 -0.170223 0.048895 1.000000 0.000000 0.000000
-0.390248 -0.684175 -0.238371 1.000000 0.000000 0.000000
0.184742 -0.177988 0.023425 1.000000 0.000000 0.000000
0.245037 -0.035543 0.005931 0.600000 0.000000 0.300000
-0.326143 -0.175614 0.043503 1.000000 0.000000 0.000000
-0.095854 -0.127229 0.018052 1.000000 0.000000 0.000000
-0.392798 -0.701255 -0.230882 0.000000 1.000000 0.000000
-0.382160 -0.726998 0.540032 0.300000 0.600000 0.000000
-0.378716 -0.017132 0.283854 0.600000 0.000000 0.300000
-0.320033 0.321305 -0.168062 0.600000 0.000000 0.300000
0.251606 0.631324 -0.234526 0.600000 0.300000 0.000000
0.279973 0.088068 -0.149091 0.300000 0.000000 0.600000
-0.228377 0.116123 -0.145250 0.600000 0.000000 0.300000
0.239674 0.269347 -0.142820 0.300000 0.000000 0.600000
-0.105586 0.215658 -0.163019 0.300000 0.000000 0.600000
-0.241140 -0.087256 -0.118422 0.300000 0.600000 0.000000
0.133734 0.265530 -0.167887 0.300000 0.000000 0.600000
0.387556 -0.556690 -0.253500 0.600000 0.300000 0.000000
0.387617 -0.256148 -0.103555 0.600000 0.300000 0.000000
-0.158020 -0.034572 0.272259 0.600000 0.000000 0.300000
0.113532 -0.122203 0.462315 0.600000 0.000000 0.300000
-0.052402 -0.057993 -0.133960 0.600000 0.000000 0.300000
-0.201243 0.528291 -0.227697 0.300000 0.000000 0.600000
-0.415913 -0.695871 -0.306950 1.000000 0.000000 0.000000
0.190500 -0.029856 0.298125 0.600000 0.000000 0.300000
0.223238 0.069199 -0.177910 0.300000 0.000000 0.600000
-0.149197 -0.033144 0.314001 0.600000 0.000000 0.300000
0.076990 -0.072864 0.457119 0.600000 0.000000 0.300000
-0.062737 0.167599 -0.161964 0.300000 0.000000 0.600000
0.243163 -0.150348 -0.030041 0.000000 0.500000 0.500000
0.050460 0.093144 -0.169410 0.300000 0.000000 0.600000
0.272550 0.230966 -0.122452 0.300000 0.000000 0.600000
-0.165644 0.055529 -0.148946 0.300000 0.000000 0.600000
-0.301821 -0.026582 0.086201 0.600000 0.000000 0.300000
-0.053482 -0.047022 0.144139 0.600000 0.000000 0.300000
-0.258481 0.166943 -0.119009 0.600000 0.000000 0.300000
0.187308 -0.038079 0.145742 0.600000 0.000000 0.300000
0.328343 -0.321690 0.243063 0.300000 0.000000 0.600000
0.376688 -0.066585 0.344780 0.600000 0.000000 0.300000
0.171361 0.318061 -0.174203 0.300000 0.000000 0.600000
0.021393 -0.178538 0.033312 1.000000 0.000000 0.000000
0.414908 -0.466088 -0.206162 0.600000 0.300000 0.000000
0.266966 0.476250 -0.184869 0.300000 0.000000 0.600000
0.317799 -0.269529 0.193439 0.300000 0.000000 0.600000
0.157136 0.056135 -0.153164 0.300000 0.000000 0.600000
0.433675 -0.686398 -0.243318 0.800000 0.200000 0.500000
-0.290119 0.403898 -0.192510 0.600000 0.000000 0.300000
0.310493 0.428332 -0.195837 0.300000 0.000000 0.600000
0.225509 -0.065591 -0.194381 0.000000 0.500000 0.500000
0.198419 -0.040351 -0.131444 0.600000 0.000000 0.300000
-0.285447 0.481889 -0.194002 0.600000 0.000000 0.300000
0.252771 -0.161512 0.015661 0.000000 0.500000 0.500000
0.282126 -0.120332 0.047470 0.000000 0.500000 0.500000
-0.232467 -0.125280 0.033459 1.000000 0.000000 0.000000
0.335799 -0.570673 0.484376 0.300000 0.000000 0.600000
-0.199386 0.266460 -0.154730 0.300000 0.000000 0.600000
-0.313176 0.729573 -0.279171 0.600000 0.000000 0.300000
0.192369 0.068235 -0.140964 0.300000 0.000000 0.600000
-0.137989 -0.161052 0.054637 1.000000 0.000000 0.000000
0.051037 -0.036997 0.346400 0.600000 0.000000 0.300000
0.218682 -0.038234 0.008869 0.600000 0.000000 0.300000
-0.382117 -0.700094 0.534075 0.300000 0.600000 0.000000
-0.377410 -0.061739 0.098612 0.600000 0.000000 0.300000
-0.295565 -0.024326 -0.088493 0.600000 0.000000 0.300000
-0.315529 0.693005 -0.235606 0.600000 0.000000 0.300000
-0.326805 0.670573 -0.255331 0.600000 0.000000 0.300000
-0.145201 0.744767 -0.310288 0.600000 0.300000 0.000000
-0.325716 0.738841 -0.276260 0.600000 0.000000 0.300000
0.304676 -0.122489 -0.018009 0.000000 0.500000 0.500000
-0.292153 -0.029146 0.052355 0.600000 0.000000 0.300000
0.313627 -0.016726 0.221304 0.600000 0.000000 0.300000
0.164646 -0.042117 0.105686 0.600000 0.000000 0.300000
0.280089 0.052061 -0.159412 0.300000 0.000000 0.600000
0.303441 -0.025446 0.011468 0.600000 0.000000 0.300000
-0.388588 -0.230193 -0.024812 0.300000 0.600000 0.000000
-0.265773 0.700166 -0.251736 0.600000 0.300000 0.000000
-0.332301 -0.199682 0.141842 0.600000 0.000000 0.300000
0.244733 0.218396 -0.180471 0.300000 0.000000 0.600000
0.242977 -0.027605 0.222272 0.600000 0.000000 0.300000
-0.291009 -0.128045 0.043387 1.000000 0.000000 0.000000
-0.293540 0.184452 -0.119234 0.600000 0.000000 0.300000
0.377034 -0.752335 -0.268167 0.600000 0.000000 0.300000
0.297004 0.435754 -0.198285 0.300000 0.000000 0.600000
0.333158 -0.130371 0.013072 1.000000 0.000000 0.000000
-0.425585 -0.438524 -0.208617 0.300000 0.600000 0.000000
0.292504 -0.025386 0.106303 0.600000 0.000000 0.300000
-0.284857 0.428608 -0.195517 0.600000 0.000000 0.300000
0.351860 -0.264117 0.218849 0.300000 0.000000 0.600000
-0.289924 -0.033981 -0.158364 0.600000 0.000000 0.300000
-0.026137 -0.151685 0.001749 1.000000 0.000000 0.000000
0.317330 -0.340499 0.304481 0.300000 0.000000 0.600000
0.246522 0.201590 -0.127264 0.300000 0.000000 0.600000
-0.291139 -0.009621 -0.210409 0.600000 0.000000 0.300000
0.417439 -0.571999 -0.253615 0.600000 0.300000 0.000000
-0.087396 -0.037815 0.362314 0.600000 0.000000 0.300000
0.201552 0.561572 -0.230453 0.300000 0.000000 0.600000
0.397684 -0.596199 -0.261011 0.600000 0.300000 0.000000
-0.135443 0.162740 -0.150934 0.300000 0.000000 0.600000
0.370474 -0.267256 -0.079117 0.600000 0.300000 0.000000
0.215105 -0.028832 -0.151015 0.300000 0.000000 0.600000
0.176786 0.498384 -0.225243 0.300000 0.000000 0.600000
0.388312 -0.386077 -0.196573 0.600000 0.300000 0.000000
0.056357 0.055485 -0.171969 0.300000 0.000000 0.600000
0.077883 0.739794 -0.304851 0.600000 0.300000 0.000000
0.054543 -0.101434 -0.190040 0.600000 0.000000 0.300000
0.277159 0.419009 -0.197187 0.300000 0.000000 0.600000
-0.208174 0.659198 -0.250802 0.600000 0.300000 0.000000
-0.292372 -0.098542 -0.071096 0.600000 0.000000 0.300000
-0.395617 -0.358686 -0.155608 0.300000 0.600000 0.000000
0.197013 0.379951 -0.181516 0.300000 0.000000 0.600000
-0.445502 -0.730066 -0.301287 0.500000 0.500000 0.000000
0.193857 -0.174729 0.014398 1.000000 0.000000 0.000000
0.006420 0.043290 -0.174079 0.300000 0.000000 0.600000
-0.219154 -0.039936 0.417135 0.600000 0.000000 0.300000
-0.307880 0.091282 -0.171064 0.600000 0.000000 0.300000
-0.221986 0.153421 -0.126760 0.600000 0.000000 0.300000
0.314720 -0.405858 0.341758 0.300000 0.000000 0.600000
-0.316149 0.416183 -0.193498 0.600000 0.000000 0.300000
0.291951 -0.016729 0.296454 0.600000 0.000000 0.300000
0.037842 0.497834 -0.243794 0.300000 0.000000 0.600000
0.275656 0.565275 -0.208295 0.300000 0.000000 0.600000
0.341001 -0.458264 0.365128 0.300000 0.000000 0.600000
-0.045637 0.701685 -0.281102 0.600000 0.300000 0.000000
0.326403 -0.015647 0.191767 0.600000 0.000000 0.300000
-0.290330 -0.148293 -0.042324 0.300000 0.600000 0.000000
-0.271053 -0.106002 -0.016646 0.300000 0.600000 0.000000
0.322533 0.729749 -0.247222 0.300000 0.000000 0.600000
0.185593 -0.032030 0.264537 0.600000 0.000000 0.300000
-0.215293 -0.039831 -0.102302 0.600000 0.000000 0.300000
0.244384 0.702844 -0.255078 0.600000 0.300000 0.000000
0.170534 -0.045659 0.026579 0.600000 0.000000 0.300000
-0.095544 0.194626 -0.164059 0.300000 0.000000 0.600000
0.095394 0.291937 -0.184219 0.300000 0.000000 0.600000
-0.160326 0.608964 -0.248874 0.600000 0.300000 0.000000
-0.067118 -0.051636 0.044276 0.600000 0.000000 0.300000
0.405514 -0.289254 -0.099286 0.600000 0.300000 0.000000
0.264234 0.356693 -0.192155 0.300000 0.000000 0.600000
-0.369703 -0.694767 0.573317 0.500000 0.000000 0.500000
0.254011 -0.030652 -0.112220 0.600000 0.000000 0.300000
0.330303 -0.291143 0.203387 0.300000 0.000000 0.600000
-0.418516 -0.412479 -0.207248 0.300000 0.600000 0.000000
0.131125 -0.050005 -0.036234 0.600000 0.000000 0.300000
-0.321663 -0.299753 0.244436 0.600000 0.000000 0.300000
0.332912 -0.416218 0.382680 0.300000 0.000000 0.600000
-0.118690 -0.014854 -0.165624 0.300000 0.000000 0.600000
0.170840 0.690049 -0.264430 0.600000 0.300000 0.000000
-0.277526 0.600215 -0.216785 0.300000 0.000000 0.600000
0.271662 0.274657 -0.133432 0.300000 0.000000 0.600000
-0.293476 0.076426 -0.130142 0.600000 0.000000 0.300000
0.304886 -0.009718 -0.155307 0.300000 0.000000 0.600000
-0.139656 -0.046056 0.419244 0.600000 0.000000 0.300000
-0.293491 0.413254 -0.154839 0.600000 0.000000 0.300000
-0.431628 -0.582745 -0.281936 0.300000 0.600000 0.000000
0.370957 -0.145007 0.003537 1.000000 0.000000 0.000000
0.147611 -0.177327 0.020962 1.000000 0.000000 0.000000
-0.141410 0.228629 -0.158511 0.300000 0.000000 0.600000
-0.210974 -0.030460 -0.150628 0.600000 0.000000 0.300000
0.070500 0.066539 -0.169470 0.300000 0.000000 0.600000
-0.185038 -0.044976 0.025637 0.600000 0.000000 0.300000
-0.347611 -0.010650 0.360467 0.600000 0.000000 0.300000
-0.308621 -0.696435 0.503744 0.000000 0.500000 0.500000
0.305852 -0.032946 -0.185044 0.000000 0.500000 0.500000
0.314887 -0.452491 0.382973 0.300000 0.000000 0.600000
0.094100 -0.041194 0.232950 0.600000 0.000000 0.300000
0.059167 -0.146384 0.003169 1.000000 0.000000 0.000000
0.358572 -0.220443 -0.042857 0.600000 0.300000 0.000000
-0.322048 -0.017742 0.194401 0.600000 0.000000 0.300000
-0.402812 -0.212060 -0.045467 0.300000 0.600000 0.000000
0.274986 0.123109 -0.146100 0.300000 0.000000 0.600000
0.315873 -0.365920 0.317559 0.300000 0.000000 0.600000
0.009314 -0.004068 -0.177598 0.300000 0.000000 0.600000
-0.027949 -0.038965 0.319630 0.600000 0.000000 0.300000
-0.287800 0.080913 -0.147624 0.600000 0.000000 0.300000
-0.351909 -0.065809 -0.131266 0.600000 0.000000 0.300000
-0.048714 0.034502 -0.174419 0.300000 0.000000 0.600000
0.187611 0.748810 -0.303274 0.600000 0.300000 0.000000
-0.117271 0.409315 -0.208377 0.300000 0.000000 0.600000
-0.234136 0.189690 -0.157629 0.600000 0.000000 0.300000
0.114050 -0.162113 0.004433 1.000000 0.000000 0.000000
0.271557 -0.019322 0.311807 0.600000 0.000000 0.300000
-0.422590 -0.424543 -0.189618 0.300000 0.600000 0.000000
-0.372710 -0.031977 0.059846 0.600000 0.000000 0.300000
0.256682 0.140447 -0.141330 0.300000 0.000000 0.600000
-0.346731 -0.424812 0.342376 0.600000 0.000000 0.300000
-0.336671 -0.012094 0.258354 0.600000 0.000000 0.300000
-0.310345 -0.081638 -0.184306 0.300000 0.600000 0.000000
0.393964 -0.442506 -0.230496 0.600000 0.300000 0.000000
0.042804 0.606967 -0.258188 0.600000 0.300000 0.000000
-0.303074 -0.103887 -0.070022 0.600000 0.000000 0.300000
0.265489 0.524936 -0.200282 0.300000 0.000000 0.600000
0.313880 0.322876 -0.163158 0.300000 0.000000 0.600000
-0.376185 -0.050492 0.071274 0.600000 0.000000 0.300000
-0.248366 -0.161161 0.020864 0.300000 0.600000 0.000000
0.227398 -0.062695 -0.169899 0.000000 0.500000 0.500000
0.237825 0.192521 -0.125174 0.300000 0.000000 0.600000
-0.372340 -0.086692 0.014822 0.600000 0.000000 0.300000
0.285370 0.170628 -0.124949 0.300000 0.000000 0.600000
0.261795 0.085149 -0.196297 0.300000 0.000000 0.600000
0.408548 -0.675270 -0.246565 0.300000 0.000000 0.600000
-0.219692 0.413663 -0.185824 0.300000 0.000000 0.600000
-0.293665 -0.061825 -0.209851 0.300000 0.600000 0.000000
-0.064452 0.140207 -0.164257 0.300000 0.000000 0.600000
-0.248749 -0.035910 -0.046706 0.600000 0.000000 0.300000
0.042171 -0.042004 0.239075 0.600000 0.000000 0.300000
-0.120034 0.423041 -0.215163 0.300000 0.000000 0.600000
0.329753 0.364600 -0.170891 0.300000 0.000000 0.600000
0.351827 -0.164118 0.060732 0.300000 0.000000 0.600000
-0.058340 0.049565 -0.172294 0.300000 0.000000 0.600000
-0.216525 0.259943 -0.148527 0.600000 0.000000 0.300000
0.366127 -0.057144 0.009770 0.600000 0.000000 0.300000
-0.047929 0.431150 -0.222103 0.300000 0.000000 0.600000
0.402187 -0.370944 -0.141234 0.600000 0.300000 0.000000
-0.149220 -0.055274 -0.177852 0.600000 0.000000 0.300000
-0.344799 -0.106389 0.432955 0.600000 0.000000 0.300000
0.270478 0.327382 -0.192206 0.300000 0.000000 0.600000
0.172570 -0.045089 -0.112019 0.600000 0.000000 0.300000
0.335585 -0.191760 0.135238 0.300000 0.000000 0.600000
-0.117527 -0.059197 0.445890 0.600000 0.000000 0.300000
-0.278525 0.752472 -0.274419 0.600000 0.000000 0.300000
-0.396730 -0.124203 0.029346 1.000000 0.000000 0.000000
0.278119 0.314797 -0.139395 0.300000 0.000000 0.600000
-0.386341 -0.305065 -0.124188 0.300000 0.600000 0.000000
0.261934 -0.032591 -0.036884 0.600000 0.000000 0.300000
-0.341739 0.731146 -0.265308 0.600000 0.000000 0.300000
-0.261257 -0.029196 0.151260 0.600000 0.000000 0.300000
-0.236871 0.145346 -0.181451 0.600000 0.000000 0.300000
-0.273820 0.327202 -0.149766 0.600000 0.000000 0.300000
-0.100336 -0.047858 0.418600 0.600000 0.000000 0.300000
0.091099 -0.052410 0.008444 0.600000 0.000000 0.300000
-0.175858 0.533025 -0.235179 0.300000 0.000000 0.600000
0.343272 -0.061414 0.445679 0.600000 0.000000 0.300000
-0.100772 0.175502 -0.160561 0.300000 0.000000 0.600000
0.282121 0.359177 -0.195284 0.300000 0.000000 0.600000
0.394173 -0.353533 -0.127397 0.600000 0.300000 0.000000
-0.101453 0.239433 -0.171159 0.300000 0.000000 0.600000
0.341853 -0.496896 0.438818 0.300000 0.000000 0.600000
0.235269 -0.035745 0.027005 0.600000 0.000000 0.300000
0.163709 0.438349 -0.210902 0.300000 0.000000 0.600000
-0.247429 0.204758 -0.181678 0.600000 0.000000 0.300000
-0.133569 0.375233 -0.199676 0.300000 0.000000 0.600000
0.173596 -0.062293 0.450950 0.600000 0.000000 0.300000
-0.136713 -0.035079 0.371753 0.600000 0.000000 0.300000
0.201099 0.203149 -0.136711 0.300000 0.000000 0.600000
-0.347515 0.536315 -0.178570 0.600000 0.000000 0.300000
0.234890 0.179995 -0.182499 0.300000 0.000000 0.600000
0.341971 -0.295351 0.265663 0.300000 0.000000 0.600000
-0.219041 0.688213 -0.261163 0.600000 0.300000 0.000000
0.257433 -0.127139 0.040398 1.000000 0.000000 0.000000
0.109753 -0.048737 0.055332 0.600000 0.000000 0.300000
0.143717 -0.040888 0.163753 0.600000 0.000000 0.300000
0.237760 -0.031925 0.151479 0.600000 0.000000 0.300000
0.042086 -0.010205 -0.178537 0.300000 0.000000 0.600000
-0.096677 -0.054072 -0.046190 0.600000 0.000000 0.300000
0.319162 -0.014260 0.253910 0.600000 0.000000 0.300000
0.164279 -0.046826 -0.090634 0.600000 0.000000 0.300000
-0.155923 0.352533 -0.188018 0.300000 0.000000 0.600000
-0.328129 0.361535 -0.167263 0.600000 0.000000 0.300000
-0.283127 0.382996 -0.166908 0.600000 0.000000 0.300000
0.386298 -0.714860 -0.220094 0.300000 0.000000 0.600000
0.316591 -0.427792 0.375077 0.300000 0.000000 0.600000
0.162332 -0.033856 0.267882 0.600000 0.000000 0.300000
0.369397 -0.131859 0.047201 1.000000 0.000000 0.000000
0.377105 -0.267546 -0.107349 0.600000 0.300000 0.000000
-0.149314 -0.129279 0.044621 1.000000 0.000000 0.000000
0.204904 0.583674 -0.232918 0.300000 0.000000 0.600000
0.323334 -0.531186 0.458782 0.300000 0.000000 0.600000
0.131865 -0.016517 -0.162729 0.300000 0.000000 0.600000
-0.113186 0.481632 -0.232772 0.300000 0.000000 0.600000
-0.207908 0.474744 -0.210251 0.300000 0.000000 0.600000
0.301165 0.627192 -0.234422 0.300000 0.000000 0.600000
0.012766 0.422982 -0.220345 0.300000 0.000000 0.600000
0.342434 -0.614078 0.503782 0.300000 0.000000 0.600000
0.012288 0.233925 -0.179379 0.300000 0.000000 0.600000
0.302907 0.070289 -0.183289 0.300000 0.000000 0.600000
0.355176 -0.272659 0.212983 0.300000 0.000000 0.600000
-0.278734 -0.083334 -0.116581 0.300000 0.600000 0.000000
0.250060 0.135178 -0.127532 0.300000 0.000000 0.600000
-0.181650 -0.045613 -0.027884 0.600000 0.000000 0.300000
-0.285520 -0.026872 0.129024 0.600000 0.000000 0.300000
-0.389374 -0.276105 -0.069047 0.300000 0.600000 0.000000
0.330712 -0.557794 0.478390 0.300000 0.000000 0.600000
-0.129018 -0.051249 -0.093728 0.600000 0.000000 0.300000
-0.278613 -0.167360 0.007028 1.000000 0.000000 0.000000
0.238531 0.045441 -0.138304 0.300000 0.000000 0.600000
-0.370568 -0.017705 0.194334 0.600000 0.000000 0.300000
0.375015 -0.685576 0.538554 0.600000 0.300000 0.000000
0.181291 0.375766 -0.184426 0.300000 0.000000 0.600000
0.369575 -0.048523 0.080749 0.600000 0.000000 0.300000
0.041814 0.728315 -0.294107 0.600000 0.300000 0.000000
0.101668 -0.038610 0.381133 0.600000 0.000000 0.300000
0.346852 -0.534219 0.459255 0.300000 0.000000 0.600000
0.262198 -0.030700 -0.079236 0.600000 0.000000 0.300000
-0.149188 -0.044723 0.082803 0.600000 0.000000 0.300000
-0.315416 0.360545 -0.183408 0.600000 0.000000 0.300000
0.054867 -0.054215 -0.006068 0.600000 0.000000 0.300000
0.126607 -0.050978 -0.075475 0.600000 0.000000 0.300000
-0.223414 0.755613 -0.309818 0.600000 0.300000 0.000000
-0.107869 -0.048829 0.053614 0.600000 0.000000 0.300000
0.225050 0.068104 -0.189755 0.300000 0.000000 0.600000
0.367124 -0.045944 0.422493 0.600000 0.000000 0.300000
-0.397611 -0.371909 -0.160442 0.300000 0.600000 0.000000
0.371988 -0.060472 0.149101 0.600000 0.000000 0.300000
-0.289805 0.448289 -0.174728 0.600000 0.000000 0.300000
0.355745 -0.705988 0.491958 0.600000 0.000000 0.300000
0.143750 0.214066 -0.157254 0.300000 0.000000 0.600000
-0.310737 -0.137044 -0.030542 0.300000 0.600000 0.000000
-0.101873 -0.036837 0.313714 0.600000 0.000000 0.300000
-0.437972 -0.706985 -0.227192 0.500000 0.500000 0.000000
-0.395523 -0.470892 -0.240228 0.300000 0.600000 0.000000
0.106943 -0.053303 -0.121619 0.600000 0.000000 0.300000
0.062654 -0.140409 0.445718 0.600000 0.000000 0.300000
0.297775 -0.120162 -0.009154 0.300000 0.000000 0.600000
0.015992 0.441545 -0.228377 0.300000 0.000000 0.600000
0.236305 -0.024139 0.306106 0.600000 0.000000 0.300000
-0.307843 -0.116644 -0.095783 0.600000 0.000000 0.300000
0.295952 0.167806 -0.145689 0.300000 0.000000 0.600000
0.042167 0.741070 -0.316590 0.600000 0.300000 0.000000
0.305781 0.274230 -0.125964 0.300000 0.000000 0.600000
0.371595 -0.083925 0.345184 0.600000 0.000000 0.300000
0.305146 0.620965 -0.219005 0.300000 0.000000 0.600000
0.339595 0.431344 -0.151304 0.300000 0.000000 0.600000
0.103289 -0.045513 0.130919 0.600000 0.000000 0.300000
-0.162043 0.507141 -0.229294 0.300000 0.000000 0.600000
-0.043570 0.150631 -0.162743 0.300000 0.000000 0.600000
0.167493 -0.030919 0.315671 0.600000 0.000000 0.300000
0.222825 0.092479 -0.132441 0.300000 0.000000 0.600000
0.082173 -0.172615 0.046502 1.000000 0.000000 0.000000
0.342001 -0.693101 0.574250 0.600000 0.000000 0.300000
-0.093841 0.413850 -0.215263 0.300000 0.000000 0.600000
-0.352818 0.375638 -0.168168 0.600000 0.000000 0.300000
-0.416970 -0.484264 -0.219519 0.300000 0.600000 0.000000
0.316876 -0.022793 0.016009 0.600000 0.000000 0.300000
-0.380641 -0.090218 0.396424 0.600000 0.000000 0.300000
0.154634 0.471872 -0.223152 0.300000 0.000000 0.600000
-0.342319 -0.225457 0.117493 0.600000 0.000000 0.300000
0.270788 0.360095 -0.175400 0.300000 0.000000 0.600000
0.385125 -0.523006 -0.258777 0.600000 0.300000 0.000000
0.077186 -0.041295 0.239263 0.600000 0.000000 0.300000
-0.350125 -0.008146 0.293200 0.600000 0.000000 0.300000
-0.087613 -0.102402 -0.188356 0.600000 0.000000 0.300000
0.255639 0.420743 -0.172178 0.300000 0.000000 0.600000
-0.263907 -0.156848 0.007516 0.600000 0.000000 0.300000
0.102950 -0.053792 -0.135503 0.600000 0.000000 0.300000
0.020807 0.660593 -0.268968 0.600000 0.300000 0.000000
0.301869 0.154513 -0.132046 0.300000 0.000000 0.600000
-0.271852 0.742138 -0.273032 0.600000 0.300000 0.000000
0.189969 -0.036415 0.173267 0.600000 0.000000 0.300000
-0.353302 0.737838 -0.277966 0.600000 0.000000 0.300000
-0.323710 -0.186430 0.069734 0.600000 0.000000 0.300000
0.316843 -0.268696 0.217302 0.300000 0.000000 0.600000
0.383333 -0.455793 -0.201538 0.600000 0.300000 0.000000
-0.308426 -0.037640 0.430616 0.600000 0.000000 0.300000
0.315420 -0.698355 0.577835 0.600000 0.000000 0.300000
-0.117989 0.015731 -0.165226 0.300000 0.000000 0.600000
0.354006 -0.673096 0.538796 0.600000 0.000000 0.300000
-0.246301 0.328677 -0.152890 0.600000 0.000000 0.300000
-0.153653 -0.047399 0.019814 0.600000 0.000000 0.300000
0.281025 -0.100123 -0.184281 0.300000 0.000000 0.600000
-0.174558 -0.035674 0.223945 0.600000 0.000000 0.300000
0.013513 -0.049275 0.105638 0.600000 0.000000 0.300000
0.272506 0.278226 -0.179797 0.300000 0.000000 0.600000
0.329729 -0.150368 0.002102 1.000000 0.000000 0.000000
-0.166657 0.486751 -0.224554 0.300000 0.000000 0.600000
0.329154 -0.012444 0.358652 0.600000 0.000000 0.300000
-0.213553 0.695453 -0.264391 0.600000 0.300000 0.000000
0.141529 -0.133907 0.444037 0.600000 0.000000 0.300000
0.249217 0.607629 -0.227343 0.600000 0.300000 0.000000
-0.078241 -0.004407 -0.171405 0.300000 0.000000 0.600000
0.061552 -0.057631 -0.159213 0.600000 0.000000 0.300000
-0.207334 0.256168 -0.147158 0.300000 0.000000 0.600000
0.315151 0.716660 -0.243839 0.300000 0.000000 0.600000
-0.265041 -0.028643 -0.123775 0.600000 0.000000 0.300000
-0.397970 -0.374248 -0.144858 0.300000 0.600000 0.000000
-0.323504 -0.012663 0.287515 0.600000 0.000000 0.300000
0.038060 0.258242 -0.180660 0.300000 0.000000 0.600000
-0.102557 -0.054419 -0.060847 0.600000 0.000000 0.300000
-0.318656 0.626246 -0.210384 0.600000 0.000000 0.300000
-0.168678 -0.046813 -0.022903 0.600000 0.000000 0.300000
0.326943 0.520065 -0.208354 0.300000 0.000000 0.600000
0.296312 0.511545 -0.191545 0.300000 0.000000 0.600000
0.324705 -0.265286 0.178465 0.300000 0.000000 0.600000
-0.205101 -0.043330 -0.056468 0.600000 0.000000 0.300000
-0.266893 -0.119212 0.435616 0.600000 0.000000 0.300000
-0.143448 -0.044544 0.094629 0.600000 0.000000 0.300000
-0.103887 -0.147963 0.002746 1.000000 0.000000 0.000000
-0.339938 0.464609 -0.159687 0.600000 0.000000 0.300000
0.425006 -0.690648 -0.302715 0.300000 0.000000 0.600000
0.083454 -0.137238 0.006204 1.000000 0.000000 0.000000
-0.208982 -0.034680 0.185860 0.600000 0.000000 0.300000
-0.291728 -0.023473 -0.115074 0.600000 0.000000 0.300000
-0.187823 -0.044000 0.004668 0.600000 0.000000 0.300000
-0.230044 0.166834 -0.125179 0.600000 0.000000 0.300000
0.197308 0.133065 -0.133595 0.300000 0.000000 0.600000
0.114823 0.508582 -0.240004 0.300000 0.000000 0.600000
-0.302643 0.569816 -0.203049 0.600000 0.000000 0.300000
0.143458 -0.033342 0.366674 0.600000 0.000000 0.300000
-0.025811 0.143656 -0.167765 0.300000 0.000000 0.600000
-0.128913 -0.043068 0.409590 0.600000 0.000000 0.300000
-0.367005 0.624779 -0.220274 0.600000 0.000000 0.300000
-0.007422 0.716071 -0.290510 0.600000 0.300000 0.000000
0.299342 0.053929 -0.139079 0.300000 0.000000 0.600000
0.042519 0.579416 -0.253972 0.300000 0.000000 0.600000
-0.050438 -0.057261 -0.075517 0.600000 0.000000 0.300000
0.419335 -0.550216 -0.249964 0.600000 0.300000 0.000000
-0.285358 -0.017007 0.328107 0.600000 0.000000 0.300000
-0.167419 0.028289 -0.151803 0.300000 0.000000 0.600000
0.227675 0.150158 -0.156487 0.300000 0.000000 0.600000
0.374948 -0.727111 0.516767 0.600000 0.300000 0.000000
-0.243093 -0.036577 0.019919 0.600000 0.000000 0.300000
-0.155544 0.546980 -0.242367 0.300000 0.000000 0.600000
0.158307 0.142421 -0.141727 0.300000 0.000000 0.600000
0.274273 0.447766 -0.172332 0.300000 0.000000 0.600000
-0.268157 -0.021841 0.363683 0.600000 0.000000 0.300000
-0.455721 -0.688411 -0.275095 0.500000 0.500000 0.000000
-0.240682 0.073006 -0.200053 0.600000 0.000000 0.300000
-0.235554 -0.127979 -0.020132 0.600000 0.000000 0.300000
-0.254604 -0.003564 -0.167824 0.600000 0.000000 0.300000
0.137890 0.098238 -0.153205 0.300000 0.000000 0.600000
0.242877 -0.004239 -0.154342 0.300000 0.000000 0.600000
-0.297764 -0.025192 0.125247 0.600000 0.000000 0.300000
0.376740 -0.302163 -0.103290 0.600000 0.300000 0.000000
0.116156 0.584280 -0.251639 0.600000 0.300000 0.000000
0.254138 0.219939 -0.125250 0.300000 0.000000 0.600000
0.416864 -0.569095 -0.284636 0.600000 0.300000 0.000000
