ply
format ascii 1.0
element vertex 10000
property float x
property float y
property float z
property uchar red
property uchar green
property uchar blue
end_header
-0.290831 0.310672 -0.184448 153 0 76
0.373230 -0.748958 0.558429 153 76 0
-0.450071 -0.754396 -0.278006 127 127 0
0.422605 -0.643680 -0.310326 153 76 0
0.352418 -0.011682 0.204352 153 0 76
0.362378 0.737452 -0.265857 76 0 153
-0.352520 -0.510147 0.447310 153 0 76
-0.405612 -0.233603 -0.049937 76 153 0
-0.149613 -0.033710 0.367751 153 0 76
0.050889 -0.078830 -0.193775 153 0 76
-0.125140 0.748829 -0.319735 153 76 0
0.331370 0.290655 -0.145156 76 0 153
0.329716 -0.407025 0.327529 76 0 153
0.405309 -0.287694 -0.102175 153 76 0
0.028955 0.449586 -0.229048 76 0 153
0.163026 -0.116015 0.460119 153 0 76
-0.160560 -0.045649 0.047243 153 0 76
-0.330010 -0.280236 0.244741 153 0 76
-0.369713 0.602446 -0.221276 153 0 76
-0.400910 -0.462252 -0.241575 76 153 0
-0.302853 -0.008382 -0.205877 153 0 76
0.325988 -0.013407 -0.127160 153 0 76
0.165306 -0.166506 0.052612 255 0 0
-0.038507 0.183929 -0.169961 76 0 153
-0.368938 -0.015587 0.213264 153 0 76
-0.309047 -0.750929 0.554670 0 127 127
0.114732 0.685115 -0.268671 153 76 0
0.070405 -0.041224 0.243303 153 0 76
0.273636 0.518648 -0.195966 76 0 153
-0.364583 -0.100949 0.433773 153 0 76
0.354441 -0.241846 0.162768 76 0 153
0.368879 -0.046648 0.422237 153 0 76
0.172734 0.143541 -0.139082 76 0 153
-0.179895 0.500250 -0.223512 76 0 153
-0.367378 -0.026416 -0.001825 153 0 76
0.326828 -0.557704 0.476855 76 0 153
0.383780 -0.454218 -0.227274 153 76 0
0.401282 -0.131900 0.011544 255 0 0
-0.023572 -0.177695 0.022333 255 0 0
-0.117518 0.009092 -0.164376 76 0 153
-0.307782 0.762843 -0.292143 153 0 76
-0.021395 -0.129179 0.460622 153 0 76
-0.237951 0.143541 -0.126105 153 0 76
-0.248287 -0.137063 -0.085787 76 153 0
0.156404 0.329150 -0.179332 76 0 153
-0.330115 -0.174444 0.099737 153 0 76
-0.110935 0.342233 -0.191840 76 0 153
-0.041513 0.607085 -0.259478 153 76 0
0.223781 -0.024782 0.324808 153 0 76
0.166591 -0.046575 -0.070005 153 0 76
-0.097420 -0.042392 0.204670 153 0 76
0.277156 -0.030277 0.055366 153 0 76
0.056635 -0.049690 0.083466 153 0 76
-0.321720 0.464579 -0.159037 153 0 76
-0.335303 -0.411359 0.328407 153 0 76
-0.406687 -0.607726 -0.300390 76 153 0
-0.217885 0.646819 -0.247677 153 76 0
-0.383073 -0.338322 -0.157028 76 153 0
-0.028156 -0.057550 -0.065737 153 0 76
0.052883 0.066609 -0.169820 76 0 153
0.269634 -0.145761 -0.048016 76 0 153
0.199960 -0.034967 0.179342 153 0 76
-0.290521 -0.016294 0.334016 153 0 76
0.064363 -0.040544 0.387745 153 0 76
-0.225162 -0.120809 0.450473 153 0 76
0.133974 0.543837 -0.242426 76 0 153
0.253331 0.652906 -0.237388 153 76 0
-0.234704 -0.031802 0.174237 153 0 76
0.233555 -0.103515 -0.177854 0 127 127
-0.203662 -0.176997 0.039057 255 0 0
0.304589 0.118412 -0.168389 76 0 153
-0.361135 -0.640020 0.492976 153 0 76
0.022336 0.308329 -0.193211 76 0 153
0.373068 -0.742389 -0.234246 153 0 76
0.010641 0.746573 -0.325409 153 76 0
0.357552 0.415653 -0.175975 76 0 153
0.369270 0.597591 -0.227057 76 0 153
-0.076351 -0.110013 -0.185303 153 0 76
0.224790 0.754973 -0.308325 153 76 0
0.224528 0.023065 -0.191547 76 0 153
-0.036385 -0.038994 0.313583 153 0 76
-0.157124 0.232545 -0.156488 76 0 153
0.327035 -0.298127 0.270667 76 0 153
-0.353894 -0.073150 -0.116320 153 0 76
0.370257 -0.077514 0.305303 153 0 76
-0.204384 -0.071930 -0.175063 153 0 76
0.238466 0.231342 -0.188071 76 0 153
-0.252676 -0.035402 -0.025866 153 0 76
0.076346 0.207542 -0.167901 76 0 153
0.177730 0.441496 -0.206589 76 0 153
0.362853 -0.087995 0.112701 153 0 76
0.273421 -0.116027 0.425246 153 0 76
-0.144531 -0.049398 -0.068800 153 0 76
-0.377652 -0.063183 0.106773 153 0 76
-0.056714 -0.049280 0.097491 153 0 76
-0.407278 -0.132622 0.010821 255 0 0
-0.217885 0.397862 -0.183285 76 0 153
0.360842 -0.031435 -0.020612 153 0 76
0.320968 -0.188924 0.066670 76 0 153
0.164008 -0.044944 0.051012 153 0 76
-0.132396 0.118597 -0.151405 76 0 153
-0.380778 -0.074408 0.306952 153 0 76
-0.081392 0.448795 -0.224932 76 0 153
0.257084 0.370762 -0.159168 76 0 153
-0.224368 0.032102 -0.140899 153 0 76
-0.321460 0.213993 -0.142792 153 0 76
0.355156 -0.474509 0.411697 76 0 153
-0.121435 -0.083266 0.460687 153 0 76
0.407383 -0.559042 -0.243423 153 76 0
0.301878 -0.685774 0.507800 76 0 153
-0.270917 0.554841 -0.208863 76 0 153
0.073040 -0.130681 0.012763 255 0 0
0.373793 -0.367915 -0.165595 153 76 0
0.357867 -0.218605 -0.036586 153 76 0
-0.275231 -0.030694 0.076721 153 0 76
-0.298524 -0.135599 0.007844 255 0 0
-0.192988 -0.031647 0.269960 153 0 76
0.125577 -0.012765 -0.164095 76 0 153
-0.311913 0.090238 -0.173708 153 0 76
-0.378058 -0.692758 -0.240324 0 255 0
-0.116215 -0.137959 0.005484 255 0 0
-0.017852 -0.005562 -0.178786 76 0 153
0.069120 -0.056537 -0.089907 153 0 76
-0.282419 -0.041583 0.432686 153 0 76
-0.310784 0.681018 -0.233963 153 0 76
-0.138188 0.588655 -0.250506 153 76 0
0.263871 -0.031558 -0.052774 153 0 76
0.056198 0.603390 -0.257993 153 76 0
0.072439 -0.140379 0.433265 153 0 76
0.165018 -0.038659 0.401347 153 0 76
0.448178 -0.738514 -0.295361 204 51 127
-0.043924 -0.047055 0.409671 153 0 76
-0.000623 -0.045884 0.177843 153 0 76
0.250496 -0.122295 0.049860 0 127 127
-0.359888 -0.242689 0.161722 153 0 76
0.298701 0.200803 -0.119803 76 0 153
-0.369571 -0.017979 0.387176 153 0 76
-0.293810 -0.102627 -0.184630 76 153 0
-0.211683 0.735413 -0.281145 153 76 0
0.313448 -0.013041 0.352178 153 0 76
-0.039689 0.090369 -0.169159 76 0 153
0.129864 -0.034206 0.314690 153 0 76
-0.053876 0.698950 -0.278187 153 76 0
0.295243 -0.036053 -0.211643 0 127 127
-0.351375 0.377391 -0.164255 153 0 76
0.268334 -0.023351 0.240324 153 0 76
0.364953 0.509726 -0.195688 76 0 153
-0.381541 -0.728643 0.501371 76 153 0
0.111923 -0.043569 0.157603 153 0 76
-0.242618 0.217863 -0.187264 153 0 76
0.095637 0.392565 -0.207929 76 0 153
0.305867 -0.111515 -0.124511 0 127 127
-0.195631 0.312947 -0.165602 76 0 153
-0.075148 -0.053028 0.010423 153 0 76
-0.060797 0.269543 -0.182449 76 0 153
-0.026936 0.515772 -0.246967 76 0 153
-0.285666 -0.020859 0.245344 153 0 76
-0.031791 0.376826 -0.208911 76 0 153
0.029651 -0.054301 0.000134 153 0 76
0.285289 -0.025179 0.142458 153 0 76
-0.139219 0.678769 -0.268112 153 76 0
-0.428205 -0.544637 -0.244437 76 153 0
0.251558 -0.032541 0.409861 153 0 76
0.133795 -0.098367 -0.177038 153 0 76
-0.150867 -0.042071 0.136646 153 0 76
0.158273 0.230960 -0.155533 76 0 153
0.214056 0.573021 -0.230550 76 0 153
-0.278204 -0.026842 -0.107600 153 0 76
0.097801 0.748116 -0.322926 153 76 0
0.236451 0.083918 -0.132280 76 0 153
-0.361727 -0.339108 0.295546 153 0 76
-0.417056 -0.412292 -0.175624 76 153 0
-0.364145 -0.685594 0.570722 127 0 127
0.031520 0.683342 -0.274026 153 76 0
0.226697 -0.034976 -0.130900 153 0 76
-0.365697 0.519217 -0.204002 153 0 76
-0.317913 -0.020831 0.147653 153 0 76
0.429843 -0.682414 -0.237993 76 0 153
0.158912 0.061241 -0.150760 76 0 153
0.283480 0.437598 -0.203189 76 0 153
0.334076 0.673151 -0.224795 76 0 153
-0.330872 -0.446049 0.402213 153 0 76
0.357664 -0.023440 0.063447 153 0 76
-0.116186 -0.036936 0.294058 153 0 76
-0.085126 -0.056063 -0.122547 153 0 76
-0.190824 -0.049460 0.436801 153 0 76
0.109215 -0.051188 -0.009526 153 0 76
0.283379 0.728794 -0.255812 76 0 153
0.036213 -0.072969 0.456840 153 0 76
-0.249130 0.473649 -0.194086 76 0 153
0.321875 -0.128263 0.015182 255 0 0
-0.444592 -0.675118 -0.281528 255 0 0
0.303542 0.038468 -0.186013 76 0 153
0.057948 0.522072 -0.246880 76 0 153
-0.234794 0.094903 -0.190195 153 0 76
0.192423 0.697128 -0.261301 153 76 0
0.356729 -0.630187 0.496150 76 0 153
0.231732 0.137183 -0.191650 76 0 153
-0.372669 -0.279283 -0.104588 76 153 0
0.148269 -0.036625 0.237971 153 0 76
0.095525 0.130898 -0.157866 76 0 153
-0.322495 -0.581106 0.458346 153 0 76
0.296123 -0.750795 0.550933 76 0 153
0.159323 0.624784 -0.250234 153 76 0
0.290382 0.585125 -0.231551 76 0 153
0.373869 -0.706960 -0.302803 153 0 76
-0.367813 0.721092 -0.267596 153 0 76
0.108171 0.466559 -0.227768 76 0 153
0.224047 -0.104865 -0.099476 0 127 127
-0.146045 0.411437 -0.206276 76 0 153
0.222122 0.297932 -0.154125 76 0 153
0.339822 -0.009488 0.280478 153 0 76
-0.305653 -0.690980 0.507754 0 127 127
-0.291492 0.405552 -0.201742 153 0 76
-0.108696 0.519402 -0.241941 76 0 153
0.365589 -0.725797 0.486745 153 76 0
0.359158 -0.068681 -0.087441 153 0 76
-0.369168 -0.084076 0.181070 153 0 76
0.021104 0.136985 -0.167055 76 0 153
-0.348394 -0.008756 0.286760 153 0 76
0.091179 0.281334 -0.180817 76 0 153
0.110885 -0.061151 0.447827 153 0 76
-0.225979 -0.028743 0.369694 153 0 76
0.007730 -0.059409 -0.134633 153 0 76
0.365956 -0.080199 0.228649 153 0 76
0.220664 -0.036352 0.102642 153 0 76
0.040373 -0.038366 0.310761 153 0 76
-0.267267 0.262827 -0.132281 153 0 76
0.336152 -0.687815 0.572667 153 0 76
-0.359004 -0.085520 -0.043557 153 0 76
-0.354901 -0.179401 0.030093 255 0 0
-0.132992 -0.062533 -0.182830 153 0 76
-0.382790 -0.734115 -0.299425 0 255 0
0.216712 -0.038826 0.001523 153 0 76
-0.288160 0.157932 -0.180314 153 0 76
-0.293921 -0.116103 0.429510 153 0 76
-0.205837 0.571015 -0.234665 76 0 153
-0.004434 -0.042338 0.249899 153 0 76
-0.231660 -0.130952 -0.016472 153 0 76
0.244965 0.154192 -0.122771 76 0 153
-0.208469 -0.040920 -0.105841 153 0 76
-0.344471 -0.016008 -0.068067 153 0 76
0.324460 0.361759 -0.139370 76 0 153
0.052736 -0.009490 -0.176075 76 0 153
-0.247170 -0.123442 0.054528 76 153 0
-0.088869 -0.138092 0.431351 153 0 76
0.008839 0.234550 -0.177859 76 0 153
-0.231602 -0.011288 -0.196032 153 0 76
-0.298163 0.612872 -0.240571 153 0 76
-0.345605 -0.018834 0.063705 153 0 76
0.209288 0.502662 -0.216593 76 0 153
-0.211000 -0.038399 0.101794 153 0 76
-0.293432 0.034242 -0.137169 153 0 76
0.222793 -0.174669 0.014338 255 0 0
0.364969 -0.022632 0.134236 153 0 76
-0.160095 -0.134585 0.432886 153 0 76
0.366459 -0.093926 0.372558 153 0 76
-0.171855 -0.036902 0.205087 153 0 76
0.204574 -0.062821 0.451032 153 0 76
-0.435433 -0.722319 -0.219279 255 0 0
-0.106379 0.180723 -0.158354 76 0 153
0.315510 -0.273325 0.208730 76 0 153
-0.186185 -0.044800 -0.015799 153 0 76
-0.312117 -0.115072 -0.083683 76 153 0
-0.009580 -0.109591 -0.191998 153 0 76
-0.176516 0.170607 -0.139980 76 0 153
-0.365305 -0.093046 0.044788 153 0 76
0.323293 0.471418 -0.159946 76 0 153
0.353097 -0.347152 0.309436 76 0 153
0.026617 -0.150110 0.056616 255 0 0
0.338868 -0.105875 0.433252 153 0 76
-0.069805 -0.142298 0.054523 255 0 0
-0.286431 0.367194 -0.147659 153 0 76
0.283290 0.312962 -0.185210 76 0 153
0.229482 -0.043508 -0.206296 0 127 127
-0.164103 0.057567 -0.150651 76 0 153
0.364834 -0.089165 0.046727 153 0 76
0.262701 0.023472 -0.135763 76 0 153
0.273142 0.264173 -0.129657 76 0 153
0.159908 0.741865 -0.296678 153 76 0
0.376301 -0.031008 0.354889 153 0 76
0.304035 -0.051011 0.444252 153 0 76
0.416436 -0.410982 -0.190010 153 76 0
-0.329797 0.279638 -0.140970 153 0 76
-0.059005 0.745646 -0.323576 153 76 0
-0.376302 -0.090250 0.370059 153 0 76
-0.004871 -0.051945 0.058034 153 0 76
0.033275 0.371005 -0.207376 76 0 153
0.198444 0.383152 -0.183726 76 0 153
-0.254295 -0.080401 -0.134880 153 0 76
-0.306947 0.491941 -0.216196 153 0 76
-0.367610 0.658031 -0.254532 153 0 76
0.329937 -0.187017 0.130297 76 0 153
0.208462 -0.029873 0.262415 153 0 76
0.280304 0.183322 -0.178675 76 0 153
-0.087176 -0.036401 0.352368 153 0 76
0.329758 0.562080 -0.185558 76 0 153
-0.327151 -0.022884 -0.148465 153 0 76
0.001491 -0.039098 0.365639 153 0 76
0.296182 -0.095215 -0.186180 0 127 127
0.370337 -0.186719 0.020744 255 0 0
-0.173434 -0.019279 -0.155842 76 0 153
0.157407 -0.042283 0.114446 153 0 76
0.320020 -0.525943 0.423408 76 0 153
0.132140 -0.150746 0.002000 255 0 0
-0.385654 -0.178406 -0.028533 76 153 0
-0.164731 -0.127971 0.043313 255 0 0
-0.303216 -0.026783 0.009545 153 0 76
-0.122528 0.283016 -0.176314 76 0 153
0.314419 -0.446194 0.374160 76 0 153
-0.271871 0.725011 -0.258617 153 0 76
-0.271018 0.091027 -0.126725 153 0 76
-0.374888 -0.747176 0.560081 76 153 0
0.258580 0.078770 -0.199290 76 0 153
0.213077 0.210271 -0.135850 76 0 153
0.233293 -0.114282 -0.009245 0 127 127
-0.275837 0.046964 -0.202298 153 0 76
0.177296 -0.047964 -0.165445 153 0 76
-0.109387 -0.045572 0.413653 153 0 76
-0.246904 0.204209 -0.127091 153 0 76
-0.223947 -0.039235 0.032197 153 0 76
-0.057719 -0.079842 0.459443 153 0 76
-0.099721 0.067514 -0.163089 76 0 153
-0.098253 0.634169 -0.260180 153 76 0
-0.381241 -0.072189 0.239732 153 0 76
0.284178 -0.176030 0.016123 255 0 0
0.420339 -0.499735 -0.246026 153 76 0
0.102983 -0.166069 0.053050 255 0 0
0.279541 -0.018535 0.301737 153 0 76
-0.326557 0.569184 -0.189615 153 0 76
0.387736 -0.608571 -0.275409 153 76 0
0.084175 -0.055899 -0.148799 153 0 76
-0.058651 -0.046167 0.157653 153 0 76
0.006150 0.569981 -0.254595 76 0 153
-0.265293 -0.177818 0.035995 255 0 0
-0.253858 -0.065805 -0.210102 153 0 76
0.433021 -0.742326 -0.235966 204 51 127
-0.341807 -0.044724 0.440462 153 0 76
-0.044935 -0.059485 -0.177958 153 0 76
0.326245 -0.016812 -0.067429 153 0 76
0.214251 -0.124043 0.428495 153 0 76
0.305689 -0.024806 0.001386 153 0 76
0.050049 -0.046603 0.146278 153 0 76
-0.293379 0.164689 -0.119639 153 0 76
-0.066818 -0.040672 0.260763 153 0 76
-0.191773 0.108490 -0.138758 76 0 153
-0.089458 -0.054737 -0.047857 153 0 76
0.279217 -0.093810 -0.074837 76 0 153
0.352718 -0.089546 -0.019304 153 0 76
-0.376759 -0.028899 0.156662 153 0 76
0.302715 0.414315 -0.152922 76 0 153
0.128807 0.179438 -0.153138 76 0 153
-0.002539 -0.048827 0.119624 153 0 76
-0.104436 -0.048555 0.064226 153 0 76
0.371173 -0.685747 -0.248702 153 0 76
-0.277967 -0.102149 -0.038424 153 0 76
0.372215 -0.070724 0.171682 153 0 76
-0.211776 0.254248 -0.146866 76 0 153
-0.170933 0.363397 -0.185599 76 0 153
0.385714 -0.234855 -0.084676 153 76 0
0.106293 -0.049169 0.051733 153 0 76
0.278574 -0.031685 -0.156421 153 0 76
-0.087224 0.393342 -0.208730 76 0 153
0.136189 -0.049847 -0.121130 153 0 76
0.297264 0.069619 -0.136478 76 0 153
-0.247480 -0.024249 0.296524 153 0 76
0.315043 0.762546 -0.289340 76 0 153
0.408618 -0.327560 -0.142873 153 76 0
-0.131014 -0.049614 -0.002200 153 0 76
0.373676 -0.685671 0.526354 153 76 0
-0.194175 0.448570 -0.204424 76 0 153
-0.231478 0.162058 -0.186488 153 0 76
0.098876 0.337977 -0.192556 76 0 153
0.107162 0.041094 -0.162703 76 0 153
-0.312205 -0.020901 0.388984 153 0 76
-0.001504 0.048690 -0.175902 76 0 153
-0.068295 0.558214 -0.251137 76 0 153
-0.390064 -0.749127 -0.245625 0 255 0
-0.286030 -0.126933 -0.132092 153 0 76
-0.076396 0.132189 -0.162198 76 0 153
-0.380827 -0.017046 0.332267 153 0 76
0.336324 -0.064006 -0.148885 153 0 76
-0.412637 -0.317535 -0.113235 76 153 0
-0.132246 -0.174108 0.045009 255 0 0
0.186667 -0.127104 0.018517 255 0 0
-0.040334 0.323199 -0.196551 76 0 153
-0.025639 0.439461 -0.226248 76 0 153
-0.134153 0.468837 -0.225407 76 0 153
0.118364 -0.035267 0.368923 153 0 76
-0.308916 -0.696226 0.563334 0 127 127
0.191253 0.013322 -0.148379 76 0 153
-0.063552 0.024955 -0.172294 76 0 153
-0.248467 0.326141 -0.152886 153 0 76
0.009858 0.632552 -0.262875 153 76 0
0.112436 0.596173 -0.252192 153 76 0
0.355998 -0.146842 0.055740 255 0 0
0.232166 0.455691 -0.195874 76 0 153
0.260853 -0.079885 -0.136624 76 0 153
0.173420 -0.030497 0.347643 153 0 76
-0.360313 0.431023 -0.178374 153 0 76
-0.002092 -0.127871 0.015653 255 0 0
0.313413 -0.022048 0.095423 153 0 76
0.027549 -0.057083 -0.054836 153 0 76
0.164351 -0.045144 -0.011475 153 0 76
-0.180285 -0.029956 0.323123 153 0 76
0.294799 0.675573 -0.264053 76 0 153
-0.346152 -0.497272 0.393948 153 0 76
-0.388253 -0.677881 -0.291273 255 0 0
0.072385 0.717282 -0.283677 153 76 0
-0.321756 -0.263031 0.194024 153 0 76
-0.408462 -0.165815 0.053303 255 0 0
-0.285206 -0.023751 0.191184 153 0 76
0.321696 0.622375 -0.208831 76 0 153
0.252757 -0.028209 0.186220 153 0 76
0.304539 0.373747 -0.187994 76 0 153
-0.099001 0.232852 -0.168674 76 0 153
-0.350211 -0.222586 0.112185 153 0 76
0.157930 0.490818 -0.226341 76 0 153
-0.326462 0.332936 -0.136499 153 0 76
-0.228795 0.523133 -0.217621 76 0 153
-0.275914 -0.038205 -0.170067 153 0 76
0.148359 0.392798 -0.199720 76 0 153
0.326039 0.237748 -0.149525 76 0 153
-0.324697 -0.140586 0.054064 255 0 0
-0.166194 0.635163 -0.253702 153 76 0
0.278565 -0.025773 -0.103637 153 0 76
-0.314220 0.413309 -0.148954 153 0 76
0.033875 -0.167806 0.007473 255 0 0
-0.144838 -0.049533 -0.123480 153 0 76
-0.235628 -0.029071 0.230911 153 0 76
-0.239733 -0.070352 0.452571 153 0 76
0.321121 -0.608819 0.464020 76 0 153
-0.268673 -0.029082 0.131503 153 0 76
0.105458 -0.111885 0.462304 153 0 76
0.289949 -0.106067 -0.020510 0 127 127
-0.022702 -0.054636 0.000479 153 0 76
-0.041917 -0.043890 0.213405 153 0 76
-0.074826 -0.172467 0.012135 255 0 0
-0.252056 0.269456 -0.181827 153 0 76
-0.140919 -0.037328 0.248181 153 0 76
0.074324 0.652718 -0.263035 153 76 0
0.012194 -0.048502 0.415743 153 0 76
0.313490 -0.737259 0.503944 76 0 153
0.143506 0.278473 -0.170254 76 0 153
-0.246960 0.606888 -0.231875 76 0 153
-0.193058 0.689411 -0.263684 153 76 0
0.216819 -0.038882 -0.080098 153 0 76
0.375653 -0.042247 0.262268 153 0 76
0.030133 -0.126811 0.461058 153 0 76
-0.168549 -0.161326 0.004222 255 0 0
-0.295183 -0.026467 -0.053546 153 0 76
0.291150 0.321224 -0.135078 76 0 153
0.312635 0.487982 -0.209416 76 0 153
-0.253503 0.757296 -0.301492 153 76 0
-0.326514 -0.329430 0.258976 153 0 76
0.303151 -0.019894 0.191142 153 0 76
0.263178 -0.020380 0.358937 153 0 76
0.259530 -0.074835 0.452418 153 0 76
-0.335530 0.641514 -0.213006 153 0 76
-0.243321 -0.107782 -0.176590 76 153 0
0.438973 -0.687909 -0.291000 204 51 127
0.102453 -0.046819 0.105497 153 0 76
0.369416 0.687254 -0.262507 76 0 153
0.313969 -0.023477 0.401851 153 0 76
-0.259451 0.675883 -0.246285 153 76 0
-0.329904 -0.360799 0.328552 153 0 76
-0.392047 -0.510764 -0.229968 76 153 0
-0.171290 -0.091962 0.458951 153 0 76
-0.102165 -0.045915 0.123377 153 0 76
0.295906 0.150868 -0.126658 76 0 153
-0.109122 0.717816 -0.283274 153 76 0
0.045518 -0.044034 0.198170 153 0 76
-0.393842 -0.565355 -0.274914 76 153 0
0.116517 -0.052060 -0.068982 153 0 76
-0.160951 0.722798 -0.283476 153 76 0
0.225077 -0.038317 0.052514 153 0 76
0.208629 0.626438 -0.240885 153 76 0
-0.005268 0.716450 -0.288597 153 76 0
0.215814 -0.028811 0.374369 153 0 76
0.296035 -0.144225 0.055039 255 0 0
-0.158507 0.542539 -0.239460 76 0 153
-0.316780 -0.741492 0.506196 0 127 127
0.402523 -0.164973 0.053586 255 0 0
-0.382539 -0.058337 0.413547 153 0 76
-0.303716 -0.058732 -0.205966 153 0 76
-0.364569 -0.680866 0.521071 76 153 0
-0.357361 -0.134541 0.008902 255 0 0
-0.358022 -0.441273 0.360892 153 0 76
0.375583 -0.753411 -0.282572 153 0 76
0.004460 -0.062163 -0.184064 153 0 76
-0.321302 0.522050 -0.175127 153 0 76
-0.315623 0.709087 -0.275597 153 0 76
0.011364 0.185306 -0.170174 76 0 153
-0.091765 -0.032148 -0.172709 76 0 153
0.259492 -0.128622 -0.123852 76 0 153
0.351766 -0.301294 0.228401 76 0 153
-0.265944 -0.091297 -0.086541 153 0 76
0.150109 -0.039072 0.188030 153 0 76
-0.297966 -0.146776 -0.041772 76 153 0
-0.405678 -0.457822 -0.193040 76 153 0
-0.230071 -0.034530 -0.149255 153 0 76
0.136858 0.105769 -0.151261 76 0 153
-0.035056 0.655022 -0.265968 153 76 0
-0.255826 0.427476 -0.176975 153 0 76
0.086956 -0.038371 0.292519 153 0 76
-0.286328 0.235733 -0.175753 153 0 76
0.212989 -0.152076 0.057042 255 0 0
0.087318 -0.110027 -0.183985 153 0 76
0.225285 -0.125390 -0.055620 76 0 153
0.266864 0.002877 -0.209448 76 0 153
-0.236138 -0.038561 0.416567 153 0 76
0.309387 0.537846 -0.221798 76 0 153
-0.068584 0.492938 -0.238970 76 0 153
0.227399 0.185208 -0.180453 76 0 153
-0.426488 -0.708299 -0.311166 255 0 0
-0.272355 0.354289 -0.192285 153 0 76
0.332838 -0.346432 0.265941 76 0 153
-0.419986 -0.369767 -0.153696 76 153 0
0.276339 0.266168 -0.177620 76 0 153
-0.363362 -0.593875 0.480341 153 0 76
0.315738 -0.015516 0.239605 153 0 76
0.243096 0.703137 -0.253918 153 76 0
0.368280 -0.304810 -0.126903 153 76 0
-0.050637 -0.131119 0.012324 255 0 0
0.348843 -0.412469 0.370851 76 0 153
0.135801 -0.128723 0.044065 255 0 0
0.015464 0.494835 -0.241550 76 0 153
-0.361460 -0.557995 0.443747 153 0 76
-0.208621 -0.125340 0.025101 255 0 0
0.113632 0.241672 -0.167580 76 0 153
0.062022 -0.052053 0.034898 153 0 76
-0.362358 -0.018372 0.109862 153 0 76
0.077044 -0.036570 0.340791 153 0 76
0.179519 -0.030670 0.300618 153 0 76
0.049083 0.259571 -0.181962 76 0 153
-0.382894 -0.038795 0.274687 153 0 76
0.410895 -0.567913 -0.289752 153 76 0
0.392873 -0.189864 -0.023187 153 76 0
-0.027000 0.135788 -0.166612 76 0 153
0.075387 -0.055017 -0.042244 153 0 76
0.238405 0.409530 -0.178297 76 0 153
-0.304577 0.121957 -0.138338 153 0 76
-0.383729 -0.379695 -0.182247 76 153 0
-0.010834 -0.075859 0.457861 153 0 76
0.375911 -0.026164 0.306435 153 0 76
-0.208506 -0.042740 -0.057098 153 0 76
-0.180172 0.751261 -0.315532 153 76 0
-0.292101 0.452316 -0.193407 153 0 76
-0.260221 0.007201 -0.163752 153 0 76
-0.358486 -0.019194 -0.112748 153 0 76
-0.372813 -0.077741 0.001093 153 0 76
0.157444 -0.064277 0.452291 153 0 76
-0.320992 -0.615852 0.492257 153 0 76
0.366938 -0.047311 0.023049 153 0 76
-0.302979 -0.083896 -0.139321 76 153 0
0.106207 -0.041269 0.213189 153 0 76
0.268099 0.756683 -0.290736 76 0 153
-0.038484 -0.058486 -0.121303 153 0 76
-0.426153 -0.681012 -0.239050 255 0 0
-0.010704 0.276026 -0.186313 76 0 153
-0.339732 -0.726424 0.582585 127 0 127
-0.328429 -0.209093 0.154583 153 0 76
0.184955 0.098660 -0.140979 76 0 153
0.200378 0.256932 -0.151287 76 0 153
0.295752 -0.699328 0.552808 76 0 153
0.131855 -0.134789 0.431224 153 0 76
-0.374866 -0.047742 0.041003 153 0 76
0.209475 0.340858 -0.168264 76 0 153
0.318001 0.518156 -0.174629 76 0 153
-0.290885 0.303482 -0.132751 153 0 76
-0.231474 0.043714 -0.185181 153 0 76
0.324065 0.712130 -0.271688 76 0 153
-0.361588 0.478940 -0.181611 153 0 76
-0.362567 -0.277633 0.210195 153 0 76
0.179408 0.534317 -0.231825 76 0 153
0.004694 0.405888 -0.216967 76 0 153
0.274194 0.108798 -0.123246 76 0 153
0.356285 -0.547767 0.441524 76 0 153
0.327979 -0.651888 0.524711 76 0 153
0.368367 0.641709 -0.239763 76 0 153
-0.300709 -0.016228 0.288472 153 0 76
-0.410602 -0.267385 -0.081688 76 153 0
-0.023945 -0.142411 0.054553 255 0 0
-0.200487 0.209661 -0.140798 76 0 153
0.183846 -0.043532 -0.112196 153 0 76
-0.338038 -0.011328 0.352561 153 0 76
-0.195556 -0.038006 0.144880 153 0 76
-0.331266 -0.013964 0.238890 153 0 76
0.261483 -0.033230 0.008439 153 0 76
0.253975 0.554989 -0.215073 76 0 153
-0.152287 0.318360 -0.178374 76 0 153
0.256795 0.217544 -0.125655 76 0 153
-0.164254 -0.043271 0.092485 153 0 76
-0.421171 -0.598167 -0.258384 76 153 0
-0.402932 -0.419344 -0.218239 76 153 0
0.101749 0.509675 -0.240251 76 0 153
0.012838 0.091369 -0.171383 76 0 153
0.364829 -0.274971 -0.084986 153 76 0
0.078828 0.561993 -0.250524 76 0 153
0.165267 0.576423 -0.241568 76 0 153
-0.423521 -0.647541 -0.313540 76 153 0
-0.037993 0.230900 -0.177306 76 0 153
0.293776 0.627706 -0.246159 76 0 153
-0.314533 -0.079584 0.449082 153 0 76
0.276200 0.476170 -0.181004 76 0 153
0.398407 -0.669722 -0.280837 153 76 0
0.060274 0.158995 -0.163551 76 0 153
-0.321722 0.535227 -0.218785 153 0 76
0.238472 -0.032234 0.143710 153 0 76
-0.334323 0.749531 -0.258117 153 0 76
0.172247 0.190153 -0.143304 76 0 153
0.096065 0.086219 -0.161332 76 0 153
0.070175 0.427212 -0.220505 76 0 153
0.269524 -0.029835 0.099679 153 0 76
0.327909 -0.231664 0.127754 76 0 153
0.361415 0.466125 -0.182631 76 0 153
-0.276044 0.112015 -0.191276 153 0 76
-0.185058 -0.035084 0.394937 153 0 76
-0.048616 -0.051818 0.049267 153 0 76
-0.364664 -0.217239 -0.034681 76 153 0
0.063891 0.479413 -0.235477 76 0 153
-0.248687 -0.034807 -0.074612 153 0 76
0.177696 -0.170362 0.010030 255 0 0
-0.311030 -0.024281 0.102348 153 0 76
-0.135911 -0.041084 0.178513 153 0 76
-0.312871 0.029727 -0.184848 153 0 76
-0.456184 -0.715013 -0.258412 127 127 0
0.317960 -0.727145 0.582281 153 0 76
-0.367143 -0.052577 -0.079295 153 0 76
0.252679 0.609496 -0.228322 153 76 0
0.065704 -0.052737 0.430357 153 0 76
-0.370393 -0.143193 0.054763 255 0 0
-0.214784 0.352507 -0.171048 76 0 153
0.224638 0.096650 -0.172975 76 0 153
0.117287 0.727762 -0.288838 153 76 0
-0.045115 -0.039563 0.365639 153 0 76
0.156456 0.667897 -0.259601 153 76 0
0.384980 -0.524358 -0.259190 153 76 0
-0.369755 -0.244087 -0.073541 76 153 0
-0.308058 -0.178414 0.025014 255 0 0
0.275066 -0.129953 0.013490 255 0 0
0.235362 -0.013044 -0.168701 76 0 153
-0.320519 -0.539753 0.440838 153 0 76
0.367733 0.555854 -0.213100 76 0 153
0.259055 -0.076070 -0.204386 0 127 127
0.190368 -0.033812 0.222499 153 0 76
0.397835 -0.708743 -0.220490 76 0 153
-0.313684 0.367184 -0.184777 153 0 76
-0.237132 -0.107086 -0.055737 153 0 76
-0.085776 0.306648 -0.186687 76 0 153
-0.270905 -0.022942 0.374322 153 0 76
0.054029 0.744086 -0.319690 153 76 0
-0.329082 -0.020098 -0.026508 153 0 76
0.289707 -0.135861 -0.091967 0 127 127
-0.275085 0.511253 -0.193288 153 0 76
-0.123200 -0.105116 -0.181485 153 0 76
0.127751 0.428370 -0.214556 76 0 153
0.085888 -0.172438 0.012106 255 0 0
-0.242591 -0.124522 -0.128886 76 153 0
-0.228647 0.084326 -0.134640 153 0 76
0.126329 -0.055487 -0.176852 153 0 76
-0.414360 -0.639571 -0.271733 76 153 0
-0.397215 -0.180797 0.013317 76 153 0
-0.352666 0.694517 -0.236199 153 0 76
-0.091689 0.679009 -0.270259 153 76 0
0.330434 -0.170599 0.010267 255 0 0
0.354438 -0.194331 0.093869 76 0 153
0.257618 -0.164977 0.053585 0 127 127
0.314942 -0.367767 0.311081 76 0 153
0.206413 0.053851 -0.141065 76 0 153
0.313885 -0.481186 0.400267 76 0 153
-0.345027 -0.400051 0.369069 153 0 76
-0.146675 -0.050849 0.434980 153 0 76
-0.342784 -0.705378 0.490936 127 0 127
0.398488 -0.231787 -0.043176 153 76 0
0.234489 -0.060320 -0.164996 153 0 76
0.327711 -0.016951 0.155043 153 0 76
-0.112877 -0.132723 0.048066 255 0 0
-0.257182 -0.114092 0.013797 153 0 76
0.357636 -0.017775 0.391263 153 0 76
-0.264585 0.059484 -0.156479 153 0 76
-0.125127 -0.126464 0.456382 153 0 76
0.200703 -0.042591 -0.038011 153 0 76
0.251832 0.328571 -0.150698 76 0 153
-0.002181 0.346797 -0.201540 76 0 153
0.354874 -0.589481 0.482284 76 0 153
-0.365860 0.559991 -0.219802 153 0 76
-0.232970 -0.169388 0.009056 255 0 0
0.300236 -0.094205 0.450114 153 0 76
0.317383 -0.236328 0.182907 76 0 153
0.384506 -0.498471 -0.223179 153 76 0
-0.174856 0.276067 -0.162005 76 0 153
0.302729 0.016202 -0.149865 76 0 153
0.056823 0.335894 -0.197520 76 0 153
0.370094 -0.051283 0.092808 153 0 76
0.343537 -0.690833 0.497169 153 0 76
0.324868 0.443992 -0.192060 76 0 153
-0.068702 0.356271 -0.200654 76 0 153
-0.360645 -0.305035 0.263501 153 0 76
0.110941 -0.038733 0.257823 153 0 76
-0.428052 -0.490027 -0.222731 76 153 0
-0.268094 -0.032820 0.035246 153 0 76
0.211739 0.732101 -0.274645 153 76 0
0.344033 0.329597 -0.158221 76 0 153
-0.313368 0.575158 -0.229859 153 0 76
-0.357407 -0.190473 0.072069 153 0 76
0.005371 -0.058618 -0.091067 153 0 76
0.355422 -0.027977 -0.097000 153 0 76
0.318620 -0.023042 0.048087 153 0 76
0.377694 -0.419392 -0.204843 153 76 0
-0.286908 0.218188 -0.119572 153 0 76
0.102477 -0.044318 0.410467 153 0 76
-0.326456 -0.017349 0.188527 153 0 76
-0.410380 -0.515047 -0.268020 76 153 0
0.428649 -0.612098 -0.283602 153 76 0
-0.249763 0.377099 -0.165104 153 0 76
0.373015 -0.090556 0.414652 153 0 76
-0.383962 -0.049316 0.363590 153 0 76
0.060201 -0.172711 0.046407 255 0 0
0.418150 -0.450734 -0.203861 153 76 0
-0.062553 -0.121001 0.464300 153 0 76
-0.332339 -0.653808 0.519827 153 0 76
-0.288722 -0.121081 0.045653 76 153 0
0.355324 -0.264134 0.200580 76 0 153
-0.164138 -0.089770 -0.178661 153 0 76
0.120112 0.645237 -0.258220 153 76 0
0.215966 0.125686 -0.131305 76 0 153
0.250054 -0.154368 -0.009550 0 127 127
-0.000243 -0.040079 0.293173 153 0 76
0.360780 -0.138729 0.005219 255 0 0
0.035204 0.028062 -0.174423 76 0 153
-0.266272 -0.154169 -0.010461 76 153 0
0.181682 0.293194 -0.163959 76 0 153
0.278980 0.224567 -0.176856 76 0 153
0.358341 -0.751828 0.517887 153 76 0
0.043530 -0.058385 -0.158797 153 0 76
0.064312 -0.104083 0.462868 153 0 76
0.034805 -0.040885 0.263786 153 0 76
0.353881 -0.506917 0.436892 76 0 153
0.374620 -0.700168 0.565301 153 76 0
0.449272 -0.713971 -0.260778 204 51 127
-0.094373 0.593884 -0.253806 153 76 0
-0.221527 -0.026098 0.328171 153 0 76
0.266056 0.352681 -0.194817 76 0 153
0.305457 -0.002374 -0.188388 76 0 153
0.413377 -0.374025 -0.157061 153 76 0
-0.263129 -0.104765 0.453966 153 0 76
-0.231838 0.702338 -0.262527 153 76 0
-0.125069 -0.034199 0.333872 153 0 76
0.273132 0.143567 -0.184875 76 0 153
-0.067939 -0.056854 -0.082512 153 0 76
0.204034 -0.038267 0.413285 153 0 76
0.051964 0.107268 -0.166599 76 0 153
0.198383 -0.037181 0.138251 153 0 76
0.262010 0.058410 -0.156629 76 0 153
-0.181304 0.020710 -0.150646 76 0 153
0.341620 -0.066446 0.445888 153 0 76
0.296443 -0.146695 -0.017516 0 127 127
0.414376 -0.712870 -0.311515 76 0 153
0.215019 0.666251 -0.247720 153 76 0
-0.076476 -0.038248 0.302337 153 0 76
-0.368569 -0.086740 0.138538 153 0 76
0.374319 -0.045770 0.203784 153 0 76
-0.363328 -0.383429 0.319823 153 0 76
0.301168 0.080709 -0.182735 76 0 153
0.248577 -0.024098 0.276361 153 0 76
-0.382179 -0.711173 0.541006 76 153 0
-0.329137 -0.482912 0.427552 153 0 76
0.255814 -0.101491 -0.041381 76 0 153
-0.055419 -0.055387 -0.026370 153 0 76
0.324969 -0.652032 0.484542 76 0 153
-0.089420 -0.072255 -0.190204 153 0 76
0.134353 -0.179371 0.030204 255 0 0
-0.327364 -0.360547 0.288407 153 0 76
0.148429 0.019463 -0.156874 76 0 153
0.278288 -0.118368 -0.157822 76 0 153
0.136905 -0.048385 0.021601 153 0 76
0.342530 -0.007643 0.325129 153 0 76
0.328738 0.578318 -0.222272 76 0 153
-0.369979 -0.047040 -0.035999 153 0 76
-0.157307 -0.033667 0.290633 153 0 76
-0.143526 0.194203 -0.152691 76 0 153
0.377681 -0.349287 -0.130081 153 76 0
0.229971 -0.029351 0.220783 153 0 76
0.145664 -0.034755 0.278112 153 0 76
-0.266359 0.007275 -0.209166 153 0 76
-0.319251 -0.018109 -0.105925 153 0 76
-0.323617 0.428108 -0.194524 153 0 76
0.091198 -0.070414 -0.187933 153 0 76
0.173908 -0.085538 -0.177722 153 0 76
0.358823 -0.011450 0.243769 153 0 76
-0.294767 0.196323 -0.172981 153 0 76
-0.073533 0.202640 -0.167584 76 0 153
-0.289371 -0.006044 -0.140611 153 0 76
0.304998 -0.120152 -0.054202 0 127 127
-0.029813 0.477300 -0.236739 76 0 153
-0.380864 -0.048060 0.192136 153 0 76
0.037810 -0.037251 0.350352 153 0 76
0.303436 -0.057413 -0.177563 0 127 127
-0.178750 0.598835 -0.244996 153 76 0
0.155463 0.706785 -0.270987 153 76 0
-0.055647 -0.016445 -0.176377 76 0 153
0.204211 0.166502 -0.133290 76 0 153
-0.229309 0.289303 -0.150250 153 0 76
-0.309568 -0.026096 0.049806 153 0 76
-0.079852 -0.054936 0.437783 153 0 76
-0.340281 -0.059816 -0.150633 153 0 76
0.244450 0.256577 -0.156850 76 0 153
0.350435 0.372760 -0.166476 76 0 153
0.225664 -0.107967 -0.138422 0 127 127
-0.133998 -0.026346 -0.164056 76 0 153
0.224248 -0.098546 0.456366 153 0 76
0.337824 -0.372457 0.343822 76 0 153
-0.272506 0.641998 -0.231900 76 0 153
0.273873 0.396879 -0.195059 76 0 153
0.362409 -0.063151 -0.046374 153 0 76
0.250967 -0.137964 -0.082178 76 0 153
-0.263594 0.123130 -0.147627 153 0 76
-0.198523 -0.041968 0.061574 153 0 76
-0.232611 0.174160 -0.149522 153 0 76
-0.323969 0.645028 -0.249994 153 0 76
0.299582 -0.024633 -0.039012 153 0 76
-0.247178 0.234044 -0.151922 153 0 76
0.016821 -0.023626 -0.180162 76 0 153
0.183577 -0.041570 0.084267 153 0 76
0.088617 0.003570 -0.169590 76 0 153
-0.112497 0.557613 -0.246979 76 0 153
-0.395962 -0.721237 -0.219442 0 255 0
-0.044848 -0.138685 0.431384 153 0 76
0.305132 0.156846 -0.164556 76 0 153
-0.295873 0.274616 -0.171557 153 0 76
-0.321244 -0.430464 0.368085 153 0 76
-0.237860 -0.036245 0.068063 153 0 76
-0.101837 -0.040296 0.242915 153 0 76
0.137084 -0.045421 0.081846 153 0 76
-0.092647 -0.172809 0.046309 255 0 0
0.096425 -0.127917 0.043259 255 0 0
-0.049632 0.410469 -0.217986 76 0 153
0.342530 -0.019035 0.013977 153 0 76
0.352423 -0.450774 0.371004 76 0 153
-0.097434 -0.044430 0.161463 153 0 76
-0.255070 -0.146049 -0.046284 153 0 76
-0.115925 0.433955 -0.217169 76 0 153
-0.109745 -0.053140 -0.084513 153 0 76
0.029663 -0.110423 -0.189079 153 0 76
0.249518 0.294023 -0.180672 76 0 153
0.306270 0.203910 -0.159379 76 0 153
-0.310643 0.250481 -0.125056 153 0 76
0.344782 0.708934 -0.239596 76 0 153
0.395185 -0.379647 -0.195660 153 76 0
-0.215224 0.482939 -0.209169 76 0 153
0.077895 -0.044431 0.177805 153 0 76
-0.328191 0.605479 -0.201563 153 0 76
0.070528 -0.053784 -0.002347 153 0 76
0.376594 -0.054240 0.385588 153 0 76
0.046308 -0.057840 -0.120533 153 0 76
0.037085 -0.125526 0.024406 255 0 0
-0.338837 -0.019766 0.026196 153 0 76
0.010063 0.531749 -0.249348 76 0 153
-0.245989 -0.063572 -0.168110 153 0 76
0.120853 0.306588 -0.182238 76 0 153
0.368926 -0.024061 0.171994 153 0 76
0.011252 -0.043859 0.214576 153 0 76
-0.003495 -0.056441 -0.032245 153 0 76
-0.348215 -0.310359 0.228061 153 0 76
0.036247 0.723016 -0.293576 153 76 0
-0.235799 -0.162576 0.054229 255 0 0
0.298371 -0.083395 -0.150269 0 127 127
-0.313188 0.157823 -0.151117 153 0 76
-0.031608 0.570446 -0.254477 76 0 153
-0.322626 -0.178365 0.059843 153 0 76
-0.347760 -0.558304 0.478907 153 0 76
0.129431 0.360013 -0.194618 76 0 153
-0.290922 -0.158101 0.055428 255 0 0
0.393844 -0.324261 -0.106950 153 76 0
-0.179852 -0.045870 -0.081484 153 0 76
-0.349676 -0.238746 0.201054 153 0 76
-0.400966 -0.352135 -0.126392 76 153 0
0.310261 0.336467 -0.173352 76 0 153
0.244074 0.490983 -0.201235 76 0 153
0.376655 -0.066372 0.342188 153 0 76
-0.077138 -0.041214 0.388243 153 0 76
-0.385014 -0.299402 -0.133778 76 153 0
-0.143636 0.507489 -0.235121 76 0 153
0.385782 -0.404714 -0.169342 153 76 0
-0.121107 0.379336 -0.200874 76 0 153
-0.330970 0.465604 -0.198633 153 0 76
0.321536 -0.617279 0.500492 76 0 153
-0.391517 -0.210768 -0.009450 76 153 0
-0.183201 0.413578 -0.197057 76 0 153
-0.365633 -0.011362 0.253376 153 0 76
0.299457 0.238115 -0.121797 76 0 153
-0.363576 -0.752919 0.523373 76 153 0
-0.221705 -0.040090 -0.005214 153 0 76
-0.276687 -0.033427 -0.215036 153 0 76
-0.074784 0.728269 -0.293503 153 76 0
0.366559 -0.250831 -0.056614 153 76 0
-0.362604 -0.463703 0.393956 153 0 76
0.330329 -0.208821 0.161428 76 0 153
0.328808 0.639351 -0.241480 76 0 153
0.266674 0.039700 -0.204103 76 0 153
0.130039 0.142518 -0.148869 76 0 153
0.135860 -0.049450 -0.035388 153 0 76
-0.005318 0.679192 -0.273598 153 76 0
-0.133314 0.081079 -0.155239 76 0 153
0.061033 -0.135618 0.050961 255 0 0
0.158412 -0.040239 0.151971 153 0 76
-0.348454 -0.533512 0.417373 153 0 76
-0.141924 0.153933 -0.145973 76 0 153
-0.302765 -0.719554 0.532452 0 127 127
-0.231091 0.133278 -0.163286 153 0 76
-0.347946 -0.186704 0.129685 153 0 76
0.321617 -0.560214 0.439780 76 0 153
0.321835 -0.326240 0.294762 76 0 153
-0.198971 -0.033240 0.229791 153 0 76
0.228178 0.012512 -0.142545 76 0 153
0.388534 -0.131570 0.046913 255 0 0
0.333768 0.437103 -0.151751 76 0 153
-0.231546 -0.105040 -0.092750 153 0 76
0.247316 0.116968 -0.148484 76 0 153
0.043162 0.221502 -0.175560 76 0 153
-0.456934 -0.721204 -0.295061 127 127 0
-0.112792 -0.173717 0.013386 255 0 0
0.174713 -0.128703 0.427661 153 0 76
-0.171859 -0.162227 0.054322 255 0 0
-0.115477 -0.052902 -0.146821 153 0 76
0.008847 -0.139575 0.434063 153 0 76
-0.279446 0.401250 -0.159329 153 0 76
-0.309012 -0.063716 -0.169327 153 0 76
-0.252996 -0.124039 0.424507 153 0 76
-0.033008 -0.040969 0.276818 153 0 76
0.225084 0.059481 -0.187636 76 0 153
-0.374723 -0.034998 0.078916 153 0 76
-0.321711 0.372185 -0.139262 153 0 76
0.318285 -0.203957 0.099932 76 0 153
-0.193417 0.536773 -0.230120 76 0 153
-0.300406 0.070131 -0.137682 153 0 76
-0.261387 0.186551 -0.185222 153 0 76
0.274626 0.432745 -0.168074 76 0 153
-0.041197 0.053987 -0.172025 76 0 153
0.016305 -0.050095 0.088366 153 0 76
0.164230 -0.013462 -0.156868 76 0 153
-0.285286 -0.139100 -0.077753 76 153 0
0.404668 -0.677053 -0.316021 153 76 0
0.336154 -0.162475 0.086676 76 0 153
0.337479 -0.443026 0.403355 76 0 153
0.289476 0.562229 -0.203191 76 0 153
-0.154096 -0.048596 -0.032573 153 0 76
-0.317877 0.333251 -0.171869 153 0 76
0.296711 0.659677 -0.229014 76 0 153
0.352486 -0.018683 0.099128 153 0 76
-0.334781 -0.674539 0.549578 127 0 127
0.101624 -0.053828 -0.105921 153 0 76
0.331605 -0.525490 0.458755 76 0 153
0.025698 -0.052558 0.036196 153 0 76
-0.372993 -0.087137 0.079871 153 0 76
0.003682 -0.038153 0.329211 153 0 76
-0.124944 -0.048647 0.033565 153 0 76
-0.041665 -0.092677 -0.192674 153 0 76
-0.377289 -0.708919 -0.272770 0 255 0
0.306582 0.702861 -0.241329 76 0 153
0.236412 -0.049691 0.439794 153 0 76
-0.299875 0.491930 -0.175313 153 0 76
0.056407 0.296822 -0.189098 76 0 153
-0.241311 0.568244 -0.224754 76 0 153
-0.208626 -0.002691 -0.146890 153 0 76
0.355308 -0.319987 0.276046 76 0 153
0.168354 0.363281 -0.185680 76 0 153
0.194526 -0.041090 0.029920 153 0 76
0.203480 0.419899 -0.193409 76 0 153
-0.305358 0.126605 -0.175355 153 0 76
0.239066 -0.036673 -0.027093 153 0 76
-0.202378 0.142416 -0.132647 153 0 76
-0.025901 0.738774 -0.307950 153 76 0
-0.189435 -0.029722 0.357965 153 0 76
0.371631 -0.058026 0.133784 153 0 76
0.012686 -0.178182 0.034639 255 0 0
-0.197868 0.066360 -0.141891 153 0 76
0.331228 -0.273525 0.244778 76 0 153
-0.166439 -0.052301 -0.174510 153 0 76
0.137625 -0.046984 0.423066 153 0 76
0.397108 -0.265291 -0.069343 153 76 0
-0.283362 0.593938 -0.213858 76 0 153
0.039779 0.552603 -0.252206 76 0 153
-0.424387 -0.578821 -0.288545 76 153 0
0.387070 -0.162400 -0.000821 153 76 0
0.290592 0.377322 -0.148331 76 0 153
-0.307112 -0.114677 -0.019908 76 153 0
0.370501 -0.720785 -0.268805 153 0 76
-0.078371 0.096058 -0.164912 76 0 153
0.340099 -0.505381 0.400122 76 0 153
0.265498 0.183105 -0.118906 76 0 153
0.285307 -0.086044 -0.109109 76 0 153
-0.437795 -0.748255 -0.245112 127 127 0
0.367236 -0.077048 0.269792 153 0 76
0.416239 -0.590354 -0.257958 153 76 0
-0.335088 -0.466846 0.371532 153 0 76
0.294386 -0.017628 0.269377 153 0 76
-0.328511 -0.109805 0.423898 153 0 76
-0.197345 -0.130983 0.430820 153 0 76
-0.157792 0.444340 -0.212825 76 0 153
-0.206191 -0.081579 0.455970 153 0 76
0.224171 -0.125885 0.023067 0 127 127
-0.408805 -0.281508 -0.114424 76 153 0
-0.053098 -0.172579 0.046539 255 0 0
0.199914 -0.024286 -0.151592 76 0 153
0.280396 -0.024147 0.390542 153 0 76
-0.277940 -0.071283 0.451462 153 0 76
-0.198874 -0.035866 0.180054 153 0 76
0.375101 -0.720584 0.531877 153 76 0
-0.069815 0.167936 -0.161920 76 0 153
-0.186293 -0.044674 0.023038 153 0 76
-0.255719 -0.021643 0.336996 153 0 76
0.348365 -0.382117 0.308987 76 0 153
0.334141 0.399734 -0.146265 76 0 153
0.277816 0.106763 -0.189835 76 0 153
0.353141 -0.725028 0.582942 153 0 76
0.325623 0.744461 -0.257791 76 0 153
-0.072050 -0.057292 -0.155218 153 0 76
-0.133152 0.622989 -0.256404 153 76 0
0.415232 -0.535659 -0.273186 153 76 0
0.311547 0.411465 -0.193285 76 0 153
-0.116526 -0.037307 0.378969 153 0 76
0.041674 0.403858 -0.216447 76 0 153
-0.329603 -0.160389 0.003971 255 0 0
0.132629 0.749089 -0.318837 153 76 0
0.071892 0.367157 -0.203337 76 0 153
0.187976 0.751874 -0.315174 153 76 0
-0.212412 0.612902 -0.240649 153 76 0
0.391009 -0.636733 -0.296798 153 76 0
-0.022833 -0.050344 0.088536 153 0 76
0.358225 -0.029688 -0.055924 153 0 76
0.271558 0.001679 -0.164519 76 0 153
-0.334823 -0.316362 0.290401 153 0 76
-0.091471 -0.101306 0.462492 153 0 76
0.236592 0.524609 -0.214752 76 0 153
0.432305 -0.755195 -0.269005 204 51 127
-0.264726 0.158809 -0.142664 153 0 76
-0.306316 -0.004909 -0.171246 153 0 76
-0.229887 -0.034057 0.139613 153 0 76
-0.201963 -0.144481 0.055108 255 0 0
-0.324341 -0.010961 0.320420 153 0 76
0.248844 0.735861 -0.270352 76 0 153
-0.129516 -0.045687 0.089901 153 0 76
-0.393605 -0.541107 -0.247336 76 153 0
0.223788 0.155759 -0.162095 76 0 153
0.301411 0.289281 -0.167122 76 0 153
-0.241476 -0.034252 -0.114905 153 0 76
0.332637 -0.034254 0.429258 153 0 76
-0.322123 -0.241760 0.165009 153 0 76
0.356831 -0.051493 -0.122695 153 0 76
-0.327345 -0.649375 0.485256 153 0 76
0.090798 0.176897 -0.160085 76 0 153
0.136687 -0.093319 0.459974 153 0 76
0.079530 -0.072850 0.457098 153 0 76
0.097005 -0.031199 -0.171149 76 0 153
0.073809 0.034997 -0.170163 76 0 153
-0.086231 -0.124754 0.027288 255 0 0
-0.252985 -0.025245 0.260624 153 0 76
-0.326810 0.716483 -0.243095 153 0 76
-0.036410 -0.058799 0.441952 153 0 76
0.084125 -0.046510 0.134809 153 0 76
0.149032 0.456646 -0.218496 76 0 153
0.339646 0.531888 -0.203516 76 0 153
-0.388938 -0.202461 -0.054304 76 153 0
-0.246626 -0.033326 0.105287 153 0 76
-0.350001 0.544524 -0.183857 153 0 76
-0.388526 -0.427641 -0.187509 76 153 0
0.316173 -0.412928 0.359765 76 0 153
0.433437 -0.711805 -0.219888 76 0 153
-0.132161 -0.039615 0.214894 153 0 76
0.374354 -0.213603 -0.006398 153 76 0
-0.226481 0.442339 -0.194144 76 0 153
-0.007375 0.601404 -0.258793 153 76 0
0.193439 0.472461 -0.211722 76 0 153
-0.426106 -0.452288 -0.220223 76 153 0
-0.259473 0.028094 -0.136371 153 0 76
-0.186636 -0.043601 -0.135420 153 0 76
0.395908 -0.436927 -0.180629 153 76 0
0.326279 -0.319368 0.242732 76 0 153
0.322559 -0.493076 0.434497 76 0 153
-0.142815 0.031307 -0.157674 76 0 153
0.415256 -0.486070 -0.214442 153 76 0
-0.298803 -0.089029 -0.101571 76 153 0
-0.384652 -0.372481 -0.148617 76 153 0
0.182081 -0.087638 0.458241 153 0 76
0.381106 -0.204027 -0.057043 153 76 0
0.347022 -0.581441 0.448438 76 0 153
-0.277698 0.752843 -0.277616 153 0 76
-0.101592 0.485861 -0.233602 76 0 153
-0.169603 0.134397 -0.141094 76 0 153
0.366464 -0.085195 0.011651 153 0 76
0.403378 -0.528105 -0.229620 153 76 0
0.329340 -0.269546 0.177778 76 0 153
-0.408516 -0.132198 0.047540 255 0 0
-0.367102 -0.026102 0.420186 153 0 76
-0.152004 -0.039555 0.403282 153 0 76
-0.261294 0.294960 -0.160504 153 0 76
0.314588 -0.031978 -0.153326 153 0 76
0.264920 0.296185 -0.137778 76 0 153
0.030344 -0.040957 0.387680 153 0 76
-0.148995 -0.130204 0.013240 255 0 0
-0.299755 0.542246 -0.191967 153 0 76
-0.099826 -0.052463 -0.015418 153 0 76
0.111908 0.208202 -0.161957 76 0 153
-0.017754 -0.059753 -0.157575 153 0 76
-0.213539 0.753684 -0.309764 153 76 0
-0.346637 -0.620621 0.467851 153 0 76
0.312466 -0.012656 0.310326 153 0 76
0.332409 -0.017408 -0.032561 153 0 76
-0.382648 -0.154104 -0.002187 255 0 0
0.311018 0.269201 -0.128727 76 0 153
-0.201299 -0.153149 0.002031 255 0 0
0.272149 0.689669 -0.243087 76 0 153
0.387017 -0.575085 -0.265384 153 76 0
-0.292245 0.436702 -0.163442 153 0 76
-0.131431 0.251522 -0.167477 76 0 153
0.040111 -0.048435 0.114080 153 0 76
0.349859 0.594992 -0.199578 76 0 153
-0.341156 0.311303 -0.161159 153 0 76
0.040516 0.652030 -0.265375 153 76 0
-0.393659 -0.300816 -0.089409 76 153 0
0.247097 -0.032893 -0.093585 153 0 76
-0.062998 0.636559 -0.262673 153 76 0
0.079099 0.246498 -0.174258 76 0 153
0.353636 -0.182405 0.062076 76 0 153
0.088408 0.619103 -0.257318 153 76 0
-0.248935 0.131842 -0.192402 153 0 76
0.354108 -0.209651 0.124578 76 0 153
0.386982 -0.260130 -0.107919 153 76 0
0.393004 -0.478767 -0.249003 153 76 0
0.291314 -0.024659 -0.071549 153 0 76
0.270661 -0.043723 0.435058 153 0 76
0.184241 -0.135531 0.050875 255 0 0
-0.326850 -0.125921 0.022932 255 0 0
-0.345210 -0.155689 0.076420 153 0 76
-0.332594 0.613738 -0.233740 153 0 76
-0.168126 -0.039222 0.167173 153 0 76
-0.262036 0.077899 -0.199565 153 0 76
0.233593 0.039100 -0.162518 76 0 153
-0.390080 -0.478431 -0.214380 76 153 0
0.230209 -0.010229 -0.203105 76 0 153
-0.435460 -0.615574 -0.285296 76 153 0
0.417069 -0.642109 -0.274527 153 76 0
0.276625 0.091898 -0.151971 76 0 153
0.295819 -0.722713 0.529029 76 0 153
0.260585 -0.035007 -0.214789 0 127 127
-0.031056 -0.047851 0.136830 153 0 76
0.175573 -0.033216 0.258320 153 0 76
0.299458 0.729884 -0.285370 76 0 153
-0.318593 -0.029882 0.421810 153 0 76
-0.380309 -0.091727 0.403055 153 0 76
-0.366804 0.638055 -0.227977 153 0 76
-0.014251 0.206366 -0.173460 76 0 153
0.204368 -0.076923 -0.167673 153 0 76
-0.377605 -0.717012 0.573697 76 153 0
-0.383235 -0.074938 0.341430 153 0 76
0.073703 0.686181 -0.272142 153 76 0
-0.021137 -0.151845 0.001706 255 0 0
-0.059936 0.526348 -0.247414 76 0 153
-0.328726 0.245362 -0.152346 153 0 76
-0.423223 -0.544449 -0.277187 76 153 0
-0.121639 -0.051787 -0.040709 153 0 76
0.203260 -0.150984 0.001936 255 0 0
-0.232256 -0.044227 -0.193243 76 153 0
0.268885 0.144611 -0.144639 76 0 153
0.127313 -0.043863 0.128389 153 0 76
-0.259467 -0.021525 -0.141744 153 0 76
0.317980 -0.673304 0.547744 76 0 153
-0.414915 -0.328190 -0.144378 76 153 0
-0.085819 0.000641 -0.171204 76 0 153
0.390382 -0.339504 -0.167681 153 76 0
0.310649 -0.018678 -0.097507 153 0 76
0.348513 -0.010498 0.360489 153 0 76
0.125755 0.067600 -0.156802 76 0 153
0.194262 -0.176562 0.040679 255 0 0
-0.111015 0.145583 -0.153441 76 0 153
-0.015627 -0.042785 0.393497 153 0 76
-0.265418 -0.025526 0.217364 153 0 76
-0.301696 0.062375 -0.189119 153 0 76
-0.163025 0.092394 -0.147145 76 0 153
-0.382121 -0.038945 0.232133 153 0 76
-0.361566 -0.485362 0.420277 153 0 76
0.353169 0.630319 -0.212982 76 0 153
-0.361335 -0.215072 0.144262 153 0 76
0.368726 -0.059016 0.061071 153 0 76
-0.395394 -0.670722 -0.257113 255 0 0
0.330513 0.683253 -0.257816 76 0 153
-0.332090 0.679906 -0.258716 153 0 76
0.367019 -0.085318 0.080403 153 0 76
-0.330800 0.397569 -0.179625 153 0 76
-0.304226 0.735721 -0.256749 153 0 76
-0.001010 0.462104 -0.232497 76 0 153
-0.322369 -0.205955 0.108821 153 0 76
-0.383508 -0.042099 0.310348 153 0 76
0.046434 0.189662 -0.169863 76 0 153
0.009670 -0.100449 0.463488 153 0 76
-0.311955 -0.114596 -0.116883 76 153 0
-0.097138 0.034257 -0.166286 76 0 153
0.255395 0.203729 -0.184699 76 0 153
-0.170119 0.666665 -0.260297 153 76 0
-0.348033 -0.014275 0.160131 153 0 76
0.251277 -0.087589 -0.102663 76 0 153
0.182139 0.647789 -0.250216 153 76 0
0.228099 0.376183 -0.172774 76 0 153
0.350130 0.494429 -0.171340 76 0 153
-0.345981 0.408790 -0.153083 153 0 76
-0.303571 0.637309 -0.220096 153 0 76
-0.283736 -0.030125 -0.018591 153 0 76
0.234746 0.221178 -0.157187 76 0 153
-0.346681 -0.076140 0.446121 153 0 76
-0.279493 0.135551 -0.119860 153 0 76
-0.081034 -0.051145 0.042102 153 0 76
0.181356 -0.047492 0.434674 153 0 76
0.308945 -0.110993 0.422338 153 0 76
0.405995 -0.425434 -0.219757 153 76 0
0.340454 -0.479076 0.380583 76 0 153
0.300421 -0.174355 0.044762 255 0 0
0.286261 -0.015859 0.333034 153 0 76
0.111291 -0.128632 0.014812 255 0 0
-0.378904 -0.056347 0.138694 153 0 76
-0.295376 0.705831 -0.247283 153 0 76
-0.381626 -0.071170 0.275029 153 0 76
-0.231933 0.074146 -0.164887 153 0 76
-0.070008 -0.044247 0.188171 153 0 76
0.285684 0.469028 -0.210766 76 0 153
0.258111 -0.028962 -0.130621 153 0 76
-0.311151 -0.115842 -0.051736 76 153 0
0.094414 -0.051494 0.022143 153 0 76
0.218262 -0.027109 0.293411 153 0 76
0.250227 -0.034288 0.074617 153 0 76
-0.009565 0.309804 -0.193579 76 0 153
0.255406 -0.020825 0.322854 153 0 76
0.298976 0.250093 -0.161128 76 0 153
-0.301040 0.665073 -0.259832 153 0 76
0.265167 -0.102652 -0.186560 76 0 153
0.232392 0.186379 -0.127284 76 0 153
0.024376 0.598610 -0.258340 153 76 0
-0.357326 0.581659 -0.198042 153 0 76
-0.411155 -0.393816 -0.201037 76 153 0
0.133394 0.508297 -0.236893 76 0 153
0.364830 -0.061572 -0.010102 153 0 76
-0.278292 0.332038 -0.143420 153 0 76
-0.194816 -0.114597 0.458003 153 0 76
0.401070 -0.673968 -0.248689 76 0 153
-0.363132 -0.409575 0.343681 153 0 76
-0.035808 -0.042493 0.244925 153 0 76
-0.033069 -0.099516 0.463109 153 0 76
0.292305 0.613385 -0.217267 76 0 153
-0.286759 -0.025270 0.157273 153 0 76
0.246179 0.263328 -0.187888 76 0 153
0.012078 -0.047136 0.148829 153 0 76
0.228054 -0.140058 -0.027300 0 127 127
-0.250910 -0.106213 -0.021057 76 153 0
-0.332668 -0.385411 0.308894 153 0 76
-0.203750 -0.029026 0.301960 153 0 76
0.156173 -0.132364 0.011079 255 0 0
-0.141002 0.354939 -0.191021 76 0 153
-0.029176 0.024993 -0.175385 76 0 153
-0.311206 -0.032158 -0.186900 76 153 0
0.268102 -0.061532 -0.161174 0 127 127
-0.263010 0.325064 -0.181175 153 0 76
0.313227 -0.708796 0.489560 153 0 76
0.183638 0.601993 -0.241521 153 76 0
0.037809 -0.057507 -0.086812 153 0 76
0.010138 0.009396 -0.178064 76 0 153
-0.389468 -0.702554 -0.310758 255 0 0
-0.335554 -0.236072 0.136531 153 0 76
-0.272476 0.188033 -0.117501 153 0 76
-0.091827 0.271382 -0.177969 76 0 153
-0.091152 -0.048025 0.094063 153 0 76
-0.161303 -0.179360 0.030246 255 0 0
-0.349330 -0.609871 0.504326 153 0 76
-0.021871 -0.036602 -0.180898 76 0 153
-0.454569 -0.682164 -0.252643 127 127 0
0.251552 -0.113537 0.447571 153 0 76
-0.242581 0.731118 -0.268775 153 76 0
0.243844 -0.095160 -0.069641 76 0 153
0.194960 -0.119586 0.452752 153 0 76
-0.382810 -0.124418 0.028543 255 0 0
0.148529 -0.047351 -0.149766 153 0 76
0.134174 -0.157785 0.055513 255 0 0
-0.335885 0.510167 -0.206591 153 0 76
-0.268493 -0.031676 0.406511 153 0 76
-0.232078 -0.101145 -0.146760 76 153 0
-0.320775 -0.477066 0.397344 153 0 76
0.143374 -0.049196 -0.090730 153 0 76
-0.307139 -0.019139 0.212982 153 0 76
0.304264 -0.107474 -0.093611 76 0 153
0.327657 -0.159796 0.054974 255 0 0
-0.354219 0.512336 -0.175860 153 0 76
-0.277167 -0.117200 -0.160334 76 153 0
-0.058670 -0.037162 0.335284 153 0 76
0.299999 0.450957 -0.162941 76 0 153
-0.341221 0.440744 -0.154480 153 0 76
0.289648 0.043676 -0.158678 76 0 153
-0.240509 0.112721 -0.129410 153 0 76
-0.345176 0.342102 -0.159683 153 0 76
-0.142864 -0.146317 0.055600 255 0 0
-0.348444 -0.271921 0.180831 153 0 76
-0.011280 0.164241 -0.167246 76 0 153
-0.378333 -0.330896 -0.125144 76 153 0
-0.337889 -0.258184 0.222208 153 0 76
-0.252712 0.094036 -0.151673 153 0 76
-0.377334 -0.015060 0.296045 153 0 76
-0.397059 -0.752379 -0.278783 0 255 0
-0.072203 -0.042423 0.222734 153 0 76
0.293279 -0.066985 -0.205258 0 127 127
0.322793 -0.588639 0.487507 76 0 153
0.356778 -0.677076 0.550882 153 0 76
0.351907 -0.124732 0.031417 255 0 0
0.017895 0.263614 -0.183646 76 0 153
-0.117446 0.312953 -0.184062 76 0 153
-0.349276 -0.348990 0.268950 153 0 76
-0.330947 -0.584065 0.487999 153 0 76
-0.414376 -0.488206 -0.251778 76 153 0
-0.280048 -0.066470 -0.158107 153 0 76
0.330529 -0.244143 0.209830 76 0 153
-0.110282 -0.057584 0.442639 153 0 76
0.277067 0.349580 -0.146535 76 0 153
-0.179887 -0.131003 0.012441 255 0 0
0.175117 0.408073 -0.197320 76 0 153
-0.037178 0.291591 -0.189724 76 0 153
-0.031283 -0.045662 0.181673 153 0 76
-0.307864 -0.110589 -0.154096 153 0 76
-0.379649 -0.275821 -0.074701 76 153 0
0.404610 -0.602752 -0.300593 153 76 0
-0.326244 -0.387990 0.346423 153 0 76
-0.102116 0.114742 -0.158797 76 0 153
-0.258049 -0.034735 0.006186 153 0 76
0.360218 -0.086759 0.143363 153 0 76
0.309714 0.592515 -0.202655 76 0 153
0.302135 0.177675 -0.140458 76 0 153
0.325635 -0.018652 0.123466 153 0 76
0.301569 0.115959 -0.137862 76 0 153
-0.307186 0.049246 -0.161756 153 0 76
0.286551 -0.028999 0.025762 153 0 76
-0.206196 0.174212 -0.132742 153 0 76
0.187836 0.223965 -0.146858 76 0 153
-0.238070 0.203029 -0.158497 153 0 76
-0.378453 -0.077044 0.209573 153 0 76
-0.126450 0.220842 -0.162165 76 0 153
-0.114817 -0.052934 -0.115596 153 0 76
-0.150687 0.743849 -0.303222 153 76 0
-0.012778 0.108093 -0.170219 76 0 153
-0.084564 -0.144240 0.003743 255 0 0
0.101707 -0.137683 0.441797 153 0 76
-0.351364 -0.587980 0.450870 153 0 76
-0.348873 0.665104 -0.227144 153 0 76
-0.320496 -0.511800 0.422552 153 0 76
0.240507 0.053586 -0.135455 76 0 153
0.002940 -0.130335 0.045677 255 0 0
-0.174933 0.471050 -0.216126 76 0 153
-0.323917 -0.013587 0.268514 153 0 76
0.179863 0.727023 -0.279019 153 76 0
-0.089300 0.746286 -0.320188 153 76 0
-0.117192 0.657878 -0.263019 153 76 0
-0.324070 -0.285416 0.214570 153 0 76
0.375434 -0.302503 -0.096188 153 76 0
0.299532 -0.149826 0.013719 0 127 127
-0.171759 -0.034899 0.243314 153 0 76
-0.160489 -0.046585 0.004697 153 0 76
-0.356648 -0.018911 -0.039311 153 0 76
-0.269347 -0.088314 -0.196739 76 153 0
0.109054 0.564096 -0.247868 76 0 153
-0.396370 -0.648044 -0.294746 76 153 0
-0.307609 0.193641 -0.124944 153 0 76
-0.222562 -0.029386 0.263266 153 0 76
0.254746 -0.161734 0.023494 0 127 127
0.230428 -0.074171 -0.194576 0 127 127
-0.181941 -0.040661 0.116964 153 0 76
-0.360744 -0.185072 0.102265 153 0 76
-0.360642 -0.285571 0.240286 153 0 76
0.396732 -0.294523 -0.130410 153 76 0
0.414275 -0.462737 -0.234591 153 76 0
0.356140 -0.401498 0.341230 76 0 153
0.290933 -0.119771 0.037170 0 127 127
0.321689 -0.130845 0.046188 255 0 0
-0.394389 -0.242982 -0.091068 76 153 0
-0.292256 -0.096439 -0.065208 153 0 76
0.292003 0.508404 -0.217912 76 0 153
0.247019 0.163473 -0.188010 76 0 153
-0.280117 -0.109059 -0.007493 76 153 0
-0.281213 -0.170475 0.010143 255 0 0
-0.349463 -0.423287 0.387879 153 0 76
0.349942 -0.618693 0.469047 76 0 153
0.390702 -0.755752 -0.256521 153 0 76
0.425298 -0.673338 -0.267579 76 0 153
0.362502 -0.083030 0.197483 153 0 76
-0.425293 -0.429768 -0.200132 76 153 0
0.273360 -0.030770 -0.024130 153 0 76
-0.148104 -0.000106 -0.159196 76 0 153
-0.356829 -0.080380 -0.073767 153 0 76
-0.093782 -0.039112 0.274063 153 0 76
0.113081 -0.052498 -0.140241 153 0 76
-0.051848 0.453775 -0.229835 76 0 153
0.293159 -0.020192 0.220318 153 0 76
0.268520 0.075159 -0.128360 76 0 153
-0.367775 0.689627 -0.261711 153 0 76
-0.305567 -0.681290 0.536188 0 127 127
0.145710 0.597915 -0.249059 153 76 0
-0.406258 -0.359984 -0.180198 76 153 0
-0.420813 -0.518894 -0.226519 76 153 0
0.082514 0.311599 -0.188941 76 0 153
-0.386776 -0.444611 -0.218320 76 153 0
-0.162247 0.572113 -0.243750 76 0 153
0.281474 -0.008094 -0.138006 76 0 153
-0.240361 0.021970 -0.203734 153 0 76
-0.396275 -0.607898 -0.272346 76 153 0
0.339201 -0.430098 0.344024 76 0 153
0.076356 -0.042642 0.213299 153 0 76
-0.151534 0.383296 -0.196557 76 0 153
-0.218916 0.675629 -0.255345 153 76 0
-0.329683 0.494278 -0.168187 153 0 76
-0.354649 -0.038567 -0.135077 153 0 76
-0.233185 0.016176 -0.172524 153 0 76
-0.313309 0.302257 -0.166712 153 0 76
0.324510 -0.245645 0.155526 76 0 153
-0.010901 -0.053506 0.027798 153 0 76
0.371310 -0.712430 -0.233512 153 0 76
0.026101 0.337770 -0.199516 76 0 153
0.060138 -0.039562 0.279724 153 0 76
0.247439 0.112191 -0.195138 76 0 153
0.186812 -0.032832 0.379482 153 0 76
0.333521 0.472392 -0.192540 76 0 153
0.293007 0.501874 -0.180969 76 0 153
-0.137458 -0.160178 0.003915 255 0 0
-0.046082 -0.053349 0.018719 153 0 76
0.373060 -0.685141 -0.280680 153 0 76
-0.372016 -0.701272 0.493899 127 0 127
0.208176 0.535661 -0.224710 76 0 153
0.251276 -0.033895 0.036261 153 0 76
-0.411011 -0.568484 -0.248101 76 153 0
0.375023 -0.050477 0.233818 153 0 76
0.133448 -0.039851 0.394630 153 0 76
-0.010482 -0.168475 0.050643 255 0 0
0.013337 -0.059511 0.443748 153 0 76
-0.335789 -0.694158 0.575535 127 0 127
0.002419 -0.168505 0.008172 255 0 0
0.156113 -0.062093 -0.180493 153 0 76
-0.016893 0.543759 -0.250872 76 0 153
0.105195 -0.052817 -0.038751 153 0 76
0.144284 -0.032962 0.351717 153 0 76
-0.353151 -0.006505 0.315812 153 0 76
-0.294760 0.518722 -0.218299 153 0 76
0.085643 -0.049383 0.078147 153 0 76
0.307402 0.543023 -0.188045 76 0 153
-0.073763 -0.047012 0.131199 153 0 76
-0.226847 -0.031568 0.202907 153 0 76
0.099347 -0.036468 0.321564 153 0 76
-0.237648 -0.000620 -0.142564 153 0 76
-0.297502 -0.017534 0.362555 153 0 76
-0.189780 0.716960 -0.273424 153 76 0
-0.332809 -0.019090 0.121407 153 0 76
-0.373615 -0.020144 0.184543 153 0 76
-0.315855 -0.020633 -0.073596 153 0 76
0.098655 0.421631 -0.215975 76 0 153
0.228398 -0.174030 0.045087 255 0 0
-0.097214 -0.036429 0.324784 153 0 76
-0.198943 -0.045847 -0.162749 153 0 76
0.262094 -0.109269 -0.006970 76 0 153
-0.262954 -0.148091 0.056075 255 0 0
0.023493 0.063619 -0.172599 76 0 153
-0.176711 -0.046784 -0.051108 153 0 76
0.321770 0.317693 -0.139289 76 0 153
0.041903 -0.047208 0.414215 153 0 76
0.375194 -0.324451 -0.147671 153 76 0
-0.291072 0.019109 -0.162095 153 0 76
-0.340440 -0.019541 0.396419 153 0 76
0.146175 0.202935 -0.152830 76 0 153
-0.060489 0.671680 -0.270086 153 76 0
0.320644 0.610304 -0.235397 76 0 153
0.371176 -0.018492 0.278641 153 0 76
0.248187 -0.120756 -0.151819 0 127 127
0.245393 0.581552 -0.224314 76 0 153
-0.299484 -0.030373 -0.154829 153 0 76
-0.245557 0.502970 -0.204945 76 0 153
-0.048302 -0.161919 0.004381 255 0 0
0.078557 0.738103 -0.303539 153 76 0
0.061392 -0.159226 0.003660 255 0 0
-0.051701 0.117319 -0.165784 76 0 153
0.058292 -0.110820 -0.183147 153 0 76
-0.207232 -0.039812 0.414016 153 0 76
-0.290100 0.100097 -0.150830 153 0 76
0.348447 -0.672353 0.520986 153 0 76
-0.162414 0.695991 -0.270441 153 76 0
0.329468 0.397488 -0.174770 76 0 153
-0.382629 -0.177228 0.038194 255 0 0
-0.002832 0.376655 -0.208895 76 0 153
-0.294531 0.274451 -0.127136 153 0 76
-0.271680 -0.019592 0.312278 153 0 76
-0.242422 0.058877 -0.135448 153 0 76
-0.237182 -0.081852 -0.188734 76 153 0
-0.245155 -0.017047 -0.168318 153 0 76
0.089561 -0.037402 0.368683 153 0 76
0.339826 -0.289473 0.204913 76 0 153
-0.081631 0.420995 -0.217128 76 0 153
0.342560 -0.177871 0.035798 255 0 0
-0.166705 -0.064136 0.450975 153 0 76
-0.316070 -0.718318 0.489002 127 0 127
-0.333209 -0.336529 0.310977 153 0 76
-0.184068 0.337733 -0.174797 76 0 153
0.291622 0.754189 -0.271967 76 0 153
0.256390 0.323109 -0.182965 76 0 153
0.235534 -0.023876 0.351122 153 0 76
-0.144459 -0.105531 0.460713 153 0 76
-0.232268 -0.141448 0.016085 153 0 76
0.323823 0.361930 -0.168529 76 0 153
-0.015551 0.075036 -0.172599 76 0 153
0.180345 0.039973 -0.147899 76 0 153
0.072142 -0.048089 0.108667 153 0 76
-0.070680 0.234675 -0.173510 76 0 153
0.249558 -0.036621 -0.158708 153 0 76
-0.339629 -0.221879 0.177804 153 0 76
-0.071754 0.052357 -0.169245 76 0 153
-0.313288 -0.051368 0.443678 153 0 76
0.239131 -0.026703 0.249342 153 0 76
-0.018677 0.629157 -0.262499 153 76 0
-0.295498 0.547958 -0.222042 153 0 76
-0.044255 -0.127041 0.040033 255 0 0
0.228276 0.070319 -0.161232 76 0 153
0.337632 -0.367020 0.287051 76 0 153
0.373179 -0.703370 0.503755 153 76 0
-0.023006 -0.058474 -0.095315 153 0 76
-0.058097 -0.056145 -0.054924 153 0 76
0.042433 -0.036479 -0.179129 76 0 153
-0.415997 -0.673989 -0.276775 255 0 0
-0.307429 -0.723897 0.570663 0 127 127
-0.289829 0.376703 -0.197491 153 0 76
-0.244871 0.640110 -0.240888 153 76 0
-0.395232 -0.396638 -0.162250 76 153 0
0.251183 -0.115379 0.019487 0 127 127
-0.269983 -0.133136 -0.104014 153 0 76
0.037435 -0.139980 0.434392 153 0 76
0.088662 0.535585 -0.245766 76 0 153
0.166840 -0.044364 0.016980 153 0 76
-0.393458 -0.260164 -0.055208 76 153 0
0.391489 -0.459922 -0.199371 153 76 0
0.117420 -0.036610 0.289109 153 0 76
-0.319992 0.305014 -0.132346 153 0 76
0.315719 -0.754490 0.530539 76 0 153
0.188860 0.321175 -0.168840 76 0 153
-0.405095 -0.694960 -0.225651 255 0 0
-0.181514 0.246853 -0.153065 76 0 153
-0.338863 0.756642 -0.285322 153 0 76
-0.066629 0.587659 -0.255443 153 76 0
-0.244622 0.039135 -0.160205 153 0 76
0.349197 0.525745 -0.177453 76 0 153
-0.337460 -0.019396 0.090935 153 0 76
0.205571 -0.048531 -0.168160 153 0 76
-0.046640 0.724632 -0.292978 153 76 0
-0.274155 0.470578 -0.181062 153 0 76
0.270438 0.632400 -0.227820 153 76 0
0.032119 -0.042383 0.235593 153 0 76
-0.255384 0.531115 -0.209057 76 0 153
-0.448450 -0.699913 -0.231391 127 127 0
-0.353660 -0.380760 0.346882 153 0 76
-0.265783 0.295607 -0.188491 153 0 76
0.171766 -0.045925 -0.042140 153 0 76
0.449430 -0.685691 -0.258818 204 51 127
0.120986 0.015107 -0.162443 76 0 153
-0.366309 -0.089090 0.107523 153 0 76
0.359666 0.676848 -0.236263 76 0 153
0.351221 -0.295724 0.256207 76 0 153
-0.125720 -0.043124 0.149538 153 0 76
0.157113 -0.031496 0.321722 153 0 76
-0.258055 -0.050512 0.443878 153 0 76
0.276176 -0.025472 0.169200 153 0 76
-0.331441 -0.197635 0.080582 153 0 76
-0.385623 -0.236978 -0.030275 76 153 0
-0.378695 -0.020502 0.360209 153 0 76
0.249837 0.436084 -0.181133 76 0 153
0.228835 0.242718 -0.137898 76 0 153
0.081661 0.456974 -0.227623 76 0 153
-0.194796 0.378275 -0.183664 76 0 153
-0.071126 -0.050034 0.073278 153 0 76
-0.293774 0.570009 -0.202414 153 0 76
-0.296170 -0.025374 0.126617 153 0 76
-0.130565 -0.137204 0.430917 153 0 76
0.261762 0.398083 -0.164148 76 0 153
-0.202005 0.280312 -0.155868 76 0 153
0.154055 0.163842 -0.144605 76 0 153
-0.340608 0.572357 -0.218941 153 0 76
0.017685 -0.085780 -0.195402 153 0 76
-0.349630 -0.126867 0.039385 255 0 0
0.036905 -0.055545 -0.026999 153 0 76
-0.246778 -0.027977 -0.212791 153 0 76
-0.276945 -0.029183 -0.074746 153 0 76
0.404896 -0.354606 -0.134579 153 76 0
-0.357738 -0.353919 0.319057 153 0 76
-0.274492 -0.020924 0.278131 153 0 76
0.303426 -0.029529 -0.180732 0 127 127
-0.262389 -0.028138 0.170889 153 0 76
0.281603 0.046934 -0.131277 76 0 153
0.041766 -0.051158 0.059145 153 0 76
0.117693 -0.041674 0.187604 153 0 76
-0.248258 -0.086416 -0.108165 153 0 76
0.330679 -0.350921 0.327352 76 0 153
-0.226982 0.222513 -0.136275 153 0 76
-0.334237 -0.564615 0.438965 153 0 76
-0.376025 -0.062690 0.066517 153 0 76
-0.019873 -0.075094 -0.193697 153 0 76
-0.378019 -0.724030 -0.249214 0 255 0
-0.373152 -0.050705 0.010763 153 0 76
0.295075 0.292163 -0.129294 76 0 153
-0.026124 -0.037728 0.345202 153 0 76
-0.263755 0.235378 -0.128313 153 0 76
-0.147164 -0.033180 0.316677 153 0 76
-0.012525 -0.053661 0.428383 153 0 76
-0.327612 -0.300498 0.263833 153 0 76
0.230321 -0.037348 -0.055706 153 0 76
0.065340 -0.058713 -0.176221 153 0 76
-0.121029 0.049699 -0.160405 76 0 153
-0.038500 0.350404 -0.202415 76 0 153
-0.314634 0.187126 -0.151134 153 0 76
-0.340990 0.725848 -0.273534 153 0 76
-0.378449 -0.680366 0.545239 76 153 0
0.375185 -0.169093 0.050026 255 0 0
-0.354140 -0.371972 0.296138 153 0 76
0.224247 0.123769 -0.166597 76 0 153
0.133324 -0.120962 0.460720 153 0 76
-0.069354 0.329196 -0.194160 76 0 153
0.004132 0.432728 -0.224371 76 0 153
0.058364 -0.132193 0.455829 153 0 76
-0.106023 -0.055973 -0.174477 153 0 76
0.140468 0.251438 -0.164429 76 0 153
0.135750 -0.046877 0.054122 153 0 76
-0.175308 -0.045763 -0.110132 153 0 76
-0.154313 -0.047602 -0.149533 153 0 76
0.163975 -0.036512 0.214256 153 0 76
0.028660 -0.045499 0.176139 153 0 76
0.174408 0.266725 -0.159732 76 0 153
0.353307 -0.556901 0.468526 76 0 153
0.228700 -0.086077 -0.155210 76 0 153
0.036297 0.476668 -0.236526 76 0 153
-0.272369 0.212562 -0.181911 153 0 76
-0.283722 0.667050 -0.235911 76 0 153
0.258258 -0.026106 0.213321 153 0 76
0.115648 -0.171607 0.011276 255 0 0
-0.135231 0.710883 -0.277073 153 76 0
-0.338926 -0.530791 0.459851 153 0 76
0.308297 0.653485 -0.254164 76 0 153
0.128807 0.332628 -0.187312 76 0 153
0.123108 0.401277 -0.207268 76 0 153
0.338892 -0.013861 0.180295 153 0 76
-0.374402 -0.072278 0.028162 153 0 76
-0.167933 -0.121478 0.455944 153 0 76
-0.223322 -0.048855 0.438786 153 0 76
-0.246726 -0.028587 0.389773 153 0 76
0.193409 -0.039157 0.109969 153 0 76
0.307873 -0.698224 0.577604 153 0 76
-0.190468 -0.175201 0.014870 255 0 0
0.196888 -0.027805 0.330273 153 0 76
-0.294168 -0.098097 0.451082 153 0 76
0.357348 -0.166094 0.005762 255 0 0
-0.258600 0.157458 -0.188251 153 0 76
-0.335085 -0.683199 0.505379 127 0 127
0.367891 -0.011702 0.337130 153 0 76
0.225672 -0.032451 0.169804 153 0 76
-0.274922 -0.085150 -0.114915 76 153 0
0.089156 -0.055062 -0.069643 153 0 76
-0.139570 -0.050191 -0.096470 153 0 76
0.301504 -0.025242 0.070818 153 0 76
-0.225017 -0.040078 -0.035257 153 0 76
0.136237 0.570987 -0.246146 76 0 153
0.371045 -0.022709 0.221309 153 0 76
0.154629 0.423496 -0.207212 76 0 153
-0.287313 0.086970 -0.192250 153 0 76
0.296113 -0.723600 0.565683 76 0 153
0.261268 -0.030031 0.125885 153 0 76
0.159531 -0.033380 0.374566 153 0 76
0.290164 0.019549 -0.200766 76 0 153
-0.241215 0.265782 -0.140469 153 0 76
0.097285 -0.149476 0.002340 255 0 0
0.208867 0.080933 -0.137598 76 0 153
-0.132297 0.534938 -0.242048 76 0 153
-0.351499 0.618852 -0.206930 153 0 76
0.210709 -0.038765 0.077226 153 0 76
0.298059 -0.023886 0.118034 153 0 76
-0.308088 -0.152565 0.034856 76 153 0
-0.379483 -0.062784 0.167341 153 0 76
0.128351 0.618512 -0.253804 153 76 0
-0.436125 -0.738902 -0.296155 127 127 0
-0.085234 -0.074281 0.456331 153 0 76
0.193365 -0.043504 -0.065441 153 0 76
0.298623 -0.032367 0.425013 153 0 76
-0.096272 0.368016 -0.200572 76 0 153
-0.022662 0.406400 -0.217083 76 0 153
0.339438 -0.718127 0.488075 153 0 76
0.248437 -0.005742 -0.141666 76 0 153
0.084053 0.059930 -0.165990 76 0 153
0.364557 -0.225127 -0.065518 153 76 0
0.233682 -0.125975 -0.113808 0 127 127
-0.433982 -0.649425 -0.287907 76 153 0
-0.193776 0.631533 -0.247589 153 76 0
0.229575 0.194651 -0.153711 76 0 153
-0.288974 0.023134 -0.200974 153 0 76
-0.102903 -0.051139 0.011619 153 0 76
0.315691 -0.294559 0.237138 76 0 153
0.012318 0.735099 -0.300758 153 76 0
0.068864 0.132884 -0.163080 76 0 153
-0.157997 -0.031169 0.341964 153 0 76
0.117292 0.272488 -0.174501 76 0 153
-0.365133 -0.048927 -0.106196 153 0 76
-0.241674 0.177479 -0.124091 153 0 76
0.073456 -0.056684 -0.119374 153 0 76
-0.015086 -0.044610 0.207839 153 0 76
-0.023990 0.698100 -0.279327 153 76 0
0.376625 -0.049019 0.321132 153 0 76
0.337961 0.498980 -0.196031 76 0 153
-0.341487 -0.018186 -0.001299 153 0 76
0.175139 -0.044016 -0.137926 153 0 76
0.192191 -0.042049 -0.009701 153 0 76
0.028791 0.164537 -0.168586 76 0 153
-0.365280 -0.024888 0.029902 153 0 76
0.351221 -0.082419 -0.061893 153 0 76
0.424515 -0.537765 -0.247775 153 76 0
-0.113695 0.407916 -0.209874 76 0 153
0.341915 -0.224949 0.181033 76 0 153
-0.348468 -0.461619 0.416988 153 0 76
0.053737 -0.056120 -0.061735 153 0 76
0.316555 0.215368 -0.134050 76 0 153
-0.125229 0.737216 -0.295284 153 76 0
-0.174633 0.212920 -0.148089 76 0 153
-0.412735 -0.687767 -0.300163 255 0 0
0.191168 -0.041971 0.058310 153 0 76
-0.297634 0.639536 -0.247290 76 0 153
-0.030590 -0.056328 -0.037005 153 0 76
0.249157 -0.026182 0.381297 153 0 76
-0.015238 0.246623 -0.180023 76 0 153
0.068849 0.393539 -0.211308 76 0 153
-0.360060 -0.169354 0.055443 153 0 76
-0.420624 -0.383405 -0.176997 76 153 0
0.240755 0.675730 -0.244421 153 76 0
-0.120287 -0.037922 0.267401 153 0 76
0.325324 -0.015253 0.205811 153 0 76
0.315715 -0.579225 0.458001 76 0 153
-0.081252 0.706258 -0.279296 153 76 0
0.449398 -0.710378 -0.301634 204 51 127
0.227378 -0.152396 0.029056 76 0 153
0.315234 -0.323417 0.268797 76 0 153
0.204001 0.445730 -0.201009 76 0 153
-0.136994 -0.046593 0.060241 153 0 76
-0.384584 -0.402429 -0.196618 76 153 0
-0.239817 0.350240 -0.161450 153 0 76
-0.091826 0.540401 -0.246457 76 0 153
-0.355939 -0.165617 0.005372 255 0 0
0.218589 0.692112 -0.254547 153 76 0
0.329992 -0.016365 0.379055 153 0 76
-0.384348 -0.045082 0.390115 153 0 76
-0.114288 0.693238 -0.273756 153 76 0
0.331572 0.264526 -0.151352 76 0 153
0.181103 0.508268 -0.225536 76 0 153
0.237936 0.630526 -0.236063 153 76 0
0.380933 -0.732669 -0.299935 153 0 76
-0.305132 -0.753071 0.527382 0 127 127
-0.300987 -0.149929 -0.014669 153 0 76
0.332903 -0.019273 0.077239 153 0 76
0.285410 -0.126917 -0.132410 0 127 127
0.138086 -0.047739 -0.006842 153 0 76
0.163745 0.114672 -0.144312 76 0 153
0.089939 0.486247 -0.234908 76 0 153
0.300145 -0.119752 0.002094 0 127 127
0.308450 0.093866 -0.151278 76 0 153
0.271409 0.157052 -0.117621 76 0 153
-0.308346 0.227848 -0.161528 153 0 76
-0.369153 -0.074568 0.431732 153 0 76
-0.074820 0.612941 -0.258253 153 76 0
0.050137 0.577537 -0.255066 76 0 153
0.334183 -0.392072 0.361758 76 0 153
-0.231470 0.106575 -0.163152 153 0 76
-0.204555 0.512376 -0.220715 76 0 153
-0.049279 0.150125 -0.163324 76 0 153
0.157660 0.301434 -0.172183 76 0 153
0.109964 -0.084710 0.460327 153 0 76
0.162153 -0.126720 0.038834 255 0 0
0.209774 -0.039165 -0.107914 153 0 76
-0.297993 0.341214 -0.187707 153 0 76
0.038055 0.625741 -0.261899 153 76 0
0.376118 -0.053980 0.294308 153 0 76
-0.261199 0.244621 -0.184758 153 0 76
0.097502 0.712022 -0.276611 153 76 0
0.225685 0.597643 -0.232124 153 76 0
0.339736 -0.035201 -0.145329 153 0 76
0.110261 -0.091647 -0.187394 153 0 76
0.188355 0.565106 -0.234872 76 0 153
0.099002 0.662545 -0.263500 153 76 0
-0.095383 -0.127286 0.458581 153 0 76
0.285030 0.062398 -0.193166 76 0 153
0.067837 -0.037553 0.315933 153 0 76
0.331549 -0.470621 0.423614 76 0 153
0.239519 0.044944 -0.204477 76 0 153
-0.304056 -0.026765 0.075723 153 0 76
-0.225231 0.314497 -0.158048 76 0 153
0.295594 0.700064 -0.274127 76 0 153
-0.365890 -0.032263 -0.060231 153 0 76
0.288410 0.339907 -0.188652 76 0 153
-0.235240 0.187976 -0.181369 153 0 76
-0.270458 0.053436 -0.131398 153 0 76
0.234997 0.352651 -0.162922 76 0 153
-0.402481 -0.211929 -0.033680 76 153 0
-0.272797 -0.029738 0.104835 153 0 76
-0.153193 0.288390 -0.170771 76 0 153
-0.233906 -0.096433 0.455696 153 0 76
-0.127065 -0.124761 0.027261 255 0 0
-0.008110 0.653153 -0.265651 153 76 0
0.369367 -0.282039 -0.113576 153 76 0
-0.236699 -0.134029 -0.060923 76 153 0
0.016810 -0.059518 -0.159372 153 0 76
-0.017421 -0.139100 0.432117 153 0 76
-0.247310 0.054692 -0.203123 153 0 76
-0.349196 0.455725 -0.180819 153 0 76
-0.271002 0.616383 -0.226018 76 0 153
0.425155 -0.560668 -0.262753 153 76 0
0.400938 -0.179045 0.031420 255 0 0
0.233154 0.085363 -0.197945 76 0 153
0.244313 -0.144064 -0.054920 0 127 127
0.118329 -0.034711 0.342633 153 0 76
-0.284456 0.140345 -0.145232 153 0 76
-0.104758 0.460792 -0.226044 76 0 153
-0.249626 -0.119723 -0.153750 76 153 0
0.391296 -0.546487 -0.272510 153 76 0
0.315974 -0.179411 0.090877 76 0 153
-0.294619 0.478137 -0.197390 153 0 76
0.372822 -0.047982 0.158001 153 0 76
-0.455465 -0.729374 -0.236470 127 127 0
-0.324889 -0.552917 0.467240 153 0 76
-0.351190 -0.326594 0.250559 153 0 76
0.293835 0.558731 -0.228807 76 0 153
0.160490 -0.179254 0.028143 255 0 0
0.109442 0.108284 -0.156723 76 0 153
0.352396 0.446472 -0.167631 76 0 153
0.354515 -0.025192 0.417779 153 0 76
0.353182 -0.219365 0.149377 76 0 153
0.346212 -0.073527 -0.113343 153 0 76
0.244530 0.019389 -0.208034 76 0 153
0.327121 0.648678 -0.217078 76 0 153
-0.207679 0.421899 -0.193013 76 0 153
0.081054 0.107582 -0.162807 76 0 153
0.070913 -0.033174 -0.176248 76 0 153
0.226194 -0.124344 -0.081717 76 0 153
0.411037 -0.615269 -0.263798 153 76 0
-0.295226 -0.029680 0.410162 153 0 76
0.410906 -0.397783 -0.167840 153 76 0
-0.233487 0.748425 -0.287119 153 76 0
-0.287094 -0.115065 0.019155 76 153 0
0.351417 -0.020401 -0.121631 153 0 76
-0.350887 0.726644 -0.248549 153 0 76
0.289802 -0.099695 -0.048690 76 0 153
0.276199 -0.105211 0.449259 153 0 76
0.155519 0.524685 -0.235763 76 0 153
0.043027 0.501029 -0.243253 76 0 153
0.270084 -0.139040 0.053650 255 0 0
0.003383 -0.054418 0.006036 153 0 76
-0.299585 -0.131350 -0.101244 76 153 0
0.270827 0.581538 -0.214729 76 0 153
0.253925 0.244770 -0.131255 76 0 153
0.345235 -0.530538 0.418904 76 0 153
0.244271 0.012672 -0.162990 76 0 153
-0.196875 0.660635 -0.254336 153 76 0
-0.082572 -0.046809 0.413233 153 0 76
-0.347814 -0.632764 0.516529 153 0 76
0.038525 -0.100890 0.463164 153 0 76
-0.133608 -0.044123 0.117331 153 0 76
0.084686 -0.039828 0.264965 153 0 76
-0.066767 -0.138761 0.445815 153 0 76
0.277887 0.117655 -0.148388 76 0 153
-0.371929 -0.222428 -0.059386 76 153 0
0.428086 -0.668445 -0.304284 153 76 0
0.111640 -0.047523 0.077286 153 0 76
0.399475 -0.402518 -0.209530 153 76 0
0.249434 0.275402 -0.138367 76 0 153
-0.432599 -0.568393 -0.266277 76 153 0
0.225764 -0.036944 0.025697 153 0 76
0.175242 -0.037736 0.172207 153 0 76
0.299699 0.475964 -0.169558 76 0 153
0.407305 -0.510453 -0.265629 153 76 0
0.128659 0.706204 -0.274165 153 76 0
0.261873 0.031438 -0.160380 76 0 153
0.127888 0.483838 -0.230561 76 0 153
0.048664 0.705603 -0.279051 153 76 0
0.277262 -0.024005 0.195932 153 0 76
0.341153 0.557085 -0.209012 76 0 153
-0.115695 -0.082322 -0.190996 153 0 76
-0.312130 -0.089307 -0.168101 76 153 0
0.376999 -0.237270 -0.029981 153 76 0
0.015490 0.703430 -0.280549 153 76 0
-0.305084 -0.081049 -0.193127 76 153 0
-0.335430 -0.014676 0.212537 153 0 76
-0.263791 0.355064 -0.153352 153 0 76
0.268391 0.375327 -0.181856 76 0 153
-0.094702 -0.149001 0.056319 255 0 0
0.401826 -0.360402 -0.177450 153 76 0
-0.225321 0.548068 -0.224786 76 0 153
-0.221856 -0.039371 -0.078850 153 0 76
0.254676 0.125550 -0.124198 76 0 153
0.300889 0.346141 -0.137464 76 0 153
0.002990 -0.057850 -0.062443 153 0 76
0.346990 -0.263378 0.224876 76 0 153
0.042052 -0.179447 0.028862 255 0 0
0.309477 0.460092 -0.204841 76 0 153
-0.156297 0.611564 -0.251664 153 76 0
-0.146701 -0.079233 0.458592 153 0 76
0.064585 0.629082 -0.260699 153 76 0
-0.244879 0.400587 -0.174230 153 0 76
0.391302 -0.187509 0.005963 153 76 0
0.159008 0.549918 -0.238867 76 0 153
-0.358230 -0.725522 0.487175 127 0 127
0.352741 -0.346845 0.282096 76 0 153
-0.060158 -0.057419 -0.107651 153 0 76
-0.354546 -0.015264 0.135354 153 0 76
-0.156082 0.258622 -0.162692 76 0 153
-0.299397 0.431609 -0.206636 153 0 76
0.300100 -0.018793 0.373291 153 0 76
0.284593 -0.069883 0.450339 153 0 76
0.230623 0.747574 -0.284053 153 76 0
0.016635 0.661111 -0.267415 153 76 0
0.315564 -0.386115 0.331911 76 0 153
-0.383792 -0.045103 0.335787 153 0 76
-0.394808 -0.223387 -0.070858 76 153 0
0.226672 0.430491 -0.190488 76 0 153
0.360683 -0.078369 0.433489 153 0 76
0.227199 -0.039506 -0.181119 0 127 127
0.230410 -0.144613 0.003643 76 0 153
0.027613 -0.139336 0.005057 255 0 0
0.238382 -0.144222 0.055038 255 0 0
0.303301 -0.105278 -0.162526 0 127 127
0.091147 -0.052084 0.432683 153 0 76
0.356067 0.548080 -0.187795 76 0 153
0.056347 0.453834 -0.229140 76 0 153
0.209852 -0.032531 0.205370 153 0 76
0.202058 0.746113 -0.294677 153 76 0
0.250875 0.082449 -0.153285 76 0 153
0.221611 0.480183 -0.206702 76 0 153
-0.056447 0.383342 -0.209589 76 0 153
0.351854 -0.647543 0.514199 76 0 153
-0.325333 -0.307836 0.239050 153 0 76
0.142630 0.726684 -0.285715 153 76 0
0.033711 0.285311 -0.188282 76 0 153
-0.377708 -0.038423 0.113099 153 0 76
0.078150 -0.153586 0.056638 255 0 0
0.362174 -0.027200 0.037901 153 0 76
0.015213 0.210161 -0.174047 76 0 153
0.231957 -0.090794 -0.120731 0 127 127
0.248227 -0.118553 0.422803 153 0 76
-0.304896 0.613011 -0.212689 153 0 76
-0.187943 0.738962 -0.289538 153 76 0
-0.315673 0.733123 -0.283875 153 0 76
-0.375577 -0.306042 -0.111127 76 153 0
-0.255126 -0.160991 0.019917 76 153 0
0.288703 -0.141992 -0.064358 0 127 127
-0.012168 0.494902 -0.241599 76 0 153
-0.407608 -0.159712 0.003790 255 0 0
-0.343996 0.534941 -0.206545 153 0 76
0.038317 -0.056268 0.437893 153 0 76
-0.060768 0.076330 -0.168310 76 0 153
-0.052222 -0.039504 0.293271 153 0 76
-0.196660 0.041246 -0.144879 153 0 76
0.274919 -0.152424 0.001837 76 0 153
-0.323508 0.661275 -0.223244 153 0 76
0.307658 -0.008554 -0.163970 76 0 153
0.327240 -0.425498 0.388310 76 0 153
-0.429401 -0.516291 -0.250136 76 153 0
-0.298006 -0.021666 -0.122390 153 0 76
0.211891 -0.129489 0.044831 255 0 0
-0.323206 -0.603556 0.469806 153 0 76
-0.456501 -0.696602 -0.275987 127 127 0
0.364740 0.712814 -0.261226 76 0 153
0.360717 -0.050523 -0.070068 153 0 76
0.097616 0.362286 -0.198954 76 0 153
-0.100027 0.204529 -0.163474 76 0 153
-0.266153 -0.125858 0.035618 76 153 0
-0.334883 -0.432110 0.347012 153 0 76
-0.046218 -0.058367 -0.145225 153 0 76
-0.301292 0.327619 -0.134289 153 0 76
0.334436 -0.174762 0.108535 76 0 153
-0.359201 0.743839 -0.273907 153 0 76
-0.019735 -0.125623 0.034742 255 0 0
0.341501 0.606600 -0.221893 76 0 153
-0.302486 0.688298 -0.269293 153 0 76
-0.382074 -0.738273 0.531985 76 153 0
-0.061921 0.295515 -0.187957 76 0 153
-0.230604 -0.138546 0.043216 76 153 0
-0.224362 -0.049820 -0.170095 153 0 76
0.190943 0.355140 -0.177306 76 0 153
0.328555 -0.087808 0.447313 153 0 76
0.230237 0.551726 -0.222466 76 0 153
0.138178 0.045828 -0.156426 76 0 153
0.426148 -0.587280 -0.281289 153 76 0
0.267745 -0.029608 -0.079789 153 0 76
0.257470 0.460038 -0.184989 76 0 153
0.338812 -0.217038 0.105737 76 0 153
0.112844 -0.143139 0.054748 255 0 0
0.228304 0.326840 -0.159016 76 0 153
0.190273 0.122825 -0.137335 76 0 153
0.029353 -0.063393 -0.186128 153 0 76
-0.362470 -0.026245 -0.084261 153 0 76
-0.049587 0.207799 -0.172562 76 0 153
-0.267511 -0.135945 0.007498 255 0 0
0.315849 0.514453 -0.213762 76 0 153
-0.260763 -0.033333 -0.052840 153 0 76
-0.063278 -0.080267 -0.193517 153 0 76
-0.371613 -0.057310 -0.013337 153 0 76
-0.403726 -0.722944 -0.312287 0 255 0
0.317523 -0.503017 0.412206 76 0 153
0.391048 -0.383525 -0.151389 153 76 0
-0.320893 -0.411928 0.351216 153 0 76
-0.360405 -0.511690 0.417832 153 0 76
0.338002 -0.012064 0.226982 153 0 76
0.366962 -0.088794 0.348223 153 0 76
0.237769 0.139714 -0.145320 76 0 153
-0.281997 -0.014330 -0.166746 153 0 76
0.163362 0.087955 -0.147063 76 0 153
-0.222732 0.591043 -0.234856 153 76 0
0.155925 -0.160071 0.003886 255 0 0
-0.215234 0.114549 -0.133264 153 0 76
0.083881 -0.177739 0.036292 255 0 0
0.083493 0.594933 -0.254517 153 76 0
0.337848 0.755940 -0.276075 76 0 153
-0.274152 0.138175 -0.187368 153 0 76
0.029318 0.425697 -0.222458 76 0 153
-0.212672 -0.032674 0.390228 153 0 76
0.367831 0.531533 -0.207078 76 0 153
-0.330876 0.360547 -0.167939 153 0 76
0.210806 -0.030889 0.236345 153 0 76
0.094280 -0.040990 0.236861 153 0 76
-0.297105 0.460558 -0.167772 153 0 76
-0.099030 0.735636 -0.297134 153 76 0
-0.228064 -0.179091 0.031250 255 0 0
-0.362454 -0.089757 -0.019461 153 0 76
-0.108263 -0.014354 -0.168070 76 0 153
0.279455 0.132810 -0.120819 76 0 153
0.073646 0.503678 -0.241244 76 0 153
-0.363963 -0.534406 0.436932 153 0 76
0.363854 -0.250544 -0.081678 153 76 0
0.337932 -0.148376 0.002635 255 0 0
-0.197140 -0.034725 0.204611 153 0 76
0.303940 -0.021055 0.160054 153 0 76
0.266794 0.349488 -0.170400 76 0 153
0.315609 -0.206331 0.124302 76 0 153
-0.160395 0.341329 -0.181996 76 0 153
0.227635 -0.030844 0.395873 153 0 76
0.357672 -0.008355 0.305730 153 0 76
-0.398644 -0.588184 -0.287770 76 153 0
0.303409 0.138658 -0.147191 76 0 153
0.003192 -0.129471 0.459761 153 0 76
0.276418 -0.176763 0.039928 255 0 0
0.352291 -0.014808 0.153779 153 0 76
-0.248626 -0.024305 0.361259 153 0 76
0.317689 -0.352775 0.288734 76 0 153
-0.140595 -0.087603 -0.185297 153 0 76
-0.267496 0.286994 -0.136616 153 0 76
-0.271480 0.036161 -0.159723 153 0 76
0.231243 -0.111027 -0.033458 0 127 127
-0.316016 0.437177 -0.154256 153 0 76
-0.191772 -0.041387 0.086898 153 0 76
-0.312481 0.110143 -0.158667 153 0 76
0.323991 -0.674307 0.515705 153 0 76
-0.291014 0.105158 -0.126484 153 0 76
-0.081217 0.513394 -0.243606 76 0 153
0.142724 -0.049174 -0.065215 153 0 76
0.053047 -0.045121 0.174027 153 0 76
0.335219 0.425442 -0.178027 76 0 153
-0.320811 -0.637049 0.505339 153 0 76
0.051251 -0.053334 0.012689 153 0 76
0.356134 0.571857 -0.194761 76 0 153
-0.098802 -0.100714 -0.187966 153 0 76
-0.219515 -0.038163 -0.127507 153 0 76
-0.190343 -0.127354 0.041203 255 0 0
-0.281298 -0.069154 -0.206068 153 0 76
0.245409 -0.033660 0.098789 153 0 76
0.323739 0.720280 -0.244574 76 0 153
0.349242 -0.323985 0.249638 76 0 153
-0.362629 -0.327705 0.272355 153 0 76
0.375086 -0.724616 0.558532 153 76 0
0.077042 -0.050723 0.055355 153 0 76
0.345039 0.731364 -0.249173 76 0 153
0.296536 -0.686569 0.531577 76 0 153
0.225868 -0.013767 -0.146207 76 0 153
0.270615 -0.021743 0.265877 153 0 76
-0.339594 -0.014740 -0.091915 153 0 76
0.318276 -0.013804 0.266440 153 0 76
0.448831 -0.738195 -0.258167 204 51 127
-0.010687 -0.059290 -0.118679 153 0 76
-0.231626 -0.103940 -0.121823 76 153 0
-0.390443 -0.489859 -0.242377 76 153 0
-0.370057 -0.026585 0.053724 153 0 76
0.110499 0.156163 -0.153875 76 0 153
-0.307116 0.257128 -0.158887 153 0 76
-0.330513 -0.177596 0.036824 255 0 0
0.297362 -0.140376 -0.041003 0 127 127
0.059516 -0.037427 0.361358 153 0 76
0.448839 -0.702472 -0.239340 204 51 127
0.269599 -0.151159 -0.023678 0 127 127
0.351341 -0.652578 0.488334 76 0 153
-0.437168 -0.688952 -0.301019 255 0 0
-0.138794 0.564671 -0.246549 76 0 153
-0.253216 -0.040481 -0.161662 153 0 76
-0.086906 0.655268 -0.264264 153 76 0
-0.350612 -0.012618 0.186699 153 0 76
-0.271706 0.696536 -0.249959 153 76 0
-0.279514 0.375405 -0.175551 153 0 76
0.356357 -0.199809 -0.021294 153 76 0
0.064712 0.012706 -0.173278 76 0 153
-0.218963 0.195944 -0.133080 153 0 76
-0.419508 -0.472902 -0.206093 76 153 0
-0.109183 0.089566 -0.159469 76 0 153
0.182155 0.065035 -0.144981 76 0 153
0.133977 -0.041351 0.169645 153 0 76
0.347422 -0.326346 0.298359 76 0 153
0.264654 0.243533 -0.181599 76 0 153
0.243264 -0.023455 0.302051 153 0 76
0.396052 -0.215644 -0.025276 153 76 0
0.302661 -0.019651 -0.135901 153 0 76
-0.264509 -0.097685 -0.058046 76 153 0
-0.291063 0.424942 -0.184536 153 0 76
0.336263 0.662397 -0.247020 76 0 153
0.313514 -0.646009 0.506275 76 0 153
0.060600 -0.057475 -0.141733 153 0 76
-0.406853 -0.498791 -0.215112 76 153 0
-0.323264 0.545006 -0.182368 153 0 76
0.123237 -0.039180 0.230178 153 0 76
-0.242484 -0.151503 -0.007313 76 153 0
-0.332884 -0.095936 0.445936 153 0 76
0.286712 0.532937 -0.215213 76 0 153
-0.390686 -0.516316 -0.254164 76 153 0
0.037796 0.085415 -0.169595 76 0 153
-0.157986 -0.034875 0.266562 153 0 76
-0.342995 -0.026111 0.420258 153 0 76
0.296615 -0.709298 0.507615 76 0 153
-0.377484 -0.685336 -0.263940 0 255 0
0.234604 0.108702 -0.129749 76 0 153
0.065299 0.087198 -0.167119 76 0 153
0.410362 -0.348252 -0.157445 153 76 0
-0.267100 0.002778 -0.138034 153 0 76
-0.343470 0.703961 -0.263782 153 0 76
0.184246 -0.035550 0.199269 153 0 76
-0.407324 -0.340683 -0.163517 76 153 0
0.303585 0.634843 -0.218650 76 0 153
0.113799 0.530401 -0.242494 76 0 153
0.334474 -0.015291 -0.090003 153 0 76
-0.344242 0.491129 -0.194503 153 0 76
0.184718 -0.044088 -0.087864 153 0 76
0.257457 0.308473 -0.162627 76 0 153
-0.170806 -0.045507 0.424097 153 0 76
-0.150178 0.653249 -0.259992 153 76 0
0.375252 -0.388055 -0.183091 153 76 0
-0.316067 -0.013529 0.342834 153 0 76
0.284520 -0.013385 -0.210374 76 0 153
0.108895 0.442777 -0.220898 76 0 153
-0.333895 -0.013743 -0.124437 153 0 76
-0.301271 0.393149 -0.147602 153 0 76
-0.309839 0.225733 -0.125385 153 0 76
-0.072294 -0.058675 -0.180298 153 0 76
-0.182264 -0.031444 0.291571 153 0 76
0.374623 -0.745847 0.534684 153 76 0
0.374099 -0.736407 0.506502 153 76 0
-0.300621 -0.031440 -0.212086 76 153 0
0.195405 0.194246 -0.138272 76 0 153
-0.174491 0.299325 -0.167816 76 0 153
0.314634 -0.535329 0.444980 76 0 153
0.377099 -0.079085 0.388085 153 0 76
0.308935 -0.062267 -0.154320 153 0 76
0.053585 0.673353 -0.269892 153 76 0
0.309465 0.391501 -0.144206 76 0 153
0.394160 -0.286267 -0.080535 153 76 0
0.009284 -0.041102 0.269498 153 0 76
-0.264041 0.114052 -0.125141 153 0 76
-0.111759 0.612259 -0.255842 153 76 0
0.139147 0.686022 -0.266705 153 76 0
0.316764 -0.457434 0.399647 76 0 153
0.281538 0.289563 -0.180497 76 0 153
-0.119760 -0.156768 0.055785 255 0 0
-0.346325 -0.295133 0.208596 153 0 76
-0.128050 -0.039526 0.399819 153 0 76
-0.423005 -0.624559 -0.305092 76 153 0
-0.137836 -0.177243 0.020648 255 0 0
-0.266830 -0.106113 -0.180566 76 153 0
0.320359 -0.022227 0.022300 153 0 76
0.223194 0.036866 -0.140266 76 0 153
-0.381553 -0.699780 0.520019 76 153 0
-0.398593 -0.584642 -0.260557 76 153 0
-0.378235 -0.740102 -0.270720 0 255 0
0.086637 -0.095721 0.461584 153 0 76
-0.313532 0.586314 -0.199939 153 0 76
-0.058863 0.431927 -0.222891 76 0 153
0.279603 0.222227 -0.120494 76 0 153
-0.298085 -0.023380 -0.094934 153 0 76
0.377411 -0.170984 -0.020830 153 76 0
0.044775 0.135252 -0.165051 76 0 153
-0.309558 0.463109 -0.208759 153 0 76
0.304636 -0.124841 -0.022204 0 127 127
-0.323641 -0.336408 0.281543 153 0 76
0.021055 -0.058596 -0.114938 153 0 76
0.018101 -0.051278 0.064175 153 0 76
0.202727 -0.028349 0.353324 153 0 76
-0.345023 0.475431 -0.164916 153 0 76
0.300598 0.180096 -0.166726 76 0 153
-0.238465 -0.125852 -0.104297 76 153 0
-0.151084 0.485461 -0.226679 76 0 153
-0.364013 -0.007754 0.346564 153 0 76
-0.134195 0.331561 -0.186290 76 0 153
0.401030 -0.653331 -0.312667 153 76 0
0.327450 -0.019596 -0.006544 153 0 76
0.144599 -0.027286 -0.161819 76 0 153
-0.231424 -0.081962 -0.164533 153 0 76
-0.277961 0.079914 -0.153638 153 0 76
-0.046654 -0.050701 0.072876 153 0 76
0.313043 0.495566 -0.169276 76 0 153
-0.046688 -0.148899 0.056291 255 0 0
-0.040618 0.257094 -0.182292 76 0 153
0.156466 -0.143296 0.054790 255 0 0
0.179087 -0.144057 0.003792 255 0 0
0.086958 -0.054014 -0.021585 153 0 76
-0.224902 0.376659 -0.175360 76 0 153
0.394498 -0.585007 -0.288598 153 76 0
0.202949 0.284339 -0.156855 76 0 153
0.319463 -0.179195 0.030863 255 0 0
0.273343 -0.056243 -0.212069 0 127 127
-0.363699 -0.572420 0.463702 153 0 76
0.342877 0.353238 -0.155495 76 0 153
0.304774 0.059312 -0.167909 76 0 153
0.354823 0.651972 -0.222297 76 0 153
0.292198 0.174743 -0.119222 76 0 153
-0.287039 0.251252 -0.124367 153 0 76
-0.422724 -0.469894 -0.236715 76 153 0
0.075622 -0.044219 0.408177 153 0 76
0.387539 -0.501497 -0.252325 153 76 0
-0.383672 -0.072685 0.383992 153 0 76
0.230080 -0.030750 0.193372 153 0 76
-0.285121 -0.163725 0.033271 76 153 0
0.157905 -0.047100 -0.112362 153 0 76
0.316078 -0.217797 0.144942 76 0 153
-0.409162 -0.305170 -0.132972 76 153 0
0.178130 0.676758 -0.257206 153 76 0
-0.327761 0.394621 -0.142997 153 0 76
-0.391980 -0.321719 -0.142933 76 153 0
0.088120 -0.127406 0.458821 153 0 76
-0.346845 -0.012112 0.374352 153 0 76
-0.381778 -0.697771 0.560698 76 153 0
0.387540 -0.542903 -0.244966 153 76 0
-0.019773 -0.047039 0.157438 153 0 76
0.376869 -0.072937 0.364752 153 0 76
0.179101 0.166162 -0.139137 76 0 153
0.194371 -0.030405 0.281212 153 0 76
0.406181 -0.688955 -0.231327 76 0 153
0.361179 -0.028022 0.002860 153 0 76
0.133822 -0.057493 0.444305 153 0 76
0.350738 -0.607500 0.497223 76 0 153
-0.149095 -0.039265 0.197850 153 0 76
-0.235043 0.071440 -0.189957 153 0 76
0.304087 0.015533 -0.173288 76 0 153
-0.360757 -0.417311 0.366944 153 0 76
0.290435 0.412295 -0.203443 76 0 153
0.035023 0.526565 -0.248756 76 0 153
0.101058 -0.054203 -0.172942 153 0 76
-0.003948 0.139397 -0.168503 76 0 153
0.350551 -0.432810 0.385893 76 0 153
0.336582 0.732008 -0.274295 76 0 153
-0.047720 0.502409 -0.243717 76 0 153
-0.150339 -0.047338 0.025757 153 0 76
-0.198514 -0.023314 -0.151309 153 0 76
-0.304066 -0.021469 0.177572 153 0 76
0.357041 -0.498900 0.415180 76 0 153
0.356327 -0.461388 0.392407 76 0 153
0.346355 0.470517 -0.163534 76 0 153
-0.305126 -0.133623 -0.066713 153 0 76
-0.433908 -0.672833 -0.260886 255 0 0
0.052505 -0.042754 0.220414 153 0 76
-0.038308 0.678274 -0.273170 153 76 0
-0.365337 -0.092342 0.020419 153 0 76
-0.382359 -0.051308 0.251920 153 0 76
0.367752 -0.064864 0.038506 153 0 76
-0.407386 -0.246925 -0.070951 76 153 0
-0.368672 -0.068223 -0.055867 153 0 76
-0.298037 -0.017879 0.264895 153 0 76
0.260781 -0.028966 0.149687 153 0 76
-0.075839 0.471845 -0.232148 76 0 153
-0.231129 -0.121571 -0.038469 76 153 0
-0.120517 0.499347 -0.235591 76 0 153
0.220136 0.714245 -0.261735 153 76 0
0.371191 -0.040663 0.118223 153 0 76
-0.311836 0.393267 -0.192489 153 0 76
-0.395645 -0.625411 -0.289239 76 153 0
-0.057361 -0.053980 0.431759 153 0 76
-0.362548 -0.200336 -0.018785 76 153 0
0.392078 -0.691737 -0.303037 76 0 153
-0.264897 0.580145 -0.217243 76 0 153
-0.256079 0.159445 -0.121007 153 0 76
0.232500 0.098108 -0.151107 76 0 153
-0.400249 -0.543087 -0.272652 76 153 0
-0.260664 0.449866 -0.181113 153 0 76
-0.044778 -0.057652 -0.087133 153 0 76
-0.053956 -0.177386 0.021181 255 0 0
0.400423 -0.254220 -0.089534 153 76 0
-0.381756 -0.359912 -0.167978 76 153 0
0.009164 0.115792 -0.169798 76 0 153
-0.042909 0.006233 -0.175683 76 0 153
-0.376635 -0.257447 -0.095069 76 153 0
-0.114836 -0.035318 0.355881 153 0 76
-0.175985 -0.043702 0.066913 153 0 76
-0.110402 -0.138267 0.442858 153 0 76
0.302836 0.311852 -0.172366 76 0 153
-0.254815 -0.028175 0.192828 153 0 76
-0.324397 -0.210210 0.131757 153 0 76
-0.292762 -0.028995 0.034067 153 0 76
-0.320941 -0.450038 0.380526 153 0 76
0.375014 -0.032961 0.394668 153 0 76
0.229748 -0.121513 0.445524 153 0 76
-0.263976 -0.141019 -0.068894 76 153 0
-0.247514 -0.035820 0.045431 153 0 76
0.094573 0.228543 -0.168345 76 0 153
-0.361657 -0.248990 0.183926 153 0 76
-0.206236 0.090472 -0.137356 153 0 76
-0.171641 0.524687 -0.232790 76 0 153
0.134772 -0.074950 -0.186070 153 0 76
0.234957 -0.069159 0.452201 153 0 76
0.341098 -0.017167 0.048577 153 0 76
0.119473 -0.035058 -0.167260 76 0 153
0.131388 0.220536 -0.160186 76 0 153
0.186954 -0.065249 -0.177408 153 0 76
0.324557 -0.388822 0.310798 76 0 153
0.159158 -0.043471 0.088391 153 0 76
-0.365703 0.542103 -0.200631 153 0 76
-0.361940 -0.203149 0.121479 153 0 76
0.335902 -0.203114 0.083246 76 0 153
-0.305549 0.174788 -0.168418 153 0 76
-0.306068 -0.025464 -0.022186 153 0 76
0.072749 -0.045685 0.155329 153 0 76
-0.366624 -0.051638 0.432455 153 0 76
0.169670 0.386240 -0.192211 76 0 153
0.133929 -0.036858 0.257141 153 0 76
-0.068544 -0.038871 0.365731 153 0 76
0.198231 -0.040435 -0.129948 153 0 76
0.010845 0.288165 -0.188902 76 0 153
0.268189 0.710626 -0.251829 76 0 153
-0.157067 0.115701 -0.146010 76 0 153
0.286829 0.491879 -0.202721 76 0 153
-0.303001 -0.014611 0.312552 153 0 76
-0.316581 -0.045664 -0.156869 153 0 76
0.220830 -0.035022 0.129174 153 0 76
0.181255 -0.062934 0.451756 153 0 76
0.413457 -0.725578 -0.219090 76 0 153
0.352901 -0.244495 0.188840 76 0 153
-0.087985 0.344856 -0.195445 76 0 153
0.213726 -0.047896 0.436107 153 0 76
-0.106380 0.254390 -0.171959 76 0 153
-0.311943 0.351528 -0.136673 153 0 76
-0.114821 -0.042048 0.187617 153 0 76
-0.287885 -0.029639 0.057554 153 0 76
-0.455871 -0.737990 -0.262983 127 127 0
0.382145 -0.125155 0.025790 255 0 0
0.260082 -0.018075 -0.167267 76 0 153
0.372590 -0.326086 -0.119396 153 76 0
-0.167777 0.191133 -0.145690 76 0 153
0.273935 0.662777 -0.235197 153 76 0
0.300305 -0.103530 -0.069308 76 0 153
-0.023994 -0.049204 0.111524 153 0 76
0.152020 0.135504 -0.144754 76 0 153
-0.109237 -0.053940 -0.061603 153 0 76
0.310298 0.273064 -0.151809 76 0 153
0.310435 -0.073719 0.448794 153 0 76
0.057717 0.730755 -0.297447 153 76 0
0.248975 -0.056722 -0.211402 0 127 127
0.415892 -0.622304 -0.304541 153 76 0
0.218979 0.149559 -0.128872 76 0 153
0.283641 0.020946 -0.161840 76 0 153
-0.153500 -0.037561 0.222936 153 0 76
0.288041 0.091207 -0.127924 76 0 153
0.392897 -0.309878 -0.146917 153 76 0
0.221205 -0.037576 -0.155612 153 0 76
0.298471 -0.751143 0.514117 76 0 153
-0.089194 -0.055415 -0.100080 153 0 76
-0.327192 -0.512803 0.444354 153 0 76
0.306767 0.679857 -0.232551 76 0 153
0.255007 -0.137943 0.005499 255 0 0
-0.338073 0.356850 -0.143485 153 0 76
-0.356679 -0.206827 0.096717 153 0 76
0.297762 0.227329 -0.164208 76 0 153
-0.233720 0.417837 -0.184125 76 0 153
-0.247406 0.251442 -0.167933 153 0 76
0.017894 -0.039006 0.307032 153 0 76
-0.325801 -0.240919 0.190248 153 0 76
0.397253 -0.629593 -0.274936 153 76 0
-0.334728 -0.138230 0.005353 255 0 0
0.351534 -0.020129 -0.075697 153 0 76
-0.381243 -0.055095 0.215015 153 0 76
-0.312040 0.005954 -0.190741 153 0 76
0.411834 -0.507809 -0.220312 153 76 0
-0.241069 -0.114976 -0.002274 153 0 76
-0.213732 0.714438 -0.269194 153 76 0
-0.048445 0.547048 -0.251171 76 0 153
0.387815 -0.357457 -0.151031 153 76 0
-0.073500 -0.054223 -0.012594 153 0 76
0.031478 0.001578 -0.176900 76 0 153
0.232079 0.210799 -0.177256 76 0 153
0.369911 -0.023324 0.195670 153 0 76
-0.126554 0.169278 -0.152689 76 0 153
-0.309383 -0.017162 0.244127 153 0 76
0.070206 0.267829 -0.180870 76 0 153
-0.338547 -0.162178 0.054335 255 0 0
-0.352565 -0.010469 0.228133 153 0 76
0.154542 -0.133337 0.436970 153 0 76
-0.350283 0.559914 -0.202626 153 0 76
0.162498 0.750810 -0.317358 153 76 0
0.376284 -0.068516 0.410445 153 0 76
0.448549 -0.725031 -0.237165 204 51 127
0.234989 0.210164 -0.130073 76 0 153
0.398750 -0.234264 -0.066156 153 76 0
0.355913 -0.376818 0.330899 76 0 153
-0.089591 -0.055112 -0.074367 153 0 76
0.287915 0.126718 -0.181633 76 0 153
0.045560 0.316445 -0.194752 76 0 153
0.172271 0.465135 -0.215015 76 0 153
-0.114123 -0.107487 0.461972 153 0 76
0.349383 0.397788 -0.164027 76 0 153
0.305324 -0.140869 0.033674 76 0 153
0.114951 0.742145 -0.306144 153 76 0
0.031606 -0.170623 0.048495 255 0 0
-0.303012 -0.715628 0.507265 0 127 127
-0.099122 -0.040353 0.394200 153 0 76
-0.356151 -0.673821 0.542255 76 153 0
-0.405308 -0.440344 -0.230531 76 153 0
-0.291683 0.161554 -0.142282 153 0 76
-0.225676 -0.027930 0.285599 153 0 76
-0.207453 -0.037864 0.124095 153 0 76
0.315304 -0.744698 0.561182 76 0 153
-0.185429 -0.085477 -0.172466 153 0 76
-0.298061 0.105476 -0.182964 153 0 76
-0.134194 0.447151 -0.219140 76 0 153
-0.012212 -0.108828 0.463939 153 0 76
-0.307405 0.755531 -0.270792 153 0 76
0.251196 -0.013096 -0.212349 76 0 153
0.280253 0.410408 -0.160308 76 0 153
-0.011881 0.746807 -0.326020 153 76 0
0.158103 -0.048534 0.432309 153 0 76
0.253377 0.161672 -0.142265 76 0 153
-0.392242 -0.148427 0.056165 255 0 0
0.382782 -0.691256 -0.230229 153 0 76
-0.398408 -0.179604 -0.010037 76 153 0
-0.026302 -0.052335 0.046455 153 0 76
0.052876 0.044188 -0.171660 76 0 153
-0.176328 0.392606 -0.192720 76 0 153
0.332058 -0.451848 0.361408 76 0 153
0.373584 -0.067469 0.211753 153 0 76
0.407291 -0.310161 -0.118171 153 76 0
0.190163 -0.156651 0.055817 255 0 0
-0.117370 0.579332 -0.250143 153 76 0
-0.280500 0.259508 -0.177930 153 0 76
-0.339561 0.422473 -0.179415 153 0 76
-0.348311 0.595924 -0.219250 153 0 76
-0.228173 -0.127343 0.429192 153 0 76
0.292176 0.605443 -0.240955 76 0 153
-0.217501 0.461313 -0.202132 76 0 153
-0.278530 -0.149550 -0.030867 76 153 0
-0.407519 -0.178582 0.033147 255 0 0
0.285179 0.365398 -0.195725 76 0 153
0.388983 -0.727137 -0.229979 76 0 153
-0.319829 -0.015122 0.368676 153 0 76
-0.343637 -0.011017 0.257833 153 0 76
0.369865 0.660627 -0.251750 76 0 153
0.100763 -0.040225 0.388469 153 0 76
-0.356860 -0.710641 0.579408 127 0 127
0.338003 -0.629960 0.512680 76 0 153
0.306967 0.433173 -0.200172 76 0 153
0.316426 -0.255015 0.195810 76 0 153
0.270945 -0.132968 -0.105065 76 0 153
-0.136918 -0.050316 -0.164437 153 0 76
0.373480 -0.048568 0.180409 153 0 76
0.030767 0.245658 -0.179799 76 0 153
-0.171361 -0.032779 0.373131 153 0 76
-0.340624 -0.253872 0.159214 153 0 76
0.282121 0.068204 -0.155266 76 0 153
0.204457 -0.087546 0.457071 153 0 76
-0.048029 -0.054483 -0.005237 153 0 76
0.136313 -0.044238 0.107168 153 0 76
-0.299378 0.144362 -0.129031 153 0 76
-0.236966 -0.037875 -0.054051 153 0 76
-0.250709 0.082747 -0.131277 153 0 76
-0.322547 -0.012600 0.291651 153 0 76
-0.256522 -0.025853 0.238182 153 0 76
0.007040 -0.042581 0.394820 153 0 76
0.168603 0.008232 -0.153791 76 0 153
0.209424 0.231352 -0.142288 76 0 153
-0.364924 -0.069430 -0.093794 153 0 76
0.414792 -0.685458 -0.297965 76 0 153
-0.219006 0.053716 -0.139317 153 0 76
0.067740 0.180003 -0.164633 76 0 153
0.028060 0.574182 -0.255095 76 0 153
0.061254 0.546964 -0.250031 76 0 153
0.283815 -0.029144 0.001021 153 0 76
-0.276474 -0.019622 0.352993 153 0 76
-0.188849 -0.066397 0.452039 153 0 76
-0.357313 0.409467 -0.172258 153 0 76
0.300081 -0.090141 -0.126959 0 127 127
-0.263805 -0.125496 -0.137578 153 0 76
-0.351065 -0.478878 0.382401 153 0 76
0.143284 0.639368 -0.255323 153 76 0
0.226873 -0.037864 0.416984 153 0 76
0.274217 -0.029918 0.077415 153 0 76
-0.254305 0.271036 -0.159753 153 0 76
-0.253394 -0.030307 0.150680 153 0 76
0.002909 -0.151952 0.057076 255 0 0
-0.358467 -0.017845 0.083912 153 0 76
0.332536 -0.710530 0.580163 153 0 76
0.072179 -0.084840 -0.191900 153 0 76
0.213665 0.401898 -0.185341 76 0 153
-0.271339 0.345289 -0.171792 153 0 76
0.318649 -0.344828 0.309738 76 0 153
0.374542 -0.071800 0.249523 153 0 76
-0.421640 -0.619362 -0.266231 76 153 0
-0.094179 -0.055435 -0.152422 153 0 76
-0.218115 -0.038518 0.077865 153 0 76
0.387463 -0.254848 -0.050462 153 76 0
-0.312978 -0.127249 0.040809 255 0 0
0.276683 0.454048 -0.173795 76 0 153
0.122438 -0.051520 -0.098702 153 0 76
-0.172432 -0.040207 0.141336 153 0 76
-0.312846 0.135863 -0.153935 153 0 76
0.061374 -0.176647 0.018426 255 0 0
0.032955 -0.058614 -0.139362 153 0 76
-0.250293 0.140641 -0.145191 153 0 76
0.327458 0.339888 -0.137902 76 0 153
-0.308930 0.074259 -0.158704 153 0 76
-0.306474 0.148327 -0.171375 153 0 76
-0.407305 -0.417912 -0.195174 76 153 0
-0.203493 -0.042186 0.009373 153 0 76
0.251756 0.283594 -0.158762 76 0 153
-0.360957 -0.442139 0.387035 153 0 76
0.382531 -0.473442 -0.214355 153 76 0
0.099736 0.257700 -0.173698 76 0 153
-0.347107 -0.490418 0.437954 153 0 76
0.122246 0.089771 -0.155487 76 0 153
-0.246405 -0.094766 -0.071531 76 153 0
-0.085272 0.152220 -0.159520 76 0 153
0.087183 0.151312 -0.158606 76 0 153
-0.004798 0.515603 -0.247051 76 0 153
-0.035035 -0.077994 0.458718 153 0 76
-0.370578 -0.012714 0.274823 153 0 76
0.208454 0.102853 -0.135235 76 0 153
-0.313245 0.279242 -0.158792 153 0 76
-0.210445 -0.027544 0.351645 153 0 76
-0.296845 0.592300 -0.232803 153 0 76
0.064227 0.230266 -0.173557 76 0 153
-0.334517 -0.017695 -0.048492 153 0 76
-0.182496 -0.044266 0.045846 153 0 76
0.266185 0.536909 -0.205759 76 0 153
0.340538 -0.600318 0.457721 76 0 153
0.253745 0.513214 -0.203668 76 0 153
0.090238 -0.043252 0.195989 153 0 76
0.200861 -0.028512 0.306812 153 0 76
0.013406 0.032507 -0.175954 76 0 153
0.158012 -0.087989 0.458953 153 0 76
-0.271731 0.311181 -0.140984 153 0 76
-0.136810 -0.035856 0.282955 153 0 76
-0.383024 -0.056745 0.291558 153 0 76
0.024621 -0.127856 0.043077 255 0 0
0.198066 0.144651 -0.133471 76 0 153
-0.235856 0.663183 -0.248976 153 76 0
-0.316232 0.624701 -0.244521 153 0 76
-0.058490 -0.042005 0.239867 153 0 76
-0.280108 0.535297 -0.198841 153 0 76
0.269780 0.319641 -0.141805 76 0 153
-0.262554 -0.031228 -0.091220 153 0 76
-0.028747 -0.130205 0.013239 255 0 0
-0.338310 -0.516343 0.408254 153 0 76
-0.253572 0.713148 -0.260912 153 76 0
0.385029 -0.671794 -0.263591 153 0 76
-0.203050 -0.043218 -0.029709 153 0 76
0.313235 -0.013614 0.287768 153 0 76
0.332285 -0.009813 0.301051 153 0 76
-0.237852 -0.156302 0.032617 76 153 0
-0.275082 0.423352 -0.167378 153 0 76
0.173204 -0.034553 0.236584 153 0 76
0.225145 0.162385 -0.188141 76 0 153
-0.400200 -0.263335 -0.105758 76 153 0
0.392687 -0.715757 -0.311748 76 0 153
0.013365 -0.055481 -0.018343 153 0 76
0.269260 0.743703 -0.270504 76 0 153
-0.017645 -0.043562 0.229534 153 0 76
0.348742 -0.047359 0.437949 153 0 76
0.330964 -0.629007 0.472438 76 0 153
0.027214 -0.037580 0.331233 153 0 76
-0.418070 -0.349419 -0.140306 76 153 0
-0.383784 -0.198174 0.006636 76 153 0
0.125746 0.667227 -0.262687 153 76 0
-0.213170 -0.175886 0.015587 255 0 0
-0.276699 -0.011900 -0.211372 153 0 76
0.278911 -0.160311 0.054836 255 0 0
-0.075425 -0.048059 0.109454 153 0 76
-0.301957 0.512935 -0.180872 153 0 76
0.311008 0.434939 -0.153023 76 0 153
-0.218606 -0.039574 0.053407 153 0 76
-0.312273 -0.132492 -0.033597 76 153 0
-0.335123 0.683709 -0.229077 153 0 76
0.052519 -0.135885 0.007558 255 0 0
-0.102555 0.290570 -0.180699 76 0 153
-0.063337 -0.057483 -0.131761 153 0 76
-0.301653 -0.164796 0.005152 255 0 0
-0.192604 0.483772 -0.215297 76 0 153
-0.190623 0.188068 -0.139062 76 0 153
-0.278101 -0.078840 -0.140286 153 0 76
-0.366620 0.618563 -0.237679 153 0 76
0.287166 -0.014980 -0.167491 76 0 153
-0.243426 -0.036458 0.022898 153 0 76
0.229407 0.649791 -0.241503 153 76 0
-0.398177 -0.334663 -0.113750 76 153 0
-0.410509 -0.536952 -0.234314 76 153 0
-0.178106 0.433930 -0.204384 76 0 153
0.176407 -0.040110 0.124779 153 0 76
-0.380938 -0.026475 0.256459 153 0 76
0.028919 0.105751 -0.168801 76 0 153
0.320270 -0.011041 0.331648 153 0 76
0.226045 0.173600 -0.143666 76 0 153
0.229189 0.276494 -0.146166 76 0 153
0.136445 -0.042225 0.148082 153 0 76
-0.327639 0.591482 -0.228607 153 0 76
0.325512 -0.260434 0.223646 76 0 153
0.370896 0.617477 -0.235605 76 0 153
0.209550 0.000524 -0.146967 76 0 153
-0.092662 0.565887 -0.249973 76 0 153
0.363937 -0.683773 0.504917 153 76 0
-0.266297 0.491507 -0.191373 153 0 76
-0.217962 -0.034730 0.160754 153 0 76
-0.154802 -0.070678 -0.183014 153 0 76
0.246308 -0.093701 0.454605 153 0 76
0.384993 -0.150576 0.056741 255 0 0
0.032795 0.742275 -0.315681 153 76 0
-0.131727 -0.059690 0.447965 153 0 76
-0.094303 -0.163580 0.004826 255 0 0
-0.382979 -0.135146 0.008297 255 0 0
0.275220 -0.033137 0.416714 153 0 76
-0.204714 0.021137 -0.145184 153 0 76
-0.278182 0.394735 -0.188512 153 0 76
-0.239228 -0.124561 0.029101 255 0 0
0.344929 0.419156 -0.156478 76 0 153
-0.301313 0.657538 -0.227621 153 0 76
0.104781 -0.179199 0.030848 255 0 0
0.247089 -0.072140 -0.151956 76 0 153
0.010491 -0.079195 0.459507 153 0 76
-0.053462 0.474605 -0.235469 76 0 153
-0.380965 -0.032805 0.208060 153 0 76
0.201439 0.591006 -0.236012 76 0 153
0.304801 -0.082546 -0.170901 76 0 153
0.254907 0.094377 -0.128077 76 0 153
-0.244795 0.001235 -0.207973 153 0 76
-0.080250 -0.041091 0.243793 153 0 76
0.357397 -0.085080 -0.039931 153 0 76
0.282112 0.423629 -0.186755 76 0 153
-0.349434 -0.210237 0.161637 153 0 76
0.359002 -0.103089 0.425280 153 0 76
-0.047553 -0.036325 -0.178653 76 0 153
-0.247731 -0.118369 0.447360 153 0 76
-0.223327 0.162421 -0.126981 153 0 76
0.033910 -0.039799 0.285318 153 0 76
0.276504 0.243092 -0.125022 76 0 153
0.317196 -0.166919 0.072445 76 0 153
0.260149 -0.113154 -0.168264 0 127 127
-0.341285 0.633339 -0.236053 153 0 76
0.372017 -0.745199 -0.258665 153 0 76
-0.227743 -0.035381 0.117238 153 0 76
-0.121908 0.195678 -0.158414 76 0 153
0.351974 -0.527432 0.451987 76 0 153
0.132839 -0.128422 0.015022 255 0 0
0.318337 0.559456 -0.222559 76 0 153
0.166619 -0.032717 0.282653 153 0 76
0.370745 -0.062415 0.111223 153 0 76
0.310153 0.571879 -0.196546 76 0 153
0.289483 -0.019755 0.242092 153 0 76
0.105847 -0.045449 0.128362 153 0 76
-0.339538 0.659662 -0.247443 153 0 76
-0.282071 -0.030627 0.008509 153 0 76
0.326295 0.691341 -0.233250 76 0 153
-0.291076 -0.021919 0.385065 153 0 76
0.325535 -0.051422 0.443671 153 0 76
-0.203087 -0.031767 0.250967 153 0 76
0.206672 0.311229 -0.162031 76 0 153
0.287248 -0.043801 -0.171925 0 127 127
-0.363216 -0.739271 0.505020 76 153 0
-0.207600 0.233404 -0.143689 153 0 76
-0.233114 0.622197 -0.239225 153 76 0
-0.339580 -0.175657 0.015327 255 0 0
0.048872 -0.152269 0.056991 255 0 0
0.072492 -0.125301 0.033539 255 0 0
0.272911 -0.138957 -0.078580 0 127 127
0.363504 0.486674 -0.188453 76 0 153
0.248245 0.755903 -0.298817 76 0 153
-0.375482 -0.171911 0.011580 255 0 0
0.317046 0.303236 -0.154963 76 0 153
-0.373892 -0.024475 0.135030 153 0 76
-0.326106 -0.625972 0.474076 153 0 76
-0.072625 -0.177032 0.038928 255 0 0
-0.103755 -0.049910 0.036456 153 0 76
0.288966 -0.016557 0.355126 153 0 76
0.367330 -0.033189 0.081680 153 0 76
0.050513 -0.037199 0.329594 153 0 76
-0.178291 0.550371 -0.236831 76 0 153
-0.322232 -0.495291 0.409020 153 0 76
-0.366024 0.679065 -0.243170 153 0 76
0.191848 -0.036929 0.158721 153 0 76
-0.040026 0.630688 -0.262737 153 76 0
0.146750 0.349776 -0.187311 76 0 153
0.348148 -0.486951 0.430542 76 0 153
0.402691 -0.417046 -0.173792 153 76 0
0.282322 0.014957 -0.135333 76 0 153
0.080443 0.347850 -0.197071 76 0 153
-0.096176 0.325892 -0.189891 76 0 153
0.049515 -0.054426 -0.008603 153 0 76
-0.434778 -0.594724 -0.274521 76 153 0
-0.252432 -0.033528 0.083471 153 0 76
0.116530 -0.050430 0.010548 153 0 76
0.292582 0.526047 -0.189385 76 0 153
0.364143 0.582902 -0.212403 76 0 153
0.225283 0.002529 -0.185677 76 0 153
-0.326391 -0.022496 0.072313 153 0 76
-0.381709 -0.350347 -0.135476 76 153 0
0.367443 -0.084342 0.327331 153 0 76
0.204022 -0.032887 0.392129 153 0 76
0.197021 0.717109 -0.267269 153 76 0
-0.031790 -0.173550 0.045567 255 0 0
0.358519 -0.048685 -0.101177 153 0 76
0.020489 0.387492 -0.211910 76 0 153
-0.262071 0.031084 -0.206053 153 0 76
-0.383730 -0.734577 -0.231350 0 255 0
-0.359521 -0.545573 0.460991 153 0 76
0.099927 -0.043590 0.175245 153 0 76
0.241254 -0.036557 -0.005874 153 0 76
0.060119 -0.047427 0.126261 153 0 76
-0.314295 -0.675600 0.555379 127 0 127
0.297680 -0.124517 -0.108154 0 127 127
0.323233 -0.296001 0.217256 76 0 153
-0.360598 -0.256625 0.204966 153 0 76
0.298011 -0.026917 0.044301 153 0 76
0.198870 -0.172015 0.011683 255 0 0
0.266898 -0.119151 0.036635 255 0 0
0.022675 -0.038762 0.367832 153 0 76
-0.320607 -0.022886 -0.002111 153 0 76
0.245378 -0.178922 0.031880 255 0 0
-0.233367 0.119792 -0.184299 153 0 76
-0.050259 -0.110021 -0.183817 153 0 76
-0.364219 -0.619475 0.488376 153 0 76
0.181580 0.247239 -0.153612 76 0 153
-0.363867 0.500371 -0.194307 153 0 76
-0.160872 -0.042448 0.114658 153 0 76
0.059867 -0.066112 0.452609 153 0 76
-0.299299 -0.112722 0.000904 153 0 76
-0.035804 -0.042315 0.384548 153 0 76
-0.148912 -0.044974 0.077875 153 0 76
-0.276646 -0.115891 0.441917 153 0 76
-0.320403 -0.708328 0.579295 127 0 127
-0.162081 -0.047837 -0.092969 153 0 76
0.294262 0.391233 -0.197052 76 0 153
0.355508 -0.428196 0.357510 76 0 153
0.281065 0.085878 -0.191975 76 0 153
-0.256810 0.748993 -0.277737 153 76 0
0.312361 0.743071 -0.274323 76 0 153
0.109048 0.627181 -0.256620 153 76 0
-0.238088 -0.036122 -0.092968 153 0 76
-0.309387 -0.093322 -0.121401 153 0 76
-0.069730 -0.101075 0.462755 153 0 76
-0.344685 -0.671943 0.520613 127 0 127
-0.321363 -0.671976 0.519375 0 127 127
0.015085 0.360462 -0.204448 76 0 153
0.182953 -0.040726 0.414617 153 0 76
0.228899 -0.027058 0.267935 153 0 76
-0.411608 -0.299932 -0.101424 76 153 0
-0.324763 0.558737 -0.222650 153 0 76
0.246521 -0.030051 0.166020 153 0 76
0.339925 -0.020734 0.403040 153 0 76
-0.277873 -0.030969 -0.038957 153 0 76
-0.264904 -0.032963 0.058342 153 0 76
0.333146 -0.011918 0.251446 153 0 76
-0.254148 0.100543 -0.196756 153 0 76
-0.286497 0.060695 -0.156311 153 0 76
0.179111 -0.029345 -0.155484 76 0 153
-0.359915 -0.171713 0.081595 153 0 76
-0.062765 -0.146489 0.003140 255 0 0
0.323330 0.419107 -0.146227 76 0 153
0.318516 -0.017740 0.176011 153 0 76
-0.407512 -0.435434 -0.182283 76 153 0
-0.271619 0.380652 -0.156615 153 0 76
0.303528 0.735267 -0.255277 76 0 153
-0.323189 -0.703714 0.502571 0 127 127
0.144995 -0.033676 0.299900 153 0 76
0.244591 0.298889 -0.146009 76 0 153
0.349560 -0.259843 0.174660 76 0 153
-0.295647 0.043190 -0.195893 153 0 76
-0.299514 -0.137862 0.053206 255 0 0
0.303145 -0.124935 -0.079830 0 127 127
0.379257 -0.187747 -0.039230 153 76 0
-0.361696 0.707291 -0.250425 153 0 76
0.158621 0.037616 -0.153182 76 0 153
0.304183 -0.170048 0.009716 255 0 0
0.288997 0.205370 -0.171460 76 0 153
-0.093693 -0.038471 0.372359 153 0 76
0.006120 -0.143433 0.003959 255 0 0
-0.110946 -0.046241 0.104165 153 0 76
-0.327766 -0.018266 0.166154 153 0 76
0.128183 -0.050003 -0.155181 153 0 76
-0.242051 -0.024049 0.316910 153 0 76
-0.128592 -0.047687 0.422123 153 0 76
0.374555 -0.028627 0.246199 153 0 76
-0.241698 -0.146336 -0.027739 153 0 76
0.046062 0.353263 -0.202673 76 0 153
-0.321644 -0.354640 0.307805 153 0 76
-0.232996 -0.123779 -0.080018 76 153 0
0.153478 -0.086228 -0.182762 153 0 76
0.264146 0.124149 -0.190537 76 0 153
0.375271 -0.688516 0.547779 153 76 0
0.246248 -0.149065 -0.032867 0 127 127
0.396653 -0.306650 -0.095770 153 76 0
0.241737 -0.034739 -0.073315 153 0 76
-0.337017 0.285955 -0.159686 153 0 76
-0.232093 -0.025392 0.348309 153 0 76
-0.246428 0.302226 -0.147547 153 0 76
0.096388 0.727958 -0.290969 153 76 0
-0.405266 -0.680598 -0.241259 255 0 0
0.274968 0.601829 -0.219948 76 0 153
0.362715 -0.041570 -0.039194 153 0 76
0.370414 -0.699417 -0.265501 153 0 76
-0.378238 -0.698368 -0.293511 0 255 0
-0.297723 -0.042278 -0.172040 76 153 0
0.094917 0.691125 -0.272159 153 76 0
0.280537 -0.081449 -0.129485 0 127 127
0.017584 -0.048213 0.125580 153 0 76
-0.064202 -0.052493 0.029272 153 0 76
-0.298310 -0.065173 0.448716 153 0 76
0.315855 0.294508 -0.130913 76 0 153
0.340027 0.626222 -0.229597 76 0 153
0.233259 -0.034781 -0.109216 153 0 76
0.397767 -0.401558 -0.188603 153 76 0
0.051450 0.381950 -0.209798 76 0 153
-0.085797 0.249171 -0.174056 76 0 153
-0.022507 0.044832 -0.174390 76 0 153
0.064383 -0.054985 -0.024432 153 0 76
0.292168 0.760145 -0.292031 76 0 153
0.143622 0.083101 -0.152033 76 0 153
-0.299014 -0.174515 0.044602 255 0 0
-0.044773 -0.048386 0.121054 153 0 76
-0.143834 -0.128299 0.043641 255 0 0
-0.016828 -0.039713 0.306244 153 0 76
0.402610 -0.433942 -0.200199 153 76 0
0.351048 -0.191280 0.115103 76 0 153
-0.009249 0.017186 -0.177728 76 0 153
-0.064685 -0.124962 0.026511 255 0 0
-0.239500 0.684339 -0.255202 153 76 0
0.115967 -0.125997 0.036139 255 0 0
0.313932 0.253876 -0.144092 76 0 153
0.382714 -0.138999 0.005147 255 0 0
-0.198457 -0.027972 0.334554 153 0 76
0.305508 -0.051033 -0.199622 76 0 153
0.310788 0.589369 -0.232624 76 0 153
0.224498 -0.078783 -0.174308 76 0 153
-0.025027 -0.051343 0.067260 153 0 76
0.357298 -0.756737 0.538741 153 76 0
-0.330004 -0.022136 0.048474 153 0 76
0.124566 0.122580 -0.152365 76 0 153
0.278513 -0.089982 -0.196372 0 127 127
-0.021600 0.332143 -0.198430 76 0 153
0.429452 -0.637183 -0.290550 153 76 0
0.355842 -0.281928 0.221436 76 0 153
0.431263 -0.722980 -0.304672 204 51 127
-0.201658 -0.042789 -0.082620 153 0 76
0.308247 0.034317 -0.159211 76 0 153
-0.184402 -0.001932 -0.152311 76 0 153
0.054010 -0.086055 0.461268 153 0 76
0.328304 0.601386 -0.199597 76 0 153
0.181637 0.742272 -0.293402 153 76 0
-0.286480 0.014633 -0.136438 153 0 76
-0.186823 0.083989 -0.142546 76 0 153
0.241742 -0.033070 0.119359 153 0 76
0.415572 -0.444773 -0.224165 153 76 0
-0.009991 -0.047973 0.139025 153 0 76
0.095923 -0.054527 -0.125910 153 0 76
-0.377520 -0.076972 0.122336 153 0 76
0.449626 -0.698985 -0.275187 204 51 127
-0.329578 -0.064380 0.447299 153 0 76
0.219953 -0.039558 -0.019465 153 0 76
-0.192445 -0.166257 0.052861 255 0 0
0.321272 -0.471493 0.383083 76 0 153
-0.385537 -0.424153 -0.207945 76 153 0
0.335657 0.582309 -0.191273 76 0 153
0.140461 0.315888 -0.180259 76 0 153
0.354222 -0.697780 0.574906 153 0 76
-0.258181 -0.079861 0.452776 153 0 76
0.278730 0.162707 -0.142122 76 0 153
-0.089958 -0.043965 0.180813 153 0 76
0.338402 -0.551763 0.430996 76 0 153
-0.315888 0.510658 -0.216111 153 0 76
-0.025199 0.721467 -0.291400 153 76 0
0.147143 0.372863 -0.194118 76 0 153
-0.308648 0.091567 -0.147164 153 0 76
0.449618 -0.724364 -0.278725 204 51 127
0.130431 -0.073794 0.456672 153 0 76
0.134948 -0.039638 0.202170 153 0 76
0.292654 0.259026 -0.124881 76 0 153
0.179596 0.627123 -0.246566 153 76 0
-0.138915 0.061136 -0.156012 76 0 153
0.311877 0.687271 -0.265935 76 0 153
0.077105 -0.013243 -0.173330 76 0 153
-0.312070 -0.130567 -0.007002 76 153 0
0.226644 0.115267 -0.185335 76 0 153
-0.112572 -0.176961 0.039189 255 0 0
0.289416 -0.026585 0.091087 153 0 76
-0.002862 -0.088221 -0.194452 153 0 76
0.154938 -0.034997 0.258181 153 0 76
0.256859 0.183070 -0.184664 76 0 153
0.243615 0.389490 -0.169455 76 0 153
0.296344 0.033128 -0.139795 76 0 153
-0.145678 -0.127038 0.453942 153 0 76
0.381724 -0.441734 -0.194910 153 76 0
0.113746 -0.050292 0.430448 153 0 76
-0.369847 -0.199801 -0.044519 76 153 0
-0.217952 0.333094 -0.164687 76 0 153
0.136171 -0.169856 0.009524 255 0 0
-0.018506 -0.040241 0.370733 153 0 76
0.015840 0.551899 -0.252153 76 0 153
0.270947 0.165177 -0.181812 76 0 153
0.356135 -0.740988 0.566839 153 76 0
0.270889 -0.089663 -0.093267 0 127 127
0.315753 -0.550628 0.460946 76 0 153
-0.114471 -0.040231 0.226607 153 0 76
-0.131290 0.397086 -0.204974 76 0 153
-0.349792 -0.287879 0.259869 153 0 76
0.312724 -0.689535 0.559543 153 0 76
-0.348795 -0.363115 0.337385 153 0 76
-0.073275 0.687597 -0.273766 153 76 0
0.340961 0.456301 -0.182015 76 0 153
0.385862 -0.434806 -0.220652 153 76 0
0.286390 0.454838 -0.192264 76 0 153
-0.287481 0.760498 -0.294846 153 0 76
0.257931 -0.054836 0.446857 153 0 76
-0.308272 0.029792 -0.155039 153 0 76
0.288155 -0.065225 -0.158226 0 127 127
0.209084 0.367218 -0.176157 76 0 153
0.376979 -0.029863 0.328683 153 0 76
0.242498 0.030031 -0.138102 76 0 153
0.384792 -0.516742 -0.238758 153 76 0
-0.340480 0.378829 -0.146560 153 0 76
0.105398 -0.010953 -0.167737 76 0 153
-0.084405 0.185790 -0.162976 76 0 153
0.344138 -0.201342 0.145301 76 0 153
-0.235510 -0.064076 -0.198950 76 153 0
-0.050172 -0.044623 0.193596 153 0 76
0.321052 -0.688623 0.500927 153 0 76
-0.131532 -0.049998 -0.022770 153 0 76
-0.223878 -0.026969 0.307744 153 0 76
0.351355 -0.016767 0.119569 153 0 76
-0.198475 0.595248 -0.240433 153 76 0
-0.319114 -0.024005 0.031136 153 0 76
0.306339 -0.021476 0.139642 153 0 76
-0.430355 -0.700306 -0.221650 255 0 0
-0.410849 -0.558550 -0.285579 76 153 0
0.179198 0.338032 -0.175527 76 0 153
0.330600 -0.507786 0.448390 76 0 153
-0.003865 -0.050010 0.096405 153 0 76
-0.322964 -0.756107 0.537104 0 127 127
-0.366878 -0.029209 -0.024789 153 0 76
0.209959 -0.133239 0.010204 255 0 0
0.091010 0.641140 -0.260034 153 76 0
-0.332976 0.264877 -0.157067 153 0 76
-0.320812 0.447833 -0.200117 153 0 76
-0.232529 0.153010 -0.143470 153 0 76
-0.247784 0.550070 -0.217802 76 0 153
0.336351 -0.671884 0.537533 153 0 76
-0.004143 -0.026333 -0.181618 76 0 153
0.192892 -0.032296 0.247400 153 0 76
0.407817 -0.464567 -0.215233 153 76 0
-0.356395 -0.684417 0.502624 127 0 127
-0.303388 0.006981 -0.147928 153 0 76
0.372532 -0.024869 0.376016 153 0 76
-0.285631 -0.022366 0.216488 153 0 76
0.292899 -0.161254 0.029361 0 127 127
0.209734 0.021217 -0.144339 76 0 153
0.278612 -0.024587 -0.124074 153 0 76
0.350061 -0.162044 0.071662 76 0 153
0.240783 0.065178 -0.201666 76 0 153
-0.403330 -0.398269 -0.181411 76 153 0
-0.357945 -0.603472 0.462454 153 0 76
0.358918 0.611206 -0.208629 76 0 153
0.130037 0.449384 -0.220361 76 0 153
-0.222619 -0.153242 0.002056 255 0 0
-0.311148 -0.160770 0.054712 255 0 0
0.242017 -0.165708 0.005397 255 0 0
-0.151093 0.213090 -0.154249 76 0 153
-0.337313 0.586228 -0.192776 153 0 76
-0.214175 -0.105189 0.457642 153 0 76
-0.091101 -0.045773 0.141870 153 0 76
0.176459 0.485236 -0.219899 76 0 153
0.256345 0.418779 -0.172525 76 0 153
-0.403083 -0.370609 -0.140099 76 153 0
-0.153399 0.464826 -0.220005 76 0 153
-0.349315 -0.144908 0.055538 153 0 76
-0.343719 -0.639377 0.478371 153 0 76
0.297933 -0.020558 -0.116098 153 0 76
0.009374 0.158350 -0.168627 76 0 153
-0.376930 -0.052962 0.088270 153 0 76
-0.353905 -0.228933 0.131187 153 0 76
0.099478 0.301308 -0.184358 76 0 153
0.314771 0.195580 -0.138494 76 0 153
-0.301047 -0.105538 -0.037378 76 153 0
-0.352626 -0.400462 0.322903 153 0 76
0.329925 -0.406631 0.375548 76 0 153
0.425664 -0.661194 -0.283896 153 76 0
-0.346365 -0.186300 0.055506 153 0 76
0.347897 -0.229461 0.130739 76 0 153
-0.177469 -0.068403 -0.180185 153 0 76
-0.155301 -0.027453 -0.160018 76 0 153
0.286689 -0.123549 0.056680 0 127 127
0.268105 0.492451 -0.190058 76 0 153
-0.372184 -0.242608 -0.053429 76 153 0
0.096335 0.022093 -0.166461 76 0 153
-0.377584 -0.079095 0.155420 153 0 76
0.343893 -0.130528 0.012916 255 0 0
-0.064779 -0.063696 0.449400 153 0 76
-0.416507 -0.715046 -0.219701 255 0 0
-0.265155 0.212376 -0.123713 153 0 76
0.373248 -0.344674 -0.156977 153 76 0
-0.387278 -0.275044 -0.117983 76 153 0
0.308355 0.157872 -0.143093 76 0 153
-0.281235 -0.024567 -0.133377 153 0 76
-0.256698 -0.045971 -0.213079 76 153 0
-0.028886 0.590326 -0.257230 153 76 0
-0.334178 -0.414884 0.377584 153 0 76
0.396590 -0.594309 -0.260870 153 76 0
0.431422 -0.701967 -0.310679 76 0 153
0.016477 0.472675 -0.235408 76 0 153
-0.302279 -0.096221 -0.082968 76 153 0
-0.042369 -0.122490 0.464610 153 0 76
0.299202 -0.025594 -0.017766 153 0 76
-0.175672 -0.044652 -0.152374 153 0 76
0.182602 -0.006459 -0.152180 76 0 153
-0.328534 -0.260892 0.175103 153 0 76
0.329649 0.542956 -0.179020 76 0 153
-0.411875 -0.439829 -0.211410 76 153 0
-0.288054 0.687469 -0.242301 153 0 76
-0.361999 -0.756689 0.543154 76 153 0
-0.120300 -0.035672 0.313785 153 0 76
0.316377 -0.144010 0.003805 255 0 0
0.230594 -0.105839 -0.058788 76 0 153
-0.293045 -0.027507 0.092623 153 0 76
-0.130665 0.643191 -0.259847 153 76 0
0.269519 -0.104671 -0.026916 0 127 127
-0.375383 -0.082153 0.058456 153 0 76
0.147552 -0.000596 -0.158852 76 0 153
-0.106146 -0.124590 0.030886 255 0 0
-0.159971 0.591782 -0.247557 153 76 0
-0.358962 -0.649277 0.513483 153 0 76
-0.032548 -0.019662 -0.178631 76 0 153
-0.375134 -0.082937 0.324823 153 0 76
0.353646 -0.164612 0.046569 255 0 0
-0.383300 -0.708718 -0.228837 0 255 0
0.362573 -0.200346 -0.043637 153 76 0
-0.327848 -0.530769 0.424393 153 0 76
-0.302805 -0.699086 0.527218 0 127 127
0.317072 -0.225281 0.166108 76 0 153
-0.240549 0.020217 -0.139898 153 0 76
-0.283611 0.075398 -0.127847 153 0 76
0.315350 -0.432975 0.358552 76 0 153
-0.394468 -0.559600 -0.255268 76 153 0
-0.281628 0.182905 -0.180127 153 0 76
0.345278 -0.019268 -0.016999 153 0 76
0.230348 -0.112339 -0.157448 0 127 127
-0.062930 -0.044369 0.403814 153 0 76
-0.353904 -0.459917 0.370731 153 0 76
-0.262151 -0.073009 -0.151794 153 0 76
-0.160812 0.022918 -0.154867 76 0 153
-0.424414 -0.600472 -0.294452 76 153 0
-0.014642 -0.041636 0.267138 153 0 76
-0.176387 0.318810 -0.172124 76 0 153
0.100655 -0.036231 0.351969 153 0 76
-0.337359 -0.724434 0.487901 127 0 127
-0.175911 0.618310 -0.248883 153 76 0
-0.194727 0.354571 -0.176865 76 0 153
0.266133 -0.021292 0.287108 153 0 76
0.377005 -0.047719 0.365917 153 0 76
0.293163 0.581663 -0.206358 76 0 153
-0.143519 0.731234 -0.289411 153 76 0
0.229538 0.500883 -0.210820 76 0 153
-0.018496 0.184693 -0.170077 76 0 153
0.297776 -0.110652 0.438952 153 0 76
-0.400149 -0.284235 -0.078952 76 153 0
-0.249412 0.247746 -0.134777 153 0 76
-0.080297 0.070817 -0.166585 76 0 153
0.161029 0.648574 -0.254475 153 76 0
-0.241690 0.122750 -0.147679 153 0 76
0.297722 -0.116194 -0.143954 76 0 153
0.412499 -0.483422 -0.234068 153 76 0
0.393470 -0.276188 -0.117908 153 76 0
-0.366470 0.582919 -0.224073 153 0 76
0.318121 0.322352 -0.160706 76 0 153
0.149361 -0.046705 0.037135 153 0 76
-0.380425 -0.747609 0.514047 76 153 0
-0.216500 -0.167189 0.051929 255 0 0
-0.370297 -0.066966 -0.034641 153 0 76
-0.183952 -0.129673 0.445579 153 0 76
-0.232449 0.142272 -0.183962 153 0 76
-0.455649 -0.741018 -0.292578 127 127 0
0.226100 0.021492 -0.171711 76 0 153
-0.135376 -0.033530 0.353763 153 0 76
-0.156930 -0.048874 -0.052685 153 0 76
-0.283338 0.285593 -0.182533 153 0 76
-0.059162 0.736515 -0.302973 153 76 0
-0.323790 -0.392745 0.325174 153 0 76
-0.394911 -0.355894 -0.152735 76 153 0
-0.226897 0.499640 -0.211112 76 0 153
-0.325111 -0.178738 0.080414 153 0 76
-0.152510 -0.166613 0.052505 255 0 0
-0.069346 -0.030896 -0.176337 76 0 153
-0.013612 0.227059 -0.176696 76 0 153
0.292201 -0.092023 -0.090141 76 0 153
0.314362 -0.409199 0.340000 76 0 153
0.037884 -0.049669 0.090111 153 0 76
-0.272592 -0.120361 0.422963 153 0 76
0.392988 -0.379907 -0.170852 153 76 0
-0.138726 0.272880 -0.170792 76 0 153
-0.342211 -0.302315 0.277217 153 0 76
-0.331653 -0.281391 0.196637 153 0 76
-0.351484 -0.446773 0.403888 153 0 76
-0.184602 -0.178460 0.033602 255 0 0
-0.310427 -0.110739 0.439184 153 0 76
0.066434 -0.043721 0.196118 153 0 76
-0.150977 0.171603 -0.146692 76 0 153
-0.348257 -0.553683 0.429550 153 0 76
-0.327892 -0.185805 0.115873 153 0 76
-0.051463 0.570877 -0.254440 76 0 153
0.370586 -0.076700 0.127121 153 0 76
0.414175 -0.390222 -0.185898 153 76 0
-0.407540 -0.635837 -0.310341 76 153 0
0.262469 -0.045644 -0.171635 76 0 153
-0.383564 -0.069222 0.364473 153 0 76
-0.314432 0.481698 -0.165877 153 0 76
0.246904 -0.026646 0.231107 153 0 76
0.168341 -0.043645 0.070305 153 0 76
0.171427 -0.128931 0.447659 153 0 76
-0.354295 -0.316927 0.286786 153 0 76
-0.349264 -0.198809 0.145455 153 0 76
-0.325201 0.260913 -0.136420 153 0 76
0.282303 -0.112063 0.005916 76 0 153
-0.302590 -0.709511 0.549517 0 127 127
-0.399325 -0.375181 -0.169566 76 153 0
0.295148 0.693093 -0.254847 76 0 153
-0.307915 0.208217 -0.164012 153 0 76
-0.426299 -0.531232 -0.262786 76 153 0
-0.280436 0.451012 -0.172523 153 0 76
-0.148842 -0.048100 -0.013375 153 0 76
0.352083 -0.009905 0.264955 153 0 76
0.242669 -0.089711 -0.194502 0 127 127
-0.296127 0.569057 -0.222335 153 0 76
-0.006336 -0.037514 0.346248 153 0 76
0.122022 -0.051502 -0.049356 153 0 76
-0.245273 -0.028696 0.210132 153 0 76
-0.313503 -0.149023 0.002462 255 0 0
0.320125 0.380238 -0.177716 76 0 153
-0.231592 0.172243 -0.169162 153 0 76
0.289923 0.660197 -0.251384 76 0 153
-0.243448 0.232572 -0.174101 153 0 76
0.295139 0.099485 -0.181550 76 0 153
0.407345 -0.331224 -0.123505 153 76 0
-0.372145 -0.015967 0.235306 153 0 76
-0.388894 -0.459733 -0.205797 76 153 0
0.093108 -0.126154 0.022065 255 0 0
0.145586 -0.171697 0.047421 255 0 0
-0.380170 -0.036227 0.407236 153 0 76
0.031148 -0.047245 0.140682 153 0 76
0.225197 0.039962 -0.180342 76 0 153
-0.330517 0.329213 -0.156881 153 0 76
-0.177204 -0.037514 0.184595 153 0 76
-0.092239 -0.129982 0.045325 255 0 0
0.287000 0.040432 -0.196559 76 0 153
-0.340250 0.529826 -0.175050 153 0 76
-0.363825 -0.482252 0.400949 153 0 76
0.371506 -0.072917 0.151686 153 0 76
0.301204 0.076636 -0.157512 76 0 153
-0.362308 -0.729100 0.570847 76 153 0
-0.039412 0.744846 -0.321698 153 76 0
0.260234 0.057636 -0.131858 76 0 153
-0.025254 0.458837 -0.231617 76 0 153
-0.181394 0.647684 -0.253502 153 76 0
-0.058888 0.189479 -0.167988 76 0 153
0.391602 -0.669186 -0.303576 153 76 0
0.367944 -0.045670 0.042871 153 0 76
-0.189450 0.225818 -0.146845 76 0 153
-0.455712 -0.702132 -0.299773 127 127 0
-0.073464 -0.055175 -0.034212 153 0 76
-0.136462 -0.036271 0.382159 153 0 76
0.336051 -0.142011 0.054446 255 0 0
0.418450 -0.519284 -0.250716 153 76 0
-0.145947 -0.044033 0.101950 153 0 76
0.175614 0.705592 -0.266992 153 76 0
0.010104 -0.110986 -0.187188 153 0 76
0.379773 -0.418435 -0.182073 153 76 0
0.338643 -0.542097 0.466568 76 0 153
0.264423 -0.096700 -0.062223 0 127 127
0.104558 -0.053435 -0.086494 153 0 76
0.110288 0.188872 -0.158821 76 0 153
-0.226919 0.243444 -0.140543 153 0 76
-0.351531 -0.017961 -0.019892 153 0 76
0.243897 0.471419 -0.195152 76 0 153
-0.313903 0.277430 -0.128310 153 0 76
-0.383330 -0.061223 0.321270 153 0 76
-0.083439 0.219545 -0.168787 76 0 153
0.376071 -0.037089 0.282568 153 0 76
0.158583 0.687122 -0.264214 153 76 0
0.361359 0.694543 -0.246164 76 0 153
-0.325839 -0.463871 0.410958 153 0 76
0.092402 -0.045074 0.156288 153 0 76
0.287880 -0.108899 -0.174098 0 127 127
-0.017220 -0.038643 0.327746 153 0 76
0.261840 0.059595 -0.201805 76 0 153
-0.083548 0.020624 -0.170024 76 0 153
-0.354928 -0.018983 0.012955 153 0 76
-0.247369 -0.179168 0.027824 255 0 0
0.009508 -0.044886 0.194599 153 0 76
-0.278844 -0.136744 0.052088 255 0 0
-0.260097 -0.029985 -0.119298 153 0 76
-0.273248 -0.031297 -0.151920 153 0 76
-0.385165 -0.406363 -0.177431 76 153 0
-0.115905 -0.042910 0.167815 153 0 76
-0.352935 -0.060269 -0.131034 153 0 76
0.252978 0.144931 -0.190001 76 0 153
-0.280647 0.326518 -0.189785 153 0 76
-0.342576 -0.040156 -0.150403 153 0 76
-0.221834 0.011814 -0.143453 153 0 76
0.358955 -0.092841 0.028430 153 0 76
-0.121032 -0.038863 0.246416 153 0 76
0.295642 -0.730414 0.547361 76 0 153
0.344758 -0.241710 0.145793 76 0 153
0.192533 0.401955 -0.190911 76 0 153
-0.207092 -0.039719 -0.145060 153 0 76
-0.352929 -0.576513 0.483729 153 0 76
-0.414737 -0.396397 -0.163253 76 153 0
-0.284362 -0.144039 -0.055517 76 153 0
-0.247368 0.225157 -0.131217 153 0 76
-0.400178 -0.192589 -0.024508 76 153 0
0.291726 0.145172 -0.176529 76 0 153
-0.414680 -0.334537 -0.125925 76 153 0
-0.322101 -0.228535 0.148477 153 0 76
-0.162603 0.152600 -0.140750 76 0 153
-0.213822 -0.128633 0.043975 255 0 0
0.198630 -0.040408 0.008657 153 0 76
-0.184308 -0.044338 0.003605 153 0 76
0.288857 0.543690 -0.197179 76 0 153
0.336384 -0.337648 0.313474 76 0 153
-0.058564 0.250433 -0.178618 76 0 153
0.313788 -0.605469 0.483578 76 0 153
0.362814 -0.235305 -0.045321 153 76 0
0.379009 -0.401070 -0.197086 153 76 0
-0.340092 -0.448286 0.357952 153 0 76
-0.181648 0.152165 -0.136391 76 0 153
0.396959 -0.650575 -0.284080 153 76 0
0.382581 -0.368575 -0.182955 153 76 0
0.122055 -0.133892 0.448021 153 0 76
0.293417 0.431452 -0.160591 76 0 153
-0.091459 -0.041653 0.225452 153 0 76
0.363849 -0.074002 -0.025287 153 0 76
-0.313004 -0.017582 -0.136197 153 0 76
-0.153870 0.074108 -0.151235 76 0 153
-0.295593 0.499203 -0.202165 153 0 76
0.368325 -0.095939 0.392248 153 0 76
-0.262302 -0.038114 0.423788 153 0 76
0.316738 -0.629068 0.485788 76 0 153
-0.350063 -0.018408 0.044784 153 0 76
-0.203950 -0.042443 0.030867 153 0 76
-0.231663 0.474959 -0.202518 76 0 153
0.159604 0.249939 -0.159497 76 0 153
0.400876 -0.124602 0.030932 255 0 0
-0.259213 -0.166788 0.052331 255 0 0
0.333211 -0.018403 0.096647 153 0 76
-0.377540 -0.090353 0.422237 153 0 76
-0.164754 -0.125722 0.023677 255 0 0
0.343727 -0.573626 0.483553 76 0 153
0.176323 -0.029727 0.323969 153 0 76
0.318469 -0.252833 0.172734 76 0 153
-0.015804 -0.057192 -0.049563 153 0 76
0.298700 -0.003458 -0.145859 76 0 153
0.336360 0.308808 -0.149910 76 0 153
-0.394197 -0.319130 -0.102800 76 153 0
0.014193 -0.042287 0.244455 153 0 76
-0.415327 -0.671501 -0.255453 255 0 0
-0.246170 -0.032499 0.124664 153 0 76
0.198014 0.674150 -0.252696 153 76 0
-0.096958 -0.037874 0.296432 153 0 76
0.434687 -0.750534 -0.288313 204 51 127
-0.367263 0.636706 -0.247318 153 0 76
0.297489 -0.726039 0.497873 76 0 153
0.244038 -0.035096 0.016676 153 0 76
0.195494 -0.127207 0.432209 153 0 76
0.293125 -0.026682 0.404932 153 0 76
-0.169378 0.741534 -0.294442 153 76 0
0.220123 -0.039801 -0.039417 153 0 76
-0.038599 0.710849 -0.281998 153 76 0
-0.102106 -0.084336 0.461311 153 0 76
0.282785 -0.027832 -0.050890 153 0 76
0.305491 0.365615 -0.140040 76 0 153
-0.133330 0.426430 -0.213243 76 0 153
-0.233067 -0.004853 -0.177265 153 0 76
-0.128526 -0.051163 -0.080265 153 0 76
0.351057 -0.176115 0.088267 76 0 153
0.327699 0.381935 -0.142274 76 0 153
-0.346798 -0.175841 0.111985 153 0 76
0.146980 0.474929 -0.224453 76 0 153
0.391006 -0.615305 -0.293239 153 76 0
0.051935 -0.057363 -0.102040 153 0 76
-0.248291 0.588415 -0.226328 76 0 153
0.230081 0.729858 -0.268965 153 76 0
-0.023176 -0.048294 0.413175 153 0 76
0.332963 0.491111 -0.163110 76 0 153
0.124997 -0.173183 0.045935 255 0 0
0.153511 0.182996 -0.147067 76 0 153
-0.224222 -0.016378 -0.146168 153 0 76
-0.007529 -0.060991 0.445980 153 0 76
-0.232249 0.052098 -0.167415 153 0 76
-0.288898 0.621884 -0.221266 76 0 153
0.241043 0.229035 -0.131840 76 0 153
-0.327194 0.378751 -0.177206 153 0 76
0.250990 0.195111 -0.123189 76 0 153
0.200413 0.653620 -0.247957 153 76 0
0.051138 0.424121 -0.221445 76 0 153
0.118914 -0.046097 0.095433 153 0 76
0.383920 -0.220268 -0.072156 153 76 0
0.271872 0.201329 -0.118807 76 0 153
-0.044743 -0.072241 -0.192447 153 0 76
-0.325572 0.299300 -0.151713 153 0 76
-0.122385 0.360853 -0.195467 76 0 153
0.005971 -0.052821 0.037135 153 0 76
-0.347606 0.493867 -0.175315 153 0 76
-0.259312 0.132699 -0.123697 153 0 76
-0.202356 -0.030969 0.374019 153 0 76
-0.030060 0.160261 -0.165396 76 0 153
0.231170 -0.129124 0.044466 0 127 127
-0.293832 0.346298 -0.140724 153 0 76
0.369704 -0.265724 -0.101459 153 76 0
0.316774 -0.277758 0.227753 76 0 153
0.301295 -0.126697 0.020035 255 0 0
0.304600 -0.022400 -0.057479 153 0 76
-0.181116 0.573848 -0.240265 76 0 153
0.283251 0.248319 -0.172117 76 0 153
-0.302576 -0.732942 0.552312 0 127 127
-0.318689 -0.740019 0.567274 0 127 127
-0.322198 0.663429 -0.257561 153 0 76
-0.437639 -0.756629 -0.262447 127 127 0
0.021057 -0.053565 0.017540 153 0 76
-0.328808 -0.432994 0.388218 153 0 76
-0.381961 -0.719018 0.519465 76 153 0
-0.149784 -0.040965 0.161613 153 0 76
-0.244927 -0.036873 -0.008318 153 0 76
0.352022 -0.021458 -0.034878 153 0 76
0.224495 0.069320 -0.136001 76 0 153
-0.286315 -0.155542 -0.003585 255 0 0
0.263015 0.331090 -0.166310 76 0 153
-0.240474 0.456532 -0.192926 76 0 153
0.054739 -0.055846 -0.042551 153 0 76
-0.315023 -0.022280 0.128627 153 0 76
0.130066 0.379301 -0.200115 76 0 153
-0.359194 -0.295418 0.223058 153 0 76
0.300715 -0.017802 -0.201045 76 0 153
-0.409472 -0.124363 0.030038 255 0 0
0.296633 0.268784 -0.164828 76 0 153
0.013858 -0.037304 0.345466 153 0 76
0.233499 0.137057 -0.126798 76 0 153
0.011772 -0.124215 0.029299 255 0 0
-0.310724 -0.023586 -0.040704 153 0 76
-0.357351 -0.104455 0.416354 153 0 76
-0.155259 -0.173385 0.013054 255 0 0
0.243933 -0.035277 0.054211 153 0 76
0.243583 -0.024038 -0.144724 76 0 153
0.332196 -0.183035 0.051076 76 0 153
-0.168590 -0.046181 -0.129524 153 0 76
-0.019339 -0.059395 -0.138485 153 0 76
-0.038924 -0.046703 0.157630 153 0 76
-0.264467 -0.057975 -0.165303 153 0 76
-0.074199 0.377259 -0.205779 76 0 153
-0.213878 -0.061569 0.449547 153 0 76
-0.173352 0.040807 -0.150319 76 0 153
-0.061949 -0.038092 0.314806 153 0 76
-0.247860 -0.101743 -0.040816 76 153 0
-0.369344 -0.127509 0.041781 255 0 0
-0.023320 -0.055590 -0.019324 153 0 76
-0.029147 -0.107083 -0.191344 153 0 76
0.072790 0.746087 -0.322821 153 76 0
-0.212400 0.696310 -0.263260 153 76 0
-0.347514 -0.679894 0.563228 127 0 127
-0.035285 0.423560 -0.221852 76 0 153
0.353651 -0.364506 0.301456 76 0 153
-0.318140 0.626783 -0.212480 153 0 76
-0.379834 -0.067458 0.185861 153 0 76
-0.380429 -0.041946 0.170123 153 0 76
0.181171 -0.044059 -0.025621 153 0 76
0.137514 -0.032826 0.333862 153 0 76
0.213930 0.184451 -0.131752 76 0 153
0.091844 0.575940 -0.251265 76 0 153
0.301713 0.352862 -0.184218 76 0 153
-0.294625 0.742011 -0.275066 153 0 76
0.315401 -0.103676 0.441177 153 0 76
-0.124239 0.026746 -0.161643 76 0 153
-0.031370 0.273824 -0.185876 76 0 153
0.345328 -0.458259 0.413560 76 0 153
-0.139694 0.100969 -0.151618 76 0 153
-0.276362 -0.091087 0.452654 153 0 76
-0.337515 -0.212046 0.098962 153 0 76
-0.020955 0.361688 -0.204802 76 0 153
0.393804 -0.206473 -0.043036 153 76 0
0.412336 -0.586034 -0.295493 153 76 0
-0.163268 0.421971 -0.204805 76 0 153
0.176002 -0.044896 0.033686 153 0 76
-0.272392 -0.022256 0.258946 153 0 76
-0.097033 0.435058 -0.219390 76 0 153
0.247860 0.173014 -0.122725 76 0 153
0.327633 -0.493136 0.392552 76 0 153
0.108893 0.487346 -0.233427 76 0 153
-0.238134 -0.036619 -0.176808 153 0 76
0.250903 -0.039397 0.427612 153 0 76
-0.357138 -0.229245 0.179108 153 0 76
0.043403 -0.097573 -0.192018 153 0 76
0.292524 0.104241 -0.150254 76 0 153
0.237670 0.237988 -0.170252 76 0 153
-0.034901 0.532904 -0.249288 76 0 153
0.367362 -0.716180 0.573900 153 76 0
0.014906 0.513536 -0.246734 76 0 153
-0.020571 0.668368 -0.270110 153 76 0
0.077398 0.293567 -0.185689 76 0 153
-0.382162 -0.722894 0.555989 76 153 0
-0.350185 0.520965 -0.193168 153 0 76
0.338957 0.617294 -0.202724 76 0 153
-0.231553 0.009048 -0.190127 153 0 76
-0.107506 -0.047469 0.082943 153 0 76
-0.284908 -0.091114 -0.088716 153 0 76
0.370050 -0.722988 -0.287740 153 0 76
-0.252514 0.074001 -0.154460 153 0 76
-0.057664 0.313439 -0.192551 76 0 153
0.003202 0.323547 -0.196509 76 0 153
-0.351084 -0.269665 0.236278 153 0 76
-0.299929 0.177863 -0.132187 153 0 76
0.279347 0.390662 -0.155789 76 0 153
0.301011 -0.178753 0.026275 255 0 0
0.051286 -0.041037 0.254404 153 0 76
-0.061596 0.001453 -0.174425 76 0 153
-0.216051 -0.032342 0.218468 153 0 76
0.381104 -0.478969 -0.234256 153 76 0
0.167583 -0.046231 -0.095666 153 0 76
-0.307673 -0.115125 -0.135334 153 0 76
-0.011467 0.563087 -0.253562 76 0 153
0.082641 -0.055896 -0.168835 153 0 76
0.092492 -0.052758 -0.000763 153 0 76
-0.276057 0.157267 -0.117785 153 0 76
0.170968 0.215649 -0.149030 76 0 153
0.302530 0.053707 -0.145277 76 0 153
0.335464 0.455522 -0.155772 76 0 153
-0.186747 0.127034 -0.137921 76 0 153
0.351949 -0.488652 0.399553 76 0 153
0.001614 -0.050956 0.075773 153 0 76
0.263980 0.004373 -0.137962 76 0 153
-0.229019 -0.036312 0.093155 153 0 76
-0.218434 0.273204 -0.149781 153 0 76
0.012478 -0.049202 0.107412 153 0 76
-0.327819 -0.160719 0.071002 153 0 76
-0.334295 -0.595599 0.455557 153 0 76
-0.361824 -0.093111 0.001258 153 0 76
-0.070076 0.400200 -0.212685 76 0 153
0.342250 0.681288 -0.242065 76 0 153
0.107074 0.378246 -0.202470 76 0 153
-0.168719 -0.045932 0.029834 153 0 76
0.292031 0.712870 -0.247993 76 0 153
-0.286095 0.005029 -0.205472 153 0 76
0.311512 0.233294 -0.137115 76 0 153
0.077274 0.410539 -0.215243 76 0 153
-0.303110 -0.735104 0.517522 0 127 127
-0.376131 -0.686683 0.507345 127 0 127
0.370299 -0.704180 -0.283751 153 0 76
-0.190091 -0.044089 -0.097456 153 0 76
0.256563 0.352166 -0.154789 76 0 153
-0.209782 -0.134673 0.008770 255 0 0
0.060797 -0.050548 0.065107 153 0 76
-0.283385 0.494846 -0.184173 153 0 76
-0.173914 -0.035739 0.223775 153 0 76
-0.101803 -0.054433 -0.131149 153 0 76
0.318570 -0.019885 -0.045090 153 0 76
0.368565 -0.077794 0.062487 153 0 76
-0.110068 0.675404 -0.268323 153 76 0
0.161086 -0.036080 -0.159504 76 0 153
-0.351940 0.454270 -0.162250 153 0 76
0.224077 0.078986 -0.182739 76 0 153
-0.336002 0.445006 -0.188887 153 0 76
0.351481 -0.334815 0.265112 76 0 153
0.054007 0.277440 -0.185203 76 0 153
-0.036316 -0.058950 -0.161251 153 0 76
0.373567 -0.071325 0.287502 153 0 76
0.365128 -0.081509 -0.006743 153 0 76
-0.222500 -0.149472 0.056445 255 0 0
-0.323635 0.489361 -0.207931 153 0 76
-0.091708 -0.179411 0.028731 255 0 0
-0.259961 -0.109946 -0.004323 153 0 76
-0.117347 0.476318 -0.229260 76 0 153
-0.375265 -0.076940 0.256904 153 0 76
-0.237459 -0.089634 -0.132502 76 153 0
-0.127448 0.136955 -0.150570 76 0 153
0.129597 0.290832 -0.176950 76 0 153
0.018242 -0.139963 0.450317 153 0 76
0.326490 0.542025 -0.215281 76 0 153
0.274820 -0.161769 0.024337 0 127 127
0.175393 -0.041222 0.105136 153 0 76
-0.311699 -0.059600 -0.187438 153 0 76
0.204225 -0.125073 0.026098 255 0 0
0.285271 -0.050888 0.444488 153 0 76
0.246039 -0.035235 -0.045679 153 0 76
0.349366 -0.093370 0.442491 153 0 76
0.112956 0.350308 -0.193720 76 0 153
-0.372287 -0.025580 0.095682 153 0 76
-0.307509 0.560221 -0.194227 153 0 76
0.241938 0.054984 -0.157105 76 0 153
-0.114284 -0.156420 0.002908 255 0 0
-0.068273 -0.164294 0.053768 255 0 0
0.314896 -0.681014 0.530948 76 0 153
-0.352528 -0.425017 0.343490 153 0 76
-0.161923 0.501626 -0.228593 76 0 153
0.294929 -0.016485 0.291262 153 0 76
0.207718 -0.039700 0.043135 153 0 76
-0.428318 -0.496270 -0.242230 76 153 0
0.159405 0.441147 -0.211218 76 0 153
0.341523 0.710253 -0.257982 76 0 153
-0.279342 0.004020 -0.164194 153 0 76
0.344891 -0.063154 -0.132269 153 0 76
-0.312508 0.063164 -0.173342 153 0 76
-0.347661 -0.165402 0.094248 153 0 76
-0.072999 0.540347 -0.248184 76 0 153
-0.342811 -0.009307 0.334584 153 0 76
0.277923 -0.027616 0.116247 153 0 76
-0.439626 -0.720273 -0.305336 127 127 0
-0.165125 -0.047290 -0.070040 153 0 76
0.368008 -0.038928 0.061721 153 0 76
0.183643 0.583510 -0.238697 76 0 153
0.404730 -0.491908 -0.255283 153 76 0
0.276269 -0.086723 0.452048 153 0 76
0.224369 -0.027073 -0.197484 76 0 153
0.050038 -0.117276 0.463416 153 0 76
0.080993 -0.135374 0.050717 255 0 0
0.237145 -0.027446 -0.211995 76 0 153
0.277887 -0.077217 -0.148229 0 127 127
0.303329 -0.098504 -0.109970 76 0 153
-0.284200 -0.018406 0.296933 153 0 76
0.264607 -0.176362 0.017363 255 0 0
-0.362915 -0.304100 0.239941 153 0 76
-0.175387 0.451444 -0.210248 76 0 153
-0.358314 -0.527092 0.453150 153 0 76
0.345711 0.745000 -0.262172 76 0 153
0.403123 -0.575538 -0.251044 153 76 0
-0.328183 -0.568238 0.478501 153 0 76
0.244889 -0.106131 -0.021385 76 0 153
0.328718 -0.047705 -0.153856 153 0 76
-0.335452 -0.017762 0.139831 153 0 76
0.375270 -0.707350 0.548094 153 76 0
0.022356 -0.057788 -0.076363 153 0 76
0.365344 -0.177734 0.036308 255 0 0
0.331410 -0.010223 0.348028 153 0 76
0.357125 -0.529424 0.433226 76 0 153
0.346257 -0.360635 0.330561 76 0 153
0.078653 -0.149699 0.002281 255 0 0
0.372996 -0.065498 0.189550 153 0 76
0.212236 -0.113051 0.455205 153 0 76
0.243712 -0.133825 -0.100208 0 127 127
-0.173169 -0.140624 0.054074 255 0 0
0.210714 -0.040669 -0.059272 153 0 76
0.302646 -0.076125 -0.188254 0 127 127
-0.297828 -0.072212 -0.152876 153 0 76
0.026927 0.195412 -0.171749 76 0 153
-0.307882 0.015033 -0.168987 153 0 76
-0.347955 0.678992 -0.247651 153 0 76
-0.004747 0.696845 -0.279469 153 76 0
0.323397 -0.288116 0.253273 76 0 153
-0.333515 -0.224698 0.120130 153 0 76
0.395689 -0.486230 -0.211253 153 76 0
0.321935 -0.725173 0.488110 153 0 76
-0.372935 -0.011447 0.316379 153 0 76
-0.136230 0.309182 -0.180372 76 0 153
-0.009620 -0.139539 0.448996 153 0 76
0.265370 0.279685 -0.184141 76 0 153
-0.037712 -0.143726 0.003881 255 0 0
0.371082 -0.724471 -0.247662 153 0 76
0.153417 -0.048009 -0.044163 153 0 76
-0.034167 0.108078 -0.168221 76 0 153
-0.162009 0.404104 -0.199891 76 0 153
-0.081007 -0.036501 0.333853 153 0 76
-0.318586 0.232226 -0.140415 153 0 76
-0.048903 -0.047287 0.141866 153 0 76
0.058186 0.211411 -0.171481 76 0 153
-0.093027 0.616559 -0.257591 153 76 0
0.039737 -0.135397 0.050740 255 0 0
-0.316957 0.701101 -0.239890 153 0 76
-0.261524 0.406656 -0.168767 153 0 76
0.224340 -0.130484 -0.010305 76 0 153
0.207415 -0.178853 0.026649 255 0 0
0.268871 0.021090 -0.206657 76 0 153
-0.050519 -0.040700 0.270763 153 0 76
-0.422683 -0.406952 -0.194885 76 153 0
0.280157 -0.020698 0.370889 153 0 76
-0.150893 0.133160 -0.145556 76 0 153
-0.339638 -0.009276 0.303451 153 0 76
-0.170361 -0.039501 0.405728 153 0 76
-0.355595 -0.356453 0.284673 153 0 76
-0.262710 0.312368 -0.167702 153 0 76
0.071426 0.578720 -0.253392 153 76 0
0.417201 -0.422910 -0.205237 153 76 0
-0.026897 -0.060670 -0.181949 153 0 76
0.319536 -0.185750 0.108611 76 0 153
0.349374 -0.276782 0.237998 76 0 153
0.317194 0.452587 -0.156292 76 0 153
0.334147 -0.310385 0.228594 76 0 153
-0.349637 0.598376 -0.200005 153 0 76
-0.069462 0.112291 -0.164506 76 0 153
-0.228809 0.127856 -0.129609 153 0 76
0.329822 -0.599869 0.500404 76 0 153
-0.430887 -0.631887 -0.277895 76 153 0
-0.401422 -0.373459 -0.191890 76 153 0
0.147511 -0.125158 0.025781 255 0 0
0.255298 -0.033966 -0.018676 153 0 76
0.302694 -0.113053 -0.036307 0 127 127
0.230768 0.167223 -0.126707 76 0 153
0.195661 0.522070 -0.225025 76 0 153
-0.060042 0.094857 -0.166846 76 0 153
-0.276962 0.067062 -0.198611 153 0 76
-0.365753 0.620861 -0.219374 153 0 76
0.375622 -0.060612 0.270571 153 0 76
0.203242 0.555248 -0.230162 76 0 153
0.002554 -0.009186 -0.180208 76 0 153
-0.244493 -0.032150 -0.137984 153 0 76
-0.243351 -0.077400 -0.151207 76 153 0
-0.319283 -0.063413 -0.152590 153 0 76
-0.074765 -0.045185 0.166588 153 0 76
0.164115 0.280934 -0.165443 76 0 153
-0.237199 -0.028011 0.249263 153 0 76
0.326678 0.341627 -0.156253 76 0 153
0.371118 -0.127639 0.042266 255 0 0
0.315067 -0.509732 0.431903 76 0 153
0.272387 0.563350 -0.210036 76 0 153
0.252421 0.750871 -0.281574 76 0 153
0.022342 -0.176735 0.018755 255 0 0
0.034496 -0.016563 -0.178142 76 0 153
0.092061 -0.089643 -0.189490 153 0 76
-0.383842 -0.073640 0.403030 153 0 76
0.354348 -0.177127 0.020214 255 0 0
-0.332543 -0.622882 0.506423 153 0 76
-0.290803 0.037357 -0.159557 153 0 76
-0.263520 -0.017897 -0.167242 153 0 76
0.387589 -0.558822 -0.254225 153 76 0
0.178353 -0.042917 0.002418 153 0 76
0.369978 -0.030018 0.150338 153 0 76
0.317603 -0.021276 -0.022004 153 0 76
0.150618 -0.045255 0.064843 153 0 76
-0.240000 -0.026482 0.274142 153 0 76
0.162165 0.606924 -0.246895 153 76 0
-0.245671 -0.090904 -0.090519 76 153 0
-0.250001 0.201027 -0.187244 153 0 76
-0.308605 0.411041 -0.197882 153 0 76
0.110341 -0.036334 0.306069 153 0 76
0.328970 -0.013874 -0.107482 153 0 76
-0.351943 -0.011566 0.205107 153 0 76
0.002454 0.251471 -0.181054 76 0 153
-0.375148 -0.065415 0.045987 153 0 76
0.271174 -0.031301 0.035533 153 0 76
-0.009252 -0.058609 -0.079965 153 0 76
0.228112 -0.036316 0.085862 153 0 76
0.315514 -0.308583 0.252969 76 0 153
-0.033138 -0.040015 0.295545 153 0 76
-0.029624 -0.167260 0.006928 255 0 0
0.436702 -0.672502 -0.251836 204 51 127
0.128853 0.198245 -0.156673 76 0 153
0.223761 0.140076 -0.175381 76 0 153
-0.089824 0.051130 -0.166335 76 0 153
0.321107 -0.388480 0.349225 76 0 153
0.253754 0.720316 -0.257619 76 0 153
0.213413 0.461297 -0.203200 76 0 153
0.076547 -0.052635 0.018253 153 0 76
0.399429 -0.443891 -0.232782 153 76 0
-0.390547 -0.129121 0.044463 255 0 0
-0.010869 0.392891 -0.213365 76 0 153
-0.335852 -0.599325 0.496834 153 0 76
-0.293713 -0.121808 -0.151132 153 0 76
-0.295400 0.358618 -0.192719 153 0 76
-0.275997 -0.054064 0.445602 153 0 76
-0.103871 0.384433 -0.204261 76 0 153
0.007618 0.073941 -0.173224 76 0 153
0.054313 -0.124471 0.030442 255 0 0
0.092506 -0.062632 0.449255 153 0 76
0.047643 -0.060994 -0.180209 153 0 76
-0.363648 -0.012559 0.367173 153 0 76
0.043568 -0.153286 0.002068 255 0 0
-0.183920 0.055407 -0.146299 76 0 153
-0.397992 -0.286998 -0.130368 76 153 0
-0.106806 0.745461 -0.315039 153 76 0
-0.303720 0.051812 -0.144009 153 0 76
-0.344199 -0.105810 0.435545 153 0 76
0.190683 -0.041093 -0.147038 153 0 76
-0.051304 -0.100272 0.462931 153 0 76
-0.365115 0.662365 -0.234996 153 0 76
0.012674 -0.166658 0.052460 255 0 0
0.218931 -0.034068 0.152927 153 0 76
-0.350525 0.646942 -0.226623 153 0 76
0.011801 0.685198 -0.275469 153 76 0
0.412464 -0.551935 -0.281103 153 76 0
-0.188493 -0.086109 0.457415 153 0 76
0.076671 0.521287 -0.244890 76 0 153
0.223464 0.259316 -0.144023 76 0 153
0.234579 -0.117445 0.010707 0 127 127
-0.094917 -0.050863 0.426018 153 0 76
0.337767 -0.307369 0.282138 76 0 153
-0.387333 -0.466179 -0.227589 76 153 0
-0.245098 -0.144574 0.055133 255 0 0
0.115894 -0.052306 -0.117151 153 0 76
-0.094466 0.501765 -0.238913 76 0 153
0.296824 -0.750588 0.532245 76 0 153
-0.320910 0.691467 -0.267252 153 0 76
-0.322323 -0.316614 0.271207 153 0 76
0.314471 0.628946 -0.245658 76 0 153
0.313438 0.670220 -0.259775 76 0 153
0.139774 0.740459 -0.297245 153 76 0
0.309869 0.330203 -0.133575 76 0 153
0.043837 -0.052346 0.034748 153 0 76
-0.187915 -0.053875 -0.174770 153 0 76
-0.456558 -0.724722 -0.277229 127 127 0
0.260819 0.142385 -0.121153 76 0 153
0.370541 -0.267943 -0.069228 153 76 0
-0.309331 -0.019733 0.194880 153 0 76
0.241142 0.237988 -0.152419 76 0 153
-0.038630 0.072303 -0.170755 76 0 153
0.009984 -0.056903 -0.045710 153 0 76
0.261853 0.222762 -0.182614 76 0 153
-0.381163 -0.029856 0.379815 153 0 76
0.262078 -0.029192 -0.110420 153 0 76
-0.011331 0.730570 -0.298766 153 76 0
-0.306858 -0.123134 0.018057 76 153 0
-0.058084 -0.042148 0.386474 153 0 76
0.365798 -0.052284 0.005450 153 0 76
-0.312314 -0.012157 -0.189846 153 0 76
0.248579 -0.083553 -0.120542 76 0 153
-0.236755 -0.138177 -0.043273 76 153 0
-0.029600 0.308923 -0.193443 76 0 153
0.326110 -0.199816 0.144131 76 0 153
-0.101144 0.160673 -0.157258 76 0 153
0.113500 -0.065804 -0.184429 153 0 76
-0.176923 -0.046247 -0.032997 153 0 76
-0.346142 -0.126273 0.021618 255 0 0
-0.080936 -0.116010 0.463467 153 0 76
0.018918 -0.156204 0.002850 255 0 0
0.292310 -0.022425 0.176847 153 0 76
0.260415 0.305478 -0.189504 76 0 153
-0.121485 -0.047149 0.070167 153 0 76
-0.096301 0.131883 -0.158323 76 0 153
0.391798 -0.200885 -0.006229 153 76 0
-0.362741 0.463324 -0.190694 153 0 76
0.229240 0.117863 -0.148359 76 0 153
0.393540 -0.218150 -0.056975 153 76 0
-0.322512 -0.371518 0.315991 153 0 76
0.013369 0.612840 -0.260254 153 76 0
0.319185 -0.574089 0.476362 76 0 153
-0.336048 0.702491 -0.236313 153 0 76
0.158232 -0.046552 -0.130433 153 0 76
-0.217411 -0.033965 0.179054 153 0 76
0.289261 0.675888 -0.234707 76 0 153
-0.207552 -0.029824 0.280505 153 0 76
0.257036 0.101878 -0.150582 76 0 153
0.355487 -0.731146 0.500735 153 76 0
-0.190965 0.294423 -0.162261 76 0 153
-0.115706 0.239558 -0.167245 76 0 153
0.277046 0.284041 -0.132167 76 0 153
0.332599 -0.125150 0.032977 255 0 0
-0.364178 -0.036425 -0.119892 153 0 76
-0.423595 -0.449383 -0.201551 76 153 0
-0.083796 -0.089345 -0.191595 153 0 76
0.140341 -0.131945 0.448012 153 0 76
0.208264 0.607652 -0.237366 153 76 0
0.369746 -0.068529 0.087518 153 0 76
0.249441 0.094421 -0.197520 76 0 153
-0.264335 -0.175922 0.015721 255 0 0
-0.079417 0.283621 -0.182600 76 0 153
0.308577 0.610023 -0.209535 76 0 153
-0.118453 0.104668 -0.156133 76 0 153
0.052639 -0.038798 0.297564 153 0 76
-0.351189 -0.337751 0.310941 153 0 76
0.366118 -0.013860 0.358616 153 0 76
-0.088149 -0.051456 0.025548 153 0 76
-0.208325 -0.126555 0.444395 153 0 76
0.097094 0.740161 -0.304881 153 76 0
0.338178 -0.016598 -0.049595 153 0 76
-0.322471 -0.024498 0.405078 153 0 76
0.327619 0.596186 -0.226660 76 0 153
-0.188646 -0.043022 0.420144 153 0 76
0.109771 -0.049776 0.034093 153 0 76
0.340398 -0.253208 0.159262 76 0 153
-0.375617 -0.044398 0.058655 153 0 76
0.075166 -0.059201 0.445957 153 0 76
-0.245865 0.439999 -0.185175 153 0 76
0.234822 -0.123080 -0.131516 76 0 153
0.148392 -0.050675 -0.168947 153 0 76
0.349990 -0.564978 0.441863 76 0 153
0.129353 0.160449 -0.149925 76 0 153
-0.313097 -0.142498 0.020837 76 153 0
0.296784 -0.029579 -0.153727 153 0 76
0.149418 -0.047259 -0.021243 153 0 76
-0.100428 -0.129006 0.014438 255 0 0
0.236503 -0.092353 -0.093621 0 127 127
0.310657 0.390957 -0.188584 76 0 153
-0.341126 0.392681 -0.165773 153 0 76
-0.302812 -0.024885 -0.171591 153 0 76
-0.050862 0.037641 -0.172455 76 0 153
-0.220276 0.144857 -0.129030 153 0 76
-0.246880 0.020744 -0.161868 153 0 76
0.086351 0.434947 -0.221113 76 0 153
-0.161860 -0.035647 0.388814 153 0 76
0.066562 0.321483 -0.193140 76 0 153
-0.121341 0.067568 -0.158896 76 0 153
0.177623 -0.178521 0.033376 255 0 0
-0.178521 -0.029622 0.340961 153 0 76
0.445440 -0.680853 -0.275841 76 0 153
-0.377660 -0.703444 -0.255704 0 255 0
0.120758 0.580602 -0.249094 76 0 153
-0.305294 0.322143 -0.178161 153 0 76
-0.204942 0.746574 -0.295737 153 76 0
0.033571 -0.043269 0.217753 153 0 76
-0.167375 -0.032015 0.305365 153 0 76
0.073902 -0.055296 -0.060245 153 0 76
-0.196491 -0.042585 -0.120490 153 0 76
-0.392377 -0.680777 -0.272796 0 255 0
0.366655 -0.027439 0.105726 153 0 76
0.310712 -0.017185 0.222263 153 0 76
-0.065848 -0.043479 0.206019 153 0 76
0.116157 -0.041946 0.398804 153 0 76
-0.354735 -0.034404 0.430941 153 0 76
-0.334868 -0.246805 0.207082 153 0 76
-0.035221 -0.138051 0.453503 153 0 76
0.356743 -0.578685 0.463214 76 0 153
0.010542 0.587181 -0.256862 153 76 0
0.299213 -0.048065 -0.159222 153 0 76
-0.360984 -0.224834 0.161290 153 0 76
-0.126858 -0.049359 0.015791 153 0 76
0.190907 0.080222 -0.141433 76 0 153
-0.225796 -0.039105 0.012156 153 0 76
0.147058 -0.042146 0.133704 153 0 76
-0.292872 0.419538 -0.158510 153 0 76
-0.296067 -0.111359 -0.169207 76 153 0
0.386823 -0.173923 0.021740 255 0 0
0.343385 0.583322 -0.211455 76 0 153
0.279820 0.403632 -0.179627 76 0 153
-0.263189 0.597539 -0.222630 76 0 153
-0.007654 -0.179360 0.030248 255 0 0
-0.174732 0.071533 -0.146686 76 0 153
-0.259413 0.629963 -0.233376 153 76 0
0.160355 0.726852 -0.283674 153 76 0
-0.282276 0.122805 -0.147672 153 0 76
0.359881 0.530954 -0.191022 76 0 153
-0.439608 -0.736927 -0.231453 127 127 0
0.360284 0.432903 -0.179596 76 0 153
0.394639 -0.346405 -0.122510 153 76 0
0.350015 -0.399436 0.358140 76 0 153
-0.376368 -0.314980 -0.134361 76 153 0
-0.130086 -0.051756 -0.056401 153 0 76
-0.388003 -0.442979 -0.196562 76 153 0
0.109461 0.074304 -0.159442 76 0 153
-0.288577 0.216536 -0.175678 153 0 76
0.355479 -0.704426 0.502063 153 76 0
0.344428 -0.273620 0.186320 76 0 153
0.384746 -0.338747 -0.142575 153 76 0
-0.276542 -0.053423 -0.212912 76 153 0
0.136044 -0.033979 0.370542 153 0 76
-0.398713 -0.405016 -0.208556 76 153 0
-0.207683 0.553833 -0.230400 76 0 153
-0.131451 -0.051044 -0.135109 153 0 76
0.377644 -0.310609 -0.112212 153 76 0
-0.402303 -0.499545 -0.258283 76 153 0
-0.377222 -0.715485 -0.298265 0 255 0
0.317495 0.661818 -0.224233 76 0 153
0.297667 0.220542 -0.119681 76 0 153
0.187532 0.425237 -0.199199 76 0 153
0.123909 -0.105617 0.461292 153 0 76
0.138312 -0.038378 0.220786 153 0 76
0.067010 -0.040299 0.262670 153 0 76
-0.300556 -0.023715 0.145129 153 0 76
0.086835 -0.055387 -0.089091 153 0 76
-0.310808 -0.102600 -0.103823 76 153 0
0.271158 0.329420 -0.190567 76 0 153
-0.254258 -0.095380 -0.190568 153 0 76
0.285731 0.138594 -0.145476 76 0 153
-0.267857 0.277284 -0.185109 153 0 76
0.173303 -0.039461 0.142333 153 0 76
-0.271414 0.168675 -0.183013 153 0 76
-0.003588 0.740454 -0.311667 153 76 0
-0.245279 0.282866 -0.143050 153 0 76
0.329388 -0.582936 0.447070 76 0 153
0.094532 0.209726 -0.165241 76 0 153
-0.089393 -0.048973 0.076430 153 0 76
-0.275777 -0.094769 -0.071575 76 153 0
0.308435 -0.156898 0.055750 76 0 153
0.258719 -0.157934 0.006496 255 0 0
-0.231087 -0.131567 0.001240 76 153 0
-0.209317 0.439933 -0.197888 76 0 153
0.225240 0.054027 -0.167528 76 0 153
0.403931 -0.271197 -0.085821 153 76 0
-0.089815 0.721305 -0.287195 153 76 0
0.083304 0.329513 -0.192725 76 0 153
-0.258204 0.226174 -0.185802 153 0 76
-0.312170 -0.043321 -0.200631 76 153 0
-0.167834 0.003718 -0.155063 76 0 153
0.354231 -0.020736 0.080617 153 0 76
-0.313857 0.605094 -0.237920 153 0 76
-0.167558 -0.141021 0.004605 255 0 0
-0.427118 -0.677318 -0.290155 255 0 0
0.108060 0.317869 -0.187011 76 0 153
0.205728 0.485531 -0.212428 76 0 153
0.295784 -0.704263 0.531514 76 0 153
0.026892 0.228370 -0.176886 76 0 153
-0.223234 -0.076979 0.454558 153 0 76
-0.016911 0.292237 -0.189809 76 0 153
0.260965 0.128127 -0.146931 76 0 153
0.297906 -0.682205 0.548895 76 0 153
-0.367177 -0.017536 0.166261 153 0 76
-0.081181 -0.016281 -0.173474 76 0 153
0.153330 -0.039702 0.170647 153 0 76
0.170152 0.319729 -0.173401 76 0 153
-0.289745 0.476793 -0.175481 153 0 76
0.229801 -0.102464 -0.077523 0 127 127
-0.349928 -0.241226 0.145418 153 0 76
0.046128 0.169305 -0.165934 76 0 153
-0.405192 -0.623180 -0.271420 76 153 0
-0.192351 0.260792 -0.153619 76 0 153
-0.194384 0.401562 -0.190564 76 0 153
0.234594 -0.026216 0.371322 153 0 76
-0.424973 -0.579801 -0.255179 76 153 0
0.029890 -0.046370 0.158557 153 0 76
-0.177105 -0.132720 0.428583 153 0 76
-0.377240 -0.166379 0.052739 255 0 0
-0.272144 -0.019062 0.331091 153 0 76
0.341425 0.510165 -0.180303 76 0 153
-0.324715 -0.273689 0.227733 153 0 76
0.434105 -0.695425 -0.226400 204 51 127
-0.232072 -0.064041 -0.178932 76 153 0
-0.400592 -0.325185 -0.158468 76 153 0
-0.230492 0.754804 -0.305041 153 76 0
0.040086 -0.038597 0.370595 153 0 76
-0.321845 -0.292220 0.231652 153 0 76
0.376187 -0.385313 -0.164082 153 76 0
-0.148970 0.633057 -0.256794 153 76 0
0.377002 -0.044305 0.343342 153 0 76
0.197245 0.036114 -0.144734 76 0 153
0.338757 0.368931 -0.148620 76 0 153
-0.381857 -0.747755 -0.288309 0 255 0
-0.151154 0.526578 -0.238214 76 0 153
0.274082 -0.023348 0.220547 153 0 76
0.229734 -0.036205 -0.092018 153 0 76
0.406030 -0.636458 -0.311949 153 76 0
0.217131 -0.026079 0.343447 153 0 76
-0.246522 -0.139570 0.004994 255 0 0
0.083085 0.669452 -0.266475 153 76 0
0.293227 0.002519 -0.204002 76 0 153
0.188904 -0.103865 0.458387 153 0 76
-0.029769 0.495095 -0.241671 76 0 153
-0.009409 -0.060313 -0.173061 153 0 76
0.114230 -0.154234 0.002322 255 0 0
0.235777 -0.137226 -0.073321 0 127 127
-0.290426 0.721176 -0.254328 153 0 76
-0.053640 0.364449 -0.204639 76 0 153
0.081183 -0.051516 0.038273 153 0 76
-0.201508 0.466069 -0.207707 76 0 153
0.350123 -0.192980 0.075686 76 0 153
-0.245054 -0.044601 0.433618 153 0 76
0.183292 -0.035864 0.396443 153 0 76
0.055594 -0.043446 0.402702 153 0 76
-0.380689 -0.684212 0.528130 76 153 0
-0.116541 -0.041021 0.206965 153 0 76
0.421734 -0.514557 -0.233168 153 76 0
0.226236 0.179107 -0.161196 76 0 153
-0.357805 -0.021775 0.405916 153 0 76
-0.080961 0.631081 -0.260639 153 76 0
0.103992 0.544656 -0.245549 76 0 153
-0.365713 -0.148636 0.002565 255 0 0
-0.376756 -0.261755 -0.064585 76 153 0
-0.302426 0.080052 -0.186572 153 0 76
0.232606 -0.036633 0.068886 153 0 76
-0.075240 -0.130024 0.013419 255 0 0
-0.456044 -0.698892 -0.247526 127 127 0
0.339741 -0.642096 0.480350 76 0 153
-0.058335 -0.058007 -0.166715 153 0 76
-0.065747 0.716169 -0.284556 153 76 0
0.146130 -0.041583 0.406636 153 0 76
0.183190 -0.030281 0.362504 153 0 76
0.349978 -0.216714 0.166421 76 0 153
-0.268001 0.102557 -0.150488 153 0 76
-0.063253 0.218751 -0.171970 76 0 153
-0.362584 -0.355390 0.301960 153 0 76
-0.117264 -0.030108 -0.167603 76 0 153
0.342061 0.480978 -0.179112 76 0 153
0.305859 -0.135212 -0.007077 0 127 127
-0.017578 -0.091275 0.462681 153 0 76
0.241748 -0.028506 0.207866 153 0 76
-0.106420 -0.067938 -0.187242 153 0 76
-0.335161 0.514020 -0.168084 153 0 76
-0.277621 -0.168429 0.050689 255 0 0
-0.298586 0.087290 -0.133515 153 0 76
0.289817 -0.137628 0.005814 255 0 0
-0.076705 -0.039487 0.277735 153 0 76
-0.075319 -0.127222 0.040708 255 0 0
0.269357 -0.018383 0.336632 153 0 76
0.334574 -0.151843 0.068898 76 0 153
-0.268026 -0.122859 0.052718 76 153 0
-0.292216 0.466107 -0.209817 153 0 76
0.334408 -0.332825 0.252211 76 0 153
0.377717 -0.198472 0.005789 153 76 0
0.356365 -0.014264 0.187545 153 0 76
0.250013 0.535781 -0.212227 76 0 153
-0.258615 0.650669 -0.238820 153 76 0
-0.332525 0.314272 -0.140202 153 0 76
-0.408683 -0.706265 -0.311025 255 0 0
-0.048084 -0.045568 0.176306 153 0 76
0.370789 -0.736965 -0.277335 153 0 76
-0.392961 -0.347936 -0.173902 76 153 0
-0.361940 -0.504485 0.433779 153 0 76
-0.267447 -0.032967 -0.013073 153 0 76
-0.366251 0.567610 -0.203218 153 0 76
-0.088421 -0.052684 -0.000867 153 0 76
0.110547 0.287821 -0.179310 76 0 153
-0.298661 -0.160771 0.021837 76 153 0
0.201145 -0.041195 -0.092892 153 0 76
0.362169 -0.027814 0.020500 153 0 76
-0.258814 -0.129131 -0.121299 76 153 0
0.354638 -0.601934 0.469451 76 0 153
0.354023 -0.092888 0.000344 153 0 76
-0.395005 -0.526682 -0.236361 76 153 0
0.243112 -0.046623 -0.171406 153 0 76
0.347420 -0.401945 0.326180 76 0 153
0.322572 -0.369501 0.295541 76 0 153
0.359639 -0.060065 0.433204 153 0 76
0.065346 0.701229 -0.276798 153 76 0
-0.305223 -0.013955 -0.154616 153 0 76
0.431450 -0.725930 -0.229814 204 51 127
-0.382082 -0.287870 -0.088865 76 153 0
-0.115518 0.124996 -0.154620 76 0 153
-0.201175 0.333359 -0.169177 76 0 153
0.332881 0.385355 -0.158496 76 0 153
-0.286676 -0.087286 -0.197293 76 153 0
0.255935 -0.091646 -0.084672 76 0 153
0.255725 -0.024165 0.257286 153 0 76
-0.349741 -0.388308 0.310003 153 0 76
-0.159738 0.679417 -0.265818 153 76 0
-0.020309 0.092483 -0.170805 76 0 153
0.205353 -0.168123 0.050996 255 0 0
-0.006899 0.446387 -0.228148 76 0 153
0.355993 -0.515019 0.421479 76 0 153
0.055401 -0.048652 0.104212 153 0 76
-0.117839 0.631595 -0.258666 153 76 0
0.237666 0.313511 -0.152220 76 0 153
0.225529 -0.059088 -0.179778 0 127 127
-0.378373 -0.053751 0.121569 153 0 76
-0.054709 0.621403 -0.261300 153 76 0
-0.055701 0.344853 -0.199736 76 0 153
-0.348516 -0.476513 0.427714 153 0 76
-0.383201 -0.166310 -0.016375 76 153 0
0.348477 -0.131604 0.046946 255 0 0
-0.323194 -0.376599 0.332536 153 0 76
0.311011 0.218577 -0.151481 76 0 153
-0.258991 0.176453 -0.119568 153 0 76
-0.154681 -0.048580 -0.108606 153 0 76
0.273334 0.373288 -0.153752 76 0 153
0.427055 -0.577721 -0.265060 153 76 0
0.448246 -0.743307 -0.274695 204 51 127
-0.294994 -0.025111 -0.077991 153 0 76
0.296738 0.130493 -0.129796 76 0 153
-0.302074 -0.033690 0.425528 153 0 76
-0.332682 -0.344374 0.267419 153 0 76
-0.155018 0.043085 -0.154314 76 0 153
-0.258113 0.514604 -0.202516 76 0 153
-0.376759 -0.075286 0.094465 153 0 76
-0.006094 -0.055288 -0.008388 153 0 76
0.296711 -0.022470 -0.087816 153 0 76
0.032806 0.045131 -0.173218 76 0 153
-0.401605 -0.422541 -0.172418 76 153 0
-0.367517 -0.126496 0.020785 255 0 0
0.026515 0.638479 -0.263616 153 76 0
0.305961 0.095499 -0.168693 76 0 153
0.326335 -0.025510 0.413736 153 0 76
0.111921 0.134640 -0.153937 76 0 153
-0.418751 -0.417812 -0.210730 76 153 0
0.361000 -0.068352 -0.064023 153 0 76
0.405713 -0.448825 -0.192025 153 76 0
0.097062 -0.038744 0.278533 153 0 76
-0.270610 0.095529 -0.195500 153 0 76
0.226057 -0.016666 -0.182774 76 0 153
0.347340 -0.014073 0.377922 153 0 76
0.191465 0.270737 -0.156543 76 0 153
0.073126 -0.049025 0.090011 153 0 76
0.289800 0.005175 -0.165139 76 0 153
-0.030421 -0.159254 0.055119 255 0 0
0.328753 -0.520161 0.409707 76 0 153
0.380060 -0.448317 -0.210763 153 76 0
-0.209831 0.367995 -0.176792 76 0 153
-0.098412 0.704994 -0.278150 153 76 0
-0.178800 0.701307 -0.269734 153 76 0
-0.038411 0.392169 -0.213156 76 0 153
0.030978 0.711461 -0.281917 153 76 0
-0.125020 -0.043982 0.132334 153 0 76
-0.149330 -0.053637 -0.176149 153 0 76
0.318124 -0.369279 0.329233 76 0 153
-0.151720 -0.150683 0.002017 255 0 0
-0.269032 -0.105385 -0.024043 76 153 0
0.317509 -0.479294 0.418645 76 0 153
0.364212 0.631076 -0.226855 76 0 153
-0.287983 -0.082916 -0.125925 76 153 0
0.336764 -0.015921 0.140424 153 0 76
0.026136 -0.044514 0.406452 153 0 76
0.244055 -0.021900 0.335761 153 0 76
0.262234 -0.141858 -0.065385 0 127 127
-0.046894 -0.036969 0.347843 153 0 76
0.136567 0.527046 -0.239725 76 0 153
-0.215383 0.073797 -0.137654 153 0 76
-0.234041 -0.027506 -0.201239 153 0 76
-0.380650 -0.751709 0.542629 76 153 0
0.002041 0.484468 -0.238692 76 0 153
-0.332079 -0.488152 0.390134 153 0 76
0.313717 -0.591027 0.470349 76 0 153
-0.327096 -0.021984 0.013830 153 0 76
-0.316172 0.505972 -0.171830 153 0 76
0.234260 -0.149022 -0.013739 0 127 127
0.353529 -0.208171 0.106281 76 0 153
-0.397301 -0.271576 -0.067476 76 153 0
0.331785 0.516799 -0.205972 76 0 153
0.033579 0.122205 -0.167088 76 0 153
-0.398474 -0.383076 -0.150993 76 153 0
0.340220 -0.464475 0.369729 76 0 153
-0.383371 -0.031121 0.296856 153 0 76
0.283193 0.306013 -0.134462 76 0 153
-0.396208 -0.145013 0.003536 255 0 0
-0.154356 0.365732 -0.190652 76 0 153
0.246434 -0.125108 0.032818 255 0 0
0.380121 -0.286141 -0.126320 153 76 0
-0.131871 0.487320 -0.230974 76 0 153
0.090469 0.043476 -0.165946 76 0 153
-0.352600 -0.280958 0.196620 153 0 76
0.034736 -0.057958 -0.104591 153 0 76
-0.298216 0.237933 -0.122121 153 0 76
-0.290413 -0.179470 0.028950 255 0 0
-0.070514 -0.050923 0.056149 153 0 76
-0.300981 -0.055648 -0.156077 153 0 76
0.229869 -0.088937 -0.138336 0 127 127
0.058826 0.645370 -0.263367 153 76 0
-0.383347 -0.027910 0.345300 153 0 76
-0.213317 -0.036163 0.143514 153 0 76
0.376419 -0.065837 0.324486 153 0 76
-0.178732 -0.033382 0.260590 153 0 76
-0.313821 -0.096705 0.449278 153 0 76
-0.382828 -0.382798 -0.165420 76 153 0
0.391329 -0.178590 -0.010379 153 76 0
0.201269 -0.139517 0.053778 255 0 0
0.314796 0.725577 -0.279079 76 0 153
-0.102582 -0.068499 0.453353 153 0 76
-0.170220 -0.046182 -0.009386 153 0 76
-0.025416 0.613550 -0.260447 153 76 0
-0.139176 -0.050406 -0.041954 153 0 76
0.132712 0.029796 -0.158905 76 0 153
0.043883 0.438905 -0.226117 76 0 153
-0.243492 0.041878 -0.137137 153 0 76
0.324090 0.500919 -0.207299 76 0 153
-0.370631 -0.701315 0.575387 127 0 127
0.391280 -0.174374 0.044743 255 0 0
-0.304536 0.533438 -0.222147 153 0 76
0.045940 0.014752 -0.174640 76 0 153
-0.072666 0.741394 -0.312259 153 76 0
0.319471 -0.195303 0.082464 76 0 153
0.234286 -0.160819 0.054699 255 0 0
0.303451 0.015433 -0.190827 76 0 153
-0.434515 -0.631703 -0.294595 76 153 0
0.368679 -0.082426 0.097410 153 0 76
0.183139 0.204848 -0.143670 76 0 153
-0.302756 -0.737347 0.534458 0 127 127
-0.346511 0.474067 -0.188007 153 0 76
0.102068 -0.053908 -0.058513 153 0 76
-0.077325 0.669286 -0.268444 153 76 0
-0.100769 0.008425 -0.167676 76 0 153
-0.380643 -0.186334 0.019127 76 153 0
-0.271286 -0.027846 0.150556 153 0 76
-0.143097 0.696187 -0.273429 153 76 0
0.356653 -0.682156 0.567171 153 0 76
-0.263108 0.736339 -0.268180 153 76 0
-0.293357 0.250110 -0.169840 153 0 76
0.267891 -0.114485 0.016162 0 127 127
-0.383857 -0.032172 0.324216 153 0 76
0.291854 0.162126 -0.173870 76 0 153
0.318202 -0.018694 -0.143256 153 0 76
-0.294415 0.126177 -0.125308 153 0 76
-0.191381 -0.125674 0.023855 255 0 0
0.070642 0.443655 -0.224991 76 0 153
-0.240669 -0.175228 0.043889 255 0 0
0.303297 0.309895 -0.131256 76 0 153
-0.133935 0.012128 -0.160950 76 0 153
-0.064452 -0.097108 -0.191186 153 0 76
0.276496 -0.024727 -0.140980 76 0 153
0.327408 -0.108394 0.420902 153 0 76
-0.303376 0.691617 -0.252609 153 0 76
0.299656 0.055866 -0.187377 76 0 153
-0.237180 0.089798 -0.157234 153 0 76
0.212893 0.642765 -0.243189 153 76 0
0.420907 -0.606916 -0.297939 153 76 0
-0.119963 -0.051860 -0.164240 153 0 76
0.344020 -0.019605 0.031982 153 0 76
0.360711 -0.009193 0.288325 153 0 76
0.083646 -0.039694 0.384480 153 0 76
-0.345319 0.423648 -0.161354 153 0 76
-0.303199 0.173512 -0.148310 153 0 76
-0.321667 -0.686707 0.569651 127 0 127
-0.186018 -0.038095 0.158970 153 0 76
-0.243717 0.002587 -0.166279 153 0 76
-0.291730 -0.081230 0.450939 153 0 76
-0.248267 -0.079586 -0.201849 76 153 0
0.304555 0.138247 -0.167773 76 0 153
-0.138175 -0.038470 0.230757 153 0 76
-0.255484 0.099726 -0.128378 153 0 76
0.417858 -0.659487 -0.314478 153 76 0
0.257410 0.677080 -0.241341 153 76 0
-0.255380 -0.157024 0.002267 76 153 0
-0.109070 0.218864 -0.164582 76 0 153
0.373038 -0.284649 -0.096272 153 76 0
-0.365776 -0.017814 0.149339 153 0 76
-0.278958 0.573902 -0.209724 76 0 153
0.411499 -0.428190 -0.186931 153 76 0
0.143161 0.437283 -0.214266 76 0 153
0.170434 -0.099943 0.459239 153 0 76
-0.326110 -0.040543 0.435565 153 0 76
0.237885 -0.029789 -0.169718 0 127 127
-0.329249 -0.403981 0.364239 153 0 76
-0.001521 -0.059984 -0.148829 153 0 76
0.232471 0.008305 -0.203667 76 0 153
0.367016 -0.067399 0.021765 153 0 76
0.124947 0.464745 -0.225387 76 0 153
0.375904 -0.049482 0.401832 153 0 76
0.291885 0.453312 -0.209540 76 0 153
-0.342617 -0.346636 0.322537 153 0 76
0.120582 -0.050728 -0.028191 153 0 76
-0.051971 0.655746 -0.266145 153 76 0
-0.274301 -0.023375 0.231616 153 0 76
-0.111356 0.594893 -0.253024 153 76 0
0.323462 -0.275603 0.192453 76 0 153
0.391281 -0.569361 -0.280732 153 76 0
-0.074203 -0.048954 0.092596 153 0 76
0.060701 -0.057675 -0.159977 153 0 76
-0.354267 -0.257862 0.171554 153 0 76
0.119820 0.051814 -0.159348 76 0 153
-0.254879 0.290379 -0.176654 153 0 76
0.142322 0.065909 -0.153831 76 0 153
0.069478 0.052163 -0.169652 76 0 153
0.328794 -0.455086 0.411939 76 0 153
0.312886 -0.019446 0.384342 153 0 76
-0.301147 0.594905 -0.207606 153 0 76
-0.310980 0.532883 -0.183465 153 0 76
0.044165 0.152524 -0.165234 76 0 153
-0.100438 -0.053152 -0.035096 153 0 76
-0.268226 -0.136827 -0.087609 153 0 76
0.013488 -0.046128 0.168538 153 0 76
0.233182 0.614449 -0.233901 153 76 0
0.307123 0.237168 -0.153895 76 0 153
0.072536 0.613323 -0.257913 153 76 0
-0.317028 0.746449 -0.260279 153 0 76
-0.277362 0.036143 -0.132297 153 0 76
-0.295952 -0.020044 0.229665 153 0 76
-0.226500 0.574200 -0.230294 76 0 153
-0.230069 -0.031146 0.390963 153 0 76
0.340786 0.650321 -0.236107 76 0 153
-0.290920 -0.027030 0.109374 153 0 76
0.238845 -0.163558 0.034458 76 0 153
-0.015625 0.426360 -0.222607 76 0 153
0.353716 -0.543246 0.458600 76 0 153
-0.257826 -0.023528 0.278879 153 0 76
-0.079748 -0.056779 -0.138533 153 0 76
-0.143994 0.749408 -0.317688 153 76 0
-0.226098 -0.037873 -0.104720 153 0 76
0.229866 0.568973 -0.226247 76 0 153
0.232888 -0.025660 0.285113 153 0 76
-0.045016 -0.056865 -0.066128 153 0 76
0.378418 -0.370497 -0.145882 153 76 0
-0.402358 -0.217478 -0.053691 76 153 0
0.019525 0.720468 -0.290424 153 76 0
-0.324495 -0.189199 0.093790 153 0 76
-0.292154 0.202308 -0.117347 153 0 76
0.111410 0.225143 -0.165038 76 0 153
-0.231319 0.025888 -0.189239 153 0 76
-0.138574 0.232530 -0.161251 76 0 153
-0.260654 -0.114463 -0.165367 153 0 76
0.367840 0.724293 -0.274869 76 0 153
-0.049894 0.589020 -0.256948 153 76 0
0.314343 -0.713369 0.573271 153 0 76
0.365779 -0.010166 0.320390 153 0 76
0.059354 0.563533 -0.252405 76 0 153
0.369370 -0.032691 0.412819 153 0 76
-0.263922 -0.026940 0.391010 153 0 76
-0.233240 -0.106520 -0.162670 76 153 0
0.027026 -0.086264 0.461550 153 0 76
0.077986 0.075631 -0.166020 76 0 153
-0.294519 0.140028 -0.179833 153 0 76
-0.175606 0.111724 -0.142150 76 0 153
0.084489 -0.168121 0.050998 255 0 0
0.318486 -0.022408 0.064900 153 0 76
0.233320 0.155780 -0.143085 76 0 153
0.175031 0.023479 -0.150777 76 0 153
-0.287913 -0.105233 -0.025219 76 153 0
-0.058750 0.132464 -0.163859 76 0 153
-0.144918 -0.136412 0.440004 153 0 76
0.101488 0.608837 -0.254824 153 76 0
-0.278928 -0.029935 -0.056080 153 0 76
0.188680 -0.159176 0.003646 255 0 0
-0.081836 0.580894 -0.253087 76 0 153
0.433557 -0.751702 -0.249901 204 51 127
0.424007 -0.600307 -0.270891 153 76 0
-0.327695 0.423317 -0.148353 153 0 76
0.281000 -0.148356 -0.035926 76 0 153
-0.256658 0.117061 -0.194371 153 0 76
0.259242 0.591065 -0.222276 153 76 0
0.363625 0.658087 -0.236383 76 0 153
0.325536 -0.541473 0.426553 76 0 153
-0.334815 -0.579811 0.447032 153 0 76
0.026059 0.409835 -0.218079 76 0 153
-0.322335 -0.599432 0.486900 153 0 76
-0.216650 0.298379 -0.156464 76 0 153
0.196409 0.729809 -0.281042 153 76 0
-0.209562 0.535324 -0.225831 76 0 153
0.224060 0.136270 -0.155424 76 0 153
-0.038697 -0.058132 -0.102749 153 0 76
-0.192230 0.165118 -0.135274 76 0 153
-0.323914 -0.672729 0.535926 127 0 127
0.255366 0.693477 -0.247834 76 0 153
0.247557 -0.111231 0.001126 76 0 153
-0.391355 -0.193250 -0.040519 76 153 0
-0.405219 -0.481563 -0.207326 76 153 0
-0.400170 -0.228423 -0.031886 76 153 0
-0.397101 -0.756867 -0.258707 0 255 0
0.414583 -0.708790 -0.220216 76 0 153
-0.327758 -0.017436 0.383836 153 0 76
-0.012106 -0.138226 0.005354 255 0 0
0.080292 0.018951 -0.170073 76 0 153
0.261642 -0.032874 0.049636 153 0 76
0.279030 0.333594 -0.141836 76 0 153
-0.394538 -0.694867 -0.295026 255 0 0
0.381517 -0.713561 -0.220294 76 0 153
-0.300575 0.375465 -0.144244 153 0 76
0.000125 0.546206 -0.251292 76 0 153
0.399892 -0.250916 -0.061246 153 76 0
0.282667 0.188348 -0.117235 76 0 153
-0.036145 -0.049557 0.100034 153 0 76
0.227792 -0.123327 -0.098335 0 127 127
0.394701 -0.367394 -0.138082 153 76 0
0.356157 -0.311402 0.259290 76 0 153
-0.013058 0.477538 -0.236787 76 0 153
-0.408946 -0.149396 0.056425 255 0 0
-0.363113 -0.030651 -0.101483 153 0 76
-0.328936 -0.497959 0.436865 153 0 76
0.375038 -0.702209 0.524363 153 76 0
-0.394139 -0.247826 -0.043957 76 153 0
0.316868 -0.018185 -0.081192 153 0 76
0.363387 -0.084084 0.176443 153 0 76
0.295786 0.326938 -0.181140 76 0 153
-0.278648 0.350693 -0.147099 153 0 76
0.357478 -0.036033 -0.112022 153 0 76
0.129116 -0.048115 0.038853 153 0 76
-0.003706 0.093563 -0.172156 76 0 153
0.238754 0.256977 -0.137756 76 0 153
0.395172 -0.463492 -0.242641 153 76 0
-0.224629 -0.126558 0.020554 255 0 0
-0.192502 -0.045421 -0.060981 153 0 76
0.225622 -0.149830 0.045612 0 127 127
0.193955 0.618605 -0.242194 153 76 0
-0.136026 -0.035049 0.299600 153 0 76
0.043873 -0.139978 0.449782 153 0 76
0.129151 0.596571 -0.250575 153 76 0
-0.071666 -0.055747 -0.064619 153 0 76
-0.206022 -0.042337 -0.010435 153 0 76
0.355069 -0.014854 0.170791 153 0 76
0.370337 -0.235725 -0.077632 153 76 0
-0.337407 -0.375633 0.345619 153 0 76
0.347794 -0.076365 -0.096914 153 0 76
-0.240209 0.215529 -0.169314 153 0 76
-0.417107 -0.360577 -0.167558 76 153 0
-0.053993 0.172926 -0.163524 76 0 153
-0.304443 -0.731072 0.501161 0 127 127
0.154810 0.265222 -0.164097 76 0 153
-0.429905 -0.559676 -0.252332 76 153 0
0.241061 0.191938 -0.187217 76 0 153
-0.360361 -0.085890 0.440224 153 0 76
0.171413 -0.125371 0.024987 255 0 0
-0.354386 -0.059183 0.440870 153 0 76
0.381137 -0.354925 -0.173518 153 76 0
0.335223 -0.235076 0.196669 76 0 153
0.424277 -0.627063 -0.277759 153 76 0
0.416403 -0.674917 -0.282148 153 76 0
-0.070927 -0.036373 0.348746 153 0 76
-0.273409 -0.161217 0.021563 153 0 76
-0.281593 -0.130606 -0.115665 153 0 76
-0.312966 0.347031 -0.179798 153 0 76
0.292414 0.645930 -0.243192 76 0 153
0.253854 0.634306 -0.233046 153 76 0
-0.282340 -0.027381 0.398352 153 0 76
-0.127714 -0.139685 0.053823 255 0 0
-0.033691 -0.052934 0.031565 153 0 76
0.281140 0.063437 -0.129257 76 0 153
-0.331879 -0.549979 0.431426 153 0 76
0.277329 0.647469 -0.229652 76 0 153
-0.123252 -0.051899 -0.099188 153 0 76
-0.222434 -0.030381 0.241999 153 0 76
0.191393 0.177136 -0.136946 76 0 153
-0.230834 0.605735 -0.235736 76 0 153
-0.419658 -0.504746 -0.257068 76 153 0
-0.289236 0.519661 -0.189174 153 0 76
0.324661 0.277739 -0.137149 76 0 153
0.050740 0.468761 -0.233780 76 0 153
-0.117857 -0.048152 0.053994 153 0 76
0.216531 -0.032811 0.183997 153 0 76
-0.427432 -0.472045 -0.220940 76 153 0
0.400314 -0.416078 -0.196237 153 76 0
-0.125657 -0.012003 -0.164509 76 0 153
0.317244 -0.423520 0.372497 76 0 153
0.302243 -0.013796 0.336999 153 0 76
0.116863 -0.123754 0.460195 153 0 76
-0.391731 -0.339078 -0.142394 76 153 0
-0.091652 0.082494 -0.163439 76 0 153
-0.312348 -0.112878 0.421795 153 0 76
-0.326447 0.731789 -0.249457 153 0 76
0.267807 0.615829 -0.225203 76 0 153
0.192404 0.455905 -0.207076 76 0 153
-0.136250 0.369861 -0.196613 76 0 153
0.221467 -0.161563 0.004286 255 0 0
0.342309 -0.591850 0.493035 76 0 153
-0.365560 0.591587 -0.209473 153 0 76
0.273476 0.209243 -0.179911 76 0 153
0.338957 0.638888 -0.210890 76 0 153
-0.346241 -0.204537 0.083295 153 0 76
-0.097973 0.419206 -0.214718 76 0 153
0.106610 0.007634 -0.165830 76 0 153
-0.271328 -0.025491 0.200036 153 0 76
0.251872 -0.003842 -0.165287 76 0 153
0.090281 -0.048281 0.093994 153 0 76
0.290265 0.115228 -0.125798 76 0 153
-0.269058 0.757890 -0.295880 153 76 0
0.224703 -0.125959 -0.039094 76 0 153
-0.319349 0.642562 -0.217307 153 0 76
-0.362008 -0.391089 0.337017 153 0 76
-0.349116 0.361029 -0.165178 153 0 76
0.283863 -0.115862 0.022735 0 127 127
-0.303128 0.662350 -0.243340 153 0 76
-0.012015 0.124966 -0.168937 76 0 153
-0.234491 -0.106008 -0.073706 153 0 76
0.338438 -0.614900 0.505407 76 0 153
0.134503 0.653686 -0.259092 153 76 0
-0.336315 -0.301653 0.220611 153 0 76
-0.114756 -0.051126 -0.004711 153 0 76
0.290359 -0.155560 -0.003124 76 0 153
0.396154 -0.324028 -0.154787 153 76 0
0.177354 0.552798 -0.235359 76 0 153
-0.375417 -0.094026 0.386112 153 0 76
0.374938 -0.721856 0.515413 153 76 0
0.331089 -0.700423 0.492104 153 0 76
0.371963 -0.041687 0.136129 153 0 76
0.109491 -0.052475 -0.158855 153 0 76
-0.134049 0.206823 -0.157581 76 0 153
0.125139 -0.046990 0.067818 153 0 76
-0.236707 0.189760 -0.146059 153 0 76
-0.322082 0.315276 -0.161648 153 0 76
-0.075955 -0.131239 0.457263 153 0 76
-0.383335 -0.291596 -0.112895 76 153 0
-0.326746 0.758183 -0.274243 153 0 76
0.385822 -0.247798 -0.097033 153 76 0
-0.026078 0.008610 -0.176951 76 0 153
-0.237982 0.038550 -0.199423 153 0 76
-0.345207 0.566956 -0.188611 153 0 76
-0.286685 -0.049177 -0.161930 153 0 76
-0.373520 -0.087993 0.344039 153 0 76
-0.231680 0.092478 -0.174195 153 0 76
0.107189 0.404511 -0.210043 76 0 153
-0.275772 -0.127068 0.018652 255 0 0
0.082996 -0.036763 0.325431 153 0 76
0.372721 -0.021328 0.262489 153 0 76
0.301328 0.476342 -0.212227 76 0 153
-0.281304 0.233335 -0.122788 153 0 76
-0.351503 -0.652368 0.484828 153 0 76
0.315053 -0.032318 0.426056 153 0 76
-0.255432 -0.013980 -0.212591 153 0 76
-0.033733 0.211843 -0.174324 76 0 153
0.017462 -0.040110 0.285663 153 0 76
-0.186274 -0.159626 0.003767 255 0 0
-0.005375 -0.041031 0.380754 153 0 76
0.240819 -0.072341 -0.207193 0 127 127
-0.244110 0.081381 -0.199411 153 0 76
-0.306257 0.448815 -0.160557 153 0 76
0.356453 -0.365476 0.318604 76 0 153
0.229280 0.099849 -0.191211 76 0 153
-0.237629 0.537235 -0.219277 76 0 153
0.277011 -0.035460 -0.214719 76 0 153
0.152701 0.508732 -0.233008 76 0 153
0.168853 -0.037162 0.193750 153 0 76
-0.315436 -0.174147 0.044970 255 0 0
0.425423 -0.683443 -0.310441 153 76 0
0.093514 -0.049607 0.062044 153 0 76
0.287965 0.636329 -0.223510 76 0 153
-0.333050 -0.165121 0.086544 153 0 76
-0.132276 -0.141238 0.004547 255 0 0
-0.310272 0.722253 -0.249565 153 0 76
-0.299808 0.289861 -0.129168 153 0 76
-0.377114 -0.725550 -0.285299 0 255 0
0.181252 -0.169253 0.049865 255 0 0
-0.303799 0.288916 -0.170158 153 0 76
-0.327462 -0.372189 0.300362 153 0 76
-0.322578 -0.269840 0.209641 153 0 76
0.364019 -0.047528 -0.020482 153 0 76
0.345965 -0.017598 -0.106417 153 0 76
0.318339 -0.173106 0.057224 255 0 0
-0.372459 -0.037918 0.023006 153 0 76
-0.361516 -0.265831 0.191428 153 0 76
-0.229071 0.718433 -0.265004 153 76 0
0.390635 -0.749952 -0.288068 153 0 76
-0.295516 -0.021491 -0.140815 153 0 76
0.293136 -0.015488 0.318158 153 0 76
0.343275 -0.441579 0.354992 76 0 153
0.365392 -0.212022 -0.055713 153 76 0
0.222990 0.095519 -0.133363 76 0 153
-0.379709 -0.049433 0.155564 153 0 76
-0.311233 -0.097139 -0.144323 76 153 0
0.318755 -0.338492 0.274158 76 0 153
0.052425 -0.056898 -0.079438 153 0 76
0.383272 -0.677507 -0.290955 76 0 153
-0.137957 -0.036615 0.266638 153 0 76
-0.220911 -0.041979 0.424129 153 0 76
0.403748 -0.308963 -0.134107 153 76 0
0.288935 -0.113118 0.420914 153 0 76
0.197362 0.637516 -0.245155 153 76 0
0.060930 -0.036861 0.345061 153 0 76
0.133558 -0.141475 0.054302 255 0 0
-0.286095 0.058166 -0.130423 153 0 76
0.087402 -0.136220 0.007223 255 0 0
-0.255902 0.340708 -0.153268 153 0 76
0.024602 -0.052200 0.425739 153 0 76
0.274412 0.380874 -0.198390 76 0 153
-0.383948 -0.057181 0.378791 153 0 76
0.064395 -0.070695 -0.189298 153 0 76
0.150483 -0.175904 0.015656 255 0 0
-0.168359 -0.031281 0.357134 153 0 76
0.272406 -0.124237 -0.143759 0 127 127
-0.101939 -0.035225 0.345478 153 0 76
0.156581 -0.045354 0.002890 153 0 76
0.359003 -0.012757 0.226058 153 0 76
-0.195509 0.750558 -0.309973 153 76 0
-0.392139 -0.495700 -0.221476 76 153 0
-0.414730 -0.530606 -0.275523 76 153 0
0.129154 -0.050336 -0.138399 153 0 76
0.151584 -0.037183 0.388294 153 0 76
-0.323611 -0.653988 0.500449 153 0 76
-0.253067 -0.133087 -0.103568 153 0 76
0.169039 -0.076252 0.456366 153 0 76
0.268286 -0.014146 -0.211746 76 0 153
0.071220 -0.100843 -0.188909 153 0 76
0.168386 -0.055781 0.442687 153 0 76
0.305691 -0.032855 -0.197233 0 127 127
-0.175069 -0.177186 0.020435 255 0 0
0.141717 0.123456 -0.148555 76 0 153
-0.234759 0.364349 -0.167860 76 0 153
0.207001 -0.128342 0.443696 153 0 76
-0.141069 -0.032561 0.338523 153 0 76
0.338143 -0.679307 0.509358 153 0 76
0.256866 0.570832 -0.217562 76 0 153
0.358060 -0.064814 -0.103453 153 0 76
0.123818 0.556258 -0.245249 76 0 153
-0.371864 -0.274698 -0.088980 76 153 0
0.016263 -0.130617 0.012826 255 0 0
-0.248782 0.055595 -0.157020 153 0 76
-0.204118 -0.028139 0.318211 153 0 76
0.210933 0.271152 -0.151625 76 0 153
0.275701 -0.075465 -0.203178 0 127 127
-0.349168 -0.249285 0.214451 153 0 76
-0.356958 -0.500250 0.406779 153 0 76
-0.240469 -0.119378 0.013382 76 153 0
-0.313968 -0.021984 -0.056569 153 0 76
0.103214 -0.107634 -0.181468 153 0 76
0.170687 -0.150928 0.056835 255 0 0
0.413648 -0.381905 -0.171926 153 76 0
-0.116914 0.539825 -0.244063 76 0 153
-0.352023 0.636913 -0.213908 153 0 76
-0.064350 0.507903 -0.243719 76 0 153
0.240738 0.369592 -0.164954 76 0 153
-0.310329 -0.108381 -0.066155 76 153 0
-0.189455 -0.141464 0.004487 255 0 0
-0.248864 -0.035927 -0.042074 153 0 76
-0.317079 0.266403 -0.149602 153 0 76
-0.130395 0.602648 -0.253230 153 76 0
0.408650 -0.672608 -0.268062 153 76 0
-0.270201 0.338224 -0.193990 153 0 76
-0.132384 0.663582 -0.263642 153 76 0
-0.262290 0.060944 -0.201904 153 0 76
0.399143 -0.151846 0.001705 255 0 0
-0.004788 0.193282 -0.171416 76 0 153
0.320029 -0.439945 0.389930 76 0 153
0.129505 0.262074 -0.169900 76 0 153
0.193754 -0.126602 0.038396 255 0 0
-0.159505 -0.152070 0.057044 255 0 0
0.150181 0.580912 -0.245500 76 0 153
0.152684 -0.103518 0.460282 153 0 76
0.140711 0.405853 -0.205570 76 0 153
0.170282 0.426278 -0.203996 76 0 153
-0.145544 -0.046924 0.041253 153 0 76
-0.325767 -0.231361 0.177147 153 0 76
0.223319 0.390333 -0.179340 76 0 153
0.241058 0.249088 -0.182057 76 0 153
0.309382 0.248871 -0.129355 76 0 153
-0.083008 -0.040172 0.260135 153 0 76
0.042782 0.205500 -0.173026 76 0 153
0.074117 -0.134684 0.452956 153 0 76
0.359811 -0.039912 -0.082280 153 0 76
0.300572 0.086146 -0.139409 76 0 153
-0.036464 -0.051605 0.423315 153 0 76
-0.006982 -0.047837 0.412964 153 0 76
0.128278 -0.043749 0.409479 153 0 76
0.369370 -0.052753 0.075995 153 0 76
-0.336813 0.553846 -0.181596 153 0 76
0.244661 -0.079936 -0.136582 0 127 127
0.247803 0.067989 -0.132504 76 0 153
-0.308233 0.191644 -0.165302 153 0 76
0.197273 -0.046411 0.431922 153 0 76
-0.273606 0.019007 -0.162109 153 0 76
0.221939 -0.056483 0.447092 153 0 76
-0.309095 0.558132 -0.226627 153 0 76
0.195160 0.239946 -0.148706 76 0 153
0.173344 0.660591 -0.254728 153 76 0
-0.054536 -0.135505 0.455884 153 0 76
-0.360271 -0.006588 0.330876 153 0 76
-0.072978 -0.046220 0.147329 153 0 76
0.094192 0.192551 -0.162263 76 0 153
0.051235 -0.041955 0.236508 153 0 76
-0.347834 0.439096 -0.172021 153 0 76
0.206455 0.705140 -0.261314 153 76 0
0.407778 -0.696503 -0.307438 76 0 153
-0.334735 -0.189313 0.066302 153 0 76
-0.360971 0.555025 -0.191548 153 0 76
-0.344590 -0.387861 0.358485 153 0 76
-0.282838 0.285425 -0.131825 153 0 76
-0.105383 -0.163870 0.053882 255 0 0
-0.129395 0.519186 -0.240003 76 0 153
-0.093101 0.471156 -0.230211 76 0 153
-0.312788 0.044991 -0.179588 153 0 76
0.395478 -0.530685 -0.269695 153 76 0
-0.327121 -0.330538 0.297280 153 0 76
-0.275388 0.371764 -0.192244 153 0 76
-0.067836 0.151921 -0.161664 76 0 153
-0.093590 0.100297 -0.161620 76 0 153
-0.012521 0.586247 -0.256748 153 76 0
-0.398672 -0.528371 -0.266224 76 153 0
0.428656 -0.653577 -0.297802 153 76 0
-0.036561 -0.041649 0.261095 153 0 76
-0.320289 -0.018737 -0.089837 153 0 76
-0.122405 -0.178523 0.025418 255 0 0
-0.209358 -0.056656 -0.173579 153 0 76
-0.291617 -0.050481 0.443761 153 0 76
0.255776 0.038628 -0.134944 76 0 153
-0.437119 -0.705252 -0.299424 127 127 0
0.322713 -0.422794 0.342330 76 0 153
0.257699 0.261160 -0.133180 76 0 153
0.164491 -0.031609 0.307401 153 0 76
-0.419657 -0.424389 -0.186034 76 153 0
-0.312445 0.242432 -0.155009 153 0 76
-0.046130 -0.056270 -0.041235 153 0 76
0.163431 0.348284 -0.182481 76 0 153
-0.233493 0.191104 -0.128110 153 0 76
-0.395140 -0.692733 -0.238189 255 0 0
-0.149653 -0.045734 0.420011 153 0 76
0.030263 -0.059049 -0.168192 153 0 76
-0.345170 -0.175241 0.043876 153 0 76
0.218359 -0.079581 0.455607 153 0 76
-0.392734 -0.165636 0.005377 76 153 0
-0.339330 -0.546056 0.469003 153 0 76
0.386503 -0.590306 -0.275685 153 76 0
-0.413488 -0.457560 -0.211013 76 153 0
0.304932 -0.101917 -0.142312 0 127 127
-0.333622 -0.193413 0.132559 153 0 76
-0.374202 -0.079322 0.227162 153 0 76
0.378467 -0.693011 -0.294578 153 0 76
0.391265 -0.415503 -0.214265 153 76 0
0.198084 0.211381 -0.141538 76 0 153
0.247193 -0.031743 -0.116632 153 0 76
-0.300625 0.010872 -0.201865 153 0 76
0.397347 -0.513082 -0.224836 153 76 0
0.071714 -0.037855 0.371791 153 0 76
0.206049 -0.037033 0.123237 153 0 76
0.321331 -0.632054 0.507666 76 0 153
-0.117563 0.451907 -0.222188 76 0 153
-0.376702 -0.075297 0.291450 153 0 76
-0.350020 -0.325531 0.299645 153 0 76
0.250014 -0.125689 -0.136459 76 0 153
0.305655 -0.131224 0.046567 255 0 0
-0.411626 -0.279384 -0.092279 76 153 0
0.350279 -0.248640 0.204106 76 0 153
-0.242085 -0.155491 0.012389 153 0 76
-0.057230 0.604046 -0.258620 153 76 0
0.340741 -0.498273 0.439990 76 0 153
-0.065907 -0.049593 0.418674 153 0 76
0.188065 -0.044453 -0.047691 153 0 76
-0.363985 -0.091988 0.067535 153 0 76
-0.301963 0.143302 -0.144821 153 0 76
-0.232565 -0.038894 -0.021172 153 0 76
0.347418 -0.302010 0.270527 76 0 153
0.373261 -0.150666 -0.000437 153 76 0
-0.206690 -0.049904 0.438973 153 0 76
0.380859 -0.302989 -0.138900 153 76 0
0.398260 -0.168927 0.008595 255 0 0
-0.321466 -0.016493 0.220166 153 0 76
-0.056029 -0.135178 0.050522 255 0 0
-0.236445 -0.115335 -0.140471 76 153 0
-0.346417 -0.148792 0.002523 255 0 0
0.145209 0.150551 -0.145718 76 0 153
0.163762 -0.043944 0.418062 153 0 76
-0.390775 -0.363822 -0.181469 76 153 0
0.260181 0.342356 -0.184104 76 0 153
0.230127 -0.122268 0.429243 153 0 76
-0.178442 -0.041873 0.099730 153 0 76
-0.315286 -0.171039 0.010708 255 0 0
0.336421 0.409000 -0.165431 76 0 153
-0.184770 0.517366 -0.227345 76 0 153
0.366857 0.676284 -0.250572 76 0 153
-0.289111 -0.043668 -0.214469 76 153 0
-0.222417 -0.037034 0.408510 153 0 76
-0.262786 -0.064565 0.449837 153 0 76
-0.360825 -0.008059 0.296770 153 0 76
0.364308 -0.672087 0.522875 153 0 76
-0.380917 -0.073131 0.419349 153 0 76
-0.164268 0.749862 -0.315087 153 76 0
-0.154393 0.557594 -0.242850 76 0 153
-0.110880 0.269479 -0.174624 76 0 153
0.257605 -0.176262 0.041798 255 0 0
0.028263 -0.044690 0.192079 153 0 76
-0.304992 0.721324 -0.282664 153 0 76
0.066979 0.117103 -0.164528 76 0 153
-0.305097 -0.129260 -0.085703 153 0 76
-0.379080 -0.243209 -0.086459 76 153 0
-0.285880 0.317794 -0.137721 153 0 76
0.306501 0.170097 -0.153798 76 0 153
0.006300 -0.058943 -0.108891 153 0 76
-0.265738 0.076225 -0.129448 153 0 76
0.376239 -0.063079 0.308487 153 0 76
-0.369601 -0.230938 -0.042878 76 153 0
0.034965 -0.050544 0.073548 153 0 76
0.339162 -0.299601 0.217202 76 0 153
-0.299232 -0.126645 -0.123167 76 153 0
-0.287689 0.421027 -0.201982 153 0 76
-0.315886 0.198423 -0.139963 153 0 76
-0.231832 0.391999 -0.177372 76 0 153
-0.046742 -0.068421 0.453706 153 0 76
-0.343216 -0.015373 -0.110317 153 0 76
0.321889 -0.219405 0.117726 76 0 153
-0.090961 -0.058531 -0.182273 153 0 76
0.305964 0.501162 -0.215436 76 0 153
0.323519 0.458988 -0.197230 76 0 153
-0.093940 -0.047103 0.109708 153 0 76
0.226137 -0.179517 0.029126 255 0 0
-0.441503 -0.684313 -0.236433 255 0 0
0.261997 0.103733 -0.194550 76 0 153
0.312765 -0.021499 0.111309 153 0 76
0.243813 0.013828 -0.139931 76 0 153
0.375235 -0.055926 0.248788 153 0 76
0.206489 -0.038342 0.095714 153 0 76
0.422461 -0.570821 -0.278628 153 76 0
-0.083859 0.489370 -0.236402 76 0 153
0.339079 -0.284128 0.253643 76 0 153
-0.199563 0.705571 -0.268217 153 76 0
-0.326059 0.410541 -0.187474 153 0 76
0.259402 -0.017380 -0.141411 76 0 153
-0.179712 0.679115 -0.262574 153 76 0
0.271673 -0.122474 0.051412 0 127 127
0.287895 0.361921 -0.145546 76 0 153
-0.298657 -0.119003 0.031012 153 0 76
-0.348696 0.743932 -0.254343 153 0 76
-0.359199 0.466434 -0.172124 153 0 76
0.268430 0.078428 -0.153844 76 0 153
0.080906 0.091759 -0.164107 76 0 153
0.223391 -0.028743 0.248945 153 0 76
0.078733 -0.110721 0.462929 153 0 76
-0.020839 -0.042501 0.250207 153 0 76
0.321290 0.473820 -0.202555 76 0 153
-0.382590 -0.055878 0.267119 153 0 76
-0.220717 -0.072715 -0.171725 153 0 76
0.341060 0.441106 -0.177356 76 0 153
0.221970 0.528409 -0.219610 76 0 153
0.261959 0.476459 -0.187992 76 0 153
0.331867 0.512103 -0.167793 76 0 153
-0.044957 -0.038014 0.327359 153 0 76
-0.017933 0.262221 -0.183362 76 0 153
-0.282678 0.411476 -0.189964 153 0 76
0.222568 -0.026149 0.359968 153 0 76
0.099904 -0.167193 0.006861 255 0 0
0.323855 0.410392 -0.183344 76 0 153
-0.341052 -0.709584 0.580062 127 0 127
-0.377475 -0.328096 -0.143554 76 153 0
0.258922 -0.021171 0.307402 153 0 76
0.250932 -0.059512 -0.166510 0 127 127
-0.248944 0.157350 -0.142867 153 0 76
0.076792 -0.056368 -0.103775 153 0 76
-0.320332 -0.133250 0.010193 255 0 0
-0.024975 -0.058708 -0.111038 153 0 76
0.084929 0.263123 -0.177378 76 0 153
-0.325464 -0.222760 0.162843 153 0 76
0.230784 0.006485 -0.169767 76 0 153
0.353408 -0.279387 0.205992 76 0 153
-0.348557 -0.650690 0.525341 153 0 76
0.224465 0.108200 -0.162142 76 0 153
-0.374280 -0.054917 0.026899 153 0 76
0.250382 0.110526 -0.126757 76 0 153
0.409739 -0.544273 -0.238253 153 76 0
-0.238386 0.096459 -0.131759 153 0 76
0.091399 0.376595 -0.203806 76 0 153
-0.321894 -0.555146 0.444190 153 0 76
-0.357785 -0.403505 0.359832 153 0 76
-0.002978 -0.043630 0.223626 153 0 76
0.085757 -0.047282 0.119102 153 0 76
-0.022457 -0.066375 0.452876 153 0 76
0.188602 -0.081336 -0.173690 153 0 76
-0.347626 -0.016248 0.115180 153 0 76
-0.380501 -0.062649 0.201159 153 0 76
0.309621 -0.018073 0.206527 153 0 76
-0.292683 -0.028064 -0.034290 153 0 76
0.097099 0.454442 -0.225472 76 0 153
0.422719 -0.544856 -0.262761 153 76 0
0.316363 -0.518018 0.445281 76 0 153
-0.396649 -0.387302 -0.197793 76 153 0
0.339825 -0.394807 0.312894 76 0 153
-0.360502 -0.470507 0.410962 153 0 76
0.229067 -0.060487 -0.202330 76 0 153
0.298467 0.523906 -0.220642 76 0 153
-0.405878 -0.650278 -0.282344 76 153 0
-0.240474 -0.023928 0.333596 153 0 76
0.375224 -0.733913 0.544999 153 76 0
0.068387 -0.178517 0.033390 255 0 0
-0.162418 -0.053257 0.440377 153 0 76
0.128712 0.235670 -0.163771 76 0 153
-0.265830 -0.021278 0.297719 153 0 76
0.323550 -0.696649 0.576721 153 0 76
-0.252098 -0.120060 0.039842 255 0 0
0.358738 -0.127437 0.017274 255 0 0
0.307297 0.711865 -0.276920 76 0 153
-0.274541 0.020582 -0.206963 153 0 76
0.305960 0.613103 -0.240605 76 0 153
-0.304323 -0.708816 0.574081 0 127 127
0.149731 -0.145574 0.003386 255 0 0
0.044711 0.736970 -0.303849 153 76 0
0.280388 0.030427 -0.132954 76 0 153
0.342328 0.538199 -0.187097 76 0 153
-0.144953 -0.048513 0.006572 153 0 76
0.307629 -0.024948 0.031966 153 0 76
-0.334594 0.619472 -0.204988 153 0 76
-0.255040 -0.125514 0.024451 255 0 0
-0.338185 0.553972 -0.215937 153 0 76
0.270738 0.044325 -0.158588 76 0 153
0.244681 0.128317 -0.192894 76 0 153
-0.240202 0.104730 -0.150186 153 0 76
0.049746 -0.170276 0.009944 255 0 0
0.293081 0.154102 -0.143318 76 0 153
0.308947 -0.699040 0.503156 76 0 153
-0.381904 -0.054235 0.235832 153 0 76
0.357567 0.512932 -0.182172 76 0 153
-0.220545 0.180634 -0.129833 153 0 76
-0.321279 -0.464555 0.386566 153 0 76
-0.242271 0.518120 -0.211251 76 0 153
-0.379763 -0.686023 -0.280584 0 255 0
0.243420 0.267295 -0.172927 76 0 153
0.066275 -0.042092 0.227972 153 0 76
-0.261895 -0.119501 0.437852 153 0 76
-0.350481 0.621372 -0.223073 153 0 76
0.347558 -0.194247 0.131695 76 0 153
0.422227 -0.494410 -0.225797 153 76 0
-0.286970 0.639438 -0.226310 76 0 153
0.113030 0.707252 -0.275440 153 76 0
-0.455200 -0.742154 -0.245612 127 127 0
0.242323 -0.099540 -0.050443 0 127 127
0.171508 -0.066869 -0.179788 153 0 76
-0.235033 -0.032669 0.154393 153 0 76
-0.058275 0.060404 -0.169865 76 0 153
-0.282567 -0.027063 -0.089261 153 0 76
-0.324166 -0.724427 0.581847 127 0 127
0.237275 -0.023460 0.316874 153 0 76
0.014980 -0.137466 0.052809 255 0 0
0.207079 -0.039940 0.061993 153 0 76
-0.252853 -0.032460 0.403703 153 0 76
0.294890 0.691330 -0.239246 76 0 153
-0.361922 0.606812 -0.208266 153 0 76
0.055601 0.367488 -0.205316 76 0 153
-0.101781 -0.146928 0.003023 255 0 0
-0.383585 -0.061309 0.349210 153 0 76
0.223968 0.169690 -0.174300 76 0 153
0.261958 -0.093337 0.453489 153 0 76
0.089986 -0.042719 0.401104 153 0 76
0.418462 -0.675098 -0.245942 76 0 153
-0.343897 -0.434611 0.397504 153 0 76
-0.130275 0.551604 -0.244887 76 0 153
0.356345 -0.610894 0.482214 76 0 153
-0.362708 -0.314972 0.251243 153 0 76
-0.186895 -0.152195 0.057011 255 0 0
-0.284695 0.177250 -0.116102 153 0 76
0.218156 0.353823 -0.169761 76 0 153
-0.327324 0.344379 -0.166173 153 0 76
0.062355 0.196630 -0.168405 76 0 153
0.265400 -0.032365 -0.006700 153 0 76
0.008970 -0.037062 -0.181904 76 0 153
-0.379233 -0.040698 0.142578 153 0 76
-0.189688 0.561097 -0.236375 76 0 153
-0.280404 -0.027949 0.120937 153 0 76
-0.065281 0.445858 -0.226025 76 0 153
0.223571 -0.025615 0.309178 153 0 76
0.322493 -0.014464 0.364873 153 0 76
-0.132753 -0.051068 -0.113652 153 0 76
-0.078397 0.038189 -0.169598 76 0 153
-0.096375 -0.049747 0.050256 153 0 76
-0.385917 -0.312473 -0.120958 76 153 0
-0.282594 -0.135284 -0.095000 76 153 0
0.133517 -0.035286 0.287964 153 0 76
-0.309662 -0.013303 0.328559 153 0 76
-0.271765 0.437679 -0.172724 153 0 76
-0.127945 0.345288 -0.190453 76 0 153
0.194493 0.498230 -0.219098 76 0 153
0.043996 -0.047598 0.129206 153 0 76
-0.113465 -0.051443 -0.023000 153 0 76
0.093576 -0.037493 0.307069 153 0 76
0.345430 0.559477 -0.186619 76 0 153
-0.273495 -0.012088 -0.138739 153 0 76
-0.358766 0.531580 -0.183714 153 0 76
0.225370 -0.112109 -0.113266 76 0 153
0.269719 -0.085845 -0.110165 76 0 153
-0.337014 0.456988 -0.158519 153 0 76
-0.281337 0.741787 -0.266854 153 0 76
0.310418 0.758569 -0.274499 76 0 153
-0.325482 0.722888 -0.277318 153 0 76
0.295625 -0.715112 0.552580 76 0 153
-0.351168 -0.596523 0.495625 153 0 76
-0.277788 0.711340 -0.253929 153 76 0
-0.388742 -0.682508 -0.249320 0 255 0
0.117899 -0.045165 0.116006 153 0 76
-0.060087 -0.048127 0.118051 153 0 76
0.203323 0.753129 -0.312653 153 76 0
-0.241499 -0.043867 -0.210259 76 153 0
0.318625 -0.159446 0.003719 255 0 0
0.212831 -0.028628 0.277337 153 0 76
-0.146058 -0.064814 0.451377 153 0 76
-0.295800 0.084881 -0.152947 153 0 76
-0.212296 0.661196 -0.252105 153 76 0
0.094336 -0.040223 0.252432 153 0 76
-0.404894 -0.598839 -0.261838 76 153 0
-0.356143 -0.623877 0.503793 153 0 76
-0.361386 0.446411 -0.183562 153 0 76
-0.339535 -0.359103 0.278780 153 0 76
0.316398 -0.232806 0.152044 76 0 153
-0.425824 -0.560142 -0.277625 76 153 0
0.354187 -0.006453 0.342365 153 0 76
-0.201866 0.125241 -0.134617 153 0 76
-0.331037 -0.079888 0.447578 153 0 76
-0.403706 -0.676658 -0.289723 255 0 0
-0.022838 -0.090388 -0.193550 153 0 76
-0.198884 -0.044159 -0.044931 153 0 76
-0.257192 -0.021511 0.319541 153 0 76
-0.134994 0.743913 -0.306225 153 76 0
0.276925 -0.028273 -0.066812 153 0 76
-0.269266 0.143748 -0.144759 153 0 76
-0.279823 -0.033756 0.416987 153 0 76
-0.371896 -0.043225 -0.006706 153 0 76
-0.130121 -0.099480 0.461179 153 0 76
0.021124 -0.068924 0.454623 153 0 76
0.247391 0.278630 -0.182833 76 0 153
-0.041218 0.129504 -0.165776 76 0 153
0.263590 -0.029662 -0.094935 153 0 76
0.374717 -0.721880 0.498729 153 76 0
-0.287920 0.435667 -0.195365 153 0 76
0.159964 0.403162 -0.199799 76 0 153
-0.237623 -0.113259 -0.027032 153 0 76
0.314223 0.556928 -0.189503 76 0 153
-0.303625 0.106434 -0.138548 153 0 76
0.053764 -0.056718 0.439625 153 0 76
0.020096 -0.111981 0.463638 153 0 76
0.030533 0.352510 -0.202684 76 0 153
0.365316 -0.710876 0.491101 153 76 0
-0.084213 0.737607 -0.301597 153 76 0
0.061515 0.406541 -0.215625 76 0 153
0.056859 0.494586 -0.240319 76 0 153
0.093837 0.558472 -0.248575 76 0 153
0.293523 0.395558 -0.151726 76 0 153
0.000123 0.213802 -0.174618 76 0 153
-0.275380 0.360530 -0.173836 153 0 76
0.044532 0.593145 -0.257564 153 76 0
0.360998 -0.091449 0.061603 153 0 76
0.307716 0.188135 -0.150489 76 0 153
-0.263125 0.311045 -0.187852 153 0 76
0.071452 -0.038717 0.291797 153 0 76
-0.006487 0.616768 -0.260826 153 76 0
0.364691 -0.081631 0.212787 153 0 76
0.340510 0.660203 -0.219149 76 0 153
-0.357970 -0.629732 0.478546 153 0 76
0.145934 -0.074467 0.456459 153 0 76
0.078470 0.224988 -0.170386 76 0 153
0.348878 -0.383140 0.345931 76 0 153
-0.323937 -0.538725 0.455936 153 0 76
0.408285 -0.476635 -0.247387 153 76 0
0.107494 0.171379 -0.153978 76 0 153
-0.361352 -0.187757 0.086821 153 0 76
-0.384118 -0.059005 0.397902 153 0 76
-0.382198 -0.695698 0.541974 76 153 0
0.044581 0.238817 -0.178139 76 0 153
-0.212885 0.632413 -0.244870 153 76 0
0.150115 0.098014 -0.149139 76 0 153
-0.379706 -0.352228 -0.151062 76 153 0
-0.354742 0.391141 -0.173023 153 0 76
-0.041878 -0.179233 0.030721 255 0 0
0.143808 0.624039 -0.253099 153 76 0
-0.103330 -0.036949 0.310554 153 0 76
-0.319767 -0.688107 0.502035 127 0 127
0.078921 0.192415 -0.164888 76 0 153
0.365876 -0.083844 0.161150 153 0 76
-0.310598 -0.131105 -0.049124 76 153 0
0.083460 0.700976 -0.275585 153 76 0
-0.356864 -0.698043 0.493933 127 0 127
0.351039 0.431197 -0.165459 76 0 153
0.403019 -0.473493 -0.203523 153 76 0
-0.170180 -0.032999 0.282025 153 0 76
0.207493 -0.037799 -0.148441 153 0 76
-0.251916 -0.006452 -0.141179 153 0 76
-0.044524 0.023418 -0.174181 76 0 153
0.341709 -0.050381 -0.143064 153 0 76
-0.179655 0.726017 -0.280836 153 76 0
-0.450795 -0.680416 -0.268380 127 127 0
-0.218599 -0.041194 -0.157216 153 0 76
0.341223 -0.416542 0.331563 76 0 153
-0.243038 -0.054050 0.445695 153 0 76
0.371151 -0.682134 -0.263740 153 0 76
-0.359290 -0.020094 -0.069777 153 0 76
-0.332079 0.524152 -0.211985 153 0 76
-0.232037 0.329443 -0.159455 153 0 76
0.289593 0.741775 -0.262981 76 0 153
-0.146862 0.245562 -0.161926 76 0 153
-0.298266 0.451893 -0.209246 153 0 76
0.412071 -0.359881 -0.147213 153 76 0
0.370974 -0.331696 -0.134686 153 76 0
-0.369951 -0.258602 -0.078842 76 153 0
-0.232493 0.035245 -0.172295 153 0 76
-0.322215 -0.582426 0.475356 153 0 76
-0.161291 -0.038701 0.188384 153 0 76
0.260848 0.263684 -0.183063 76 0 153
-0.080283 -0.043283 0.200536 153 0 76
0.087590 -0.047422 0.417395 153 0 76
-0.005220 -0.038988 0.316394 153 0 76
-0.159398 0.302408 -0.172571 76 0 153
0.078381 0.474793 -0.232840 76 0 153
0.128778 -0.036542 0.271688 153 0 76
-0.446371 -0.717831 -0.229201 127 127 0
-0.268272 -0.082027 -0.128537 76 153 0
0.219689 0.415868 -0.187943 76 0 153
0.381748 -0.320592 -0.134243 153 76 0
-0.335728 -0.129969 0.045311 255 0 0
-0.390395 -0.720447 -0.304574 0 255 0
0.405680 -0.392682 -0.198535 153 76 0
-0.343955 0.715440 -0.240535 153 0 76
0.159477 -0.031877 0.354132 153 0 76
-0.128215 0.725353 -0.285894 153 76 0
0.119638 -0.040745 0.203637 153 0 76
0.275695 -0.101541 -0.040690 0 127 127
-0.283653 0.126052 -0.186887 153 0 76
-0.257047 -0.134138 0.049481 255 0 0
-0.036912 -0.043232 0.229574 153 0 76
0.242670 -0.031882 -0.131493 153 0 76
-0.191302 0.427962 -0.199134 76 0 153
-0.104916 0.648611 -0.262170 153 76 0
0.350389 -0.313048 0.238851 76 0 153
0.198497 -0.029804 0.369916 153 0 76
0.154104 -0.126614 0.452406 153 0 76
-0.344063 0.753902 -0.269204 153 0 76
0.113488 0.418179 -0.213262 76 0 153
0.019304 -0.058348 -0.099651 153 0 76
-0.259147 0.389285 -0.164633 153 0 76
-0.003799 -0.073020 -0.192311 153 0 76
-0.368861 0.733760 -0.280355 153 0 76
0.229077 -0.037030 0.010481 153 0 76
-0.116235 0.298006 -0.180681 76 0 153
0.370869 -0.709217 -0.249527 153 0 76
0.268483 -0.023887 0.380361 153 0 76
-0.310389 -0.120652 -0.097897 153 0 76
-0.398304 -0.174406 0.044711 255 0 0
0.301248 -0.017150 0.255638 153 0 76
-0.160217 -0.031624 0.324630 153 0 76
0.272746 -0.166883 0.006551 255 0 0
-0.254670 -0.151655 -0.021460 76 153 0
0.133313 0.006066 -0.160935 76 0 153
0.056631 -0.051419 0.049267 153 0 76
-0.236213 -0.030835 0.190755 153 0 76
-0.188188 -0.029961 0.309955 153 0 76
0.046491 -0.167818 0.051300 255 0 0
-0.132225 -0.040335 0.199556 153 0 76
0.399876 -0.679510 -0.292575 76 0 153
-0.119899 0.708129 -0.278201 153 76 0
0.113432 -0.039291 0.242683 153 0 76
0.422848 -0.553050 -0.249632 153 76 0
-0.105041 -0.053821 -0.103800 153 0 76
-0.188694 -0.033536 0.241182 153 0 76
-0.201864 0.644423 -0.249546 153 76 0
0.415983 -0.528444 -0.238359 153 76 0
-0.335757 -0.610733 0.463477 153 0 76
0.238650 0.720091 -0.260259 153 76 0
0.263604 0.016347 -0.162479 76 0 153
0.448227 -0.741728 -0.237848 204 51 127
0.280300 -0.019380 0.281565 153 0 76
-0.377550 -0.723211 -0.267231 0 255 0
0.058195 -0.047986 0.417109 153 0 76
-0.247592 0.146995 -0.190294 153 0 76
0.332117 -0.675937 0.553038 153 0 76
-0.277008 -0.025899 0.174894 153 0 76
-0.030743 -0.039154 0.359742 153 0 76
-0.321881 -0.400936 0.339486 153 0 76
-0.190759 -0.042676 -0.150145 153 0 76
0.057296 0.687743 -0.273606 153 76 0
0.287656 0.547180 -0.220771 76 0 153
-0.260463 0.196501 -0.121804 153 0 76
0.118233 0.509531 -0.238660 76 0 153
0.326537 -0.224425 0.179928 76 0 153
-0.001897 0.177755 -0.168996 76 0 153
-0.329529 -0.241738 0.150668 153 0 76
-0.303538 -0.685995 0.552140 0 127 127
-0.061676 -0.039805 0.281198 153 0 76
0.375034 -0.037564 0.225611 153 0 76
-0.218776 0.412589 -0.187337 76 0 153
0.224281 -0.114497 -0.069858 76 0 153
0.071220 0.148455 -0.161796 76 0 153
-0.056923 -0.042950 0.222237 153 0 76
-0.341424 -0.336684 0.256625 153 0 76
-0.015271 -0.170993 0.010661 255 0 0
-0.393043 -0.580614 -0.274367 76 153 0
0.192610 0.541818 -0.230031 76 0 153
-0.356348 -0.009545 0.266200 153 0 76
-0.308731 -0.022340 -0.200672 76 153 0
-0.228396 0.731807 -0.274436 153 76 0
0.367684 -0.297536 -0.113470 153 76 0
-0.050770 0.284989 -0.187408 76 0 153
-0.136124 0.294331 -0.176751 76 0 153
-0.198863 0.676193 -0.258663 153 76 0
0.189713 0.051757 -0.144548 76 0 153
-0.243037 0.176177 -0.187166 153 0 76
0.027261 -0.035019 -0.180246 76 0 153
-0.007528 -0.138302 0.053452 255 0 0
0.251511 0.032823 -0.205969 76 0 153
-0.411836 -0.452333 -0.237637 76 153 0
-0.411278 -0.589618 -0.296230 76 153 0
-0.231591 -0.121242 -0.054275 153 0 76
-0.150020 -0.176451 0.041093 255 0 0
0.382172 -0.493984 -0.240163 153 76 0
0.295828 -0.738284 0.561508 76 0 153
-0.168300 0.711267 -0.274594 153 76 0
0.449772 -0.710470 -0.286379 204 51 127
0.091300 -0.042188 0.216354 153 0 76
-0.230844 0.150313 -0.158392 153 0 76
-0.346304 -0.228906 0.189898 153 0 76
-0.249337 -0.098331 0.454966 153 0 76
0.100689 0.054901 -0.162860 76 0 153
-0.013571 -0.054191 0.012799 153 0 76
0.236178 -0.035869 0.037052 153 0 76
-0.384139 -0.265475 -0.106535 76 153 0
-0.195535 -0.039838 0.110110 153 0 76
-0.367998 -0.679067 0.556260 127 0 127
0.095278 -0.080754 0.459315 153 0 76
-0.014926 -0.040541 0.289109 153 0 76
-0.292527 0.483393 -0.211542 153 0 76
-0.233320 -0.022501 -0.179935 153 0 76
-0.350154 0.505798 -0.190495 153 0 76
0.196357 0.300025 -0.161978 76 0 153
-0.283647 -0.137896 0.005546 255 0 0
0.124362 -0.051254 -0.083604 153 0 76
0.060001 0.027158 -0.172476 76 0 153
0.038345 0.303302 -0.192129 76 0 153
0.034884 0.270472 -0.185107 76 0 153
-0.164789 0.481048 -0.221750 76 0 153
-0.355575 -0.574075 0.446345 153 0 76
0.360682 0.557321 -0.198969 76 0 153
0.258989 -0.120054 0.436008 153 0 76
0.398134 -0.140893 0.054146 255 0 0
0.405450 -0.291588 -0.116877 153 76 0
-0.052318 0.684145 -0.273907 153 76 0
0.321543 0.585726 -0.195788 76 0 153
-0.071710 -0.056815 -0.097781 153 0 76
0.254119 0.045538 -0.158419 76 0 153
0.268830 -0.026006 0.183439 153 0 76
-0.344932 -0.276930 0.248132 153 0 76
0.273569 0.071670 -0.196880 76 0 153
0.245090 -0.111275 -0.171711 76 0 153
-0.008839 -0.052768 0.042838 153 0 76
0.002081 0.267991 -0.184588 76 0 153
-0.255501 0.013581 -0.138503 153 0 76
-0.255765 0.050831 -0.134279 153 0 76
-0.063310 -0.164222 0.004998 255 0 0
-0.329839 0.706026 -0.270168 153 0 76
0.074361 -0.056824 -0.135326 153 0 76
0.236014 0.689057 -0.249960 153 76 0
-0.299341 -0.100812 -0.051712 76 153 0
0.100557 0.677784 -0.267585 153 76 0
-0.376130 -0.230304 -0.073797 76 153 0
-0.420549 -0.504471 -0.231273 76 153 0
0.030240 0.491450 -0.240597 76 0 153
-0.043621 0.520593 -0.247550 76 0 153
0.031882 0.611988 -0.260093 153 76 0
0.248176 0.217666 -0.186789 76 0 153
0.116126 -0.042527 0.172532 153 0 76
-0.112850 0.036670 -0.163046 76 0 153
-0.076862 -0.037465 0.317520 153 0 76
-0.332156 -0.500855 0.398569 153 0 76
-0.312139 -0.142718 0.045832 76 153 0
-0.330159 -0.017892 -0.063418 153 0 76
-0.161559 -0.009973 -0.157388 76 0 153
-0.286307 -0.026210 0.140588 153 0 76
0.261160 -0.032893 0.023593 153 0 76
-0.295649 -0.072970 -0.203015 76 153 0
-0.175119 0.228423 -0.151045 76 0 153
0.163325 -0.046187 -0.029552 153 0 76
-0.241146 0.159477 -0.123608 153 0 76
-0.304510 0.163554 -0.134187 153 0 76
-0.399535 -0.191287 -0.000452 76 153 0
-0.249354 -0.029587 0.178474 153 0 76
-0.164122 0.245946 -0.157449 76 0 153
-0.405621 -0.253138 -0.090712 76 153 0
-0.212246 0.499709 -0.214941 76 0 153
-0.404693 -0.650171 -0.314284 76 153 0
-0.323806 -0.634809 0.487358 153 0 76
-0.348731 0.695548 -0.250774 153 0 76
0.145950 0.220060 -0.156122 76 0 153
-0.341931 0.655795 -0.217458 153 0 76
0.127585 0.719621 -0.281056 153 76 0
-0.411299 -0.551081 -0.239642 76 153 0
-0.028798 0.553000 -0.252087 76 0 153
-0.262822 -0.102107 -0.038675 76 153 0
0.384084 -0.755398 -0.270109 153 0 76
-0.363785 -0.062027 -0.120656 153 0 76
0.256912 -0.032526 0.089050 153 0 76
-0.355496 -0.156140 0.063541 153 0 76
0.173216 0.304698 -0.168898 76 0 153
-0.008642 -0.059002 -0.099977 153 0 76
0.292471 0.487208 -0.176604 76 0 153
0.343223 0.516969 -0.196103 76 0 153
0.140818 0.667510 -0.261709 153 76 0
-0.295969 0.391290 -0.199557 153 0 76
-0.448611 -0.689115 -0.291161 127 127 0
0.139934 0.420257 -0.210046 76 0 153
-0.175264 -0.108771 0.459532 153 0 76
0.141264 0.173136 -0.147378 76 0 153
0.304834 0.113849 -0.153999 76 0 153
0.051051 0.718564 -0.286397 153 76 0
0.291642 0.599153 -0.212307 76 0 153
-0.363282 -0.519852 0.433017 153 0 76
-0.015734 0.528860 -0.248825 76 0 153
0.280687 0.701755 -0.246000 76 0 153
0.105230 -0.042125 0.197169 153 0 76
-0.287459 0.556320 -0.202029 153 0 76
-0.385406 -0.753273 -0.269139 0 255 0
0.314798 0.406692 -0.145612 76 0 153
0.148663 0.747520 -0.312350 153 76 0
0.363337 -0.058706 -0.031999 153 0 76
-0.422260 -0.398033 -0.180249 76 153 0
-0.428708 -0.525550 -0.237494 76 153 0
0.295351 0.277231 -0.127299 76 0 153
0.149604 0.564716 -0.243151 76 0 153
0.376420 -0.043920 0.305518 153 0 76
-0.305892 -0.094048 -0.181917 153 0 76
-0.100155 0.662558 -0.265285 153 76 0
0.420355 -0.470655 -0.220943 153 76 0
0.410135 -0.342775 -0.143421 153 76 0
0.400151 -0.244718 -0.076898 153 76 0
-0.266602 -0.033364 0.018499 153 0 76
-0.223134 -0.039586 -0.063852 153 0 76
0.353473 -0.671923 0.535168 153 0 76
-0.201668 -0.035781 0.400017 153 0 76
-0.366895 -0.068100 -0.078936 153 0 76
-0.235645 0.056642 -0.192614 153 0 76
-0.276327 -0.112819 0.008892 76 153 0
0.371827 -0.143545 0.054857 255 0 0
-0.380210 -0.033036 0.191752 153 0 76
-0.241481 -0.018686 -0.143978 153 0 76
-0.366227 -0.023119 0.072155 153 0 76
0.059709 -0.140711 0.441269 153 0 76
0.091714 -0.144909 0.055222 255 0 0
-0.269344 -0.144261 -0.054756 153 0 76
0.242961 -0.171380 0.047738 255 0 0
0.361630 -0.045667 -0.055865 153 0 76
0.173327 0.520193 -0.230372 76 0 153
0.293222 0.123904 -0.147519 76 0 153
0.013858 0.052215 -0.174366 76 0 153
0.294327 -0.027243 0.011598 153 0 76
0.049165 0.538039 -0.249881 76 0 153
-0.086934 0.113767 -0.161818 76 0 153
0.035794 0.665864 -0.268853 153 76 0
-0.396746 -0.609819 -0.289320 76 153 0
-0.119396 -0.069953 0.454030 153 0 76
0.242418 -0.029580 0.398313 153 0 76
0.276988 -0.129988 -0.118491 76 0 153
0.123109 -0.037698 0.382967 153 0 76
-0.095134 -0.137634 0.447694 153 0 76
-0.333395 0.341500 -0.148733 153 0 76
0.161499 -0.041135 0.129695 153 0 76
0.261569 -0.032700 -0.033232 153 0 76
0.068382 0.305877 -0.189520 76 0 153
-0.280173 0.300156 -0.185627 153 0 76
0.250534 -0.023386 0.366606 153 0 76
0.274983 -0.030991 0.016395 153 0 76
-0.273364 -0.158427 0.003446 153 0 76
-0.265119 -0.031422 0.091224 153 0 76
-0.348412 -0.010733 0.242558 153 0 76
0.328992 0.358698 -0.153825 76 0 153
-0.004372 0.637288 -0.263539 153 76 0
-0.137136 -0.163182 0.054066 255 0 0
0.064844 0.249998 -0.177382 76 0 153
-0.320121 -0.752949 0.522712 0 127 127
0.406790 -0.376011 -0.183899 153 76 0
0.323462 0.424694 -0.187863 76 0 153
-0.303235 0.026154 -0.197426 153 0 76
-0.368647 -0.719530 0.496156 76 153 0
0.139977 0.492663 -0.231524 76 0 153
-0.197574 0.247493 -0.149065 76 0 153
-0.288571 0.385822 -0.150750 153 0 76
-0.327508 -0.013805 0.253405 153 0 76
0.218281 0.749744 -0.295870 153 76 0
0.004423 -0.177488 0.021562 255 0 0
0.191736 -0.054802 0.443045 153 0 76
0.286654 -0.028002 0.069265 153 0 76
0.029315 -0.049124 0.103703 153 0 76
0.028638 -0.056320 -0.039909 153 0 76
0.064885 -0.120980 0.463330 153 0 76
-0.388733 -0.480936 -0.229771 76 153 0
-0.299174 0.360759 -0.141748 153 0 76
-0.361015 -0.229786 0.147151 153 0 76
0.224321 0.054460 -0.137880 76 0 153
0.292692 0.619093 -0.233952 76 0 153
0.319837 -0.021814 0.007336 153 0 76
-0.265264 0.262604 -0.183660 153 0 76
0.417338 -0.570860 -0.251622 153 76 0
0.239783 0.660590 -0.241627 153 76 0
0.295361 0.673892 -0.248237 76 0 153
-0.295179 -0.028084 -0.009158 153 0 76
-0.177159 -0.125523 0.034369 255 0 0
-0.263487 -0.087066 -0.105458 76 153 0
-0.075550 0.433952 -0.221475 76 0 153
0.081880 0.125740 -0.161177 76 0 153
-0.374803 -0.080550 0.195498 153 0 76
0.041268 -0.042831 0.398449 153 0 76
-0.333867 -0.019538 0.105452 153 0 76
0.105915 0.581458 -0.250706 153 76 0
0.350244 -0.181248 0.104048 76 0 153
-0.246967 -0.174098 0.013767 255 0 0
0.343307 0.571099 -0.202401 76 0 153
-0.004944 -0.047067 0.155547 153 0 76
-0.057899 -0.061941 -0.184981 153 0 76
-0.141129 -0.013100 -0.161601 76 0 153
0.377101 -0.168693 0.008361 255 0 0
-0.115066 -0.127502 0.017031 255 0 0
-0.081575 -0.056899 -0.168725 153 0 76
0.118045 -0.162828 0.054161 255 0 0
-0.211286 -0.033740 0.199906 153 0 76
-0.344092 0.327883 -0.164137 153 0 76
0.093662 -0.036252 0.335879 153 0 76
0.338014 -0.225565 0.118600 76 0 153
-0.213462 -0.129264 0.427483 153 0 76
0.213543 -0.031389 0.219795 153 0 76
0.312284 -0.017377 -0.113473 153 0 76
-0.293256 0.756913 -0.281554 153 0 76
0.195542 -0.135981 0.007462 255 0 0
-0.358671 -0.263844 0.217885 153 0 76
-0.252450 0.014018 -0.208781 153 0 76
-0.359278 -0.175903 0.015653 255 0 0
-0.249186 -0.141328 -0.066947 153 0 76
-0.198167 0.008053 -0.148110 76 0 153
0.104373 0.647776 -0.259868 153 76 0
-0.371876 -0.041781 0.422564 153 0 76
0.370426 -0.066534 0.424020 153 0 76
0.329508 -0.240156 0.139913 76 0 153
0.093615 0.469076 -0.229832 76 0 153
-0.029840 0.243228 -0.179302 76 0 153
0.340603 -0.253286 0.215936 76 0 153
0.304921 0.520230 -0.181479 76 0 153
0.183634 0.383557 -0.187738 76 0 153
-0.378287 -0.072804 0.141925 153 0 76
-0.311223 -0.015108 0.277967 153 0 76
0.166865 0.504737 -0.228164 76 0 153
-0.275917 -0.031450 0.047855 153 0 76
0.255460 -0.032514 -0.067952 153 0 76
0.336754 -0.013573 0.196404 153 0 76
0.391593 -0.654505 -0.297410 153 76 0
-0.275503 0.679450 -0.242560 76 0 153
-0.105952 -0.044822 0.141224 153 0 76
0.237556 -0.105683 0.455884 153 0 76
-0.133300 -0.129019 0.014425 255 0 0
0.390861 -0.684312 -0.245442 76 0 153
-0.122890 -0.052907 0.436246 153 0 76
0.262500 0.442809 -0.177120 76 0 153
0.061653 -0.159644 0.055014 255 0 0
-0.237084 -0.110951 0.454821 153 0 76
-0.160244 -0.044680 0.068231 153 0 76
0.012764 -0.072061 -0.191449 153 0 76
0.183844 -0.042144 0.016227 153 0 76
0.026566 0.323227 -0.196397 76 0 153
-0.200887 -0.167690 0.007357 255 0 0
0.065560 -0.046495 0.142327 153 0 76
-0.061765 -0.053973 0.000440 153 0 76
-0.322593 -0.478725 0.414872 153 0 76
0.333171 -0.569560 0.440300 76 0 153
-0.310332 0.650097 -0.253069 153 0 76
0.141298 -0.060815 -0.180472 153 0 76
0.291242 0.089202 -0.152346 76 0 153
0.051186 -0.039481 0.380945 153 0 76
-0.128500 -0.127514 0.041799 255 0 0
0.174107 -0.132201 0.011243 255 0 0
-0.150035 0.712194 -0.277234 153 76 0
0.408216 -0.659406 -0.276566 153 76 0
0.062847 0.739117 -0.308611 153 76 0
0.356349 -0.435318 0.372441 76 0 153
0.300071 0.101190 -0.137248 76 0 153
0.209067 0.517448 -0.220588 76 0 153
-0.097857 -0.039832 0.257220 153 0 76
0.150582 -0.159905 0.054944 255 0 0
-0.415036 -0.319391 -0.127773 76 153 0
-0.339241 -0.015384 0.177557 153 0 76
-0.384236 -0.034618 0.358518 153 0 76
0.112211 -0.139762 0.004943 255 0 0
-0.430895 -0.673996 -0.275914 255 0 0
0.012727 0.456696 -0.230991 76 0 153
0.193806 -0.031341 0.264213 153 0 76
-0.092341 0.523206 -0.243985 76 0 153
-0.336980 -0.011045 0.277562 153 0 76
-0.430595 -0.609090 -0.272870 76 153 0
-0.236164 -0.095819 -0.110271 153 0 76
-0.305609 0.264426 -0.125203 153 0 76
0.149700 -0.038334 0.202851 153 0 76
-0.051317 -0.041583 0.252833 153 0 76
0.114131 0.332387 -0.189378 76 0 153
-0.370967 -0.179578 0.029353 255 0 0
0.111653 0.026599 -0.163165 76 0 153
0.288204 -0.024042 0.156945 153 0 76
0.233809 0.083492 -0.153140 76 0 153
0.233886 -0.132232 0.011212 255 0 0
-0.117759 -0.045172 0.117272 153 0 76
-0.308926 -0.045727 -0.181433 153 0 76
-0.187655 -0.032083 0.375364 153 0 76
0.256010 0.499653 -0.198187 76 0 153
-0.358652 -0.083096 -0.058152 153 0 76
0.066023 0.353928 -0.200247 76 0 153
-0.024739 -0.058136 -0.080121 153 0 76
0.261363 -0.135373 -0.094049 76 0 153
0.169772 0.101161 -0.144258 76 0 153
0.322046 0.658618 -0.252299 76 0 153
0.340361 0.695514 -0.257442 76 0 153
0.288226 -0.159365 0.013956 0 127 127
-0.189634 0.608843 -0.244521 153 76 0
0.274497 -0.044422 -0.163113 76 0 153
0.212927 0.249029 -0.145382 76 0 153
-0.342575 -0.671799 0.535249 127 0 127
-0.043794 0.304862 -0.192605 76 0 153
0.298524 -0.021689 0.387706 153 0 76
-0.416388 -0.481720 -0.217545 76 153 0
-0.330083 -0.453290 0.368397 153 0 76
0.174406 0.077617 -0.145527 76 0 153
0.325560 -0.463232 0.371179 76 0 153
0.396786 -0.625772 -0.304861 153 76 0
-0.367797 -0.026203 0.013839 153 0 76
0.212714 0.327041 -0.164149 76 0 153
0.087098 -0.139190 0.440211 153 0 76
-0.233683 -0.117809 -0.117176 76 153 0
-0.231242 0.069835 -0.135842 153 0 76
0.304256 0.639851 -0.249593 76 0 153
0.230370 -0.090079 -0.183097 76 0 153
0.324560 -0.314831 0.285788 76 0 153
-0.230715 0.152634 -0.173584 153 0 76
-0.293102 -0.002529 -0.165105 153 0 76
-0.393016 -0.360363 -0.135723 76 153 0
0.283038 -0.101898 -0.186885 76 0 153
-0.240852 -0.037229 0.005865 153 0 76
0.350371 -0.450984 0.401751 76 0 153
-0.080416 -0.158399 0.003438 255 0 0
0.403743 -0.271817 -0.100562 153 76 0
-0.342472 -0.107220 0.419884 153 0 76
0.325292 -0.287108 0.203978 76 0 153
-0.252344 -0.164149 0.034059 76 153 0
-0.090606 -0.061901 0.447813 153 0 76
-0.220351 0.749458 -0.295756 153 76 0
0.291655 0.740789 -0.278130 76 0 153
0.269615 -0.019187 0.319270 153 0 76
-0.353782 -0.696869 0.575137 127 0 127
-0.119278 -0.057346 -0.180783 153 0 76
-0.268321 0.331149 -0.168843 153 0 76
0.295108 -0.042877 0.435800 153 0 76
-0.006221 0.361402 -0.204701 76 0 153
0.247286 -0.103960 -0.184314 0 127 127
-0.271962 0.017005 -0.135568 153 0 76
0.176838 -0.127029 0.039988 255 0 0
-0.365663 0.544667 -0.215139 153 0 76
-0.351025 -0.017322 -0.081721 153 0 76
0.230139 0.036304 -0.197102 76 0 153
0.387342 -0.243906 -0.040600 153 76 0
0.328760 0.528214 -0.174328 76 0 153
-0.027902 -0.130600 0.045942 255 0 0
-0.378482 -0.024907 0.220239 153 0 76
0.326907 -0.355529 0.275886 76 0 153
-0.310028 0.112684 -0.174245 153 0 76
0.377098 -0.084148 0.402041 153 0 76
-0.076402 0.259843 -0.177870 76 0 153
0.222247 0.631788 -0.239303 153 76 0
0.132538 -0.124451 0.030368 255 0 0
-0.362111 -0.367720 0.316439 153 0 76
0.256614 -0.150648 0.056760 255 0 0
-0.324934 -0.161648 0.048786 153 0 76
0.286795 0.469074 -0.195931 76 0 153
0.213948 -0.037755 -0.124118 153 0 76
-0.406562 -0.515645 -0.224987 76 153 0
0.004643 0.301193 -0.191691 76 0 153
-0.273097 0.232607 -0.181333 153 0 76
0.271849 -0.059427 0.447943 153 0 76
0.245801 0.451627 -0.187989 76 0 153
0.351586 -0.474964 0.389387 76 0 153
0.106295 -0.077832 -0.190441 153 0 76
-0.020093 0.684473 -0.275467 153 76 0
0.229468 0.197110 -0.172098 76 0 153
0.369258 0.571692 -0.220396 76 0 153
-0.256858 0.462782 -0.186973 76 0 153
0.392457 -0.396690 -0.157740 153 76 0
-0.334204 -0.272300 0.184385 153 0 76
-0.384046 -0.326085 -0.112506 76 153 0
0.175316 0.122993 -0.140794 76 0 153
-0.170119 0.261736 -0.159739 76 0 153
0.286933 -0.165604 0.042044 76 0 153
-0.009834 0.036610 -0.176138 76 0 153
-0.409046 -0.433741 -0.196777 76 153 0
-0.233737 -0.042538 -0.161471 153 0 76
-0.020695 0.346457 -0.201516 76 0 153
-0.261408 0.300805 -0.141961 153 0 76
0.029619 0.506760 -0.244840 76 0 153
0.333776 0.327869 -0.143447 76 0 153
0.373807 -0.035005 0.187705 153 0 76
-0.309983 0.211083 -0.126035 153 0 76
0.192042 -0.178773 0.026353 255 0 0
-0.419910 -0.382455 -0.161045 76 153 0
0.428945 -0.676546 -0.289568 153 76 0
-0.405511 -0.232213 -0.066110 76 153 0
-0.227279 0.257873 -0.143121 153 0 76
-0.365231 -0.175789 0.043328 255 0 0
-0.180540 0.097234 -0.142571 76 0 153
0.121986 -0.043394 0.145996 153 0 76
0.129183 -0.034217 0.357595 153 0 76
0.301880 -0.018064 0.234467 153 0 76
0.418416 -0.436637 -0.210211 153 76 0
0.260959 -0.127600 0.016666 255 0 0
-0.276580 0.105471 -0.123997 153 0 76
0.317053 0.289484 -0.149918 76 0 153
0.281368 0.621646 -0.222435 76 0 153
-0.395138 -0.475724 -0.241867 76 153 0
-0.371685 -0.018055 0.199092 153 0 76
-0.425055 -0.433757 -0.214221 76 153 0
-0.086436 -0.046931 0.123860 153 0 76
0.264476 -0.028836 0.404042 153 0 76
0.275783 -0.027388 0.130731 153 0 76
-0.104503 0.306066 -0.184114 76 0 153
-0.202153 -0.040777 0.076600 153 0 76
-0.089085 -0.174786 0.014455 255 0 0
-0.126768 -0.091899 -0.187380 153 0 76
-0.265687 -0.120873 -0.152050 76 153 0
-0.166244 0.382023 -0.192284 76 0 153
0.042046 -0.126801 0.039137 255 0 0
-0.295111 -0.016749 0.348149 153 0 76
-0.397360 -0.739733 -0.232552 0 255 0
-0.338538 -0.150399 0.064534 153 0 76
0.321634 -0.144360 0.055075 255 0 0
-0.029443 -0.044553 0.205076 153 0 76
0.170057 0.637526 -0.250377 153 76 0
-0.177091 0.349482 -0.179994 76 0 153
0.230428 -0.028501 0.236135 153 0 76
0.351972 -0.035236 0.430449 153 0 76
0.356509 -0.750899 0.552117 153 76 0
0.119880 -0.178845 0.032166 255 0 0
0.143662 0.334566 -0.184013 76 0 153
0.068306 -0.089001 0.461988 153 0 76
-0.284299 -0.098971 -0.053216 76 153 0
0.164151 -0.147844 0.002777 255 0 0
-0.005073 -0.045071 0.195492 153 0 76
0.295973 -0.080232 0.450239 153 0 76
-0.247503 0.751919 -0.289294 153 76 0
0.321931 0.224822 -0.144057 76 0 153
-0.022016 -0.057519 0.439824 153 0 76
0.309278 -0.755134 0.543631 76 0 153
0.186648 -0.130128 0.443452 153 0 76
0.330222 0.708166 -0.238856 76 0 153
0.058654 -0.091142 -0.192674 153 0 76
-0.294899 -0.021657 0.201896 153 0 76
-0.306134 0.426437 -0.154542 153 0 76
0.252327 0.004074 -0.209919 76 0 153
0.385639 -0.559861 -0.271050 153 76 0
0.450029 -0.723380 -0.295038 204 51 127
-0.302288 -0.043312 0.436855 153 0 76
0.343263 0.546877 -0.198790 76 0 153
0.022179 0.624373 -0.261759 153 76 0
-0.117389 0.327148 -0.187430 76 0 153
-0.145568 0.601690 -0.252131 153 76 0
-0.320099 -0.017019 -0.121016 153 0 76
0.117129 -0.103268 -0.181623 153 0 76
0.227667 -0.044909 -0.166434 153 0 76
0.165668 -0.030584 0.335296 153 0 76
-0.076877 -0.088373 0.462906 153 0 76
0.297193 -0.705618 0.570996 76 0 153
0.276090 0.412140 -0.193397 76 0 153
-0.115790 0.159352 -0.153417 76 0 153
0.112054 0.747923 -0.319902 153 76 0
-0.025120 0.642111 -0.264232 153 76 0
-0.257528 0.172557 -0.186481 153 0 76
-0.147952 0.014796 -0.158017 76 0 153
0.295869 0.490660 -0.215345 76 0 153
0.080012 0.631596 -0.259707 153 76 0
0.339458 -0.018629 0.064252 153 0 76
0.348272 -0.020954 0.000734 153 0 76
-0.185469 -0.029782 -0.154361 76 0 153
0.094197 0.522348 -0.243288 76 0 153
0.176020 -0.046328 -0.058913 153 0 76
0.264137 0.384366 -0.159893 76 0 153
-0.052398 0.229684 -0.175617 76 0 153
-0.354096 -0.018232 -0.053623 153 0 76
-0.005271 -0.125213 0.033210 255 0 0
0.327995 -0.071369 0.447249 153 0 76
-0.139935 -0.049565 -0.148472 153 0 76
0.175678 0.691722 -0.262598 153 76 0
0.340232 -0.168263 0.050855 255 0 0
-0.322732 -0.569323 0.449823 153 0 76
0.122392 -0.083682 -0.186424 153 0 76
-0.358293 -0.190155 0.115670 153 0 76
-0.321112 0.290558 -0.131229 153 0 76
-0.124367 0.566155 -0.247597 76 0 153
0.268840 0.090594 -0.126371 76 0 153
-0.208412 0.382859 -0.181437 76 0 153
0.383198 -0.275025 -0.068292 153 76 0
0.174992 0.748483 -0.309594 153 76 0
-0.391251 -0.698907 -0.221646 255 0 0
-0.017168 0.378951 -0.209514 76 0 153
0.142218 0.711433 -0.274744 153 76 0
0.248131 0.026762 -0.161031 76 0 153
-0.015148 -0.046111 0.177856 153 0 76
-0.397322 -0.126800 0.019650 255 0 0
0.250102 -0.176555 0.018082 255 0 0
0.306305 0.650566 -0.223028 76 0 153
-0.264882 0.086154 -0.152770 153 0 76
-0.037871 0.694275 -0.277478 153 76 0
0.303099 -0.068271 -0.167936 76 0 153
-0.316405 0.322972 -0.133296 153 0 76
0.266411 0.337871 -0.147591 76 0 153
-0.361417 0.496767 -0.178702 153 0 76
0.082013 0.725968 -0.291072 153 76 0
-0.294087 0.297636 -0.178980 153 0 76
0.309642 0.721429 -0.247783 76 0 153
0.427998 -0.622415 -0.296562 153 76 0
0.405188 -0.446818 -0.209044 153 76 0
-0.083786 -0.138464 0.053496 255 0 0
0.279551 -0.026376 -0.089186 153 0 76
-0.043645 0.484733 -0.238814 76 0 153
-0.212461 -0.026461 -0.148921 153 0 76
0.053185 0.123450 -0.165218 76 0 153
0.160066 -0.047339 -0.083327 153 0 76
-0.376161 -0.734223 0.566450 76 153 0
0.067186 -0.141141 0.004573 255 0 0
-0.023547 0.062955 -0.172864 76 0 153
-0.127350 0.412762 -0.209898 76 0 153
-0.304442 0.380831 -0.193278 153 0 76
-0.232753 0.209888 -0.132127 153 0 76
-0.278980 -0.118778 0.035180 153 0 76
0.035554 -0.056911 -0.066909 153 0 76
0.383579 -0.329336 -0.159926 153 76 0
0.284318 -0.019789 0.259196 153 0 76
0.297097 -0.694978 0.517904 76 0 153
0.163896 -0.176217 0.041965 255 0 0
0.028364 0.736627 -0.303106 153 76 0
0.328459 -0.020938 0.037676 153 0 76
-0.286332 0.607595 -0.217640 76 0 153
0.364536 -0.680659 0.539197 153 76 0
-0.213175 0.219567 -0.139466 76 0 153
0.211735 -0.038833 0.028721 153 0 76
0.300202 -0.133634 -0.056366 76 0 153
-0.260207 0.562235 -0.215192 76 0 153
-0.038730 0.364586 -0.205528 76 0 153
0.214024 -0.067531 -0.172956 153 0 76
0.226273 0.583425 -0.229510 76 0 153
0.142943 -0.048548 -0.134401 153 0 76
-0.170433 0.332189 -0.176995 76 0 153
-0.174452 -0.075072 0.456425 153 0 76
-0.155192 -0.138714 0.053563 255 0 0
0.385258 -0.296267 -0.085999 153 76 0
-0.003236 -0.093943 0.463069 153 0 76
0.333587 -0.378197 0.299021 76 0 153
-0.151058 -0.048857 -0.081690 153 0 76
-0.234158 0.183762 -0.160810 153 0 76
-0.241978 -0.123986 0.433864 153 0 76
-0.101089 -0.086773 -0.191019 153 0 76
-0.312331 -0.072976 -0.182005 76 153 0
0.039663 0.060978 -0.171359 76 0 153
0.286909 0.446047 -0.166598 76 0 153
0.001552 0.663556 -0.268342 153 76 0
-0.238852 0.314237 -0.153229 153 0 76
0.281167 0.756354 -0.281704 76 0 153
-0.169884 -0.041241 0.125887 153 0 76
0.417954 -0.695792 -0.225544 76 0 153
-0.314351 -0.025355 0.063415 153 0 76
0.240382 0.602148 -0.230175 153 76 0
-0.261118 -0.028624 -0.214373 153 0 76
0.225530 0.340318 -0.163399 76 0 153
-0.370559 -0.022487 0.121013 153 0 76
-0.313373 0.383695 -0.141813 153 0 76
-0.049031 -0.052513 0.034850 153 0 76
0.223448 0.201211 -0.131513 76 0 153
-0.150900 -0.095528 -0.178553 153 0 76
-0.378000 -0.298349 -0.099156 76 153 0
-0.417651 -0.350022 -0.154722 76 153 0
0.352350 -0.016027 0.136577 153 0 76
0.271984 -0.108799 -0.175280 76 0 153
-0.305545 -0.026567 0.026943 153 0 76
0.356247 -0.413100 0.349807 76 0 153
-0.050097 -0.124823 0.027029 255 0 0
-0.288107 0.149678 -0.120100 153 0 76
0.034222 -0.053034 0.024015 153 0 76
0.192530 0.368985 -0.181036 76 0 153
0.406062 -0.389502 -0.157067 153 76 0
-0.368046 -0.089554 0.093211 153 0 76
-0.129103 -0.035487 0.369779 153 0 76
-0.000153 -0.175593 0.043524 255 0 0
0.161155 -0.047754 -0.056331 153 0 76
-0.352956 -0.009737 0.357917 153 0 76
-0.284864 -0.152309 -0.018211 76 153 0
-0.363471 -0.422901 0.352634 153 0 76
0.324780 -0.538840 0.464327 76 0 153
-0.252825 0.689225 -0.252682 153 76 0
0.225164 -0.100638 -0.150824 0 127 127
-0.044452 -0.049989 0.088267 153 0 76
0.119594 -0.034562 0.324791 153 0 76
0.374897 -0.735436 0.520856 153 76 0
0.193126 -0.078569 0.456400 153 0 76
0.374260 -0.063889 0.228607 153 0 76
-0.133921 -0.034038 0.322284 153 0 76
0.167293 -0.134933 0.050276 255 0 0
-0.126426 -0.170428 0.010096 255 0 0
-0.337206 0.377710 -0.166817 153 0 76
0.110184 -0.038064 0.272638 153 0 76
0.334280 -0.484122 0.433193 76 0 153
-0.152872 0.430444 -0.210048 76 0 153
0.284877 -0.145326 -0.049453 0 127 127
-0.070543 -0.057037 -0.117609 153 0 76
0.065233 -0.002531 -0.174485 76 0 153
0.269820 0.419287 -0.166368 76 0 153
0.232356 -0.032769 -0.146925 76 0 153
-0.161373 -0.081537 0.459111 153 0 76
-0.152368 0.667319 -0.263297 153 76 0
0.064438 -0.020334 -0.176010 76 0 153
0.365786 -0.070957 0.003008 153 0 76
-0.233853 0.134808 -0.147834 153 0 76
-0.280180 -0.123601 -0.146607 76 153 0
-0.432803 -0.580215 -0.276966 76 153 0
0.274353 0.052780 -0.199857 76 0 153
-0.113211 -0.049810 0.025343 153 0 76
0.022376 -0.041519 0.256246 153 0 76
0.236846 0.539744 -0.218072 76 0 153
0.207945 -0.027101 0.319236 153 0 76
0.356082 -0.299066 0.243104 76 0 153
0.143840 0.298897 -0.175191 76 0 153
-0.366949 -0.721490 0.582227 127 0 127
0.177243 0.351663 -0.179864 76 0 153
-0.155108 -0.035999 0.249956 153 0 76
-0.357256 -0.670727 0.528275 127 0 127
-0.130283 -0.042182 0.163118 153 0 76
0.142100 -0.047326 0.006936 153 0 76
0.344845 -0.105744 0.420201 153 0 76
0.318238 0.635131 -0.214435 76 0 153
-0.413749 -0.430621 -0.222484 76 153 0
0.283006 0.077609 -0.127985 76 0 153
-0.322295 -0.309863 0.252928 153 0 76
-0.349144 0.679376 -0.228614 153 0 76
-0.137789 0.046898 -0.157384 76 0 153
0.348461 -0.036705 -0.134039 153 0 76
-0.322237 -0.345317 0.296917 153 0 76
0.371501 -0.726714 -0.232222 153 0 76
0.017119 -0.003126 -0.178456 76 0 153
0.029742 -0.093461 -0.194264 153 0 76
0.226906 -0.037470 -0.069633 153 0 76
-0.163178 0.204395 -0.149409 76 0 153
0.146842 -0.053166 0.440139 153 0 76
-0.276847 -0.088391 -0.100431 76 153 0
-0.359146 -0.616379 0.473423 153 0 76
-0.305526 0.477814 -0.213863 153 0 76
0.390396 -0.361881 -0.165070 153 76 0
-0.382258 -0.025149 0.309840 153 0 76
0.011081 -0.054228 0.430043 153 0 76
-0.338446 -0.014778 0.195948 153 0 76
-0.071483 0.011673 -0.172636 76 0 153
0.319243 -0.355380 0.319414 76 0 153
0.162463 -0.045510 -0.146980 153 0 76
0.395014 -0.395143 -0.174671 153 76 0
0.353088 -0.236523 0.176939 76 0 153
-0.044820 0.243345 -0.179229 76 0 153
0.441011 -0.685747 -0.246318 204 51 127
-0.264108 -0.022149 0.361741 153 0 76
-0.238155 -0.095057 -0.180649 153 0 76
-0.131653 0.186029 -0.154294 76 0 153
0.355733 0.722634 -0.252961 76 0 153
0.263881 -0.074849 -0.149997 76 0 153
-0.319888 -0.729148 0.499651 0 127 127
-0.387485 -0.341707 -0.123078 76 153 0
-0.046837 0.271351 -0.185042 76 0 153
0.303754 -0.015262 -0.179634 76 0 153
-0.239064 -0.027665 0.375390 153 0 76
0.275062 0.387427 -0.178134 76 0 153
-0.117793 -0.052787 -0.131214 153 0 76
0.392451 -0.512278 -0.260913 153 76 0
-0.289760 -0.016338 0.319728 153 0 76
-0.093392 0.172409 -0.159856 76 0 153
0.339135 -0.190977 0.066752 76 0 153
-0.371962 -0.022988 0.404290 153 0 76
-0.044322 -0.162839 0.054158 255 0 0
-0.017580 -0.176693 0.040188 255 0 0
-0.323807 -0.022382 0.087914 153 0 76
-0.111232 0.730351 -0.291880 153 76 0
-0.334002 -0.288026 0.256045 153 0 76
-0.097935 0.691359 -0.273877 153 76 0
-0.341809 0.395951 -0.148383 153 0 76
0.253969 -0.131481 -0.110983 76 0 153
-0.437956 -0.673128 -0.247182 255 0 0
-0.336810 -0.270334 0.236233 153 0 76
0.347948 0.675660 -0.228172 76 0 153
-0.250777 0.253558 -0.188712 153 0 76
0.324450 -0.019588 0.392729 153 0 76
0.125150 -0.049330 -0.000994 153 0 76
0.316458 -0.175214 0.014883 255 0 0
-0.209205 0.311083 -0.161562 76 0 153
0.222950 0.444780 -0.195746 76 0 153
-0.378111 -0.738086 -0.251744 0 255 0
0.376976 -0.059721 0.358179 153 0 76
0.205795 -0.040796 -0.013858 153 0 76
-0.333378 0.409441 -0.146402 153 0 76
0.039117 0.459254 -0.231725 76 0 153
0.036637 -0.079457 -0.194369 153 0 76
0.144329 -0.032919 0.315525 153 0 76
-0.033682 0.730352 -0.298671 153 76 0
-0.032162 -0.053739 0.015588 153 0 76
0.385743 -0.225264 -0.023063 153 76 0
-0.239449 0.237584 -0.135852 153 0 76
-0.342009 0.646647 -0.241150 153 0 76
0.158339 0.467430 -0.219293 76 0 153
0.069412 0.281694 -0.184142 76 0 153
0.031374 -0.051809 0.049393 153 0 76
0.181045 -0.045000 -0.072473 153 0 76
-0.339865 0.407346 -0.174560 153 0 76
0.253120 0.235937 -0.185155 76 0 153
0.268205 0.367406 -0.193714 76 0 153
0.285955 -0.132550 -0.107020 0 127 127
-0.267240 0.541202 -0.206932 76 0 153
0.159790 0.592960 -0.245273 153 76 0
-0.270387 0.197319 -0.182715 153 0 76
-0.371881 -0.071477 -0.011762 153 0 76
0.096359 0.068483 -0.162691 76 0 153
-0.226737 0.635497 -0.243507 153 76 0
-0.146685 0.577535 -0.247792 153 76 0
0.410196 -0.629858 -0.268969 153 76 0
0.282841 -0.096969 -0.060825 0 127 127
0.162134 0.204469 -0.148764 76 0 153
-0.290676 -0.111882 0.442727 153 0 76
0.284707 -0.029248 -0.169043 76 0 153
0.318487 -0.309787 0.271341 76 0 153
0.045637 -0.040196 0.273007 153 0 76
-0.330221 -0.712161 0.489007 127 0 127
0.313846 -0.090242 0.448761 153 0 76
0.376627 -0.064455 0.395508 153 0 76
-0.277148 -0.178131 0.023959 255 0 0
0.051572 0.616676 -0.260163 153 76 0
-0.184162 0.745681 -0.301503 153 76 0
-0.161092 0.275945 -0.165621 76 0 153
-0.407459 -0.572136 -0.288116 76 153 0
0.191906 -0.038557 0.125655 153 0 76
-0.253065 -0.026971 0.224278 153 0 76
-0.368971 -0.041827 -0.050155 153 0 76
0.360453 -0.238057 -0.061227 153 76 0
-0.196481 -0.097868 0.458014 153 0 76
-0.237253 0.201857 -0.178983 153 0 76
-0.299895 0.505482 -0.217473 153 0 76
-0.035503 -0.055024 -0.011952 153 0 76
-0.207063 -0.041565 0.044715 153 0 76
0.285522 0.209485 -0.118300 76 0 153
0.295963 -0.721732 0.514482 76 0 153
-0.308958 -0.076440 -0.160649 153 0 76
-0.205088 0.724870 -0.274252 153 76 0
-0.404152 -0.247285 -0.054033 76 153 0
0.133415 -0.048932 -0.020215 153 0 76
-0.039966 0.461184 -0.232283 76 0 153
0.081143 0.166499 -0.159250 76 0 153
-0.144074 0.341854 -0.186398 76 0 153
0.388250 -0.748113 -0.244789 153 0 76
-0.312595 -0.013653 0.301742 153 0 76
-0.246263 0.234695 -0.187865 153 0 76
0.367681 -0.158286 0.055378 255 0 0
0.293670 -0.136031 -0.076251 76 0 153
0.280290 -0.153465 -0.012915 0 127 127
-0.253892 0.271597 -0.137806 153 0 76
-0.380570 -0.707178 0.503565 76 153 0
-0.349297 0.714689 -0.256034 153 0 76
0.013516 0.422460 -0.221548 76 0 153
-0.394626 -0.179008 0.027228 255 0 0
-0.071294 0.648004 -0.263947 153 76 0
-0.250029 0.363536 -0.160949 153 0 76
0.311473 0.747162 -0.260766 76 0 153
0.373348 -0.356190 -0.148695 153 76 0
0.010081 0.339834 -0.200004 76 0 153
-0.294116 0.115070 -0.148748 153 0 76
0.088565 -0.055289 -0.113812 153 0 76
-0.368099 0.706921 -0.267996 153 0 76
-0.271912 0.655609 -0.235826 153 76 0
0.148911 -0.043625 0.100695 153 0 76
-0.361188 -0.277477 0.224303 153 0 76
0.095610 0.107507 -0.159722 76 0 153
0.290431 -0.025766 0.106237 153 0 76
0.245686 -0.038530 -0.214240 76 0 153
-0.241801 0.214095 -0.150477 153 0 76
0.257927 -0.031463 0.107649 153 0 76
-0.095483 0.448670 -0.223478 76 0 153
0.284106 0.146175 -0.120212 76 0 153
0.002744 -0.067151 0.453538 153 0 76
-0.322626 0.244555 -0.134737 153 0 76
-0.313213 0.673741 -0.261236 153 0 76
0.299583 -0.043484 -0.178867 76 0 153
0.120385 0.495531 -0.234600 76 0 153
0.093063 -0.054341 -0.045888 153 0 76
0.341496 0.723784 -0.263874 76 0 153
0.118541 0.370722 -0.198971 76 0 153
0.104376 -0.036353 0.370789 153 0 76
-0.255411 0.067003 -0.132372 153 0 76
0.330591 -0.212333 0.095224 76 0 153
-0.181264 0.379576 -0.187585 76 0 153
0.065957 0.379297 -0.207529 76 0 153
-0.291597 0.584420 -0.207399 153 0 76
0.370024 -0.016080 0.296445 153 0 76
0.055554 0.144257 -0.163370 76 0 153
-0.331162 -0.694879 0.494928 127 0 127
0.022158 0.152209 -0.166595 76 0 153
0.261201 -0.049018 -0.212604 0 127 127
-0.313019 0.602386 -0.205876 153 0 76
-0.456655 -0.708200 -0.287040 127 127 0
0.307511 0.566821 -0.227885 76 0 153
-0.356398 0.484174 -0.169553 153 0 76
0.352903 -0.634759 0.483343 76 0 153
-0.368388 0.649558 -0.239978 153 0 76
0.069017 0.669342 -0.267744 153 76 0
0.039056 -0.131625 0.011819 255 0 0
-0.294275 -0.149952 -0.028514 76 153 0
0.355467 -0.447734 0.388895 76 0 153
0.215046 -0.033172 0.401835 153 0 76
0.278820 0.029886 -0.201855 76 0 153
0.325526 -0.681591 0.564169 153 0 76
-0.455755 -0.716500 -0.242244 127 127 0
-0.263309 -0.032230 -0.072766 153 0 76
0.296442 -0.737213 0.515091 76 0 153
0.348115 -0.511919 0.409720 76 0 153
-0.110353 -0.035429 0.334153 153 0 76
-0.041002 -0.175937 0.015778 255 0 0
-0.350366 0.584503 -0.211223 153 0 76
0.260655 -0.025021 0.228405 153 0 76
-0.285672 0.652795 -0.230660 153 0 76
0.293780 -0.080985 -0.198089 0 127 127
-0.099628 -0.112811 0.462654 153 0 76
-0.143036 0.545864 -0.243127 76 0 153
-0.349216 -0.016248 0.098058 153 0 76
-0.303600 -0.023863 -0.065938 153 0 76
-0.340150 -0.421387 0.337052 153 0 76
0.369095 0.700414 -0.267554 76 0 153
0.324010 -0.374062 0.341115 76 0 153
-0.199123 0.524635 -0.225781 76 0 153
0.291104 0.280869 -0.171779 76 0 153
0.310157 0.204327 -0.128069 76 0 153
-0.251996 0.255598 -0.155278 153 0 76
0.316973 0.733528 -0.251444 76 0 153
-0.043088 0.434860 -0.224992 76 0 153
0.229432 -0.137123 -0.046266 0 127 127
-0.419070 -0.483464 -0.231372 76 153 0
-0.324943 -0.108663 0.437476 153 0 76
0.274997 0.550106 -0.206019 76 0 153
0.333765 0.565681 -0.217371 76 0 153
0.150363 -0.130307 0.045649 255 0 0
0.256237 -0.135136 0.050480 255 0 0
-0.216373 -0.091301 0.456256 153 0 76
-0.079196 -0.152507 0.056927 255 0 0
0.319712 0.675980 -0.228607 76 0 153
-0.369670 -0.084800 0.167021 153 0 76
0.060601 -0.057289 -0.125079 153 0 76
-0.044883 0.739584 -0.309844 153 76 0
-0.374678 -0.083416 0.036764 153 0 76
0.283493 -0.115832 0.435076 153 0 76
0.305641 0.505914 -0.176261 76 0 153
-0.117024 0.742136 -0.305607 153 76 0
-0.381564 -0.026010 0.280418 153 0 76
-0.183897 -0.036235 0.197835 153 0 76
0.064607 -0.056340 -0.070759 153 0 76
0.312428 -0.750477 0.512467 76 0 153
0.035540 -0.041589 0.249753 153 0 76
-0.297928 0.675450 -0.235221 153 0 76
0.121799 0.320463 -0.185466 76 0 153
0.261668 -0.119225 -0.155668 76 0 153
-0.052503 -0.057872 -0.120358 153 0 76
0.015629 -0.054572 -0.000895 153 0 76
0.274378 -0.026581 0.152356 153 0 76
0.103668 -0.176301 0.017136 255 0 0
-0.358576 -0.426677 0.377725 153 0 76
-0.327235 -0.204441 0.093126 153 0 76
-0.279365 -0.029509 0.090110 153 0 76
-0.330562 0.474851 -0.162742 153 0 76
-0.325831 -0.199129 0.122359 153 0 76
0.289000 0.112090 -0.183208 76 0 153
-0.290645 -0.013644 -0.210417 153 0 76
0.234752 0.223467 -0.171044 76 0 153
0.253691 -0.146448 -0.044741 76 0 153
0.165888 -0.175735 0.015405 255 0 0
-0.392026 -0.162340 0.054292 255 0 0
0.039047 0.694886 -0.276718 153 76 0
-0.303427 -0.046151 -0.212193 76 153 0
-0.291914 0.173997 -0.176673 153 0 76
-0.302668 -0.695982 0.540908 0 127 127
-0.006469 -0.158687 0.003515 255 0 0
0.075210 -0.037178 0.358213 153 0 76
0.313283 -0.043107 0.437253 153 0 76
0.043973 0.638357 -0.263555 153 76 0
0.158728 -0.036213 0.228624 153 0 76
0.378791 -0.270130 -0.113380 153 76 0
-0.298355 -0.142558 -0.058275 76 153 0
0.303096 -0.024308 0.086188 153 0 76
0.319758 0.348504 -0.168369 76 0 153
0.017451 -0.052112 0.047695 153 0 76
-0.247474 -0.083066 -0.122914 76 153 0
0.130180 -0.037884 0.243663 153 0 76
-0.111982 -0.040703 0.400757 153 0 76
-0.130474 -0.113500 0.461424 153 0 76
0.017113 -0.038279 0.321530 153 0 76
0.308467 -0.133935 0.009508 0 127 127
-0.101016 -0.042850 0.189935 153 0 76
0.347283 0.691589 -0.233996 76 0 153
0.225665 -0.096168 -0.168893 0 127 127
-0.368289 -0.056028 -0.062767 153 0 76
0.153166 -0.047381 0.017589 153 0 76
0.337053 -0.416973 0.381766 76 0 153
0.301234 -0.016167 -0.151193 76 0 153
-0.300327 0.676658 -0.251981 153 0 76
0.341124 -0.558252 0.475311 76 0 153
0.262115 0.280608 -0.135480 76 0 153
-0.343411 0.609297 -0.226028 153 0 76
0.027777 0.016294 -0.175994 76 0 153
-0.336772 0.364026 -0.155440 153 0 76
0.202679 -0.101474 0.457590 153 0 76
-0.220438 0.427395 -0.191261 76 0 153
0.448072 -0.697541 -0.295519 204 51 127
-0.405028 -0.259844 -0.066099 76 153 0
-0.429234 -0.613352 -0.299474 76 153 0
0.239879 0.426412 -0.182906 76 0 153
-0.314178 0.177151 -0.140432 153 0 76
-0.051806 0.714872 -0.284385 153 76 0
0.360412 -0.021095 0.404566 153 0 76
0.264536 0.359811 -0.179567 76 0 153
-0.340699 -0.378888 0.299481 153 0 76
-0.315762 -0.028406 -0.154414 153 0 76
0.018879 0.741700 -0.314415 153 76 0
0.354533 -0.351110 0.296106 76 0 153
0.243930 0.562954 -0.220648 76 0 153
0.065853 0.463906 -0.231020 76 0 153
0.249196 -0.031421 0.132788 153 0 76
0.316331 -0.401472 0.351478 76 0 153
-0.331104 -0.474630 0.382433 153 0 76
0.326902 0.626042 -0.237671 76 0 153
0.042482 0.340026 -0.199985 76 0 153
0.327714 0.251354 -0.146825 76 0 153
-0.055650 0.396750 -0.213434 76 0 153
-0.432816 -0.639530 -0.306863 76 153 0
-0.060617 -0.057737 -0.147204 153 0 76
0.218401 -0.138336 0.053461 255 0 0
0.196081 -0.010898 -0.150510 76 0 153
-0.036481 0.336895 -0.199495 76 0 153
-0.187278 0.466422 -0.211511 76 0 153
0.223965 -0.124172 -0.022759 76 0 153
-0.036439 -0.006047 -0.177216 76 0 153
-0.259357 0.314938 -0.146252 153 0 76
-0.263043 0.475485 -0.187949 153 0 76
-0.262034 0.045795 -0.204015 153 0 76
-0.111709 -0.129982 0.454837 153 0 76
-0.405215 -0.292993 -0.089461 76 153 0
0.053983 -0.037912 0.314320 153 0 76
-0.243516 0.126172 -0.127248 153 0 76
0.266446 0.089728 -0.195729 76 0 153
-0.253121 -0.031649 -0.148946 153 0 76
0.321485 -0.173940 0.043627 76 0 153
-0.269264 -0.032544 -0.026898 153 0 76
-0.278146 0.048298 -0.158035 153 0 76
0.002986 0.724736 -0.296199 153 76 0
-0.158030 -0.108717 0.460225 153 0 76
-0.288503 -0.086040 -0.111868 76 153 0
-0.048447 0.103836 -0.167210 76 0 153
-0.337275 -0.314314 0.235922 153 0 76
-0.284440 0.347349 -0.192640 153 0 76
-0.179750 0.633800 -0.250753 153 76 0
0.303880 -0.151202 0.043874 0 127 127
-0.084010 -0.053931 -0.021742 153 0 76
0.190003 -0.052195 -0.173603 153 0 76
-0.304677 -0.686684 0.520973 0 127 127
0.127512 -0.035123 0.300990 153 0 76
0.313310 0.482118 -0.165657 76 0 153
0.274671 0.173015 -0.116085 76 0 153
0.282526 0.423731 -0.204222 76 0 153
-0.247978 -0.050001 -0.170516 153 0 76
0.123593 -0.087535 0.459897 153 0 76
-0.031830 -0.059009 -0.144628 153 0 76
0.322856 0.698940 -0.267392 76 0 153
0.382922 -0.335176 -0.121523 153 76 0
0.026505 -0.177742 0.036280 255 0 0
-0.367052 -0.156707 0.055801 255 0 0
-0.211699 0.037747 -0.142078 153 0 76
-0.088043 0.378533 -0.204491 76 0 153
-0.062826 -0.138512 0.432472 153 0 76
-0.365102 0.694041 -0.247888 153 0 76
-0.359240 -0.203736 0.136473 153 0 76
-0.382404 -0.035281 0.245789 153 0 76
-0.332674 -0.636917 0.512606 153 0 76
0.222677 0.511881 -0.215872 76 0 153
-0.417845 -0.689091 -0.231357 255 0 0
0.169146 0.719020 -0.275205 153 76 0
0.101386 -0.053903 -0.147637 153 0 76
0.125831 0.737115 -0.294582 153 76 0
-0.381761 -0.733843 0.515505 76 153 0
-0.363658 -0.456407 0.380001 153 0 76
0.181835 -0.115811 0.457549 153 0 76
-0.077436 0.526589 -0.245835 76 0 153
0.148352 0.654621 -0.258257 153 76 0
-0.021022 -0.048490 0.127225 153 0 76
-0.351316 -0.317089 0.239825 153 0 76
0.215578 0.550412 -0.225957 76 0 153
-0.094577 -0.054755 -0.061396 153 0 76
0.001115 0.498850 -0.242678 76 0 153
0.210423 0.434489 -0.195955 76 0 153
-0.350085 -0.094801 0.443073 153 0 76
0.239782 0.149288 -0.189975 76 0 153
0.181186 -0.043714 0.046524 153 0 76
0.034205 0.385363 -0.211337 76 0 153
0.231079 -0.001015 -0.143790 76 0 153
0.326629 0.305009 -0.136383 76 0 153
-0.045128 -0.086867 0.462229 153 0 76
0.305633 -0.062588 -0.191915 0 127 127
-0.268406 -0.023613 0.245011 153 0 76
0.360618 -0.077614 -0.051188 153 0 76
0.443722 -0.712394 -0.229200 204 51 127
0.241628 0.341610 -0.157735 76 0 153
0.345015 -0.010108 0.243250 153 0 76
-0.191597 -0.067562 -0.178238 153 0 76
0.271790 0.104785 -0.150178 76 0 153
-0.240061 -0.011901 -0.207020 153 0 76
0.251225 0.296941 -0.167211 76 0 153
0.018161 0.373507 -0.208050 76 0 153
0.372112 -0.251456 -0.092793 153 76 0
0.220722 0.679439 -0.249312 153 76 0
0.020164 -0.044244 0.203948 153 0 76
0.370095 -0.076246 0.110361 153 0 76
0.310426 -0.672188 0.517689 153 0 76
0.231555 -0.094354 -0.106423 0 127 127
-0.352949 -0.019132 0.027223 153 0 76
0.165898 0.533912 -0.234939 76 0 153
-0.060724 -0.053239 0.015867 153 0 76
-0.127442 0.685589 -0.270773 153 76 0
0.260949 -0.032807 0.065953 153 0 76
0.316232 -0.640276 0.493933 76 0 153
0.029054 0.209377 -0.173926 76 0 153
-0.297002 0.538640 -0.211738 153 0 76
0.231323 0.470131 -0.200835 76 0 153
-0.208984 -0.030473 0.265810 153 0 76
-0.072782 -0.070543 -0.190848 153 0 76
-0.234498 -0.037800 0.041108 153 0 76
-0.227721 0.342921 -0.164554 153 0 76
0.326265 -0.015845 0.187642 153 0 76
0.108072 -0.175178 0.043939 255 0 0
0.353389 0.385656 -0.170583 76 0 153
0.198303 -0.039908 0.083281 153 0 76
0.334772 0.279541 -0.152688 76 0 153
0.292003 0.377434 -0.195118 76 0 153
0.308155 0.062971 -0.154986 76 0 153
0.364901 -0.044573 -0.006982 153 0 76
0.302092 0.046151 -0.164220 76 0 153
-0.088984 0.408842 -0.212856 76 0 153
-0.232203 -0.113258 -0.104184 76 153 0
0.133670 -0.050319 -0.106704 153 0 76
0.007023 0.390592 -0.212751 76 0 153
0.429820 -0.700176 -0.297047 204 51 127
-0.303294 -0.749630 0.540816 0 127 127
-0.010277 0.059295 -0.174303 76 0 153
0.298155 0.029653 -0.195707 76 0 153
-0.073100 0.311341 -0.189662 76 0 153
0.232110 0.208980 -0.163536 76 0 153
-0.377401 -0.015508 0.346838 153 0 76
-0.165713 -0.132120 0.445290 153 0 76
0.268942 0.190724 -0.181430 76 0 153
0.279933 0.006168 -0.205201 76 0 153
-0.210259 0.585248 -0.236368 76 0 153
-0.325534 0.353549 -0.138298 153 0 76
0.343452 0.621306 -0.216951 76 0 153
0.315021 -0.060820 0.446794 153 0 76
0.285024 -0.028618 -0.017010 153 0 76
-0.117452 0.392048 -0.204913 76 0 153
-0.259767 0.025718 -0.161176 153 0 76
0.336129 -0.014930 0.166786 153 0 76
-0.256098 -0.024866 0.372882 153 0 76
-0.409547 -0.174626 0.014295 255 0 0
0.315717 -0.125653 0.034853 255 0 0
0.313678 -0.563013 0.455169 76 0 153
-0.430684 -0.552370 -0.267280 76 153 0
0.099858 0.241245 -0.169671 76 0 153
0.082145 0.389660 -0.208650 76 0 153
0.120319 -0.133267 0.048610 255 0 0
-0.153981 0.185009 -0.148189 76 0 153
-0.308395 -0.703185 0.501884 0 127 127
0.356741 -0.151494 0.001800 255 0 0
-0.187996 0.279412 -0.159347 76 0 153
0.175624 -0.035129 0.221555 153 0 76
-0.199166 0.495784 -0.217172 76 0 153
0.343495 -0.489932 0.388702 76 0 153
0.411631 -0.360950 -0.162727 153 76 0
-0.156213 -0.048128 -0.163202 153 0 76
-0.122589 0.091268 -0.156621 76 0 153
-0.149531 0.396253 -0.200893 76 0 153
-0.123573 -0.135790 0.446178 153 0 76
-0.267110 0.528014 -0.202467 76 0 153
0.080167 -0.059539 -0.181913 153 0 76
-0.130152 -0.075711 -0.185773 153 0 76
0.328497 0.375260 -0.167942 76 0 153
-0.400953 -0.621151 -0.301241 76 153 0
-0.325507 0.227228 -0.151253 153 0 76
-0.102329 0.575719 -0.250469 76 0 153
-0.297698 0.234283 -0.168074 153 0 76
-0.177501 -0.056523 0.446998 153 0 76
-0.099568 -0.036786 0.358978 153 0 76
0.297969 -0.062803 0.448052 153 0 76
0.275648 0.676266 -0.237516 153 76 0
0.171662 -0.045035 -0.118486 153 0 76
0.140204 0.610818 -0.251538 153 76 0
-0.261726 -0.031438 -0.169126 153 0 76
-0.140803 -0.125065 0.026129 255 0 0
0.257533 -0.032953 -0.169337 76 0 153
-0.416321 -0.464913 -0.224900 76 153 0
-0.273435 -0.027013 -0.121101 153 0 76
0.023465 0.082597 -0.171112 76 0 153
-0.105299 -0.178820 0.026525 255 0 0
0.363031 -0.693286 0.562134 153 76 0
-0.313663 0.588531 -0.233148 153 0 76
-0.068016 0.421917 -0.219004 76 0 153
-0.324792 -0.176765 0.018866 255 0 0
-0.300486 0.625457 -0.245660 153 0 76
-0.197105 -0.009654 -0.150265 153 0 76
0.280094 -0.127499 0.041743 255 0 0
-0.213869 -0.163817 0.004890 255 0 0
-0.012933 -0.057896 -0.063012 153 0 76
0.304181 -0.091213 -0.160002 76 0 153
-0.187832 0.204737 -0.143071 76 0 153
-0.045004 0.643407 -0.264455 153 76 0
0.150765 -0.031901 0.337467 153 0 76
-0.257462 0.045015 -0.158492 153 0 76
0.132971 -0.036178 -0.164816 76 0 153
-0.404694 -0.412292 -0.181671 76 153 0
0.228993 0.668655 -0.245387 153 76 0
-0.376251 -0.047348 0.073049 153 0 76
-0.425256 -0.648596 -0.277303 76 153 0
0.325844 -0.012001 0.277786 153 0 76
-0.119267 0.259162 -0.171091 76 0 153
-0.237577 0.380189 -0.171346 76 0 153
0.317255 -0.399478 0.329118 76 0 153
0.247794 0.138953 -0.123944 76 0 153
-0.268209 -0.073320 -0.205359 76 153 0
0.292066 0.058798 -0.156575 76 0 153
0.285325 -0.049760 -0.213929 0 127 127
0.351672 -0.591437 0.456656 76 0 153
0.341439 -0.518599 0.451776 76 0 153
-0.343619 -0.016751 -0.035489 153 0 76
0.317595 -0.618450 0.477100 76 0 153
-0.354379 0.400077 -0.162587 153 0 76
-0.084474 -0.055769 -0.087178 153 0 76
0.290022 0.190517 -0.172142 76 0 153
0.279593 0.350799 -0.193385 76 0 153
0.076315 -0.165316 0.005292 255 0 0
0.414006 -0.502677 -0.233067 153 76 0
0.356823 -0.064069 -0.117115 153 0 76
0.348306 -0.007308 0.295741 153 0 76
-0.330722 0.478956 -0.202447 153 0 76
0.033726 -0.113749 0.463522 153 0 76
-0.312921 0.163975 -0.163389 153 0 76
-0.185882 0.367530 -0.182895 76 0 153
-0.339311 -0.035288 0.430809 153 0 76
-0.175046 -0.042958 0.084007 153 0 76
-0.403536 -0.673026 -0.270849 255 0 0
0.331271 -0.328528 0.304583 76 0 153
-0.272028 0.367444 -0.152906 153 0 76
-0.336134 -0.454831 0.411632 153 0 76
-0.327269 -0.014969 -0.136385 153 0 76
-0.059249 -0.047462 0.131726 153 0 76
0.091456 -0.178377 0.024875 255 0 0
0.255836 -0.027295 0.393223 153 0 76
-0.361248 -0.174504 0.068098 153 0 76
-0.237997 0.112663 -0.195058 153 0 76
0.406933 -0.523219 -0.270688 153 76 0
-0.255961 -0.034635 0.028138 153 0 76
-0.072519 0.747154 -0.325307 153 76 0
0.193365 0.109063 -0.137988 76 0 153
-0.288478 -0.159152 0.012765 153 0 76
0.192395 -0.028745 0.343189 153 0 76
0.233562 -0.155214 0.017153 76 0 153
-0.403798 -0.311426 -0.143924 76 153 0
0.189831 0.684303 -0.257235 153 76 0
0.005871 0.646309 -0.264708 153 76 0
-0.277758 -0.149668 0.056497 255 0 0
-0.056533 -0.050995 0.063392 153 0 76
0.160424 0.374117 -0.191009 76 0 153
-0.323123 0.451402 -0.155574 153 0 76
-0.448282 -0.730127 -0.301392 127 127 0
-0.269108 -0.026515 0.186064 153 0 76
0.360022 0.452891 -0.179394 76 0 153
0.243357 -0.103124 -0.034656 0 127 127
-0.270510 -0.165205 0.039440 153 0 76
-0.136680 -0.048227 0.026034 153 0 76
0.305777 0.128449 -0.156000 76 0 153
0.370519 -0.040198 0.102618 153 0 76
-0.283045 -0.020133 0.267271 153 0 76
-0.373590 -0.072285 0.013620 153 0 76
0.197858 -0.034249 0.198810 153 0 76
0.320534 0.209103 -0.148891 76 0 153
0.024833 -0.058738 -0.128085 153 0 76
0.292279 0.600566 -0.228180 153 76 0
-0.253164 0.574193 -0.220972 76 0 153
-0.007940 0.332706 -0.198515 76 0 153
-0.079573 -0.039686 0.373770 153 0 76
-0.414712 -0.444258 -0.189847 76 153 0
-0.132031 -0.074631 0.456333 153 0 76
0.214636 -0.175216 0.043901 255 0 0
-0.185031 -0.039693 0.130243 153 0 76
0.186925 -0.038117 0.145643 153 0 76
-0.212772 -0.040686 0.019293 153 0 76
0.217531 0.166233 -0.129960 76 0 153
-0.335768 -0.401345 0.319119 153 0 76
-0.037386 0.035820 -0.173816 76 0 153
0.153259 0.361649 -0.189157 76 0 153
-0.027486 0.199836 -0.172444 76 0 153
-0.217674 0.563770 -0.230149 76 0 153
-0.047527 -0.139354 0.444804 153 0 76
0.305559 -0.012728 0.323132 153 0 76
0.082064 -0.039194 0.278357 153 0 76
0.106510 0.735767 -0.295774 153 76 0
-0.015986 -0.153296 0.056716 255 0 0
-0.315944 0.546634 -0.223910 153 0 76
0.292048 -0.132037 0.047380 255 0 0
0.188465 -0.029007 0.317762 153 0 76
0.247084 0.067510 -0.155363 76 0 153
-0.296663 -0.107744 -0.014507 76 153 0
-0.314920 -0.020551 0.162154 153 0 76
-0.043488 0.162445 -0.164210 76 0 153
-0.227091 0.690034 -0.259047 153 76 0
0.052526 -0.027442 -0.177565 76 0 153
0.340302 -0.012210 0.213542 153 0 76
-0.241788 0.490053 -0.202738 76 0 153
0.162779 -0.046036 0.030564 153 0 76
-0.229776 0.044441 -0.138798 153 0 76
0.324990 -0.671994 0.529333 153 0 76
-0.070680 0.183348 -0.164955 76 0 153
0.324120 -0.014807 0.221644 153 0 76
-0.094331 -0.043729 0.406506 153 0 76
0.072908 0.540194 -0.248015 76 0 153
0.112141 0.659323 -0.261881 153 76 0
-0.350200 0.535342 -0.193920 153 0 76
-0.038920 -0.051517 0.058833 153 0 76
0.288742 0.573551 -0.224558 76 0 153
0.057414 0.438184 -0.224728 76 0 153
0.364510 -0.091995 0.430944 153 0 76
0.219982 0.618524 -0.237203 153 76 0
0.315645 -0.492200 0.422572 76 0 153
0.316217 -0.218831 0.130091 76 0 153
0.374165 -0.032990 0.208477 153 0 76
-0.359291 -0.560568 0.468741 153 0 76
0.264203 -0.155095 -0.006119 0 127 127
0.266224 0.227332 -0.124919 76 0 153
0.288687 -0.021550 0.207535 153 0 76
0.346226 -0.205154 0.091877 76 0 153
-0.264345 -0.030414 0.115482 153 0 76
0.243284 -0.121990 0.435005 153 0 76
-0.366096 0.734658 -0.266605 153 0 76
-0.292418 -0.023636 -0.110142 153 0 76
-0.377632 -0.035791 0.126448 153 0 76
0.018679 0.440993 -0.226666 76 0 153
0.106887 -0.035289 0.332835 153 0 76
-0.067148 -0.178243 0.024376 255 0 0
0.317436 0.350419 -0.136711 76 0 153
0.262766 -0.036200 0.421780 153 0 76
0.201034 0.575351 -0.233708 76 0 153
-0.058720 -0.037580 0.354619 153 0 76
0.216336 -0.038166 0.015101 153 0 76
-0.374902 -0.018875 0.373167 153 0 76
-0.253167 -0.034271 0.065084 153 0 76
-0.412215 -0.474986 -0.249436 76 153 0
0.267417 0.506196 -0.194726 76 0 153
-0.419082 -0.697289 -0.308215 255 0 0
0.334843 0.352711 -0.143114 76 0 153
0.338890 -0.016174 0.125184 153 0 76
-0.223156 0.534572 -0.222324 76 0 153
0.367746 -0.078455 0.038407 153 0 76
-0.321900 -0.519470 0.433760 153 0 76
-0.294327 0.328176 -0.186604 153 0 76
0.343088 0.493888 -0.184524 76 0 153
-0.006560 -0.059701 -0.133881 153 0 76
0.042429 0.515287 -0.247189 76 0 153
-0.120405 -0.051885 -0.069054 153 0 76
-0.024654 -0.139667 0.443597 153 0 76
0.140554 -0.049694 -0.051819 153 0 76
-0.165749 -0.047671 -0.042434 153 0 76
0.289560 -0.103258 0.447858 153 0 76
-0.271991 0.250625 -0.128672 153 0 76
-0.412860 -0.588272 -0.254230 76 153 0
-0.366165 -0.035231 -0.074783 153 0 76
0.339294 0.444460 -0.164324 76 0 153
0.181084 -0.031413 0.283791 153 0 76
-0.267189 0.143422 -0.121018 153 0 76
0.395656 -0.702554 -0.310749 76 0 153
0.315065 -0.242088 0.165181 76 0 153
0.178474 -0.043665 -0.012329 153 0 76
0.313733 0.357892 -0.176649 76 0 153
-0.313020 0.076716 -0.173687 153 0 76
0.241332 0.284867 -0.143734 76 0 153
0.317583 -0.467308 0.408914 76 0 153
0.292319 0.304995 -0.177504 76 0 153
-0.028382 0.120339 -0.167759 76 0 153
-0.401962 -0.405566 -0.169930 76 153 0
0.385284 -0.541362 -0.261486 153 76 0
0.030056 -0.061232 0.447919 153 0 76
0.314485 -0.050006 -0.155979 153 0 76
-0.309299 -0.017991 0.228441 153 0 76
-0.096761 -0.054795 -0.115702 153 0 76
0.209840 0.040284 -0.141942 76 0 153
-0.361401 -0.585336 0.460284 153 0 76
-0.105618 -0.043148 0.177187 153 0 76
0.403241 -0.379120 -0.147432 153 76 0
0.377182 -0.059405 0.372780 153 0 76
0.384729 -0.388254 -0.195144 153 76 0
-0.276160 0.119448 -0.122369 153 0 76
0.225301 -0.045323 -0.193209 76 0 153
-0.001733 -0.044285 0.210151 153 0 76
-0.333583 -0.013618 0.372032 153 0 76
0.224768 0.086965 -0.163504 76 0 153
-0.365782 -0.028787 -0.040908 153 0 76
0.374037 -0.284340 -0.081678 153 76 0
0.243509 -0.057606 0.448185 153 0 76
0.272892 0.298741 -0.185438 76 0 153
-0.280903 -0.100763 -0.188280 76 153 0
-0.088738 -0.037405 0.311016 153 0 76
0.186062 0.308154 -0.166372 76 0 153
0.049194 -0.052389 0.427636 153 0 76
-0.164165 0.458170 -0.215197 76 0 153
0.069572 0.100990 -0.165639 76 0 153
-0.243246 -0.032164 0.140727 153 0 76
-0.139833 -0.043051 0.411085 153 0 76
-0.363736 0.486842 -0.194813 153 0 76
-0.316781 0.743373 -0.273460 153 0 76
0.370382 -0.748239 0.511929 153 76 0
0.310178 -0.729064 0.571372 76 0 153
-0.401371 -0.204153 -0.015960 76 153 0
-0.415262 -0.362420 -0.143357 76 153 0
-0.309290 -0.102493 -0.169190 76 153 0
0.384834 -0.680729 -0.275683 153 0 76
0.356424 -0.642243 0.502621 76 0 153
-0.329704 -0.041068 -0.154465 153 0 76
0.065721 -0.045110 0.169303 153 0 76
0.115311 0.614987 -0.254455 153 76 0
-0.294857 0.403604 -0.153299 153 0 76
-0.351013 -0.519451 0.411696 153 0 76
-0.368788 -0.082545 -0.028988 153 0 76
0.304099 -0.156635 0.002965 255 0 0
0.220046 0.316141 -0.159425 76 0 153
-0.330262 -0.016926 -0.080888 153 0 76
-0.212045 -0.031934 0.232971 153 0 76
-0.340835 -0.569197 0.483165 153 0 76
0.065362 -0.036764 0.332291 153 0 76
-0.234850 -0.037278 0.054611 153 0 76
-0.261528 0.703660 -0.255281 153 76 0
-0.262016 -0.094095 -0.073916 76 153 0
0.233665 -0.042069 0.428977 153 0 76
-0.257930 0.211897 -0.185989 153 0 76
0.119909 -0.047984 0.055398 153 0 76
0.205179 -0.041148 -0.073620 153 0 76
0.264826 -0.027915 -0.147905 153 0 76
0.086346 -0.125577 0.034571 255 0 0
0.122230 0.104663 -0.154297 76 0 153
0.185516 -0.042021 0.070581 153 0 76
0.260973 0.308302 -0.142260 76 0 153
-0.204534 -0.178591 0.025673 255 0 0
-0.204960 0.197431 -0.137218 153 0 76
0.161239 -0.048447 -0.165439 153 0 76
-0.147339 0.089855 -0.151047 76 0 153
-0.366794 -0.680878 0.537875 76 153 0
0.271541 -0.127199 -0.130618 0 127 127
-0.396252 -0.734540 -0.298534 0 255 0
-0.360825 -0.013379 0.177907 153 0 76
-0.084457 0.357388 -0.199003 76 0 153
-0.322071 -0.250016 0.179806 153 0 76
0.127090 0.691367 -0.269573 153 76 0
-0.148400 -0.036549 0.389225 153 0 76
0.292961 0.009221 -0.141336 76 0 153
0.306035 0.553588 -0.225698 76 0 153
-0.190066 0.584697 -0.240320 153 76 0
0.162980 -0.038385 0.179982 153 0 76
-0.338496 -0.018324 -0.016437 153 0 76
0.331983 -0.532254 0.417055 76 0 153
0.197048 -0.032596 0.234155 153 0 76
-0.194209 -0.030731 0.285350 153 0 76
-0.171924 0.538530 -0.235792 76 0 153
-0.285034 0.036024 -0.201381 153 0 76
-0.233759 -0.145681 0.002812 76 153 0
-0.190347 -0.044902 -0.034522 153 0 76
-0.309394 0.122647 -0.150909 153 0 76
-0.308265 -0.015487 0.354704 153 0 76
0.300354 0.405044 -0.197177 76 0 153
-0.407716 -0.469765 -0.200367 76 153 0
0.095761 -0.054319 -0.160550 153 0 76
-0.025156 0.389417 -0.212392 76 0 153
-0.002877 -0.040808 0.279978 153 0 76
-0.252433 0.114694 -0.148800 153 0 76
-0.059841 -0.050032 0.080641 153 0 76
0.340116 -0.170010 0.097281 76 0 153
-0.303022 -0.024958 0.397967 153 0 76
0.347746 -0.018170 -0.091869 153 0 76
-0.218924 -0.039499 -0.091996 153 0 76
-0.231280 0.106471 -0.176619 153 0 76
0.341141 -0.176083 0.016323 255 0 0
0.332134 -0.009085 0.316690 153 0 76
-0.330898 0.293807 -0.140631 153 0 76
-0.081101 0.554420 -0.249422 76 0 153
-0.402522 -0.385126 -0.184225 76 153 0
0.141659 0.238290 -0.161176 76 0 153
0.312182 0.445581 -0.200407 76 0 153
-0.245613 0.068132 -0.201254 153 0 76
-0.250077 0.038987 -0.205308 153 0 76
-0.061366 -0.055767 -0.040077 153 0 76
-0.152672 -0.091764 0.460022 153 0 76
0.375163 -0.696926 0.536739 153 76 0
-0.236258 0.650143 -0.245678 153 76 0
0.324758 -0.168681 0.090233 76 0 153
-0.082682 0.328872 -0.192350 76 0 153
-0.329815 0.577934 -0.224721 153 0 76
0.402121 -0.539419 -0.277474 153 76 0
0.328625 0.484788 -0.199954 76 0 153
-0.363510 0.512641 -0.188817 153 0 76
0.051019 0.087461 -0.168261 76 0 153
-0.012730 0.149442 -0.166844 76 0 153
0.387464 -0.624953 -0.284572 153 76 0
0.349378 0.347373 -0.165697 76 0 153
-0.396665 -0.709774 -0.227418 255 0 0
-0.301687 0.689368 -0.239464 153 0 76
0.178125 -0.043232 -0.151321 153 0 76
0.240876 -0.004905 -0.209702 76 0 153
0.341096 -0.164321 0.005025 255 0 0
-0.450950 -0.749382 -0.257833 127 127 0
-0.268841 0.126315 -0.190779 153 0 76
0.099537 -0.052893 -0.026163 153 0 76
-0.371356 -0.210182 -0.053893 76 153 0
-0.114749 0.206618 -0.161500 76 0 153
-0.333590 -0.179493 0.052164 153 0 76
-0.061500 -0.051760 0.045472 153 0 76
-0.211689 -0.117949 0.454143 153 0 76
0.366657 -0.018963 0.209184 153 0 76
0.318025 -0.019088 0.145994 153 0 76
-0.312270 0.096812 -0.160240 153 0 76
-0.249094 0.667350 -0.246699 153 76 0
0.014524 0.172264 -0.169860 76 0 153
0.162225 -0.034959 0.246909 153 0 76
0.357870 -0.743603 0.507291 153 76 0
0.364040 -0.728775 0.570665 153 76 0
0.315539 -0.198004 0.112345 76 0 153
0.305583 0.079999 -0.169744 76 0 153
0.366932 -0.175164 0.014834 255 0 0
0.253917 0.231375 -0.128873 76 0 153
-0.005105 0.418334 -0.220390 76 0 153
0.219353 0.283794 -0.151638 76 0 153
0.336860 -0.319016 0.294530 76 0 153
0.116607 0.389827 -0.204712 76 0 153
-0.258076 0.501796 -0.198543 153 0 76
-0.265650 0.331003 -0.147770 153 0 76
-0.037194 -0.056908 -0.051210 153 0 76
0.210084 -0.015959 -0.148954 76 0 153
-0.201771 0.156374 -0.131777 153 0 76
0.171063 -0.034282 0.381341 153 0 76
0.001237 -0.053647 0.022116 153 0 76
-0.118579 -0.168902 0.050216 255 0 0
0.315009 0.375021 -0.139303 76 0 153
0.331719 0.730673 -0.247374 76 0 153
0.298766 -0.114653 -0.015213 0 127 127
0.387170 -0.129721 0.013723 255 0 0
0.169894 0.175536 -0.141751 76 0 153
0.288212 -0.127443 0.017253 255 0 0
0.202855 0.118996 -0.134793 76 0 153
0.160200 0.075099 -0.149079 76 0 153
-0.138896 -0.042361 0.147272 153 0 76
-0.217543 -0.176946 0.039245 255 0 0
-0.234996 -0.177063 0.019977 255 0 0
0.129329 -0.051367 -0.065167 153 0 76
0.003738 -0.139701 0.449846 153 0 76
-0.311703 -0.102975 -0.130379 76 153 0
0.416201 -0.439340 -0.197114 153 76 0
-0.377055 -0.077555 0.107652 153 0 76
0.336073 -0.010841 0.264461 153 0 76
0.320926 -0.281632 0.241830 76 0 153
0.008792 0.713970 -0.285771 153 76 0
-0.376575 -0.068024 0.078774 153 0 76
0.232405 0.055210 -0.198599 76 0 153
0.031280 -0.054939 -0.013128 153 0 76
0.179541 0.233598 -0.151023 76 0 153
-0.411169 -0.610598 -0.262973 76 153 0
-0.384269 -0.391026 -0.189634 76 153 0
0.346870 -0.469815 0.421090 76 0 153
-0.403320 -0.636877 -0.278785 76 153 0
-0.306474 0.301410 -0.130194 153 0 76
-0.392711 -0.548323 -0.262238 76 153 0
0.150676 -0.045943 0.050694 153 0 76
0.262716 -0.106502 0.451288 153 0 76
0.224131 -0.097889 -0.128925 0 127 127
0.269954 0.040489 -0.132490 76 0 153
0.337935 -0.015658 -0.121603 153 0 76
0.343424 -0.350734 0.272873 76 0 153
0.332083 -0.260854 0.166405 76 0 153
0.386197 -0.701092 -0.221407 76 0 153
0.310763 -0.724651 0.497251 76 0 153
-0.355061 -0.133970 0.049312 255 0 0
0.208884 0.066842 -0.139163 76 0 153
0.317193 0.643178 -0.249351 76 0 153
0.381887 -0.360854 -0.137314 153 76 0
-0.455949 -0.738040 -0.276410 127 127 0
0.437978 -0.680601 -0.264766 204 51 127
-0.371609 -0.101604 0.418160 153 0 76
-0.361562 -0.343273 0.282858 153 0 76
0.042170 -0.110864 -0.184416 153 0 76
-0.094286 -0.016142 -0.170923 76 0 153
0.024092 -0.139823 0.434749 153 0 76
0.396538 -0.368410 -0.188585 153 76 0
-0.236323 -0.037098 -0.070140 153 0 76
0.315124 -0.338800 0.286996 76 0 153
-0.283957 0.464268 -0.174568 153 0 76
-0.251049 0.144433 -0.123711 153 0 76
0.396990 -0.607631 -0.265840 153 76 0
0.008848 0.143094 -0.167683 76 0 153
-0.211673 -0.041395 -0.070468 153 0 76
0.104728 0.275963 -0.177350 76 0 153
0.404943 -0.458565 -0.202723 153 76 0
0.152518 0.049478 -0.153392 76 0 153
0.268305 -0.138897 0.005174 255 0 0
-0.310934 -0.015981 0.262078 153 0 76
0.345959 -0.079050 0.445557 153 0 76
0.353128 -0.568171 0.475830 76 0 153
-0.111362 0.367632 -0.198672 76 0 153
0.258588 -0.026750 0.200009 153 0 76
0.051282 -0.055068 -0.021974 153 0 76
-0.363146 -0.498854 0.420144 153 0 76
-0.370537 -0.084932 -0.009895 153 0 76
0.363730 0.616130 -0.220038 76 0 153
-0.304399 0.307852 -0.174886 153 0 76
0.339303 -0.016570 -0.071802 153 0 76
-0.198701 0.733224 -0.283169 153 76 0
0.367664 -0.254886 -0.069253 153 76 0
-0.277463 -0.109748 -0.173418 76 153 0
0.257270 -0.028277 0.173677 153 0 76
0.094318 -0.174468 0.044649 255 0 0
-0.281348 0.272568 -0.180640 153 0 76
-0.107897 -0.051264 0.428944 153 0 76
0.221440 -0.164184 0.053798 255 0 0
0.087582 -0.036771 0.349542 153 0 76
-0.382229 -0.739541 0.547774 76 153 0
-0.385400 -0.414983 -0.190158 76 153 0
-0.419826 -0.500165 -0.217723 76 153 0
0.372754 -0.035404 0.166192 153 0 76
0.321346 -0.326878 0.257500 76 0 153
0.203867 0.691671 -0.257274 153 76 0
-0.215926 0.099226 -0.134825 153 0 76
0.224277 -0.030684 0.208836 153 0 76
0.291092 -0.022991 -0.143670 153 0 76
-0.360858 -0.651676 0.499377 153 0 76
0.376705 -0.035448 0.316614 153 0 76
0.127635 0.415247 -0.210779 76 0 153
-0.191086 -0.044141 0.035694 153 0 76
0.230062 0.701272 -0.255772 153 76 0
0.245313 -0.129183 -0.120812 0 127 127
-0.337844 -0.539520 0.423861 153 0 76
-0.291487 0.070286 -0.192280 153 0 76
0.334199 -0.610861 0.462772 76 0 153
0.355348 -0.390075 0.330086 76 0 153
-0.361370 0.720693 -0.255975 153 0 76
0.443847 -0.750877 -0.264024 204 51 127
0.396350 -0.725020 -0.219122 76 0 153
-0.160117 -0.036242 0.237050 153 0 76
0.193313 -0.039832 0.096539 153 0 76
0.337150 -0.013385 0.368266 153 0 76
0.380142 -0.299301 -0.124502 153 76 0
-0.296201 -0.028509 0.047256 153 0 76
0.237629 -0.135939 -0.086412 0 127 127
-0.293514 0.129820 -0.146696 153 0 76
0.360608 -0.223992 -0.052510 153 76 0
0.369015 -0.124638 0.027722 255 0 0
0.262968 0.645109 -0.232626 153 76 0
-0.280574 0.152923 -0.143483 153 0 76
0.225216 -0.035210 0.115063 153 0 76
-0.343727 -0.584224 0.491594 153 0 76
0.297688 0.027496 -0.163484 76 0 153
0.248443 -0.021937 0.348704 153 0 76
-0.048215 -0.048979 0.107685 153 0 76
-0.311252 0.430268 -0.200814 153 0 76
0.316819 0.530984 -0.179425 76 0 153
-0.178202 -0.045925 -0.068207 153 0 76
0.255510 0.161869 -0.120312 76 0 153
0.365533 -0.033253 0.049226 153 0 76
0.192043 0.339438 -0.172496 76 0 153
-0.179733 0.483290 -0.218499 76 0 153
0.341658 -0.025819 0.421013 153 0 76
0.255080 0.046157 -0.203964 76 0 153
0.336026 -0.723174 0.582182 153 0 76
0.324488 0.572985 -0.190982 76 0 153
0.330730 -0.018398 -0.019347 153 0 76
0.025021 -0.124424 0.030264 255 0 0
0.095104 0.319829 -0.189105 76 0 153
-0.111653 0.421779 -0.214083 76 0 153
0.293642 -0.022271 -0.103661 153 0 76
0.340101 -0.017047 0.388634 153 0 76
0.211631 -0.035619 0.138715 153 0 76
0.062278 -0.126840 0.019502 255 0 0
0.116954 -0.002709 -0.164813 76 0 153
0.306959 0.191589 -0.126201 76 0 153
-0.254375 -0.175850 0.043267 255 0 0
-0.066156 0.283391 -0.184637 76 0 153
0.376223 -0.080490 0.352828 153 0 76
0.016929 0.276550 -0.186414 76 0 153
-0.162192 -0.046906 0.018330 153 0 76
0.350827 -0.020576 -0.049470 153 0 76
-0.362589 -0.022749 -0.013633 153 0 76
0.137462 -0.040453 0.182406 153 0 76
-0.305955 -0.740429 0.562718 0 127 127
-0.210819 0.599766 -0.238730 76 0 153
0.305222 -0.028449 0.414207 153 0 76
0.372835 -0.690338 0.513978 153 76 0
0.315094 -0.354899 0.301553 76 0 153
-0.173725 -0.172697 0.046420 255 0 0
0.242552 0.645229 -0.237989 153 76 0
-0.378040 -0.706114 -0.240714 0 255 0
-0.016500 -0.056458 -0.034759 153 0 76
0.008495 -0.095226 -0.194107 153 0 76
-0.324748 0.691901 -0.234410 153 0 76
0.315648 0.266727 -0.141403 76 0 153
-0.257488 -0.021961 0.350275 153 0 76
-0.103529 -0.026714 -0.169989 76 0 153
0.317317 -0.561639 0.468131 76 0 153
0.107956 -0.130737 0.453330 153 0 76
0.344882 0.483726 -0.165584 76 0 153
-0.231995 -0.035035 -0.134711 153 0 76
-0.456349 -0.700424 -0.260668 127 127 0
-0.312120 0.016917 -0.181612 153 0 76
0.273573 -0.107440 -0.014628 76 0 153
-0.234931 0.587489 -0.231171 153 76 0
-0.394140 -0.570701 -0.262457 76 153 0
-0.091581 -0.161721 0.054458 255 0 0
0.124383 -0.163965 0.004930 255 0 0
0.273731 -0.011244 -0.166317 76 0 153
0.372106 -0.058249 0.149693 153 0 76
-0.320692 0.673985 -0.228745 153 0 76
0.348144 -0.543003 0.429208 76 0 153
0.043549 -0.044742 0.185115 153 0 76
-0.399808 -0.446122 -0.191180 76 153 0
-0.063387 0.460214 -0.230265 76 0 153
0.328249 -0.013461 0.235858 153 0 76
0.197935 -0.041052 -0.113485 153 0 76
0.369287 -0.069827 0.074371 153 0 76
-0.321500 -0.013783 0.355632 153 0 76
-0.232840 -0.036366 0.080505 153 0 76
0.301242 0.162303 -0.132877 76 0 153
-0.171878 0.587028 -0.244362 76 0 153
-0.058350 -0.056979 -0.073424 153 0 76
0.278795 0.055540 -0.157028 76 0 153
-0.356678 0.428643 -0.165887 153 0 76
0.025110 0.463035 -0.232753 76 0 153
-0.261278 -0.044928 -0.171133 153 0 76
-0.227004 -0.062898 0.450172 153 0 76
-0.413339 -0.301353 -0.121038 76 153 0
0.129718 0.347336 -0.190923 76 0 153
0.353307 -0.213463 0.137563 76 0 153
0.210041 -0.041070 -0.028062 153 0 76
0.025660 0.560654 -0.253309 76 0 153
-0.396848 -0.748174 -0.291301 0 255 0
0.381339 -0.675645 -0.248385 153 0 76
-0.110412 0.074821 -0.160426 76 0 153
0.088584 0.498878 -0.238515 76 0 153
-0.361968 -0.744650 0.561127 76 153 0
0.171171 0.056978 -0.148336 76 0 153
0.266701 -0.179079 0.031294 255 0 0
0.302906 -0.001640 -0.174162 76 0 153
0.325984 -0.599095 0.456534 76 0 153
-0.178108 0.183618 -0.141537 76 0 153
-0.371674 -0.032461 0.038620 153 0 76
-0.302136 -0.161714 0.043832 76 153 0
-0.204011 0.295665 -0.159127 76 0 153
0.120370 -0.054538 0.441464 153 0 76
-0.397013 -0.370418 -0.157476 76 153 0
0.245766 0.095077 -0.151528 76 0 153
-0.311029 0.338479 -0.134931 153 0 76
-0.321722 -0.751560 0.551054 0 127 127
0.355574 -0.335602 0.293671 76 0 153
-0.370870 -0.048128 -0.022879 153 0 76
-0.127936 -0.051049 -0.153756 153 0 76
0.411955 -0.602813 -0.259544 153 76 0
-0.274651 0.273761 -0.132105 153 0 76
-0.324423 -0.223402 0.131948 153 0 76
-0.344628 -0.018358 0.079909 153 0 76
-0.390184 -0.504575 -0.241467 76 153 0
-0.306827 -0.018194 0.377247 153 0 76
-0.102088 0.356812 -0.196748 76 0 153
-0.227668 0.487077 -0.207168 76 0 153
-0.303218 -0.705000 0.515437 0 127 127
0.296271 0.441144 -0.206960 76 0 153
0.196676 0.434846 -0.199674 76 0 153
0.370603 -0.736198 -0.290499 153 0 76
0.349286 -0.019594 -0.062716 153 0 76
0.300821 0.559813 -0.196921 76 0 153
-0.166079 -0.040152 0.152886 153 0 76
0.228567 0.225738 -0.134532 76 0 153
-0.304791 -0.123793 -0.110705 76 153 0
0.305368 0.622223 -0.215295 76 0 153
-0.336065 -0.520142 0.452632 153 0 76
0.093295 -0.015421 -0.170423 76 0 153
-0.267345 -0.027563 -0.133076 153 0 76
-0.357668 -0.212308 0.108665 153 0 76
0.075053 -0.037973 0.304918 153 0 76
0.267386 0.122478 -0.122594 76 0 153
0.078481 -0.073158 -0.189994 153 0 76
0.016153 -0.057628 -0.062144 153 0 76
-0.362654 -0.068707 -0.107551 153 0 76
0.204904 -0.035454 0.157873 153 0 76
0.396730 -0.334568 -0.114617 153 76 0
0.235573 -0.031944 0.156547 153 0 76
0.355130 -0.287818 0.233719 76 0 153
0.351397 -0.681083 0.507872 153 0 76
0.368320 -0.752970 0.546695 153 76 0
0.217687 -0.149098 0.002442 255 0 0
-0.328912 -0.441802 0.360403 153 0 76
0.371217 -0.070569 0.138748 153 0 76
-0.364023 -0.694453 0.506381 76 153 0
-0.346068 -0.438288 0.351844 153 0 76
-0.286411 -0.027392 -0.148248 153 0 76
0.285751 0.261071 -0.169979 76 0 153
-0.178024 -0.047581 -0.164973 153 0 76
-0.419427 -0.442473 -0.225872 76 153 0
-0.236768 -0.033664 0.401991 153 0 76
0.341722 -0.652574 0.520896 76 0 153
-0.213259 -0.041633 -0.021386 153 0 76
-0.308015 -0.025529 -0.007960 153 0 76
0.194253 -0.029731 0.294336 153 0 76
0.280895 0.033675 -0.160069 76 0 153
0.295356 0.715806 -0.280734 76 0 153
-0.269909 -0.115986 0.022583 153 0 76
0.393443 -0.350006 -0.174955 153 76 0
-0.400523 -0.696526 -0.307036 255 0 0
0.225209 -0.140968 0.015768 76 0 153
0.038783 -0.039065 0.297747 153 0 76
0.040150 -0.086544 0.461545 153 0 76
-0.430323 -0.512686 -0.234312 76 153 0
0.377161 -0.029738 0.341854 153 0 76
-0.384690 -0.137425 0.052769 255 0 0
0.225469 0.126990 -0.179552 76 0 153
0.376154 -0.039330 0.383252 153 0 76
-0.181266 0.660718 -0.256757 153 76 0
-0.428513 -0.543436 -0.257919 76 153 0
0.062218 0.657936 -0.265023 153 76 0
-0.351654 -0.410221 0.374047 153 0 76
-0.105225 -0.053914 -0.161546 153 0 76
0.359509 0.500330 -0.179089 76 0 153
0.299940 -0.100819 -0.174932 0 127 127
-0.296902 0.118788 -0.181634 153 0 76
-0.235489 0.129641 -0.192695 153 0 76
0.033912 -0.043953 0.204274 153 0 76
-0.298354 -0.138185 -0.077187 76 153 0
0.358222 0.584621 -0.200832 76 0 153
-0.283179 -0.035476 -0.159389 153 0 76
0.151320 0.539298 -0.238899 76 0 153
0.046072 -0.065681 0.452196 153 0 76
-0.336043 -0.017089 0.152909 153 0 76
-0.187244 -0.034562 0.224084 153 0 76
0.334123 -0.282930 0.194564 76 0 153
0.276311 -0.030017 -0.036878 153 0 76
0.143593 -0.012948 -0.160714 76 0 153
0.339241 0.592218 -0.220140 76 0 153
-0.366100 -0.045338 -0.093630 153 0 76
0.417823 -0.673360 -0.313944 153 76 0
-0.348107 -0.508421 0.401629 153 0 76
0.286457 -0.103161 -0.033401 0 127 127
0.021290 0.538425 -0.250323 76 0 153
0.005051 0.128213 -0.169194 76 0 153
0.304496 0.004430 -0.155329 76 0 153
-0.154260 0.103068 -0.148022 76 0 153
0.211202 0.379739 -0.179351 76 0 153
0.079302 -0.041899 0.226658 153 0 76
-0.217685 -0.026713 0.340672 153 0 76
0.315200 -0.381722 0.316580 76 0 153
0.225280 -0.115102 -0.046386 0 127 127
-0.148186 -0.035272 0.275233 153 0 76
0.176371 0.614534 -0.245000 153 76 0
0.336683 -0.216241 0.170138 76 0 153
0.356773 -0.561998 0.452649 76 0 153
-0.056363 -0.040176 0.372299 153 0 76
0.225812 0.149846 -0.184466 76 0 153
-0.379074 -0.063191 0.154271 153 0 76
-0.312954 -0.123408 -0.069060 76 153 0
0.180948 -0.029373 0.336200 153 0 76
0.305398 0.462835 -0.163856 76 0 153
-0.035513 0.408736 -0.217744 76 0 153
-0.154761 0.737341 -0.292128 153 76 0
-0.115658 -0.050428 0.008818 153 0 76
-0.333343 0.693048 -0.263528 153 0 76
0.071290 -0.167813 0.051305 255 0 0
-0.340502 -0.505436 0.445236 153 0 76
-0.393752 -0.252120 -0.100391 76 153 0
0.379322 -0.176737 0.040026 255 0 0
-0.275851 0.247533 -0.180339 153 0 76
-0.328398 -0.319084 0.244958 153 0 76
-0.243165 -0.128041 -0.116313 76 153 0
-0.030477 -0.046362 0.167596 153 0 76
0.390350 -0.232809 -0.032684 153 76 0
0.101661 -0.044842 0.147075 153 0 76
-0.056931 -0.158032 0.055446 255 0 0
0.167098 -0.038987 0.161649 153 0 76
-0.327635 -0.011537 0.337102 153 0 76
0.319747 -0.306711 0.234587 76 0 153
-0.321250 -0.699675 0.568157 0 127 127
0.214833 0.590434 -0.233043 153 76 0
-0.282263 -0.103465 0.450921 153 0 76
0.084291 0.549565 -0.248237 76 0 153
0.343382 0.603482 -0.209351 76 0 153
0.105621 -0.047206 0.092834 153 0 76
-0.301245 0.019184 -0.143802 153 0 76
-0.010557 -0.050910 0.080504 153 0 76
0.116983 -0.045956 0.415646 153 0 76
-0.360858 -0.008665 0.282873 153 0 76
0.378913 -0.435608 -0.208011 153 76 0
0.003678 -0.047767 0.138858 153 0 76
0.124041 -0.049076 0.026866 153 0 76
0.125097 0.247904 -0.167270 76 0 153
0.263298 -0.148730 -0.034846 0 127 127
-0.032760 -0.076877 -0.194725 153 0 76
0.235473 -0.176258 0.016975 255 0 0
0.340499 -0.433213 0.394200 76 0 153
-0.274477 -0.031847 -0.002140 153 0 76
-0.213044 0.523420 -0.221800 76 0 153
0.300273 -0.125454 -0.092539 0 127 127
0.094341 0.405746 -0.211886 76 0 153
0.295519 -0.114220 -0.157101 76 0 153
-0.109253 0.054976 -0.162259 76 0 153
-0.164726 0.165623 -0.142436 76 0 153
0.360887 -0.694454 0.495647 153 0 76
-0.236302 -0.025662 0.303073 153 0 76
0.158064 0.314106 -0.175195 76 0 153
0.359816 -0.056735 -0.082277 153 0 76
-0.290155 0.073249 -0.154565 153 0 76
-0.108193 0.193492 -0.160211 76 0 153
0.341474 0.467847 -0.175316 76 0 153
0.271433 -0.116506 0.439961 153 0 76
-0.363485 -0.606516 0.487241 153 0 76
-0.249373 -0.124456 -0.141614 153 0 76
-0.310212 -0.137572 -0.021778 76 153 0
0.350720 -0.708916 0.490797 153 0 76
-0.198996 -0.036962 0.159021 153 0 76
-0.248532 0.187987 -0.187209 153 0 76
-0.311136 -0.119565 -0.034711 76 153 0
-0.255105 0.283760 -0.165440 153 0 76
0.238871 0.125197 -0.127124 76 0 153
0.398539 -0.407146 -0.166420 153 76 0
-0.123835 -0.045469 0.102478 153 0 76
0.382723 -0.180855 -0.027447 153 76 0
-0.103560 0.022940 -0.165959 76 0 153
0.235261 -0.120532 0.027274 76 0 153
0.177600 0.454202 -0.210394 76 0 153
0.319803 -0.014172 0.253526 153 0 76
-0.181850 0.139083 -0.137755 76 0 153
0.243521 -0.133200 0.048543 255 0 0
-0.341594 -0.179134 0.027697 255 0 0
0.303263 0.578816 -0.231544 76 0 153
0.262099 0.090013 -0.152233 76 0 153
0.016038 -0.061491 -0.178183 153 0 76
0.326791 -0.508320 0.404703 76 0 153
-0.023808 -0.116934 0.464264 153 0 76
0.166185 -0.054409 -0.175879 153 0 76
0.186113 0.661211 -0.252392 153 76 0
-0.321942 -0.416753 0.363237 153 0 76
-0.181001 -0.044704 -0.121762 153 0 76
0.285471 0.163656 -0.118452 76 0 153
-0.308299 -0.067303 -0.197329 76 153 0
-0.338334 0.457695 -0.190377 153 0 76
0.188630 -0.036533 0.173194 153 0 76
-0.079911 -0.171027 0.048091 255 0 0
-0.348276 -0.567346 0.437978 153 0 76
-0.350411 0.608494 -0.215126 153 0 76
0.384400 -0.466449 -0.233332 153 76 0
0.263302 -0.083372 -0.121174 76 0 153
-0.397100 -0.358721 -0.165212 76 153 0
0.305204 0.026739 -0.179738 76 0 153
-0.310817 -0.131917 0.027998 76 153 0
-0.108291 -0.053109 -0.045428 153 0 76
-0.097447 -0.055414 0.438895 153 0 76
0.162162 -0.033733 0.270511 153 0 76
0.372801 -0.132740 0.010704 255 0 0
-0.259328 0.139495 -0.191086 153 0 76
-0.077086 -0.051616 0.425552 153 0 76
-0.061205 -0.045017 0.178678 153 0 76
0.268206 -0.170988 0.048130 0 127 127
-0.034487 -0.044295 0.401224 153 0 76
-0.037719 -0.125818 0.023316 255 0 0
-0.335450 -0.013939 0.226623 153 0 76
0.164544 0.133380 -0.142179 76 0 153
0.143773 -0.041146 0.158717 153 0 76
-0.002627 -0.057249 -0.048673 153 0 76
-0.322138 -0.022082 -0.014954 153 0 76
-0.299371 -0.127639 0.042266 153 0 76
-0.049416 -0.057988 0.441177 153 0 76
-0.230972 -0.137350 0.028309 76 153 0
0.099367 0.147891 -0.155830 76 0 153
0.172394 0.566061 -0.238452 76 0 153
0.334930 -0.042977 0.438559 153 0 76
-0.355630 -0.337655 0.267897 153 0 76
-0.320746 0.557816 -0.187419 153 0 76
0.081578 -0.053145 0.006326 153 0 76
0.052432 -0.177706 0.036414 255 0 0
-0.259303 0.725306 -0.261739 153 76 0
-0.456583 -0.709215 -0.273045 127 127 0
0.290037 0.076670 -0.187979 76 0 153
0.392241 -0.602413 -0.293296 153 76 0
0.229242 0.363043 -0.168077 76 0 153
0.061488 0.507547 -0.243454 76 0 153
0.369628 -0.318086 -0.129136 153 76 0
0.354157 -0.334153 0.279975 76 0 153
0.106409 -0.125033 0.026248 255 0 0
-0.043692 0.195673 -0.171619 76 0 153
-0.204366 -0.043732 0.426014 153 0 76
0.104861 -0.051560 0.005063 153 0 76
-0.273234 0.629521 -0.228535 76 0 153
-0.455932 -0.728388 -0.254305 127 127 0
-0.088368 -0.049649 0.063546 153 0 76
0.307188 -0.024753 0.014240 153 0 76
-0.342435 -0.063259 0.446347 153 0 76
-0.015162 -0.064824 -0.187391 153 0 76
-0.322348 -0.456822 0.396884 153 0 76
0.021900 0.524297 -0.248379 76 0 153
0.075624 -0.050093 0.068198 153 0 76
0.206604 -0.037607 0.110325 153 0 76
-0.031409 0.172811 -0.168224 76 0 153
0.327311 -0.361796 0.334418 76 0 153
-0.084828 0.602370 -0.255840 153 76 0
-0.078397 -0.138682 0.440161 153 0 76
-0.384101 -0.394942 -0.169670 76 153 0
0.356216 -0.023785 -0.011272 153 0 76
0.425005 -0.599715 -0.284637 153 76 0
0.109652 -0.026724 -0.168359 76 0 153
0.323826 -0.059550 -0.152166 153 0 76
-0.049225 -0.038645 0.312146 153 0 76
0.184043 -0.043093 -0.125108 153 0 76
0.007955 -0.118205 0.463926 153 0 76
-0.300077 -0.027844 0.063478 153 0 76
-0.358759 -0.019451 -0.096739 153 0 76
-0.352102 -0.016588 0.391712 153 0 76
-0.042688 -0.055497 -0.024183 153 0 76
-0.337812 0.298795 -0.155812 153 0 76
0.274799 0.131778 -0.146424 76 0 153
-0.125558 0.149697 -0.149633 76 0 153
0.321517 -0.444087 0.360847 76 0 153
0.216973 0.112198 -0.132619 76 0 153
-0.300630 -0.153467 -0.000961 76 153 0
-0.383148 -0.081107 0.359450 153 0 76
-0.284646 0.201621 -0.178991 153 0 76
-0.333710 -0.230801 0.187304 153 0 76
-0.361523 -0.218582 0.130038 153 0 76
0.173766 0.374816 -0.187713 76 0 153
-0.264282 -0.058361 -0.211651 153 0 76
-0.152491 -0.045676 0.057967 153 0 76
-0.055538 -0.057481 -0.095606 153 0 76
0.420807 -0.531592 -0.258478 153 76 0
-0.068248 -0.014022 -0.175070 76 0 153
0.323058 -0.020716 0.085440 153 0 76
0.315885 -0.178981 0.076811 76 0 153
0.017571 -0.059264 -0.142960 153 0 76
-0.438469 -0.749789 -0.289662 127 127 0
0.373560 -0.085394 0.364449 153 0 76
-0.385958 -0.308447 -0.100087 76 153 0
-0.393337 -0.334416 -0.163788 76 153 0
0.255798 -0.164625 0.036565 0 127 127
0.009573 -0.056266 -0.032847 153 0 76
0.051941 0.003333 -0.175088 76 0 153
0.259851 0.159874 -0.185655 76 0 153
-0.328066 0.533556 -0.176964 153 0 76
-0.303020 -0.715064 0.562389 0 127 127
0.110005 -0.099879 0.461242 153 0 76
0.389136 -0.739777 -0.232455 153 0 76
-0.169814 -0.031523 -0.157536 76 0 153
0.351196 -0.465061 0.381163 76 0 153
-0.239833 -0.133880 -0.075885 153 0 76
-0.290454 -0.023970 -0.168087 76 153 0
-0.357320 -0.078336 -0.086471 153 0 76
-0.231797 0.074467 -0.177759 153 0 76
0.328214 -0.569134 0.484090 76 0 153
0.070395 0.339814 -0.196622 76 0 153
-0.348629 -0.054789 -0.142219 153 0 76
-0.012392 -0.129779 0.045121 255 0 0
-0.249502 0.189987 -0.123571 153 0 76
-0.359978 -0.314354 0.275527 153 0 76
-0.070067 0.700058 -0.277831 153 76 0
0.135462 -0.137332 0.006110 255 0 0
-0.232621 -0.032267 -0.188505 76 153 0
-0.075563 0.298823 -0.186534 76 0 153
-0.263032 0.664502 -0.241468 153 76 0
0.036796 0.177621 -0.168977 76 0 153
-0.305427 -0.024368 0.117742 153 0 76
0.340725 -0.008449 0.337840 153 0 76
0.238251 -0.123763 -0.144223 76 0 153
0.092452 -0.054953 -0.138443 153 0 76
0.388079 -0.529123 -0.237603 153 76 0
0.375642 -0.027074 0.290625 153 0 76
0.323221 -0.644051 0.515693 76 0 153
0.102523 -0.049131 0.424278 153 0 76
-0.452506 -0.741364 -0.232885 127 127 0
-0.267434 0.072605 -0.154654 153 0 76
0.013445 -0.043185 0.227224 153 0 76
-0.306010 -0.150404 0.013591 153 0 76
-0.326817 -0.507210 0.410480 153 0 76
0.363401 -0.134540 0.049883 255 0 0
0.313642 0.693356 -0.236329 76 0 153
-0.363648 -0.545706 0.446807 153 0 76
0.354567 -0.716026 0.572691 153 76 0
0.412658 -0.407647 -0.175889 153 76 0
-0.143220 0.456992 -0.220403 76 0 153
0.365141 -0.038609 0.013764 153 0 76
0.344781 -0.014694 0.108607 153 0 76
0.389169 -0.709147 -0.301307 153 0 76
0.075415 -0.049182 0.421105 153 0 76
0.350184 -0.217621 0.115297 76 0 153
0.361872 0.599093 -0.211726 76 0 153
0.042545 -0.046012 0.160728 153 0 76
0.289172 0.522435 -0.208241 76 0 153
-0.157531 -0.047510 -0.135918 153 0 76
0.203059 -0.061043 -0.174570 153 0 76
-0.283617 -0.021114 0.374305 153 0 76
-0.367404 0.678141 -0.255980 153 0 76
-0.145450 0.120737 -0.148154 76 0 153
0.182279 -0.036380 0.186606 153 0 76
-0.210319 -0.040124 0.066302 153 0 76
0.373204 -0.026789 0.233563 153 0 76
-0.286002 0.263786 -0.126954 153 0 76
0.246854 0.284273 -0.171313 76 0 153
0.134448 0.092797 -0.152887 76 0 153
-0.353972 -0.018627 -0.004252 153 0 76
-0.241580 0.066218 -0.157111 153 0 76
0.353625 -0.180650 0.075047 76 0 153
-0.217371 -0.041310 -0.045487 153 0 76
-0.337220 0.668291 -0.222834 153 0 76
0.193431 0.159918 -0.135512 76 0 153
-0.117792 -0.137734 0.431947 153 0 76
-0.328081 -0.256310 0.214160 153 0 76
0.265826 0.156947 -0.142923 76 0 153
-0.329088 -0.252985 0.164744 153 0 76
0.234502 0.110818 -0.195317 76 0 153
0.252924 0.482914 -0.194404 76 0 153
-0.361347 -0.327795 0.285109 153 0 76
0.290772 -0.083911 -0.120507 0 127 127
0.322692 0.314260 -0.151662 76 0 153
0.344063 0.406009 -0.155585 76 0 153
0.387260 -0.406010 -0.206641 153 76 0
0.382807 -0.702344 -0.310742 76 0 153
0.239920 -0.153046 0.002004 76 0 153
0.247258 -0.080955 0.453684 153 0 76
-0.382597 -0.039028 0.258426 153 0 76
0.283193 -0.053727 -0.160939 153 0 76
-0.190408 -0.139136 0.053676 255 0 0
0.297597 0.424838 -0.202787 76 0 153
0.146481 0.697737 -0.269740 153 76 0
-0.310843 0.469523 -0.164155 153 0 76
0.072813 -0.047260 0.124573 153 0 76
0.002106 0.026669 -0.177433 76 0 153
0.144862 -0.063217 0.450169 153 0 76
-0.316840 0.211249 -0.154413 153 0 76
-0.254860 -0.030875 0.133924 153 0 76
-0.399263 -0.205993 -0.044555 76 153 0
-0.392003 -0.527997 -0.249103 76 153 0
0.213677 -0.038897 -0.095728 153 0 76
-0.323181 -0.020694 -0.041215 153 0 76
-0.350339 0.571033 -0.208957 153 0 76
0.402045 -0.560075 -0.284864 153 76 0
-0.185375 -0.039195 0.407045 153 0 76
-0.188679 0.389943 -0.188664 76 0 153
0.317108 -0.162200 0.047988 76 0 153
0.403980 -0.495215 -0.215003 153 76 0
0.211076 0.721781 -0.267127 153 76 0
0.225096 0.064537 -0.174804 76 0 153
-0.331142 -0.308428 0.279080 153 0 76
0.238057 -0.030241 0.183399 153 0 76
0.241579 0.243445 -0.134264 76 0 153
-0.005648 0.000573 -0.179356 76 0 153
-0.056877 0.330712 -0.196455 76 0 153
-0.309868 0.574423 -0.197046 153 0 76
-0.339301 -0.019133 0.011375 153 0 76
0.147468 -0.075038 -0.184060 153 0 76
-0.363091 -0.580292 0.473735 153 0 76
-0.266091 -0.150492 -0.027045 76 153 0
0.174043 0.591272 -0.241948 153 76 0
-0.255691 -0.031676 -0.107437 153 0 76
-0.141651 -0.170491 0.010159 255 0 0
0.300515 -0.127079 0.032960 76 0 153
0.306766 -0.675084 0.554699 76 0 153
-0.414021 -0.337727 -0.153065 76 153 0
-0.183897 0.033824 -0.148632 76 0 153
0.028714 -0.038334 0.315942 153 0 76
-0.207070 0.049626 -0.141567 153 0 76
-0.250539 -0.037842 0.418857 153 0 76
-0.282008 0.387905 -0.178439 153 0 76
-0.291069 0.532790 -0.192816 153 0 76
-0.003367 0.286230 -0.188493 76 0 153
-0.218192 -0.028062 0.296379 153 0 76
-0.313126 0.147320 -0.160539 153 0 76
-0.361221 -0.396625 0.348480 153 0 76
0.128764 0.636109 -0.256115 153 76 0
0.353582 -0.228477 0.163073 76 0 153
-0.243553 -0.113958 -0.163612 76 153 0
0.265014 -0.027688 0.161643 153 0 76
0.253514 0.406598 -0.170054 76 0 153
0.028351 0.655805 -0.265907 153 76 0
0.325283 -0.269542 0.234229 76 0 153
-0.222458 0.362644 -0.171965 76 0 153
0.305087 -0.118180 -0.066794 0 127 127
-0.269325 0.224379 -0.124674 153 0 76
0.419837 -0.459670 -0.214507 153 76 0
-0.437725 -0.753464 -0.274995 127 127 0
-0.375749 -0.057549 0.425810 153 0 76
-0.339034 0.731107 -0.247173 153 0 76
0.442871 -0.754340 -0.278112 204 51 127
-0.287488 -0.029788 0.020009 153 0 76
0.039127 -0.037718 0.323905 153 0 76
-0.333543 0.536628 -0.214099 153 0 76
-0.417742 -0.371127 -0.175205 76 153 0
0.081994 -0.040723 0.248563 153 0 76
-0.362683 -0.429580 0.364116 153 0 76
-0.356845 -0.467677 0.380570 153 0 76
-0.297734 0.578839 -0.230331 153 0 76
-0.340516 -0.008655 0.322074 153 0 76
-0.219163 -0.137671 0.053014 255 0 0
0.104286 0.720196 -0.283634 153 76 0
0.038790 -0.175974 0.015917 255 0 0
-0.174370 0.084197 -0.145404 76 0 153
-0.329996 -0.610242 0.499777 153 0 76
-0.060921 0.725199 -0.292124 153 76 0
0.085645 0.419969 -0.217000 76 0 153
0.063953 0.072733 -0.168415 76 0 153
-0.354627 -0.045640 0.436920 153 0 76
-0.414927 -0.405135 -0.205472 76 153 0
-0.237177 -0.132463 0.052260 76 153 0
0.307276 -0.021838 0.126954 153 0 76
-0.022912 0.743792 -0.319258 153 76 0
0.229005 -0.037693 -0.002228 153 0 76
0.396510 -0.694939 -0.225618 76 0 153
0.225777 -0.112029 -0.126363 0 127 127
0.144701 0.033192 -0.156337 76 0 153
0.266357 -0.093922 -0.074487 0 127 127
0.245390 0.076924 -0.200038 76 0 153
-0.230520 -0.126539 0.038161 255 0 0
0.213207 -0.033998 0.167803 153 0 76
-0.391247 -0.310098 -0.137818 76 153 0
0.389938 -0.163204 0.054060 255 0 0
-0.085212 -0.045274 0.158073 153 0 76
-0.156376 0.352599 -0.186284 76 0 153
0.281367 -0.144693 0.055164 255 0 0
0.309390 0.700402 -0.271848 76 0 153
0.047496 0.031043 -0.173177 76 0 153
-0.116372 -0.094881 0.461648 153 0 76
-0.382096 -0.066868 0.260560 153 0 76
0.117736 0.451771 -0.222473 76 0 153
0.437952 -0.692898 -0.304631 204 51 127
-0.359934 -0.378314 0.336108 153 0 76
0.429830 -0.734114 -0.298719 204 51 127
0.325828 0.670489 -0.254795 76 0 153
0.059300 -0.044401 0.185626 153 0 76
-0.343925 -0.196213 0.071716 153 0 76
-0.179811 -0.032595 0.273754 153 0 76
-0.310390 0.548583 -0.189130 153 0 76
0.206459 -0.028790 0.289032 153 0 76
0.393308 -0.446300 -0.191009 153 76 0
0.296928 0.688494 -0.269068 76 0 153
0.110639 -0.048244 0.064070 153 0 76
-0.243545 0.072221 -0.133808 153 0 76
0.067220 -0.147178 0.055830 255 0 0
0.225715 0.405184 -0.183073 76 0 153
0.279344 0.491343 -0.184266 76 0 153
0.370627 -0.080930 0.422572 153 0 76
-0.151872 0.056000 -0.153650 76 0 153
0.239035 0.438788 -0.187217 76 0 153
0.078342 -0.041911 0.396000 153 0 76
-0.317407 -0.680774 0.527616 0 127 127
0.224417 -0.140494 0.032302 0 127 127
-0.378421 -0.723192 -0.233116 0 255 0
0.030868 0.587810 -0.256893 153 76 0
-0.356901 -0.018738 0.055459 153 0 76
0.232661 0.153055 -0.125617 76 0 153
0.208879 0.198349 -0.134832 76 0 153
0.264553 -0.064840 -0.208968 0 127 127
0.126453 -0.042485 0.157826 153 0 76
0.304555 -0.112422 -0.078362 0 127 127
0.288206 -0.123092 -0.148704 0 127 127
-0.200582 0.078587 -0.139945 153 0 76
-0.114144 -0.037805 0.278487 153 0 76
-0.279373 0.385068 -0.196622 153 0 76
-0.335083 -0.465723 0.419428 153 0 76
0.336264 -0.096693 0.442602 153 0 76
-0.135235 -0.085768 0.461457 153 0 76
-0.044176 0.218951 -0.175303 76 0 153
-0.061917 0.546203 -0.250031 76 0 153
-0.210925 -0.154620 0.056361 255 0 0
-0.231795 0.122673 -0.155588 153 0 76
0.306737 0.286186 -0.128085 76 0 153
-0.278672 0.314129 -0.188053 153 0 76
-0.234368 0.275432 -0.144976 153 0 76
-0.082422 -0.042466 0.215259 153 0 76
0.307120 -0.024943 0.053033 153 0 76
0.300319 -0.014691 0.349842 153 0 76
0.151395 0.289672 -0.170936 76 0 153
-0.359367 -0.295973 0.254757 153 0 76
0.283499 0.154861 -0.180003 76 0 153
0.389658 -0.369945 -0.155344 153 76 0
0.256893 -0.104582 -0.027757 0 127 127
0.156767 -0.032903 0.295323 153 0 76
0.367123 -0.084039 0.024442 153 0 76
0.278703 -0.178984 0.027139 255 0 0
-0.176259 -0.170255 0.009923 255 0 0
-0.104525 0.537414 -0.244865 76 0 153
-0.287310 0.507515 -0.186228 153 0 76
0.338992 0.427717 -0.163825 76 0 153
-0.257574 0.303699 -0.175342 153 0 76
0.073008 -0.057096 -0.154605 153 0 76
-0.201947 -0.033627 0.217510 153 0 76
0.290721 0.218149 -0.169303 76 0 153
-0.328290 0.439902 -0.152949 153 0 76
-0.406209 -0.405337 -0.195772 76 153 0
0.128768 0.277748 -0.173949 76 0 153
-0.275140 0.083758 -0.196280 153 0 76
0.000355 -0.051499 0.422578 153 0 76
-0.387931 -0.326476 -0.155577 76 153 0
-0.218195 -0.038954 -0.114966 153 0 76
0.340508 -0.701247 0.577013 153 0 76
0.141980 -0.110186 0.461048 153 0 76
0.449207 -0.726842 -0.263696 204 51 127
0.358648 -0.089697 0.099878 153 0 76
-0.231403 0.301533 -0.152614 153 0 76
0.008483 0.599534 -0.258504 153 76 0
-0.351815 -0.008780 0.343454 153 0 76
0.216823 -0.026634 -0.149240 76 0 153
0.339347 -0.401738 0.368029 76 0 153
-0.229235 -0.171268 0.047849 255 0 0
0.118386 -0.040216 0.216328 153 0 76
-0.330757 0.627460 -0.239772 153 0 76
0.224011 0.161007 -0.149811 76 0 153
0.258432 -0.112706 0.008003 0 127 127
-0.175140 -0.045627 0.017215 153 0 76
-0.142279 -0.071178 -0.184474 153 0 76
0.254349 -0.093909 -0.192239 0 127 127
0.362902 -0.021827 0.120038 153 0 76
-0.302911 -0.722498 0.517937 0 127 127
-0.413973 -0.381283 -0.187860 76 153 0
-0.333590 -0.675016 0.514862 127 0 127
-0.033608 -0.040832 0.372217 153 0 76
0.343507 0.641819 -0.222280 76 0 153
0.359805 -0.087948 0.124936 153 0 76
-0.088957 0.198543 -0.164253 76 0 153
0.265437 -0.028765 0.137806 153 0 76
0.307764 -0.015064 0.276502 153 0 76
0.037474 0.415319 -0.219604 76 0 153
0.017942 0.124844 -0.168294 76 0 153
0.122577 -0.125960 0.022788 255 0 0
-0.315042 -0.024594 0.016433 153 0 76
-0.325570 -0.016835 0.201090 153 0 76
0.250767 -0.025452 0.244661 153 0 76
-0.259043 0.615153 -0.229804 153 76 0
0.350714 -0.358469 0.286613 76 0 153
0.206952 0.134435 -0.132302 76 0 153
0.193832 -0.042270 0.045998 153 0 76
-0.204231 0.623291 -0.244058 153 76 0
0.358813 0.481780 -0.177833 76 0 153
0.356323 0.666336 -0.229453 76 0 153
-0.307736 0.061698 -0.159922 153 0 76
0.318661 -0.514250 0.417794 76 0 153
0.107800 -0.070153 0.456081 153 0 76
-0.027283 0.224353 -0.176278 76 0 153
-0.312869 -0.037451 0.430814 153 0 76
-0.231062 0.127829 -0.174881 153 0 76
-0.015446 -0.020960 -0.180214 76 0 153
0.326905 -0.137456 0.005987 255 0 0
0.188185 0.027768 -0.147338 76 0 153
0.295737 -0.739200 0.538343 76 0 153
-0.382067 -0.709390 0.555862 76 153 0
0.086572 0.745110 -0.318093 153 76 0
0.137355 -0.049815 -0.079692 153 0 76
-0.259047 -0.167911 0.007579 255 0 0
0.371619 -0.693733 -0.238988 153 0 76
-0.363724 -0.049963 -0.124229 153 0 76
0.283059 -0.040808 0.432828 153 0 76
0.185029 0.259963 -0.155656 76 0 153
0.084624 0.359435 -0.199634 76 0 153
-0.313018 0.121959 -0.162952 153 0 76
0.131561 -0.033776 0.345249 153 0 76
0.296406 0.364245 -0.190168 76 0 153
-0.322354 -0.297687 0.245860 153 0 76
-0.378428 -0.294315 -0.124153 76 153 0
0.305168 -0.015989 0.362125 153 0 76
0.038254 0.327773 -0.197365 76 0 153
-0.378243 -0.066290 0.131021 153 0 76
0.321390 0.246969 -0.136686 76 0 153
-0.234182 -0.142595 -0.012442 76 153 0
0.399382 -0.335009 -0.160136 153 76 0
-0.050216 -0.147198 0.002950 255 0 0
0.144189 -0.035583 0.264671 153 0 76
-0.139435 0.167274 -0.149148 76 0 153
-0.337622 0.329986 -0.145991 153 0 76
0.408081 -0.319811 -0.128714 153 76 0
-0.339323 -0.183840 0.120709 153 0 76
0.403506 -0.640478 -0.274359 153 76 0
0.158841 0.216648 -0.152167 76 0 153
0.325325 -0.639049 0.477461 76 0 153
-0.197659 -0.132339 0.011105 255 0 0
-0.040631 0.666451 -0.269623 153 76 0
-0.034215 -0.050517 0.081009 153 0 76
0.105653 -0.052924 0.439913 153 0 76
0.332937 -0.019371 0.022070 153 0 76
0.047525 -0.050510 0.070282 153 0 76
0.045000 -0.058184 -0.146332 153 0 76
-0.230669 0.162447 -0.155179 153 0 76
-0.332517 -0.217519 0.109881 153 0 76
-0.286192 -0.025038 -0.213232 153 0 76
-0.431489 -0.587198 -0.265029 76 153 0
0.351778 -0.293402 0.218374 76 0 153
0.053848 0.179154 -0.166893 76 0 153
0.093859 0.349068 -0.195607 76 0 153
0.127449 0.743251 -0.306353 153 76 0
-0.309449 0.033086 -0.167089 153 0 76
0.389048 -0.264036 -0.059812 153 76 0
-0.175042 -0.083285 -0.179150 153 0 76
0.283146 0.326557 -0.188236 76 0 153
-0.247566 -0.032267 -0.125691 153 0 76
-0.034323 0.448181 -0.228674 76 0 153
0.290907 0.513244 -0.185832 76 0 153
-0.150142 -0.162849 0.004630 255 0 0
0.354088 -0.231828 0.148297 76 0 153
-0.220871 -0.000819 -0.144957 153 0 76
0.289540 0.245666 -0.123112 76 0 153
-0.368941 -0.252004 -0.063657 76 153 0
-0.230737 0.561748 -0.226491 76 0 153
0.319348 -0.228806 0.139929 76 0 153
0.017191 0.672990 -0.271365 153 76 0
-0.365796 -0.205116 -0.031721 76 153 0
0.319309 -0.548171 0.435119 76 0 153
0.272449 -0.125403 0.024867 255 0 0
-0.311551 -0.024920 0.088490 153 0 76
-0.229650 0.462611 -0.199361 76 0 153
0.240848 -0.086127 -0.109449 0 127 127
-0.231178 0.674315 -0.253154 153 76 0
-0.107346 -0.044144 0.153651 153 0 76
0.135490 -0.044931 0.094258 153 0 76
-0.223163 0.512100 -0.215796 76 0 153
-0.374556 -0.015707 0.261011 153 0 76
0.413049 -0.520755 -0.226593 153 76 0
0.368502 -0.017972 0.248750 153 0 76
-0.040051 0.579605 -0.255698 76 0 153
0.003572 -0.042815 0.237865 153 0 76
-0.128658 -0.053476 -0.173286 153 0 76
0.368210 -0.098301 0.404532 153 0 76
-0.236927 -0.084362 0.454426 153 0 76
0.208225 0.740966 -0.285090 153 76 0
0.282455 0.467084 -0.175109 76 0 153
0.411326 -0.647684 -0.316969 153 76 0
-0.027518 0.078426 -0.171294 76 0 153
-0.182821 0.530068 -0.231236 76 0 153
-0.265046 0.337397 -0.180813 153 0 76
0.287905 -0.109584 -0.004984 0 127 127
-0.348352 -0.536423 0.465829 153 0 76
0.282362 0.424363 -0.162955 76 0 153
0.327182 0.763501 -0.286509 76 0 153
-0.413373 -0.464357 -0.242895 76 153 0
-0.294243 0.050115 -0.135431 153 0 76
-0.073664 0.081412 -0.166659 76 0 153
-0.194711 -0.043563 -0.003282 153 0 76
-0.380842 -0.371777 -0.171802 76 153 0
-0.145957 -0.043391 0.115549 153 0 76
-0.053854 -0.043695 0.209524 153 0 76
0.217321 -0.036375 -0.139042 153 0 76
-0.384281 -0.039400 0.372376 153 0 76
0.302538 -0.137922 -0.023996 76 0 153
0.126679 0.518697 -0.239502 76 0 153
-0.149975 0.686310 -0.269456 153 76 0
0.303973 0.069051 -0.179233 76 0 153
0.449581 -0.712618 -0.273192 204 51 127
0.355614 -0.257160 0.185251 76 0 153
-0.327997 0.593164 -0.197369 153 0 76
-0.086680 0.233171 -0.170693 76 0 153
0.066895 -0.053243 0.009590 153 0 76
0.312916 -0.021926 -0.033562 153 0 76
-0.234182 0.403997 -0.179918 76 0 153
0.343623 0.666882 -0.235929 76 0 153
-0.307543 -0.028492 0.411842 153 0 76
0.326651 0.526561 -0.211826 76 0 153
0.239309 -0.037125 0.417816 153 0 76
0.283344 0.479671 -0.204674 76 0 153
-0.208074 -0.035682 0.168317 153 0 76
0.345697 -0.150386 0.061840 76 0 153
-0.383162 -0.072153 0.327290 153 0 76
0.363135 -0.020040 0.147282 153 0 76
0.340544 0.570818 -0.188407 76 0 153
-0.177513 -0.131461 0.046804 255 0 0
-0.379084 -0.074636 0.171221 153 0 76
0.242516 0.513340 -0.209104 76 0 153
-0.139468 0.138522 -0.147620 76 0 153
0.120418 0.540941 -0.243363 76 0 153
0.176938 0.281746 -0.162515 76 0 153
0.284501 0.268859 -0.127506 76 0 153
-0.366328 0.607113 -0.232737 153 0 76
-0.039666 0.141850 -0.164903 76 0 153
-0.322771 -0.614973 0.478909 153 0 76
0.301107 -0.150635 0.026060 0 127 127
0.299486 0.128935 -0.174333 76 0 153
0.289319 0.235173 -0.168963 76 0 153
0.360495 -0.038088 -0.069222 153 0 76
0.315523 -0.534547 0.431226 76 0 153
-0.034960 -0.155829 0.002749 255 0 0
0.162172 -0.130232 0.427619 153 0 76
-0.345938 -0.621804 0.510637 153 0 76
-0.406730 -0.727488 -0.218979 255 0 0
0.163502 -0.042428 0.101620 153 0 76
0.064991 -0.056938 -0.110238 153 0 76
-0.074987 -0.052452 0.022865 153 0 76
-0.314282 -0.067151 0.448345 153 0 76
-0.295495 -0.016363 0.301772 153 0 76
-0.365175 -0.750040 0.511360 76 153 0
0.282216 0.576505 -0.209310 76 0 153
-0.361530 -0.639703 0.505942 153 0 76
-0.264586 -0.005677 -0.211040 153 0 76
0.139973 -0.036835 0.383800 153 0 76
-0.280152 0.003929 -0.135730 153 0 76
0.355462 -0.023558 0.047738 153 0 76
-0.408514 -0.359187 -0.133346 76 153 0
0.400327 -0.683496 -0.280788 76 0 153
-0.245215 0.239810 -0.164072 153 0 76
0.317071 0.709548 -0.241807 76 0 153
-0.030524 -0.043861 0.218911 153 0 76
-0.276646 0.482508 -0.183578 153 0 76
0.349813 -0.285897 0.247604 76 0 153
0.363703 -0.019420 0.161701 153 0 76
0.379367 -0.428830 -0.196915 153 76 0
0.073755 -0.176340 0.017281 255 0 0
-0.243274 -0.163134 0.042508 76 153 0
0.243436 0.205995 -0.187257 76 0 153
-0.394719 -0.708827 -0.301393 0 255 0
0.133066 0.394512 -0.204162 76 0 153
0.293735 0.460988 -0.167735 76 0 153
-0.125719 -0.039243 0.231803 153 0 76
-0.206714 0.401555 -0.187294 76 0 153
0.335029 0.424932 -0.149564 76 0 153
0.047143 -0.039478 0.286437 153 0 76
-0.145167 0.474653 -0.225073 76 0 153
0.154063 -0.048048 -0.096962 153 0 76
-0.078020 -0.042596 0.400560 153 0 76
-0.366533 -0.075194 -0.065925 153 0 76
0.030047 -0.136982 0.452785 153 0 76
0.189062 -0.045839 -0.162073 153 0 76
-0.059821 -0.177466 0.037308 255 0 0
0.290879 0.174483 -0.173061 76 0 153
-0.322056 -0.213245 0.119943 153 0 76
0.101890 -0.154183 0.056478 255 0 0
0.235179 0.096207 -0.131033 76 0 153
-0.272293 0.458631 -0.178237 153 0 76
-0.302626 0.102973 -0.150430 153 0 76
-0.321869 -0.437803 0.378632 153 0 76
-0.337792 -0.202613 0.149635 153 0 76
0.314075 -0.491247 0.410285 76 0 153
-0.400940 -0.387928 -0.172234 76 153 0
-0.164360 0.434804 -0.208284 76 0 153
0.346954 0.455237 -0.160460 76 0 153
-0.072910 -0.075553 0.457101 153 0 76
0.137273 0.465575 -0.224183 76 0 153
-0.197911 -0.058823 0.448221 153 0 76
-0.296410 0.516836 -0.206142 153 0 76
-0.412103 -0.286030 -0.103346 76 153 0
0.377526 -0.160973 -0.008626 153 76 0
0.172878 -0.160624 0.004034 255 0 0
-0.061698 0.206417 -0.170243 76 0 153
-0.281637 0.100947 -0.191656 153 0 76
-0.280509 -0.123207 0.054703 76 153 0
-0.292920 -0.123638 0.057042 76 153 0
0.374668 -0.056860 0.417521 153 0 76
-0.087351 0.643041 -0.262239 153 76 0
-0.096062 0.742232 -0.309751 153 76 0
0.381564 -0.186877 0.013612 153 76 0
-0.410216 -0.272705 -0.105807 76 153 0
0.394102 -0.199470 -0.030927 153 76 0
0.397513 -0.260747 -0.099660 153 76 0
-0.298724 0.315601 -0.132684 153 0 76
-0.310159 -0.102058 -0.090544 76 153 0
-0.357137 -0.527238 0.423600 153 0 76
0.343191 0.504466 -0.169198 76 0 153
0.236890 0.028326 -0.203753 76 0 153
-0.343508 0.506529 -0.173618 153 0 76
-0.362123 -0.013265 0.191231 153 0 76
0.356173 -0.693154 0.507180 153 76 0
0.114368 0.062932 -0.159372 76 0 153
-0.050684 -0.058068 -0.133680 153 0 76
-0.409238 -0.147472 0.002877 255 0 0
-0.105904 0.507600 -0.239446 76 0 153
-0.366626 -0.087898 0.126365 153 0 76
-0.399525 -0.273482 -0.116083 76 153 0
-0.164453 0.647182 -0.256098 153 76 0
0.437450 -0.726776 -0.219020 76 0 153
-0.312345 0.664626 -0.227407 153 0 76
0.277990 -0.017614 0.345466 153 0 76
-0.383574 -0.081936 0.393850 153 0 76
0.282300 -0.021547 0.229623 153 0 76
0.416771 -0.672172 -0.258687 76 0 153
-0.071239 -0.039095 0.289019 153 0 76
-0.180933 -0.037945 0.170249 153 0 76
0.007929 -0.040874 0.382598 153 0 76
-0.014559 0.508208 -0.245288 76 0 153
0.240370 -0.120797 0.042911 0 127 127
-0.220118 -0.126285 0.438522 153 0 76
-0.270630 0.168375 -0.117381 153 0 76
0.304451 -0.682149 0.523162 76 0 153
-0.313508 0.173288 -0.155276 153 0 76
0.114804 -0.053687 -0.172753 153 0 76
0.377162 -0.068688 0.381402 153 0 76
0.042771 -0.056077 -0.039474 153 0 76
-0.017156 0.573958 -0.255032 76 0 153
-0.357013 -0.198549 0.082382 153 0 76
-0.127286 0.039049 -0.160056 76 0 153
-0.215599 -0.028518 0.362833 153 0 76
-0.110324 -0.002249 -0.166690 76 0 153
-0.307641 -0.021784 -0.087266 153 0 76
-0.159564 -0.047638 -0.119917 153 0 76
-0.180206 -0.121788 0.454565 153 0 76
-0.269031 -0.046367 0.438905 153 0 76
0.420872 -0.557370 -0.273866 153 76 0
-0.014455 -0.049793 0.102759 153 0 76
0.248710 -0.128236 0.015208 255 0 0
-0.243660 0.745914 -0.279209 153 76 0
-0.382116 -0.722121 0.535296 76 153 0
-0.307453 0.068634 -0.147812 153 0 76
0.354714 -0.654446 0.503404 76 0 153
-0.024889 -0.039125 0.318083 153 0 76
-0.380867 -0.066689 0.219241 153 0 76
0.014693 0.327962 -0.197431 76 0 153
0.374568 -0.052319 0.221621 153 0 76
-0.381290 -0.046687 0.204394 153 0 76
-0.197773 -0.028354 0.346869 153 0 76
-0.368796 -0.163953 0.004926 255 0 0
-0.342635 0.608536 -0.200211 153 0 76
-0.242360 -0.127613 0.042167 255 0 0
-0.299997 -0.093471 -0.192741 76 153 0
0.394727 -0.642885 -0.306826 153 76 0
-0.349451 0.547898 -0.205301 153 0 76
-0.237327 0.431198 -0.186549 76 0 153
0.049989 -0.127124 0.018444 255 0 0
0.377062 -0.396450 -0.174236 153 76 0
0.375660 -0.022313 0.319019 153 0 76
-0.168732 -0.045842 -0.142247 153 0 76
0.359569 -0.014335 0.376341 153 0 76
0.052681 -0.099986 0.462881 153 0 76
0.223733 -0.034094 0.141121 153 0 76
-0.328149 0.547377 -0.218732 153 0 76
0.345041 0.387230 -0.157712 76 0 153
0.377320 -0.404349 -0.185322 153 76 0
0.042750 -0.056492 -0.056161 153 0 76
-0.219382 -0.141161 0.004568 255 0 0
-0.300755 -0.150797 0.056800 255 0 0
0.326839 -0.033236 -0.152853 153 0 76
0.314887 -0.017637 0.194150 153 0 76
0.002929 -0.060072 -0.160319 153 0 76
0.126075 -0.066425 -0.184196 153 0 76
-0.188175 -0.042674 0.068389 153 0 76
-0.240776 0.338380 -0.158250 153 0 76
0.405610 -0.455068 -0.238823 153 76 0
0.387605 -0.428817 -0.184761 153 76 0
-0.009185 -0.127731 0.461393 153 0 76
-0.242748 0.226916 -0.160941 153 0 76
-0.383153 -0.041713 0.290571 153 0 76
0.395645 -0.385359 -0.184757 153 76 0
0.323680 0.751187 -0.267924 76 0 153
-0.276940 0.094166 -0.151655 153 0 76
-0.361863 -0.709864 0.499652 76 153 0
0.051210 -0.058173 -0.168764 153 0 76
-0.359985 -0.451933 0.396452 153 0 76
-0.237159 -0.037964 -0.038841 153 0 76
-0.162660 -0.043951 0.080296 153 0 76
0.062871 -0.054398 -0.012228 153 0 76
-0.194773 0.028390 -0.146702 153 0 76
-0.358802 0.449015 -0.171811 153 0 76
-0.189887 0.327671 -0.170750 76 0 153
-0.329509 -0.394348 0.356441 153 0 76
0.208771 -0.166848 0.006515 255 0 0
-0.306131 0.046846 -0.190592 153 0 76
0.254228 -0.022356 0.296091 153 0 76
-0.277352 -0.146907 -0.042824 76 153 0
0.241043 -0.034967 0.082771 153 0 76
0.227738 -0.075552 -0.162891 0 127 127
-0.303055 0.094236 -0.182930 153 0 76
-0.366639 0.553179 -0.205896 153 0 76
-0.352481 -0.540724 0.426486 153 0 76
-0.219118 -0.036096 0.127566 153 0 76
0.168435 -0.031386 0.362542 153 0 76
0.356456 -0.093667 0.016418 153 0 76
0.240212 0.250125 -0.166419 76 0 153
0.292117 0.051963 -0.135191 76 0 153
0.281299 0.197451 -0.177338 76 0 153
0.355719 -0.248141 0.173913 76 0 153
0.436672 -0.709334 -0.302361 204 51 127
-0.021859 -0.045438 0.189558 153 0 76
0.026239 -0.100680 0.463302 153 0 76
-0.384208 -0.348147 -0.164321 76 153 0
0.319780 0.608837 -0.204627 76 0 153
0.232778 -0.035022 0.101075 153 0 76
0.273088 0.721563 -0.254542 76 0 153
0.283149 0.459477 -0.203169 76 0 153
-0.381263 -0.046161 0.414564 153 0 76
0.216719 -0.125495 0.034264 255 0 0
0.268244 -0.099404 -0.050222 0 127 127
-0.048451 -0.050592 0.420828 153 0 76
-0.402117 -0.488042 -0.253980 76 153 0
-0.301394 0.159426 -0.172741 153 0 76
0.324718 -0.241225 0.199411 76 0 153
-0.362463 -0.440369 0.374976 153 0 76
-0.120115 0.526987 -0.241958 76 0 153
-0.133356 -0.046223 0.073166 153 0 76
-0.105818 -0.037383 0.370757 153 0 76
0.358218 -0.207764 -0.030457 153 76 0
-0.357268 0.734471 -0.258077 153 0 76
0.315581 -0.688061 0.571391 153 0 76
-0.285359 -0.019096 0.361673 153 0 76
-0.191671 0.504393 -0.221685 76 0 153
-0.174104 -0.034851 0.388603 153 0 76
-0.193608 0.548760 -0.232733 76 0 153
-0.093065 0.259501 -0.175173 76 0 153
-0.232167 -0.055492 -0.188386 76 153 0
0.080932 0.274590 -0.180808 76 0 153
-0.422709 -0.518373 -0.260204 76 153 0
-0.244338 0.626927 -0.237778 153 76 0
-0.107028 0.320585 -0.187223 76 0 153
-0.327386 -0.416756 0.341998 153 0 76
-0.117289 -0.046389 0.092146 153 0 76
0.331836 0.435661 -0.183908 76 0 153
0.388489 -0.348028 -0.159067 153 76 0
-0.378295 -0.021239 0.244515 153 0 76
-0.264156 -0.033309 -0.041053 153 0 76
-0.310374 0.697385 -0.271656 153 0 76
0.296023 -0.026629 -0.005969 153 0 76
0.376069 -0.034340 0.369078 153 0 76
0.203693 0.394071 -0.185617 76 0 153
0.314688 -0.459804 0.387799 76 0 153
0.194928 0.606444 -0.239771 153 76 0
0.315042 -0.283002 0.216242 76 0 153
0.380744 -0.460598 -0.217256 153 76 0
-0.144814 -0.050165 -0.054022 153 0 76
-0.318776 0.254710 -0.146338 153 0 76
-0.210436 0.062744 -0.139550 153 0 76
-0.353626 -0.175309 0.100208 153 0 76
0.204998 -0.027630 0.341302 153 0 76
0.237333 -0.124474 0.054520 0 127 127
-0.397959 -0.449855 -0.232898 76 153 0
0.003810 0.059661 -0.174689 76 0 153
-0.038627 0.560246 -0.253038 76 0 153
-0.036908 0.508820 -0.245482 76 0 153
-0.380356 -0.050578 0.178809 153 0 76
0.303038 0.664062 -0.257806 76 0 153
0.080914 -0.045056 0.164431 153 0 76
0.267248 -0.022932 0.252511 153 0 76
-0.349898 -0.354535 0.328723 153 0 76
0.295982 -0.120761 -0.131964 0 127 127
-0.264748 -0.079180 -0.141132 153 0 76
0.230272 0.288514 -0.148753 76 0 153
0.314813 -0.291897 0.225135 76 0 153
0.370345 -0.015410 0.310320 153 0 76
0.357914 -0.091433 0.073444 153 0 76
0.224606 -0.063976 -0.190957 0 127 127
-0.302157 -0.053561 -0.170384 153 0 76
-0.393007 -0.166507 -0.006823 76 153 0
0.370069 -0.069795 0.099965 153 0 76
0.010096 0.313673 -0.194361 76 0 153
-0.254541 0.490240 -0.196646 76 0 153
0.224199 -0.132469 0.001762 255 0 0
-0.237950 -0.027347 0.261451 153 0 76
-0.351588 -0.298909 0.270143 153 0 76
0.280877 -0.024043 0.182679 153 0 76
-0.295173 -0.176552 0.018071 255 0 0
0.018274 -0.041459 0.389564 153 0 76
-0.322546 -0.568583 0.467658 153 0 76
-0.302647 -0.723447 0.544610 0 127 127
-0.372775 -0.060507 0.003468 153 0 76
0.085504 -0.054774 -0.055484 153 0 76
-0.329990 -0.351697 0.276922 153 0 76
-0.143286 0.613503 -0.254287 153 76 0
0.133057 0.077485 -0.154532 76 0 153
0.167296 0.294057 -0.167836 76 0 153
-0.360400 -0.247934 0.196373 153 0 76
0.224917 -0.114296 -0.090617 76 0 153
0.413880 -0.409247 -0.201835 153 76 0
-0.352440 -0.721683 0.582219 127 0 127
-0.200302 -0.081760 -0.169059 153 0 76
0.322719 -0.401124 0.361890 76 0 153
-0.128295 0.321001 -0.184557 76 0 153
-0.195431 0.095848 -0.139275 76 0 153
-0.322445 0.362596 -0.176544 153 0 76
0.271895 0.317391 -0.188549 76 0 153
0.419221 -0.701321 -0.310639 76 0 153
-0.139454 0.388745 -0.201359 76 0 153
0.238757 0.739505 -0.276201 153 76 0
0.342018 -0.185296 0.120747 76 0 153
0.302382 -0.023653 0.104871 153 0 76
-0.160796 -0.132425 0.011018 255 0 0
-0.368609 -0.692796 0.561929 76 153 0
-0.200487 -0.125595 0.034636 255 0 0
0.397070 -0.222465 -0.035353 153 76 0
0.066231 0.596657 -0.256232 153 76 0
0.357059 -0.618534 0.492521 76 0 153
0.110938 0.122545 -0.155262 76 0 153
-0.315524 0.235858 -0.129170 153 0 76
0.324317 -0.205378 0.087363 76 0 153
-0.063726 -0.135367 0.008075 255 0 0
0.316931 -0.019401 -0.059979 153 0 76
-0.109856 -0.036091 0.320831 153 0 76
0.097031 -0.060734 -0.182432 153 0 76
0.317552 0.575858 -0.226484 76 0 153
0.348658 -0.140076 0.004858 255 0 0
0.039075 0.568982 -0.254377 76 0 153
0.338614 0.297837 -0.154751 76 0 153
0.201563 0.349026 -0.172684 76 0 153
-0.304925 0.080197 -0.142889 153 0 76
0.311044 -0.023208 -0.009460 153 0 76
-0.149211 -0.032145 0.350372 153 0 76
0.282315 0.591336 -0.213162 153 76 0
0.232846 -0.111995 -0.021220 0 127 127
0.181063 -0.044244 -0.100341 153 0 76
0.129813 -0.176425 0.017599 255 0 0
-0.106465 0.396728 -0.207391 76 0 153
0.372688 -0.058739 0.169470 153 0 76
0.321715 -0.196022 0.130145 76 0 153
0.324667 -0.175197 0.101251 76 0 153
0.370787 -0.738400 0.564018 153 76 0
-0.209249 0.452353 -0.201607 76 0 153
-0.212586 -0.047147 -0.166665 153 0 76
-0.123147 0.463607 -0.225005 76 0 153
-0.298255 0.115282 -0.130330 153 0 76
-0.329290 -0.016213 -0.098261 153 0 76
-0.318955 0.221535 -0.132293 153 0 76
0.243055 0.128842 -0.146832 76 0 153
0.320411 -0.011870 0.299267 153 0 76
0.421908 -0.612186 -0.269199 153 76 0
-0.023496 -0.041650 0.381754 153 0 76
0.086557 0.237406 -0.171086 76 0 153
-0.409036 -0.329688 -0.116131 76 153 0
0.042097 -0.049032 0.101521 153 0 76
-0.369353 -0.086715 0.430888 153 0 76
-0.305657 0.740221 -0.279903 153 0 76
0.257728 -0.169721 0.009389 255 0 0
0.097419 -0.048387 0.081081 153 0 76
0.383008 -0.197328 -0.047055 153 76 0
0.004744 0.621431 -0.261415 153 76 0
-0.313207 0.315048 -0.170540 153 0 76
0.299805 -0.108206 -0.047093 0 127 127
0.242758 0.551048 -0.218401 76 0 153
-0.171230 0.028954 -0.152088 76 0 153
-0.413581 -0.702318 -0.220961 255 0 0
-0.430193 -0.528615 -0.251555 76 153 0
0.296409 -0.098007 -0.079427 0 127 127
0.043103 0.607326 -0.259446 153 76 0
-0.278079 -0.176351 0.041464 255 0 0
-0.278248 0.198742 -0.117379 153 0 76
-0.397498 -0.221178 -0.022485 76 153 0
0.449164 -0.694500 -0.250432 204 51 127
0.365461 -0.277534 -0.102592 153 76 0
-0.231421 -0.075964 -0.176612 76 153 0
0.185939 -0.019547 -0.153185 76 0 153
0.352640 -0.078710 -0.085248 153 0 76
0.287693 -0.021811 0.381099 153 0 76
-0.387930 -0.322073 -0.128145 76 153 0
-0.159849 -0.037860 0.206751 153 0 76
-0.038155 -0.045057 0.191686 153 0 76
0.364859 0.542814 -0.203654 76 0 153
0.358450 -0.046583 0.428483 153 0 76
0.008460 -0.051844 0.055873 153 0 76
-0.284710 0.732582 -0.259667 153 0 76
-0.380340 -0.023259 0.268578 153 0 76
-0.178316 -0.045739 -0.094940 153 0 76
0.350493 -0.423558 0.378012 76 0 153
0.260071 0.736120 -0.265709 76 0 153
0.184093 0.464386 -0.211739 76 0 153
0.322873 0.442442 -0.152438 76 0 153
-0.175314 -0.049144 0.434780 153 0 76
-0.091699 -0.039750 0.384599 153 0 76
0.444763 -0.747030 -0.249427 204 51 127
0.031918 -0.058835 -0.155248 153 0 76
0.372868 -0.750752 -0.270575 153 0 76
0.150277 -0.046390 0.423267 153 0 76
-0.259130 0.284866 -0.188840 153 0 76
-0.404118 -0.223890 -0.042441 76 153 0
0.100070 -0.136692 0.052035 255 0 0
0.097544 -0.131497 0.011947 255 0 0
0.405215 -0.412844 -0.212343 153 76 0
0.314518 0.526113 -0.216880 76 0 153
0.286229 -0.029256 0.037897 153 0 76
-0.259566 -0.033811 0.043832 153 0 76
-0.147786 -0.040188 0.180871 153 0 76
-0.160805 -0.043614 0.415710 153 0 76
-0.369441 -0.135384 0.008059 255 0 0
-0.330320 -0.346602 0.317102 153 0 76
-0.276063 -0.141365 -0.067837 76 153 0
-0.352012 -0.014618 0.148669 153 0 76
0.291977 0.417395 -0.157669 76 0 153
0.325771 -0.446217 0.403154 76 0 153
0.226352 -0.110434 0.455133 153 0 76
0.336548 -0.016865 0.001006 153 0 76
0.236657 0.752383 -0.293419 153 76 0
0.183741 0.186221 -0.139425 76 0 153
-0.241409 0.696095 -0.258447 153 76 0
-0.200632 -0.040108 0.095728 153 0 76
0.338573 -0.322551 0.244043 76 0 153
0.293503 -0.116194 0.011601 0 127 127
0.304910 -0.132714 -0.034692 0 127 127
0.351277 -0.176596 0.051691 76 0 153
0.021310 0.483537 -0.238413 76 0 153
-0.015887 -0.052195 0.052966 153 0 76
0.159740 -0.075843 -0.182672 153 0 76
-0.293040 0.495326 -0.213644 153 0 76
0.367462 -0.031355 0.094277 153 0 76
-0.244009 -0.023735 0.349830 153 0 76
0.068651 0.217890 -0.170830 76 0 153
0.303811 0.512568 -0.218934 76 0 153
-0.290951 -0.125549 0.024323 153 0 76
-0.077365 -0.055250 -0.048524 153 0 76
-0.334093 -0.021364 0.060875 153 0 76
0.037687 -0.160279 0.054844 255 0 0
-0.396958 -0.346872 -0.162443 76 153 0
-0.024516 -0.059031 -0.127533 153 0 76
-0.004513 0.575695 -0.255333 76 0 153
0.408306 -0.342506 -0.131444 153 76 0
-0.002613 -0.055964 0.434962 153 0 76
0.133463 -0.089196 -0.184952 153 0 76
0.229051 0.070302 -0.191377 76 0 153
0.087932 0.031722 -0.167427 76 0 153
-0.301638 0.132566 -0.133277 153 0 76
0.122363 -0.051578 -0.127367 153 0 76
-0.349871 -0.013387 0.172102 153 0 76
0.193670 0.739430 -0.287871 153 76 0
0.225861 0.175228 -0.187137 76 0 153
0.152268 0.411958 -0.204397 76 0 153
0.081882 -0.028680 -0.173773 76 0 153
-0.235398 -0.111851 -0.044294 76 153 0
0.287134 0.507271 -0.206883 76 0 153
-0.123942 -0.041951 0.176895 153 0 76
-0.109308 -0.105844 -0.184818 153 0 76
0.258650 -0.023186 0.268992 153 0 76
0.366836 -0.101384 0.416157 153 0 76
-0.105196 0.622231 -0.257840 153 76 0
-0.360806 0.653296 -0.225956 153 0 76
-0.289608 -0.034921 0.425586 153 0 76
0.304593 0.074670 -0.146062 76 0 153
0.295155 0.636581 -0.236014 76 0 153
0.112599 -0.137590 0.436525 153 0 76
0.236961 -0.078419 -0.149855 76 0 153
0.354586 -0.380105 0.319330 76 0 153
-0.236018 -0.122067 0.445283 153 0 76
0.302943 0.216792 -0.161295 76 0 153
-0.149267 -0.044380 0.089952 153 0 76
0.372544 -0.075451 0.202723 153 0 76
0.178031 0.394966 -0.192628 76 0 153
0.324648 0.328067 -0.152282 76 0 153
-0.434060 -0.601440 -0.284549 76 153 0
0.247357 0.358266 -0.159710 76 0 153
-0.289049 -0.145490 0.055378 255 0 0
0.049520 -0.140156 0.434620 153 0 76
0.335511 0.718785 -0.242275 76 0 153
-0.104770 0.474746 -0.230072 76 0 153
0.344147 -0.345371 0.318588 76 0 153
0.287722 -0.022038 -0.131594 153 0 76
-0.090276 -0.133640 0.009803 255 0 0
0.299333 0.758416 -0.280255 76 0 153
0.059793 -0.052773 0.021218 153 0 76
-0.259517 0.372661 -0.159522 153 0 76
0.310054 0.222987 -0.127297 76 0 153
-0.051129 0.422054 -0.221048 76 0 153
-0.293720 0.449081 -0.166150 153 0 76
0.058970 0.585763 -0.255403 153 76 0
-0.298513 0.213775 -0.169158 153 0 76
-0.267164 -0.038300 -0.160812 153 0 76
0.018066 -0.127223 0.461064 153 0 76
-0.047317 0.535139 -0.249536 76 0 153
-0.365545 0.533031 -0.211917 153 0 76
0.090617 -0.112850 0.462801 153 0 76
0.356306 -0.034697 -0.125084 153 0 76
-0.321426 -0.700865 0.490972 127 0 127
-0.219511 0.233913 -0.140640 153 0 76
-0.232764 -0.119460 -0.093842 76 153 0
0.010842 -0.037968 0.358091 153 0 76
-0.288047 -0.056633 -0.211172 76 153 0
0.111680 -0.040196 0.226852 153 0 76
0.301771 0.745622 -0.267775 76 0 153
-0.071398 0.246512 -0.175740 76 0 153
-0.281183 0.029058 -0.160711 153 0 76
0.134422 -0.050290 0.434218 153 0 76
-0.298591 0.605535 -0.231004 153 0 76
0.244961 -0.034710 -0.057684 153 0 76
0.275763 0.735650 -0.262178 76 0 153
0.014069 0.248286 -0.180368 76 0 153
0.315000 -0.258404 0.184323 76 0 153
0.210877 0.299185 -0.158303 76 0 153
0.047800 -0.036855 0.341341 153 0 76
0.216563 0.222879 -0.137527 76 0 153
-0.356478 -0.641264 0.481743 153 0 76
0.254505 0.317194 -0.172627 76 0 153
0.180942 -0.033385 0.246226 153 0 76
0.376156 -0.076435 0.330228 153 0 76
0.270122 0.361783 -0.152116 76 0 153
-0.455556 -0.710429 -0.231829 127 127 0
-0.026120 -0.059463 -0.167664 153 0 76
-0.383934 -0.045538 0.352143 153 0 76
0.279974 0.150833 -0.143773 76 0 153
-0.201234 -0.029054 0.360333 153 0 76
-0.322291 -0.427402 0.356475 153 0 76
-0.294517 0.741253 -0.263039 153 0 76
0.135312 0.209582 -0.157049 76 0 153
0.167767 0.475480 -0.219248 76 0 153
0.389063 -0.163846 0.015523 255 0 0
0.354574 -0.007278 0.325013 153 0 76
-0.267534 -0.029441 -0.102641 153 0 76
-0.293567 0.005728 -0.141060 153 0 76
0.304162 -0.020333 0.176294 153 0 76
0.026090 0.698114 -0.278422 153 76 0
0.231911 0.024769 -0.140421 76 0 153
-0.348272 0.660759 -0.238361 153 0 76
-0.261071 0.040025 -0.134668 153 0 76
-0.118010 0.510593 -0.239091 76 0 153
-0.410254 -0.542253 -0.279300 76 153 0
0.223514 -0.036271 -0.116958 153 0 76
0.368236 -0.076965 0.050479 153 0 76
0.060803 0.535032 -0.248478 76 0 153
-0.379454 -0.748112 -0.260036 0 255 0
-0.330974 -0.523385 0.415415 153 0 76
-0.084209 0.164652 -0.160495 76 0 153
-0.240830 -0.034607 0.094814 153 0 76
-0.338609 -0.020318 0.040255 153 0 76
-0.387525 -0.459224 -0.217745 76 153 0
0.404499 -0.434572 -0.212072 153 76 0
0.299471 0.196459 -0.165940 76 0 153
-0.252326 0.116127 -0.126933 153 0 76
-0.355303 -0.180386 0.048326 153 0 76
-0.232468 -0.093001 -0.170251 153 0 76
-0.167159 0.286288 -0.166555 76 0 153
-0.359963 -0.010576 0.239209 153 0 76
0.006200 -0.041758 0.257892 153 0 76
0.296790 -0.023504 0.132618 153 0 76
-0.115113 -0.094740 -0.188208 153 0 76
0.099947 -0.122572 0.462425 153 0 76
-0.339694 -0.323162 0.244394 153 0 76
-0.057378 0.485664 -0.238096 76 0 153
-0.168600 -0.044699 0.056132 153 0 76
-0.227522 -0.030591 0.222163 153 0 76
0.044321 -0.058078 -0.134330 153 0 76
-0.086671 -0.104375 -0.187799 153 0 76
0.049726 0.412566 -0.218395 76 0 153
-0.115839 -0.126430 0.037751 255 0 0
0.245667 -0.141177 -0.067751 0 127 127
-0.377205 -0.708045 -0.286459 0 255 0
0.306112 0.145869 -0.156417 76 0 153
0.018311 -0.058141 -0.087678 153 0 76
0.268324 0.467146 -0.181973 76 0 153
-0.375337 -0.054634 0.051288 153 0 76
0.066824 -0.074490 0.457685 153 0 76
0.392032 -0.210783 -0.015050 153 76 0
-0.367997 -0.233798 -0.060443 76 153 0
0.370880 -0.078331 0.190270 153 0 76
-0.086225 0.693723 -0.275131 153 76 0
-0.408607 -0.389058 -0.153403 76 153 0
0.375978 -0.085319 0.377880 153 0 76
0.318049 -0.570415 0.446784 76 0 153
0.413396 -0.502290 -0.255484 153 76 0
0.252378 0.149821 -0.143914 76 0 153
-0.418474 -0.567488 -0.289235 76 153 0
-0.333848 0.430238 -0.186573 153 0 76
0.393586 -0.394188 -0.203201 153 76 0
0.234891 0.212161 -0.149263 76 0 153
0.354302 -0.520396 0.442545 76 0 153
0.302041 -0.143225 0.004015 0 127 127
0.403504 -0.324169 -0.114589 153 76 0
-0.287998 0.093544 -0.126680 153 0 76
-0.377334 -0.046227 0.098194 153 0 76
-0.244243 0.093265 -0.197759 153 0 76
-0.013007 0.461944 -0.232465 76 0 153
0.204950 0.468578 -0.207597 76 0 153
0.160206 0.016730 -0.154895 76 0 153
-0.347257 -0.601554 0.457355 153 0 76
-0.339924 -0.214974 0.167998 153 0 76
0.053304 0.393420 -0.212783 76 0 153
-0.232707 -0.151464 0.050471 255 0 0
-0.400037 -0.300503 -0.139198 76 153 0
-0.311546 0.635163 -0.248042 153 0 76
-0.242367 0.708057 -0.262053 153 76 0
-0.287339 -0.093999 -0.075868 76 153 0
0.374861 -0.071280 0.262558 153 0 76
0.024702 -0.161746 0.054451 255 0 0
0.321632 -0.109348 0.431364 153 0 76
-0.296769 0.184267 -0.172841 153 0 76
0.293594 -0.057572 -0.165678 153 0 76
0.217288 -0.123056 0.446842 153 0 76
0.296250 -0.092643 -0.102276 0 127 127
-0.000243 -0.163122 0.054082 255 0 0
-0.239324 -0.070681 -0.160279 76 153 0
-0.375160 -0.739573 0.505958 76 153 0
0.306244 -0.673110 0.533450 153 0 76
0.233244 0.488410 -0.205669 76 0 153
0.325566 -0.363261 0.284941 76 0 153
0.198218 -0.033616 0.210769 153 0 76
0.330604 0.651973 -0.245354 76 0 153
0.423918 -0.649252 -0.281274 153 76 0
-0.437535 -0.683176 -0.289379 127 127 0
0.365991 -0.020133 0.183505 153 0 76
-0.237394 -0.113355 -0.153359 76 153 0
0.330035 -0.579545 0.490376 76 0 153
0.190478 -0.036595 0.406276 153 0 76
0.356337 -0.028659 -0.084411 153 0 76
0.130700 -0.024444 -0.164184 76 0 153
0.097147 0.627787 -0.257725 153 76 0
-0.277378 -0.054085 -0.167627 153 0 76
0.315928 -0.680177 0.509094 153 0 76
-0.249824 -0.033826 -0.093280 153 0 76
0.204785 -0.031029 0.247666 153 0 76
0.344048 -0.676797 0.552984 153 0 76
0.021373 -0.102440 -0.192340 153 0 76
-0.056399 0.556630 -0.252010 76 0 153
0.262369 0.431384 -0.173581 76 0 153
0.340951 -0.269002 0.234596 76 0 153
0.332261 -0.126483 0.020837 255 0 0
-0.030048 -0.178780 0.032408 255 0 0
0.114355 -0.044413 0.136699 153 0 76
-0.148142 -0.139663 0.004969 255 0 0
0.244357 -0.154598 0.056367 255 0 0
0.295226 0.015818 -0.164668 76 0 153
0.391574 -0.661805 -0.287943 153 76 0
-0.014603 -0.129891 0.013553 255 0 0
-0.094143 0.144474 -0.157464 76 0 153
-0.362064 0.543398 -0.188995 153 0 76
0.273690 0.234992 -0.179353 76 0 153
0.376683 -0.054759 0.331616 153 0 76
0.100535 0.433025 -0.219048 76 0 153
0.232775 -0.080643 0.454673 153 0 76
-0.063353 -0.038647 0.302954 153 0 76
-0.043260 -0.109071 0.463705 153 0 76
-0.258067 0.546890 -0.212620 76 0 153
0.347286 -0.622926 0.505487 76 0 153
0.331350 0.552932 -0.215605 76 0 153
0.166025 0.698489 -0.266469 153 76 0
-0.292466 -0.060297 -0.163045 153 0 76
-0.293805 0.051339 -0.157612 153 0 76
-0.115156 -0.048878 0.042384 153 0 76
-0.418884 -0.612301 -0.305338 76 153 0
0.014461 -0.149023 0.056325 255 0 0
-0.250349 -0.026238 0.248397 153 0 76
0.402958 -0.313623 -0.107597 153 76 0
0.340625 -0.017448 0.087338 153 0 76
-0.284225 0.054692 -0.198766 153 0 76
0.353246 -0.322719 0.261738 76 0 153
-0.075762 0.388701 -0.208794 76 0 153
0.302169 0.109261 -0.175658 76 0 153
-0.173545 0.404099 -0.196832 76 0 153
-0.343897 -0.167791 0.007459 255 0 0
-0.294655 -0.019009 0.253507 153 0 76
0.078161 -0.052615 0.432198 153 0 76
0.137882 -0.048685 -0.163661 153 0 76
0.225550 0.090725 -0.184266 76 0 153
0.369705 -0.264807 -0.081085 153 76 0
0.396982 -0.565025 -0.250286 153 76 0
0.199747 -0.128004 0.015440 255 0 0
0.015862 -0.050727 0.075875 153 0 76
-0.301231 0.369391 -0.192307 153 0 76
0.391973 -0.454014 -0.235930 153 76 0
-0.079067 -0.178298 0.024581 255 0 0
-0.377093 -0.145209 0.003484 255 0 0
0.172184 0.156497 -0.140055 76 0 153
-0.337282 -0.138488 0.053502 255 0 0
-0.359174 -0.374336 0.306681 153 0 76
-0.257913 -0.031934 0.101720 153 0 76
-0.149946 -0.117791 0.460136 153 0 76
-0.305545 0.040607 -0.147640 153 0 76
0.339161 0.337045 -0.150294 76 0 153
0.369810 -0.032725 0.128574 153 0 76
-0.144775 0.720820 -0.283555 153 76 0
-0.102214 -0.136486 0.051829 255 0 0
-0.101386 -0.050649 0.024126 153 0 76
-0.131293 0.697528 -0.274366 153 76 0
-0.315277 0.525234 -0.219570 153 0 76
-0.404915 -0.342608 -0.120421 76 153 0
-0.367085 0.578525 -0.207924 153 0 76
0.248705 -0.025559 -0.214185 76 0 153
-0.310785 -0.127009 0.006743 255 0 0
0.369005 0.584558 -0.223154 76 0 153
-0.217587 0.133401 -0.130890 153 0 76
-0.422844 -0.569444 -0.249101 76 153 0
0.402026 -0.153476 0.056667 255 0 0
0.087642 0.606043 -0.255642 153 76 0
0.168967 0.332052 -0.176744 76 0 153
-0.100746 -0.138159 0.435885 153 0 76
0.413918 -0.474315 -0.208259 153 76 0
0.151152 -0.048281 -0.073584 153 0 76
-0.262195 -0.032491 0.076731 153 0 76
-0.232303 -0.070997 -0.189172 76 153 0
0.133908 0.304175 -0.179100 76 0 153
0.030513 -0.047849 0.128807 153 0 76
-0.321601 0.280689 -0.149543 153 0 76
-0.334474 -0.558775 0.474946 153 0 76
-0.392023 -0.536053 -0.258000 76 153 0
0.235978 0.398128 -0.175877 76 0 153
0.313493 -0.618210 0.489435 76 0 153
-0.369509 -0.062252 -0.045602 153 0 76
0.047515 0.480567 -0.237336 76 0 153
0.425299 -0.724383 -0.219159 76 0 153
0.235560 -0.028624 0.387276 153 0 76
0.354891 0.469000 -0.171688 76 0 153
-0.292367 -0.023378 0.176536 153 0 76
-0.328271 -0.026658 0.415240 153 0 76
0.207580 -0.043797 0.426585 153 0 76
-0.304123 -0.103002 0.446478 153 0 76
0.317139 -0.267647 0.219239 76 0 153
-0.062017 0.576749 -0.254329 153 76 0
0.158260 0.387099 -0.195467 76 0 153
0.404824 -0.435028 -0.226690 153 76 0
-0.070637 0.659651 -0.266263 153 76 0
-0.307270 -0.117945 -0.006212 153 0 76
0.248385 -0.080563 -0.201665 0 127 127
-0.281054 -0.030973 0.029940 153 0 76
-0.311464 -0.001375 -0.181395 153 0 76
-0.058535 0.048555 -0.170820 76 0 153
-0.105788 0.103438 -0.159002 76 0 153
-0.324513 -0.195039 0.104635 153 0 76
-0.425400 -0.687650 -0.299982 255 0 0
-0.232735 -0.052071 -0.202158 76 153 0
0.336444 0.593956 -0.195156 76 0 153
0.003407 -0.044788 0.405916 153 0 76
-0.325207 -0.147046 0.002991 255 0 0
0.248731 -0.159436 0.012929 0 127 127
0.304015 0.601899 -0.237162 76 0 153
-0.380458 -0.149884 0.056555 255 0 0
-0.303798 0.351562 -0.187123 153 0 76
-0.289112 -0.141507 -0.066768 153 0 76
-0.354376 -0.220954 0.171062 153 0 76
0.173459 -0.045813 -0.081576 153 0 76
0.215112 0.654250 -0.245250 153 76 0
-0.400312 -0.555667 -0.277224 76 153 0
-0.284831 -0.061610 0.448059 153 0 76
0.302813 0.028074 -0.148377 76 0 153
0.232785 0.044864 -0.137760 76 0 153
0.081389 -0.053839 -0.007143 153 0 76
0.109703 0.519322 -0.241294 76 0 153
-0.326136 0.581905 -0.194096 153 0 76
0.313298 0.423082 -0.194985 76 0 153
0.178336 0.088637 -0.143516 76 0 153
0.225995 -0.028302 -0.185117 0 127 127
-0.235486 -0.025968 0.359667 153 0 76
-0.234137 0.000163 -0.197847 153 0 76
0.262354 0.290869 -0.186723 76 0 153
0.273829 -0.142422 -0.062926 0 127 127
0.271854 0.055825 -0.130266 76 0 153
-0.155497 -0.041247 0.147629 153 0 76
-0.291343 -0.018385 0.275572 153 0 76
0.361468 -0.057315 -0.059691 153 0 76
0.139173 -0.045950 0.067896 153 0 76
-0.265912 0.685759 -0.247512 153 76 0
0.271876 -0.110862 0.000383 0 127 127
-0.438861 -0.692859 -0.228641 127 127 0
0.139960 0.192832 -0.152621 76 0 153
0.269259 0.255858 -0.180111 76 0 153
0.237260 0.023080 -0.164023 76 0 153
0.264763 -0.128758 0.044100 255 0 0
-0.367988 -0.042905 -0.065024 153 0 76
0.314214 -0.419832 0.350050 76 0 153
-0.043644 0.376518 -0.208823 76 0 153
-0.338364 -0.629914 0.473641 153 0 76
0.251094 0.207154 -0.125304 76 0 153
0.122413 -0.037983 0.254557 153 0 76
-0.174040 -0.046219 -0.021497 153 0 76
0.199977 0.508684 -0.220785 76 0 153
-0.194672 0.415026 -0.194441 76 0 153
0.337867 0.675964 -0.251706 76 0 153
-0.361710 -0.197248 0.101558 153 0 76
0.373793 -0.313415 -0.139310 153 76 0
0.326255 -0.218244 0.106768 76 0 153
0.030763 -0.155824 0.002748 255 0 0
0.371461 -0.340323 -0.146100 153 76 0
0.219678 0.494343 -0.211441 76 0 153
-0.090710 -0.035816 0.341075 153 0 76
0.259413 -0.124561 0.028011 255 0 0
0.019797 -0.169815 0.009483 255 0 0
0.371298 -0.738398 -0.245258 153 0 76
-0.120753 -0.043073 0.408450 153 0 76
0.295683 -0.709709 0.542039 76 0 153
-0.444603 -0.702353 -0.220458 255 0 0
0.021254 -0.040609 0.274453 153 0 76
-0.145591 -0.049135 -0.135292 153 0 76
0.023914 -0.037424 0.351719 153 0 76
0.119058 0.435771 -0.217699 76 0 153
0.255464 0.253212 -0.184317 76 0 153
-0.317544 0.294129 -0.159214 153 0 76
-0.234008 -0.089545 -0.148139 76 153 0
0.063413 -0.042772 0.215810 153 0 76
0.352745 -0.480754 0.421562 76 0 153
-0.053885 0.010480 -0.174396 76 0 153
-0.120841 0.181548 -0.156072 76 0 153
-0.242613 -0.110980 -0.013309 76 153 0
0.250495 0.317051 -0.148331 76 0 153
-0.273713 0.067485 -0.129120 153 0 76
-0.204124 -0.040991 -0.129393 153 0 76
-0.317456 0.378388 -0.185302 153 0 76
0.349837 -0.422257 0.345926 76 0 153
-0.301066 0.526995 -0.186116 153 0 76
0.259226 -0.123998 0.057661 0 127 127
-0.069712 -0.041826 0.236125 153 0 76
-0.033158 -0.125979 0.036069 255 0 0
0.357400 -0.680915 0.526661 153 76 0
-0.395386 -0.469610 -0.206318 76 153 0
0.298346 -0.022503 0.149735 153 0 76
0.015754 -0.045512 0.180129 153 0 76
0.329913 -0.177760 0.036210 255 0 0
-0.317493 0.403838 -0.192115 153 0 76
-0.301044 0.632965 -0.236541 153 0 76
-0.315227 -0.023136 -0.029290 153 0 76
-0.071000 0.736351 -0.301257 153 76 0
0.220768 0.741345 -0.282092 153 76 0
-0.055382 -0.171412 0.011081 255 0 0
0.110302 0.253190 -0.170916 76 0 153
-0.148996 0.306556 -0.176345 76 0 153
-0.343262 -0.287393 0.200209 153 0 76
0.301919 -0.714742 0.498567 76 0 153
0.402072 -0.576183 -0.290680 153 76 0
0.101516 0.533193 -0.244131 76 0 153
0.304808 0.580994 -0.201828 76 0 153
-0.302889 0.412455 -0.152178 153 0 76
0.057073 -0.043539 0.203318 153 0 76
-0.359067 -0.011511 0.218307 153 0 76
-0.292276 -0.079147 -0.137789 153 0 76
0.000522 0.104568 -0.171460 76 0 153
-0.359718 -0.548495 0.436026 153 0 76
0.407511 -0.613394 -0.304808 153 76 0
-0.291170 0.440798 -0.205492 153 0 76
0.326769 -0.160525 0.079780 76 0 153
-0.270503 -0.099896 -0.048115 153 0 76
0.152683 0.118148 -0.146536 76 0 153
0.338787 0.522215 -0.172633 76 0 153
0.304276 -0.042117 -0.189613 0 127 127
0.301986 0.145946 -0.135501 76 0 153
-0.126727 0.001803 -0.163183 76 0 153
0.354279 -0.178800 0.032334 255 0 0
0.314550 -0.699380 0.567938 76 0 153
-0.296697 -0.019313 0.241441 153 0 76
0.326238 -0.337199 0.260475 76 0 153
0.342707 -0.629265 0.473572 76 0 153
-0.361228 -0.015403 0.379239 153 0 76
0.178905 0.111756 -0.141080 76 0 153
0.258955 0.134757 -0.190128 76 0 153
0.227375 -0.024354 0.337858 153 0 76
-0.324256 -0.021273 0.112066 153 0 76
0.125166 0.678645 -0.265585 153 76 0
0.097680 -0.099859 0.461591 153 0 76
-0.351875 0.388393 -0.160045 153 0 76
0.356007 -0.417041 0.361294 76 0 153
-0.308433 -0.142425 -0.009449 153 0 76
0.106284 -0.037359 0.292908 153 0 76
0.022261 -0.048721 0.113972 153 0 76
0.396106 -0.140843 0.004653 255 0 0
0.245234 -0.027461 0.219466 153 0 76
-0.362219 -0.248362 0.171789 153 0 76
0.061935 -0.049046 0.093974 153 0 76
-0.174236 0.512215 -0.228548 76 0 153
-0.074081 0.412086 -0.215534 76 0 153
0.331746 0.479622 -0.160350 76 0 153
0.146270 -0.149026 0.056325 255 0 0
-0.165981 0.220043 -0.151728 76 0 153
0.072041 0.640081 -0.261525 153 76 0
-0.325264 -0.011283 0.308679 153 0 76
0.229821 -0.133454 -0.063881 0 127 127
-0.264125 -0.003809 -0.165283 153 0 76
0.121703 -0.049785 -0.012251 153 0 76
-0.313503 0.651545 -0.222198 153 0 76
0.188911 0.747415 -0.304310 153 76 0
-0.333386 0.495066 -0.204587 153 0 76
0.342460 0.314825 -0.157995 76 0 153
0.415185 -0.520958 -0.262592 153 76 0
-0.346203 -0.676129 0.551981 127 0 127
-0.246740 -0.158363 0.055358 255 0 0
0.027252 -0.127784 0.015978 255 0 0
-0.273568 0.112837 -0.149058 153 0 76
-0.257561 -0.131490 0.011953 255 0 0
0.422888 -0.632387 -0.300186 153 76 0
0.294073 -0.100549 -0.059631 0 127 127
0.187127 0.710765 -0.266560 153 76 0
-0.022440 -0.053424 0.025453 153 0 76
0.015789 -0.047637 0.137666 153 0 76
0.306337 0.281681 -0.159600 76 0 153
0.356338 -0.009653 0.275929 153 0 76
0.237086 -0.145787 -0.039495 0 127 127
0.319650 -0.215980 0.159368 76 0 153
0.337347 0.387616 -0.145910 76 0 153
0.088271 0.734264 -0.296708 153 76 0
-0.284685 0.365313 -0.195483 153 0 76
-0.338416 -0.323649 0.299061 153 0 76
-0.085580 -0.038398 0.293473 153 0 76
0.362603 -0.172589 0.046529 255 0 0
0.298859 -0.015032 0.307889 153 0 76
0.136164 -0.037897 0.233534 153 0 76
-0.422458 -0.535168 -0.234878 76 153 0
-0.034113 -0.065224 0.451770 153 0 76
0.220433 0.081030 -0.135449 76 0 153
0.294943 -0.023629 -0.170471 76 0 153
-0.131121 0.262922 -0.170360 76 0 153
-0.375251 -0.022943 0.172889 153 0 76
-0.124510 0.612640 -0.255193 153 76 0
0.315721 -0.328158 0.279549 76 0 153
-0.043145 0.619282 -0.261151 153 76 0
-0.232011 0.053934 -0.179396 153 0 76
-0.078585 0.459683 -0.228360 76 0 153
-0.106206 -0.151334 0.056944 255 0 0
0.292716 0.103972 -0.128513 76 0 153
-0.125260 -0.037649 0.386826 153 0 76
0.395377 -0.246162 -0.050365 153 76 0
0.390326 -0.726243 -0.302864 153 0 76
-0.324538 -0.443381 0.391677 153 0 76
0.236441 -0.148190 -0.026047 76 0 153
-0.280356 0.149850 -0.183751 153 0 76
-0.066753 -0.040771 0.378664 153 0 76
-0.169597 0.746160 -0.305293 153 76 0
-0.238467 -0.099659 -0.082756 153 0 76
-0.322060 -0.324348 0.280045 153 0 76
0.269101 -0.025831 0.393295 153 0 76
0.346993 0.580682 -0.193884 76 0 153
0.042595 -0.176043 0.042614 255 0 0
0.362156 0.644807 -0.228028 76 0 153
0.316345 -0.338670 0.298676 76 0 153
-0.172366 0.687494 -0.266284 153 76 0
-0.107207 0.446396 -0.221640 76 0 153
-0.044500 -0.053943 0.007098 153 0 76
0.330581 -0.288073 0.262562 76 0 153
-0.042369 -0.040303 0.283875 153 0 76
-0.179955 -0.031081 0.364758 153 0 76
-0.095029 0.219384 -0.166912 76 0 153
0.077443 0.000999 -0.172116 76 0 153
0.366084 0.521733 -0.200855 76 0 153
0.248421 -0.049887 0.440828 153 0 76
-0.308892 0.131681 -0.143299 153 0 76
0.358854 -0.028939 -0.040807 153 0 76
-0.254917 0.260150 -0.135420 153 0 76
0.431983 -0.680904 -0.279102 76 0 153
-0.352314 -0.715479 0.488549 127 0 127
-0.308051 0.402721 -0.147265 153 0 76
-0.191972 -0.028923 0.323401 153 0 76
0.379610 -0.314932 -0.123831 153 76 0
-0.090809 0.286144 -0.181360 76 0 153
0.356881 -0.476806 0.399695 76 0 153
0.201089 -0.150849 0.056814 255 0 0
0.304671 0.168683 -0.165301 76 0 153
-0.366997 -0.218303 -0.046634 76 153 0
0.191531 0.483414 -0.215466 76 0 153
0.309026 -0.017485 -0.124742 153 0 76
0.156781 -0.025170 -0.159331 76 0 153
-0.291670 -0.136923 -0.087349 76 153 0
0.226248 -0.006806 -0.176425 76 0 153
-0.166282 -0.073004 -0.182415 153 0 76
0.287424 -0.078699 -0.141566 0 127 127
-0.195985 -0.042927 0.048313 153 0 76
0.225714 0.145345 -0.148185 76 0 153
-0.359089 -0.325756 0.259183 153 0 76
0.252064 -0.151839 -0.020819 76 0 153
-0.214667 -0.038478 0.089069 153 0 76
0.293179 -0.025033 -0.057661 153 0 76
0.323962 0.499233 -0.167098 76 0 153
0.046615 0.286085 -0.188031 76 0 153
0.349198 -0.233415 0.187886 76 0 153
-0.157838 -0.071314 0.454595 153 0 76
0.083872 0.680612 -0.269972 153 76 0
-0.258359 -0.084668 -0.198736 76 153 0
0.225275 0.014251 -0.183859 76 0 153
-0.383039 -0.065590 0.299246 153 0 76
0.335226 -0.671205 0.523684 153 0 76
0.385593 -0.149971 0.002208 255 0 0
0.040488 0.109451 -0.167465 76 0 153
0.399805 -0.427606 -0.186605 153 76 0
-0.127219 -0.037987 0.256320 153 0 76
0.036919 0.255403 -0.181882 76 0 153
0.397504 -0.671803 -0.264565 76 0 153
0.352615 -0.168766 0.062425 76 0 153
0.018944 0.648896 -0.265016 153 76 0
0.273125 -0.027617 -0.168594 76 0 153
-0.314189 -0.019517 0.184235 153 0 76
-0.401487 -0.598092 -0.293311 76 153 0
-0.373482 -0.268360 -0.100466 76 153 0
0.365561 -0.079283 0.248988 153 0 76
0.305357 0.325901 -0.174457 76 0 153
0.319738 -0.607170 0.493508 76 0 153
-0.335965 0.630460 -0.208766 153 0 76
-0.116337 -0.145587 0.055404 255 0 0
-0.021032 0.281393 -0.187481 76 0 153
-0.206177 0.105624 -0.135735 153 0 76
-0.163830 0.322555 -0.176359 76 0 153
0.147734 0.678687 -0.263658 153 76 0
-0.197351 0.365687 -0.179378 76 0 153
-0.305508 0.334803 -0.181447 153 0 76
0.302045 0.041373 -0.145817 76 0 153
0.368481 -0.048725 0.055354 153 0 76
0.074252 -0.111094 -0.184170 153 0 76
0.182062 -0.035085 0.211796 153 0 76
-0.381104 -0.366030 -0.157699 76 153 0
-0.400976 -0.138782 0.053581 255 0 0
-0.165845 0.557350 -0.240514 76 0 153
0.150070 -0.118570 0.460093 153 0 76
-0.043877 -0.015064 -0.177287 76 0 153
0.199101 0.222919 -0.143917 76 0 153
0.416545 -0.487257 -0.244342 153 76 0
0.172441 -0.042064 0.093860 153 0 76
0.401258 -0.127625 0.042214 255 0 0
0.374768 -0.290537 -0.107355 153 76 0
0.262845 0.170855 -0.118896 76 0 153
0.252435 -0.030123 -0.149325 153 0 76
0.248703 0.619976 -0.231622 153 76 0
0.329198 -0.622377 0.511473 76 0 153
-0.001347 -0.055747 -0.019053 153 0 76
0.346894 -0.281052 0.196438 76 0 153
-0.248242 0.031042 -0.137639 153 0 76
-0.013902 0.703818 -0.281463 153 76 0
-0.329240 -0.015384 -0.113852 153 0 76
0.179652 0.010746 -0.150972 76 0 153
-0.444313 -0.695710 -0.307308 255 0 0
-0.253281 -0.097066 -0.061172 153 0 76
-0.128267 -0.036330 -0.165976 76 0 153
-0.376092 -0.035248 0.101985 153 0 76
-0.383268 -0.048125 0.300355 153 0 76
-0.090899 0.458849 -0.226879 76 0 153
0.257617 0.171426 -0.184698 76 0 153
-0.342823 -0.015873 -0.056482 153 0 76
0.243755 0.218007 -0.129165 76 0 153
-0.352146 0.523538 -0.178376 153 0 76
-0.381496 -0.706089 0.568874 76 153 0
0.092311 -0.050693 0.041679 153 0 76
0.245995 0.502192 -0.203839 76 0 153
0.396552 -0.618228 -0.270699 153 76 0
0.069839 -0.049690 0.078319 153 0 76
0.304163 0.376868 -0.143177 76 0 153
-0.371135 -0.009766 0.328060 153 0 76
-0.325433 -0.248885 0.198759 153 0 76
0.202882 -0.040509 -0.002201 153 0 76
-0.233437 -0.114759 -0.129219 76 153 0
-0.224363 0.107013 -0.132789 153 0 76
0.306092 -0.699842 0.491745 153 0 76
0.336741 -0.128118 0.043460 255 0 0
0.292652 0.293808 -0.174253 76 0 153
-0.032994 -0.058055 -0.089330 153 0 76
0.299276 0.334797 -0.135357 76 0 153
-0.327206 -0.202903 0.140383 153 0 76
0.063409 -0.127188 0.040582 255 0 0
-0.341877 0.428030 -0.151127 153 0 76
-0.068016 0.481553 -0.235740 76 0 153
0.226377 0.120649 -0.129940 76 0 153
-0.432630 -0.698525 -0.309636 255 0 0
0.370929 -0.050811 0.112167 153 0 76
0.338978 0.637743 -0.236042 76 0 153
-0.307623 0.445819 -0.205912 153 0 76
-0.371283 -0.755203 0.531793 76 153 0
-0.302719 -0.706704 0.536374 0 127 127
0.034570 -0.053697 0.010667 153 0 76
0.288066 0.234220 -0.121591 76 0 153
0.249644 -0.030333 0.152781 153 0 76
-0.208834 -0.014265 -0.148114 153 0 76
-0.374017 -0.035139 0.065523 153 0 76
0.375409 -0.044352 0.249985 153 0 76
-0.377373 -0.694234 -0.272693 0 255 0
-0.328047 -0.153634 0.056625 153 0 76
-0.356580 -0.162757 0.073046 153 0 76
-0.248630 -0.030477 0.161288 153 0 76
0.050210 -0.141062 0.054192 255 0 0
-0.307231 0.015541 -0.154797 153 0 76
-0.240116 0.079098 -0.153751 153 0 76
-0.319469 -0.679081 0.510367 127 0 127
0.376237 -0.040654 0.293634 153 0 76
0.123488 -0.143245 0.004010 255 0 0
0.326795 -0.021237 0.056854 153 0 76
0.142456 0.555550 -0.243278 76 0 153
-0.066857 0.038853 -0.170829 76 0 153
-0.410587 -0.376797 -0.146461 76 153 0
0.107135 -0.053314 -0.130288 153 0 76
-0.218720 0.744891 -0.285194 153 76 0
-0.260959 -0.093348 0.453835 153 0 76
0.369798 -0.729641 -0.301317 153 0 76
-0.361092 0.458037 -0.180478 153 0 76
-0.269599 -0.097668 -0.189850 76 153 0
0.443033 -0.729988 -0.301551 204 51 127
-0.304265 -0.743291 0.509359 0 127 127
0.088399 -0.055264 -0.102196 153 0 76
0.054572 -0.149569 0.002316 255 0 0
-0.400066 -0.639642 -0.302306 76 153 0
-0.354411 -0.287109 0.206338 153 0 76
0.257481 0.333102 -0.176319 76 0 153
0.110007 -0.035716 0.360654 153 0 76
-0.333724 -0.294064 0.212213 153 0 76
-0.373943 -0.085526 0.016642 153 0 76
0.239798 0.330345 -0.155614 76 0 153
-0.287995 -0.027180 -0.068965 153 0 76
0.194667 0.133694 -0.135231 76 0 153
0.120691 0.151268 -0.151267 76 0 153
-0.245421 0.164840 -0.187812 153 0 76
-0.381907 -0.039376 0.220540 153 0 76
0.368115 -0.161992 0.004401 255 0 0
-0.167610 0.120076 -0.143099 76 0 153
0.439911 -0.733752 -0.231154 204 51 127
-0.378050 -0.281430 -0.114704 76 153 0
-0.177202 -0.042234 0.414991 153 0 76
0.023788 0.398210 -0.214870 76 0 153
-0.268912 0.394991 -0.162067 153 0 76
0.025938 -0.039273 0.298683 153 0 76
0.370733 -0.731512 -0.264405 153 0 76
-0.001080 0.588116 -0.257016 153 76 0
0.169616 0.034716 -0.150916 76 0 153
-0.371685 -0.725590 0.486753 76 153 0
-0.003732 0.115337 -0.170428 76 0 153
-0.150392 0.144686 -0.144428 76 0 153
0.282135 -0.064698 -0.207467 0 127 127
-0.254366 0.216669 -0.127573 153 0 76
0.250771 0.663920 -0.240076 153 76 0
-0.335069 -0.125587 0.034606 255 0 0
-0.125045 -0.049916 -0.012124 153 0 76
0.404777 -0.280730 -0.092348 153 76 0
-0.003194 -0.041545 0.265363 153 0 76
-0.148539 0.268031 -0.167002 76 0 153
-0.358411 0.626975 -0.212829 153 0 76
-0.157644 -0.042067 0.127255 153 0 76
-0.127074 0.238609 -0.165248 76 0 153
0.080195 0.141294 -0.160288 76 0 153
0.201339 -0.041340 -0.157587 153 0 76
-0.192344 0.620168 -0.245907 153 76 0
0.193039 -0.042971 -0.029341 153 0 76
-0.079054 -0.062541 0.448188 153 0 76
-0.385791 -0.436550 -0.210072 76 153 0
-0.325873 -0.020097 0.132008 153 0 76
0.410236 -0.474940 -0.224573 153 76 0
-0.327069 -0.020966 0.395063 153 0 76
-0.150511 0.329346 -0.181548 76 0 153
-0.328372 0.649796 -0.217723 153 0 76
-0.051759 -0.005560 -0.175851 76 0 153
-0.014200 0.437741 -0.225759 76 0 153
-0.370011 -0.037282 -0.016448 153 0 76
-0.237319 0.025427 -0.166947 153 0 76
0.199320 0.325843 -0.167240 76 0 153
0.326393 -0.714520 0.488739 153 0 76
-0.347995 -0.365113 0.285671 153 0 76
-0.256975 -0.099691 -0.049505 76 153 0
0.068504 0.556671 -0.250702 76 0 153
0.204176 -0.075407 0.455144 153 0 76
-0.232486 0.176709 -0.182475 153 0 76
-0.363572 -0.094213 0.031688 153 0 76
-0.310037 0.111675 -0.147332 153 0 76
-0.234700 -0.047659 -0.180273 76 153 0
0.074606 0.235951 -0.172793 76 0 153
-0.137952 0.217653 -0.158589 76 0 153
-0.052801 -0.058161 -0.155703 153 0 76
-0.345978 -0.029950 -0.146190 153 0 76
0.366044 -0.704930 0.571627 153 0 76
0.345017 -0.376052 0.299742 76 0 153
0.290251 0.560766 -0.218015 76 0 153
-0.053199 -0.093142 -0.192236 153 0 76
-0.184493 0.311179 -0.168103 76 0 153
-0.171876 -0.045412 0.002019 153 0 76
0.373713 -0.053324 0.195067 153 0 76
0.260287 0.013531 -0.208259 76 0 153
0.204083 -0.039586 0.018802 153 0 76
-0.100614 -0.175233 0.014902 255 0 0
0.111222 -0.052741 -0.096249 153 0 76
0.396604 -0.550033 -0.244428 153 76 0
-0.414440 -0.451597 -0.220850 76 153 0
0.224080 0.214955 -0.133792 76 0 153
0.321760 -0.016217 -0.095579 153 0 76
-0.162627 0.176818 -0.144300 76 0 153
0.041626 -0.045432 0.172409 153 0 76
-0.193571 -0.043345 -0.108431 153 0 76
-0.195482 -0.039038 0.125402 153 0 76
-0.200336 -0.043397 -0.069753 153 0 76
0.063636 -0.038283 0.303312 153 0 76
0.266467 -0.163600 0.032306 0 127 127
-0.146614 0.443592 -0.215568 76 0 153
0.299160 0.725448 -0.251090 76 0 153
0.355388 -0.536522 0.445766 76 0 153
0.097388 -0.052908 -0.011203 153 0 76
-0.447644 -0.712096 -0.303990 127 127 0
0.203515 0.408856 -0.190092 76 0 153
-0.358332 -0.493626 0.432370 153 0 76
-0.078476 0.565501 -0.251226 76 0 153
-0.300804 -0.022559 0.166568 153 0 76
0.075863 -0.054793 -0.025475 153 0 76
-0.194847 -0.035518 0.193341 153 0 76
-0.212888 0.154932 -0.129093 153 0 76
-0.394926 -0.637067 -0.286683 76 153 0
0.386511 -0.126072 0.036418 255 0 0
0.145850 -0.179156 0.031007 255 0 0
-0.300624 0.621382 -0.233197 153 0 76
0.334566 0.612909 -0.228595 76 0 153
-0.340774 0.670822 -0.251458 153 0 76
-0.444130 -0.683657 -0.247632 127 127 0
-0.403164 -0.240873 -0.079799 76 153 0
-0.420926 -0.558881 -0.244918 76 153 0
-0.217928 -0.029181 0.275545 153 0 76
0.363648 0.702543 -0.254128 76 0 153
0.215164 -0.038576 0.416237 153 0 76
-0.350512 0.672056 -0.237402 153 0 76
0.015296 -0.053157 0.027505 153 0 76
0.354904 0.703921 -0.244429 76 0 153
-0.091146 -0.055617 -0.139699 153 0 76
-0.055419 -0.047657 0.412142 153 0 76
0.251427 0.050164 -0.134176 76 0 153
0.347930 -0.047850 -0.131194 153 0 76
-0.423432 -0.508203 -0.244521 76 153 0
0.095076 -0.101523 -0.186852 153 0 76
0.201929 0.181100 -0.134542 76 0 153
-0.279849 0.547771 -0.203244 153 0 76
-0.057859 -0.125889 0.035732 255 0 0
-0.309162 -0.019524 -0.118452 153 0 76
-0.299313 -0.084263 -0.124420 76 153 0
-0.225109 0.659123 -0.249621 153 76 0
-0.315760 0.494863 -0.168863 153 0 76
-0.345162 -0.016194 0.128762 153 0 76
-0.290086 -0.169384 0.049734 255 0 0
0.157808 0.717527 -0.276457 153 76 0
-0.224067 -0.111061 0.457524 153 0 76
-0.309909 0.708855 -0.244634 153 0 76
0.332545 0.704845 -0.265502 76 0 153
-0.357160 0.683933 -0.235869 153 0 76
-0.135887 -0.097972 -0.183668 153 0 76
0.277223 -0.028794 0.091198 153 0 76
-0.204329 0.479774 -0.211058 76 0 153
-0.308820 0.154663 -0.140958 153 0 76
-0.240030 -0.025950 0.285628 153 0 76
-0.364436 0.528633 -0.193275 153 0 76
0.334353 0.466784 -0.157807 76 0 153
-0.064602 0.370958 -0.205157 76 0 153
-0.339227 -0.015588 0.382230 153 0 76
-0.338939 0.316206 -0.151002 153 0 76
-0.103122 0.279416 -0.177985 76 0 153
0.299900 0.544029 -0.223939 76 0 153
0.233706 -0.092077 0.455375 153 0 76
-0.281352 0.415116 -0.162383 153 0 76
0.278555 -0.021418 0.245234 153 0 76
0.350453 -0.022439 0.022892 153 0 76
-0.127217 0.585243 -0.250560 153 76 0
-0.324829 -0.725710 0.488198 127 0 127
0.057474 0.314464 -0.192787 76 0 153
-0.147689 -0.037227 0.238901 153 0 76
-0.344878 -0.687032 0.571834 127 0 127
0.169107 0.733286 -0.287408 153 76 0
0.375805 -0.031252 0.272679 153 0 76
-0.125484 -0.036920 0.281367 153 0 76
0.022085 0.746189 -0.324498 153 76 0
-0.310221 -0.714775 0.498365 0 127 127
0.301946 -0.088541 -0.140644 0 127 127
0.223709 0.154358 -0.173494 76 0 153
-0.011404 0.404211 -0.216488 76 0 153
-0.233489 -0.149667 0.024012 76 153 0
0.330619 -0.180793 0.120671 76 0 153
-0.363044 -0.556483 0.458688 153 0 76
-0.278813 -0.148353 0.002641 255 0 0
0.305215 -0.754331 0.522844 76 0 153
-0.352871 -0.548365 0.469919 153 0 76
-0.259142 -0.043843 0.433658 153 0 76
-0.399080 -0.511637 -0.260435 76 153 0
-0.394662 -0.125525 0.034374 255 0 0
0.266188 0.211940 -0.122189 76 0 153
0.083253 0.445517 -0.224317 76 0 153
0.354892 -0.497302 0.426334 76 0 153
0.375116 -0.377440 -0.178747 153 76 0
0.158374 0.003757 -0.156418 76 0 153
-0.377625 -0.714032 -0.260354 0 255 0
0.006272 -0.058362 -0.079637 153 0 76
0.270255 0.013726 -0.135805 76 0 153
-0.359911 -0.021503 0.039790 153 0 76
-0.213747 -0.037511 0.112889 153 0 76
0.140979 0.137623 -0.146993 76 0 153
-0.109701 -0.118273 0.462350 153 0 76
0.388773 -0.415678 -0.175533 153 76 0
-0.216487 0.284040 -0.152968 76 0 153
0.287545 0.401348 -0.201662 76 0 153
-0.388343 -0.413307 -0.205522 76 153 0
0.308934 0.202310 -0.145705 76 0 153
-0.272901 0.132983 -0.146256 153 0 76
-0.408788 -0.256012 -0.077791 76 153 0
0.289907 -0.094747 -0.070571 76 0 153
0.318322 -0.010807 0.320001 153 0 76
-0.258251 0.149445 -0.143966 153 0 76
0.180294 0.497258 -0.222477 76 0 153
0.430485 -0.694064 -0.237182 204 51 127
0.390488 -0.635921 -0.283239 153 76 0
0.145220 0.516562 -0.236738 76 0 153
-0.048949 -0.042638 0.233562 153 0 76
-0.322698 -0.189870 0.081602 153 0 76
-0.310508 -0.023029 -0.179866 76 153 0
-0.406563 -0.578714 -0.253886 76 153 0
0.257571 0.078237 -0.129687 76 0 153
0.383381 -0.139219 0.053698 255 0 0
-0.288910 -0.132568 -0.107079 76 153 0
0.306112 -0.020842 -0.078308 153 0 76
0.170087 0.227197 -0.151848 76 0 153
-0.235448 0.082874 -0.189629 153 0 76
0.247534 0.054721 -0.203107 76 0 153
-0.303407 0.266482 -0.164343 153 0 76
-0.352249 0.438528 -0.161476 153 0 76
0.113457 -0.050117 0.021568 153 0 76
-0.386874 -0.172686 0.012355 255 0 0
-0.349026 0.705422 -0.238316 153 0 76
0.302831 -0.023314 0.399228 153 0 76
-0.104128 -0.054351 -0.146604 153 0 76
0.062816 0.038530 -0.171314 76 0 153
0.378803 -0.323980 -0.110021 153 76 0
-0.248766 0.654551 -0.243161 153 76 0
-0.377838 -0.682426 -0.252783 0 255 0
0.318364 -0.298810 0.258190 76 0 153
0.192390 -0.043195 -0.079425 153 0 76
-0.082882 -0.056584 -0.151034 153 0 76
0.375883 -0.060336 0.284803 153 0 76
-0.164766 -0.047381 -0.028642 153 0 76
0.175778 -0.038058 0.405176 153 0 76
-0.315911 0.615931 -0.209647 153 0 76
-0.024606 -0.082251 0.460680 153 0 76
0.305908 0.299763 -0.166342 76 0 153
0.145243 -0.156140 0.002833 255 0 0
0.429798 -0.642396 -0.301536 153 76 0
-0.300212 0.716860 -0.250161 153 0 76
0.069099 0.731414 -0.296632 153 76 0
-0.356032 -0.018069 0.068323 153 0 76
0.332435 0.460975 -0.190360 76 0 153
0.350902 0.416156 -0.165749 76 0 153
-0.422508 -0.460863 -0.204818 76 153 0
0.346412 -0.510526 0.445395 76 0 153
0.224786 -0.007504 -0.191128 76 0 153
-0.320583 -0.651178 0.511104 153 0 76
-0.244308 0.008463 -0.140639 153 0 76
-0.231739 -0.101344 -0.135342 76 153 0
0.332900 -0.688206 0.500402 153 0 76
0.243547 -0.136542 0.006901 255 0 0
0.304204 0.260802 -0.125051 76 0 153
0.230805 -0.036419 -0.080319 153 0 76
-0.152896 0.514159 -0.234675 76 0 153
0.314253 -0.546067 0.448853 76 0 153
-0.067306 -0.153302 0.056714 255 0 0
-0.323726 -0.383603 0.318331 153 0 76
-0.374192 -0.089469 0.355343 153 0 76
-0.025823 0.416972 -0.220016 76 0 153
0.089746 0.717800 -0.282676 153 76 0
-0.405378 -0.711412 -0.220227 255 0 0
-0.343795 -0.229023 0.122563 153 0 76
0.266856 0.456136 -0.179213 76 0 153
0.032726 0.148157 -0.165127 76 0 153
0.266412 0.408484 -0.164977 76 0 153
0.347270 -0.608053 0.462726 76 0 153
0.161841 0.515806 -0.232390 76 0 153
-0.363771 -0.491427 0.409213 153 0 76
-0.264987 -0.159101 0.011732 153 0 76
-0.157109 -0.032299 0.358719 153 0 76
0.314552 -0.022673 0.075603 153 0 76
-0.212890 -0.035704 0.402048 153 0 76
0.289443 -0.165956 0.053163 255 0 0
-0.181128 -0.039066 0.148624 153 0 76
-0.347818 0.466678 -0.172785 153 0 76
0.282798 -0.024311 -0.213145 76 0 153
-0.005484 -0.043454 0.398663 153 0 76
0.299784 0.590573 -0.235352 76 0 153
0.262074 0.195718 -0.120383 76 0 153
0.178987 -0.032357 0.269163 153 0 76
0.022528 -0.013840 -0.178894 76 0 153
-0.335633 0.601080 -0.227418 153 0 76
0.178186 -0.159568 0.055035 255 0 0
0.345167 -0.071598 -0.124528 153 0 76
-0.379681 -0.033193 0.180369 153 0 76
0.145201 -0.132972 0.430452 153 0 76
0.123659 0.607430 -0.252703 153 76 0
-0.310236 -0.105178 -0.078355 76 153 0
0.250331 -0.097187 -0.060496 0 127 127
-0.027844 0.601563 -0.258784 153 76 0
0.169416 -0.047666 0.431292 153 0 76
-0.369227 -0.730181 0.500150 76 153 0
-0.135330 -0.051741 0.435433 153 0 76
-0.418422 -0.633054 -0.312228 76 153 0
-0.041763 -0.026521 -0.178377 76 0 153
-0.195065 0.573495 -0.237410 76 0 153
0.316959 0.369309 -0.177228 76 0 153
-0.233795 -0.038491 -0.006556 153 0 76
0.046752 -0.037409 0.357399 153 0 76
-0.276054 0.603247 -0.219898 76 0 153
0.257527 0.073299 -0.154558 76 0 153
-0.322028 0.394720 -0.186295 153 0 76
0.361572 -0.011612 0.258905 153 0 76
-0.308749 0.017489 -0.192523 153 0 76
-0.237822 -0.096970 -0.097751 153 0 76
-0.247910 0.411395 -0.176099 153 0 76
0.026066 0.293551 -0.190048 76 0 153
-0.280256 -0.118001 0.431335 153 0 76
0.307776 -0.680758 0.543424 76 0 153
-0.249052 0.260739 -0.174280 153 0 76
-0.289888 0.545999 -0.197905 153 0 76
-0.023906 0.147522 -0.165937 76 0 153
0.272885 -0.135455 -0.094135 76 0 153
-0.202335 0.221043 -0.142585 76 0 153
-0.192210 -0.037025 0.169070 153 0 76
0.324224 -0.481554 0.387492 76 0 153
-0.260857 -0.026816 0.204275 153 0 76
-0.074447 -0.053610 -0.000915 153 0 76
0.353363 -0.072169 0.439598 153 0 76
0.290485 0.351368 -0.190165 76 0 153
0.287359 -0.151262 -0.022608 0 127 127
0.239133 0.591004 -0.228285 76 0 153
0.367318 -0.058165 0.028391 153 0 76
-0.195540 -0.074840 0.455668 153 0 76
-0.241310 -0.034303 -0.150942 153 0 76
0.297918 0.571970 -0.202382 76 0 153
0.024252 -0.076719 -0.193408 153 0 76
0.448848 -0.724211 -0.248498 204 51 127
0.237593 -0.098610 -0.187278 0 127 127
0.303672 -0.122814 -0.009008 0 127 127
0.284264 -0.167853 0.007521 0 127 127
-0.168288 -0.047101 -0.083478 153 0 76
-0.321097 0.499909 -0.211314 153 0 76
0.003702 0.473635 -0.235688 76 0 153
0.224921 0.076654 -0.171650 76 0 153
-0.405017 -0.315664 -0.102867 76 153 0
-0.014617 0.739316 -0.309146 153 76 0
0.073905 0.065167 -0.167725 76 0 153
0.002089 0.224857 -0.176346 76 0 153
0.180703 0.135487 -0.138263 76 0 153
-0.381553 -0.216195 -0.008956 76 153 0
0.338485 0.492137 -0.172982 76 0 153
-0.395724 -0.454328 -0.197886 76 153 0
-0.333639 -0.010934 0.289874 153 0 76
0.062638 -0.047944 0.115201 153 0 76
-0.171782 0.145411 -0.139402 76 0 153
-0.374243 -0.038966 0.048182 153 0 76
-0.086103 -0.052170 0.013277 153 0 76
0.326454 -0.177621 0.022057 255 0 0
-0.161443 0.391477 -0.196333 76 0 153
0.355607 -0.581543 0.474206 76 0 153
-0.395756 -0.594803 -0.267223 76 153 0
0.215236 -0.032399 0.195381 153 0 76
0.226573 -0.143088 -0.006926 0 127 127
0.225280 -0.098693 -0.116072 0 127 127
-0.412707 -0.293497 -0.111863 76 153 0
-0.370365 -0.034576 0.005463 153 0 76
0.169344 -0.088346 0.458659 153 0 76
0.284698 0.097948 -0.187951 76 0 153
-0.080297 -0.056451 -0.111857 153 0 76
-0.406734 -0.322128 -0.149365 76 153 0
0.262936 0.337098 -0.193762 76 0 153
-0.378826 -0.342602 -0.145144 76 153 0
0.000758 -0.103432 -0.192990 153 0 76
0.303167 0.486621 -0.171239 76 0 153
0.376469 -0.078134 0.341429 153 0 76
-0.233368 -0.041991 0.427005 153 0 76
0.373419 -0.076669 0.316151 153 0 76
-0.099627 -0.005182 -0.169000 76 0 153
-0.000912 -0.108046 0.463790 153 0 76
-0.311669 0.759987 -0.281894 153 0 76
0.382737 -0.332208 -0.133548 153 76 0
-0.161205 -0.039353 0.176137 153 0 76
-0.329992 -0.170106 0.009774 255 0 0
-0.311319 0.135820 -0.165155 153 0 76
-0.165163 -0.042659 0.104181 153 0 76
0.164403 0.048237 -0.150780 76 0 153
-0.414351 -0.679443 -0.292385 255 0 0
-0.270092 -0.129442 -0.120363 76 153 0
0.229363 -0.121508 0.001517 0 127 127
-0.377207 -0.062825 0.093821 153 0 76
0.220621 0.023589 -0.142337 76 0 153
-0.307205 -0.003155 -0.157369 153 0 76
-0.274619 -0.126324 -0.134337 76 153 0
-0.410391 -0.267496 -0.093004 76 153 0
0.314019 -0.472131 0.393480 76 0 153
0.022493 0.040649 -0.174493 76 0 153
0.360618 -0.084318 -0.028633 153 0 76
-0.231553 -0.113034 -0.084609 153 0 76
-0.424881 -0.726391 -0.219042 255 0 0
0.282993 0.079376 -0.153712 76 0 153
0.206158 -0.042101 -0.049017 153 0 76
-0.155106 -0.058753 0.448316 153 0 76
-0.315031 0.363146 -0.137977 153 0 76
0.326204 -0.149423 0.002355 255 0 0
0.347017 -0.164851 0.084599 76 0 153
-0.360158 -0.018029 0.095811 153 0 76
0.319934 -0.018020 0.163185 153 0 76
-0.389205 -0.209901 -0.062816 76 153 0
-0.254913 -0.154529 -0.008753 153 0 76
-0.238623 0.162445 -0.142158 153 0 76
-0.143683 -0.042956 0.127959 153 0 76
-0.044768 -0.053945 0.430980 153 0 76
-0.394472 -0.180909 -0.021917 76 153 0
-0.224572 -0.034293 0.150427 153 0 76
0.173859 -0.019173 -0.155300 76 0 153
0.236498 -0.056902 -0.210057 76 0 153
-0.378008 -0.028170 0.390538 153 0 76
-0.261279 0.248243 -0.131383 153 0 76
-0.303286 -0.080022 0.450112 153 0 76
0.321744 -0.377173 0.303798 76 0 153
0.097211 -0.043210 0.187095 153 0 76
0.345248 -0.207576 0.154662 76 0 153
-0.002137 0.237206 -0.178278 76 0 153
0.290918 -0.037993 -0.158467 153 0 76
-0.382049 -0.711538 0.527934 76 153 0
-0.026854 0.298211 -0.191125 76 0 153
-0.343391 0.351625 -0.151974 153 0 76
0.000474 -0.059357 -0.120423 153 0 76
-0.299265 -0.009911 -0.145913 153 0 76
-0.029069 0.260374 -0.182971 76 0 153
0.146724 -0.087769 0.459257 153 0 76
0.054291 0.055432 -0.170622 76 0 153
0.287744 -0.025579 0.122307 153 0 76
-0.102435 0.605911 -0.255324 153 76 0
-0.342858 -0.011465 0.362772 153 0 76
-0.342082 -0.293756 0.266899 153 0 76
-0.156328 -0.124651 0.031113 255 0 0
-0.389775 -0.280681 -0.073568 76 153 0
0.134811 -0.043802 0.118348 153 0 76
0.011618 -0.039611 0.297669 153 0 76
0.348140 -0.006490 0.315402 153 0 76
0.287881 -0.022461 0.191388 153 0 76
-0.256019 0.282590 -0.139233 153 0 76
0.203277 -0.051616 0.439937 153 0 76
0.238858 -0.011290 -0.143862 76 0 153
-0.232081 0.064210 -0.173062 153 0 76
0.095643 -0.045751 0.137572 153 0 76
-0.345039 0.464249 -0.161714 153 0 76
-0.282400 0.432138 -0.166539 153 0 76
-0.243903 -0.141800 -0.056987 76 153 0
0.254959 -0.094644 -0.071508 0 127 127
0.272694 0.443186 -0.172302 76 0 153
-0.422409 -0.631019 -0.270501 76 153 0
0.342621 0.525211 -0.186605 76 0 153
0.263986 0.520892 -0.201363 76 0 153
-0.347803 -0.011899 0.217819 153 0 76
-0.234167 -0.030166 0.211453 153 0 76
0.339627 -0.521730 0.412261 76 0 153
-0.377678 -0.736532 -0.282786 0 255 0
0.264727 0.551886 -0.210329 76 0 153
0.396284 -0.269594 -0.109201 153 76 0
0.001860 -0.060295 -0.172586 153 0 76
0.073840 0.256795 -0.177604 76 0 153
-0.059789 -0.046783 0.144771 153 0 76
0.034537 0.314091 -0.194440 76 0 153
0.375110 -0.374015 -0.156071 153 76 0
-0.076934 0.717524 -0.284947 153 76 0
0.213048 0.260471 -0.148183 76 0 153
0.375212 -0.718092 0.542873 153 76 0
-0.342080 0.436450 -0.181349 153 0 76
-0.035013 -0.140338 0.053998 255 0 0
-0.341775 -0.088081 0.446660 153 0 76
0.317389 0.283325 -0.130419 76 0 153
-0.128669 -0.051595 -0.124145 153 0 76
-0.437690 -0.643197 -0.296539 76 153 0
0.109971 -0.129625 0.044967 255 0 0
0.044106 0.741579 -0.314117 153 76 0
0.211318 -0.027764 0.360595 153 0 76
0.351663 -0.440952 0.362491 76 0 153
0.189896 -0.147140 0.002966 255 0 0
-0.192389 0.649865 -0.252353 153 76 0
0.267456 -0.088115 -0.197456 0 127 127
-0.294895 0.226073 -0.120547 153 0 76
0.305987 -0.016855 0.245423 153 0 76
-0.088688 -0.090419 0.461699 153 0 76
-0.344361 -0.472558 0.375919 153 0 76
-0.258911 -0.021913 0.306586 153 0 76
0.284983 -0.027822 0.080806 153 0 76
-0.249127 -0.116133 0.022475 76 153 0
-0.346197 -0.133484 0.009959 255 0 0
0.000262 0.151768 -0.167924 76 0 153
0.184792 -0.124838 0.031810 255 0 0
0.270763 -0.074775 0.451631 153 0 76
0.329845 0.662730 -0.221729 76 0 153
-0.201004 -0.129748 0.045090 255 0 0
-0.117138 -0.071383 -0.187149 153 0 76
0.336962 -0.591106 0.452328 76 0 153
0.307983 -0.168004 0.051115 255 0 0
0.333684 -0.471760 0.375290 76 0 153
-0.018726 -0.110515 -0.185501 153 0 76
-0.170724 0.606191 -0.247858 153 76 0
-0.055720 0.741289 -0.313731 153 76 0
0.354007 -0.271288 0.218255 76 0 153
-0.301254 -0.088594 -0.112548 76 153 0
0.369919 -0.027264 0.402973 153 0 76
-0.371282 -0.013152 0.355987 153 0 76
-0.235920 0.551358 -0.222912 76 0 153
-0.377863 -0.052373 0.109895 153 0 76
-0.344681 0.416845 -0.170924 153 0 76
-0.324585 -0.128866 0.044208 255 0 0
0.320626 -0.531568 0.456812 76 0 153
0.112760 0.097533 -0.156880 76 0 153
0.383703 -0.516675 -0.249957 153 76 0
0.305929 0.677920 -0.263079 76 0 153
-0.084401 -0.177528 0.037077 255 0 0
0.016284 -0.037631 0.334490 153 0 76
-0.349630 -0.167392 0.051726 255 0 0
0.269613 -0.024880 0.204127 153 0 76
-0.130275 0.106903 -0.153157 76 0 153
0.196706 0.000221 -0.149016 76 0 153
-0.027069 -0.038308 0.333144 153 0 76
0.220638 0.235122 -0.139056 76 0 153
-0.384477 -0.045373 0.402335 153 0 76
-0.453348 -0.684345 -0.282159 127 127 0
-0.147969 -0.178500 0.025334 255 0 0
0.024335 -0.043125 0.224147 153 0 76
0.176065 -0.038568 0.154895 153 0 76
-0.053188 0.259857 -0.181527 76 0 153
-0.436679 -0.681094 -0.269407 255 0 0
0.306974 0.259311 -0.151035 76 0 153
-0.264140 -0.029224 0.142002 153 0 76
0.190038 0.554190 -0.232842 76 0 153
-0.374597 -0.754201 0.521026 76 153 0
-0.086127 -0.134398 0.453705 153 0 76
0.037972 -0.052486 0.427229 153 0 76
-0.028852 -0.047206 0.150832 153 0 76
-0.360297 -0.518204 0.446479 153 0 76
-0.306122 -0.177802 0.036056 255 0 0
-0.184936 0.010091 -0.150951 76 0 153
-0.084864 -0.038022 0.363234 153 0 76
0.319491 0.393470 -0.182128 76 0 153
0.280004 -0.016270 0.322363 153 0 76
0.350267 -0.721025 0.487530 153 0 76
0.089186 -0.044172 0.178445 153 0 76
0.319981 0.297620 -0.142764 76 0 153
0.222049 0.177088 -0.129340 76 0 153
-0.327719 0.439766 -0.194353 153 0 76
0.253711 0.385172 -0.163965 76 0 153
-0.021857 0.484928 -0.238845 76 0 153
-0.302828 -0.710183 0.525550 0 127 127
-0.205640 0.343517 -0.170844 76 0 153
-0.343049 0.623172 -0.231284 153 0 76
0.373101 -0.016848 0.328477 153 0 76
0.123195 -0.046593 0.078859 153 0 76
-0.235153 -0.052841 -0.169606 153 0 76
0.092978 -0.161238 0.054587 255 0 0
0.298717 0.178773 -0.129832 76 0 153
0.278740 0.010211 -0.163333 76 0 153
-0.210068 0.264898 -0.149937 76 0 153
0.298088 -0.046813 -0.210264 76 0 153
0.352159 -0.100897 0.434661 153 0 76
0.017622 -0.174944 0.044173 255 0 0
0.277420 -0.067733 -0.156169 0 127 127
0.314488 -0.520671 0.434302 76 0 153
-0.313769 -0.720328 0.580933 0 127 127
-0.436080 -0.713561 -0.227947 127 127 0
0.264284 -0.160001 0.016004 0 127 127
0.370659 -0.696949 -0.254571 153 0 76
0.046807 -0.043362 0.210782 153 0 76
-0.399713 -0.503909 -0.222408 76 153 0
-0.154838 0.622466 -0.253814 153 76 0
-0.022482 0.317388 -0.195250 76 0 153
-0.138944 -0.050131 -0.084262 153 0 76
-0.106573 -0.041439 0.212063 153 0 76
-0.322232 0.569452 -0.226066 153 0 76
0.355338 -0.466331 0.404043 76 0 153
0.124346 -0.065582 0.452088 153 0 76
-0.083950 0.208544 -0.166749 76 0 153
-0.353888 0.713907 -0.245849 153 0 76
0.253571 0.310540 -0.182229 76 0 153
-0.111625 -0.039906 0.237491 153 0 76
-0.310260 -0.134727 0.053465 255 0 0
-0.032575 -0.128883 0.461137 153 0 76
0.394207 -0.579275 -0.256688 153 76 0
0.097733 -0.039451 0.263070 153 0 76
0.026075 -0.138732 0.053567 255 0 0
-0.320595 -0.594696 0.476909 153 0 76
0.401565 -0.344717 -0.165258 153 76 0
0.336517 -0.542159 0.424510 76 0 153
-0.168502 -0.033766 0.270222 153 0 76
-0.050458 0.443038 -0.226997 76 0 153
0.317270 -0.243827 0.191212 76 0 153
-0.426892 -0.484957 -0.239233 76 153 0
0.324719 -0.039966 0.434721 153 0 76
0.103129 -0.053704 -0.117006 153 0 76
0.312285 -0.017356 0.373368 153 0 76
-0.342974 -0.310247 0.285784 153 0 76
0.241345 -0.025461 0.267934 153 0 76
0.291095 0.349858 -0.141391 76 0 153
-0.335279 -0.054979 0.444034 153 0 76
0.033263 0.133354 -0.166241 76 0 153
-0.058338 0.239137 -0.176269 76 0 153
0.094706 0.159403 -0.156869 76 0 153
-0.293907 -0.028142 -0.023175 153 0 76
-0.103124 -0.127377 0.041286 255 0 0
0.294713 0.066124 -0.188996 76 0 153
0.374953 -0.709576 0.559048 153 76 0
0.051851 0.228535 -0.175289 76 0 153
-0.022007 -0.041007 0.280470 153 0 76
0.314438 0.310244 -0.132133 76 0 153
-0.136863 -0.034390 0.310729 153 0 76
-0.365988 -0.062596 0.434573 153 0 76
0.117982 0.179861 -0.155894 76 0 153
0.243917 0.106421 -0.149951 76 0 153
0.249369 -0.014918 -0.166828 76 0 153
0.031507 -0.178393 0.024934 255 0 0
0.376032 -0.066683 0.297366 153 0 76
0.243738 0.186707 -0.124491 76 0 153
0.081192 -0.083446 0.460239 153 0 76
-0.336710 -0.682069 0.565083 127 0 127
-0.340448 -0.459011 0.365635 153 0 76
-0.323278 -0.681229 0.551840 127 0 127
-0.007706 -0.036910 -0.182148 76 0 153
0.188396 0.411547 -0.194871 76 0 153
0.087610 -0.045855 0.146228 153 0 76
-0.233622 -0.138675 -0.026811 76 153 0
-0.368172 -0.080256 -0.039901 153 0 76
0.182593 -0.044542 -0.037957 153 0 76
-0.200579 0.184265 -0.135727 76 0 153
0.220646 -0.029833 0.384384 153 0 76
-0.426988 -0.462501 -0.215160 76 153 0
0.122140 0.168871 -0.151229 76 0 153
-0.042883 -0.044434 0.202051 153 0 76
-0.171029 -0.030435 0.329348 153 0 76
0.349788 0.514085 -0.174031 76 0 153
0.243294 -0.063669 -0.159005 0 127 127
0.364289 0.565274 -0.208198 76 0 153
0.144324 -0.132532 0.010911 255 0 0
0.231677 -0.037963 -0.013063 153 0 76
0.275515 -0.027457 0.403133 153 0 76
-0.188609 -0.035090 0.211799 153 0 76
0.264689 -0.039344 -0.161505 153 0 76
-0.163593 -0.168656 0.050462 255 0 0
0.275661 0.294875 -0.134459 76 0 153
-0.008084 0.257089 -0.182260 76 0 153
0.079777 -0.048434 0.098950 153 0 76
-0.267431 0.150748 -0.187035 153 0 76
0.194301 -0.167046 0.052073 255 0 0
0.261762 -0.138953 -0.078223 76 0 153
-0.168986 0.310467 -0.172016 76 0 153
0.237000 -0.032969 0.132679 153 0 76
-0.338740 0.712684 -0.269266 153 0 76
-0.084038 -0.050441 0.052819 153 0 76
0.268068 0.249561 -0.128390 76 0 153
0.217530 0.561238 -0.227769 76 0 153
0.336378 0.687742 -0.230143 76 0 153
0.382940 -0.218137 -0.014962 153 76 0
-0.322023 -0.493711 0.420052 153 0 76
0.022045 0.182157 -0.169683 76 0 153
-0.276592 0.294008 -0.135222 153 0 76
-0.080564 0.502689 -0.240580 76 0 153
0.329036 -0.016832 -0.055962 153 0 76
-0.357542 -0.151972 0.052439 153 0 76
-0.245393 0.721935 -0.263125 153 76 0
-0.095514 -0.054623 -0.086196 153 0 76
-0.212434 0.323459 -0.163765 76 0 153
-0.295712 -0.043154 -0.159406 153 0 76
-0.274832 0.583800 -0.213770 76 0 153
0.419082 -0.581485 -0.287883 153 76 0
-0.208197 0.686370 -0.260501 153 76 0
-0.267999 -0.019994 -0.212875 153 0 76
0.345504 0.548098 -0.183100 76 0 153
-0.080138 0.270200 -0.179549 76 0 153
0.246651 -0.028513 0.195528 153 0 76
-0.304741 -0.752198 0.516287 0 127 127
0.359421 -0.072584 -0.074202 153 0 76
-0.380322 -0.717112 0.498540 76 153 0
0.167213 -0.131978 0.437813 153 0 76
0.159086 0.192630 -0.147363 76 0 153
-0.299386 0.552762 -0.195750 153 0 76
0.416335 -0.632066 -0.309874 153 76 0
0.005905 -0.038751 0.316688 153 0 76
0.092164 0.118091 -0.159606 76 0 153
0.348602 -0.159477 0.055059 255 0 0
-0.140205 0.526353 -0.240202 76 0 153
0.330583 0.369510 -0.156152 76 0 153
0.250529 -0.034668 -0.028708 153 0 76
0.263039 0.111596 -0.149231 76 0 153
0.114064 0.695654 -0.272186 153 76 0
0.293082 -0.056920 -0.210005 0 127 127
0.284427 0.434293 -0.188942 76 0 153
0.385215 -0.350368 -0.138986 153 76 0
0.234831 0.167809 -0.187396 76 0 153
0.303815 -0.697890 0.565426 76 0 153
-0.344446 -0.415363 0.381837 153 0 76
0.278293 0.004594 -0.135693 76 0 153
0.255514 0.527287 -0.207609 76 0 153
0.242054 -0.034882 0.027660 153 0 76
0.357105 -0.009245 0.353542 153 0 76
-0.337700 0.575156 -0.188827 153 0 76
0.393942 -0.200836 -0.019637 153 76 0
0.094592 0.442305 -0.222364 76 0 153
0.029914 -0.037052 0.342367 153 0 76
-0.254409 -0.126727 -0.131766 76 153 0
-0.143354 0.422645 -0.210281 76 0 153
-0.268018 -0.022417 0.269163 153 0 76
0.146364 -0.043184 0.113553 153 0 76
-0.354645 -0.010216 0.252157 153 0 76
0.259975 0.316438 -0.191290 76 0 153
-0.347905 -0.371374 0.345371 153 0 76
-0.221644 0.064578 -0.137768 153 0 76
-0.257030 0.439464 -0.179697 153 0 76
-0.374098 -0.081555 0.312214 153 0 76
-0.268147 -0.134430 0.049773 255 0 0
-0.160973 -0.033972 0.376878 153 0 76
0.369305 -0.041755 0.074441 153 0 76
0.346063 -0.313806 0.285757 76 0 153
-0.152771 0.156728 -0.143853 76 0 153
0.025932 -0.050221 0.082833 153 0 76
0.292192 0.139321 -0.123516 76 0 153
0.121761 0.077956 -0.156620 76 0 153
0.306144 0.128793 -0.142898 76 0 153
0.374533 -0.353343 -0.163790 153 76 0
-0.259450 -0.135256 -0.094221 76 153 0
0.154501 0.734300 -0.289460 153 76 0
0.304617 0.669203 -0.230301 76 0 153
0.004399 -0.050250 0.089000 153 0 76
-0.298550 0.155210 -0.126839 153 0 76
-0.060503 0.409011 -0.216287 76 0 153
0.397757 -0.296654 -0.091076 153 76 0
0.038045 0.096475 -0.168704 76 0 153
-0.018835 -0.038270 0.353553 153 0 76
-0.268809 0.747579 -0.273563 153 0 76
0.299286 -0.006072 -0.200447 76 0 153
-0.295018 0.648486 -0.226369 153 0 76
-0.065265 -0.110041 -0.184851 153 0 76
-0.178780 0.714901 -0.274860 153 76 0
0.321795 0.258014 -0.135727 76 0 153
0.082197 0.581312 -0.252811 76 0 153
-0.325074 -0.487078 0.399430 153 0 76
-0.252571 -0.034549 -0.060220 153 0 76
-0.414313 -0.599508 -0.300234 76 153 0
-0.371034 -0.066604 -0.023578 153 0 76
0.378371 -0.748770 -0.249790 153 0 76
0.376603 -0.178077 0.023758 255 0 0
0.053398 -0.045912 0.158441 153 0 76
0.362670 -0.052543 -0.041195 153 0 76
0.329630 0.409862 -0.145992 76 0 153
-0.306422 -0.022300 0.154433 153 0 76
0.351077 -0.010419 0.252530 153 0 76
-0.338636 -0.239276 0.199865 153 0 76
0.122982 0.134369 -0.151467 76 0 153
-0.356730 -0.365256 0.329940 153 0 76
0.328128 -0.380108 0.351111 76 0 153
0.298183 -0.697604 0.505396 76 0 153
0.315887 -0.604151 0.472771 76 0 153
0.375395 -0.045524 0.413336 153 0 76
0.305191 0.213557 -0.124084 76 0 153
-0.112933 0.355084 -0.194976 76 0 153
0.252292 -0.108198 -0.012034 0 127 127
-0.001835 0.557015 -0.252772 76 0 153
-0.351728 -0.487103 0.389801 153 0 76
0.385391 -0.508424 -0.227975 153 76 0
-0.239495 0.010926 -0.203389 153 0 76
-0.355491 0.571399 -0.194273 153 0 76
0.147106 -0.048312 -0.122264 153 0 76
0.067478 0.491929 -0.238587 76 0 153
0.340798 0.453175 -0.171004 76 0 153
0.304223 0.761623 -0.291552 76 0 153
0.193039 -0.033948 0.391097 153 0 76
-0.363245 0.474174 -0.192883 153 0 76
0.210081 0.091931 -0.136149 76 0 153
-0.145022 -0.049123 -0.026238 153 0 76
0.229045 -0.038354 -0.031508 153 0 76
0.448157 -0.690063 -0.281589 204 51 127
-0.391611 -0.517189 -0.240955 76 153 0
0.168082 0.682530 -0.260838 153 76 0
0.246173 0.174488 -0.187189 76 0 153
0.138912 0.482022 -0.228641 76 0 153
0.095887 0.598839 -0.253972 153 76 0
0.116586 0.197967 -0.159337 76 0 153
0.267070 0.113129 -0.191618 76 0 153
0.118375 -0.051490 -0.150260 153 0 76
0.155884 0.145733 -0.143007 76 0 153
0.259465 -0.124497 -0.142103 76 0 153
-0.254351 -0.103754 -0.031743 153 0 76
-0.230883 -0.035436 0.106623 153 0 76
0.415578 -0.684765 -0.235411 76 0 153
0.291558 -0.148306 -0.032600 76 0 153
0.320242 -0.698217 0.492156 153 0 76
0.032735 -0.037851 0.362354 153 0 76
-0.345595 0.370140 -0.152749 153 0 76
0.139539 0.268247 -0.168781 76 0 153
0.024456 0.095696 -0.169994 76 0 153
0.261146 0.112240 -0.124857 76 0 153
0.298136 -0.113412 0.427050 153 0 76
0.253615 -0.119895 0.039426 0 127 127
0.370590 -0.712062 -0.262002 153 0 76
-0.349604 0.485063 -0.181704 153 0 76
-0.377019 -0.321009 -0.120366 76 153 0
-0.106810 -0.037274 -0.170209 76 0 153
0.258669 -0.023889 0.374081 153 0 76
-0.325982 0.601492 -0.233006 153 0 76
-0.350687 -0.257659 0.222389 153 0 76
0.296238 -0.740638 0.525603 76 0 153
0.099853 0.701394 -0.274665 153 76 0
-0.314866 -0.680754 0.542144 127 0 127
0.241863 0.008211 -0.209499 76 0 153
-0.146615 -0.032647 0.327705 153 0 76
0.296361 -0.160428 0.044600 0 127 127
-0.333279 0.366631 -0.141596 153 0 76
0.040059 -0.039863 0.381575 153 0 76
0.085095 -0.042814 0.206538 153 0 76
0.253440 0.121614 -0.193575 76 0 153
0.305100 -0.109388 -0.110679 76 0 153
-0.009275 -0.039111 0.363149 153 0 76
0.104253 0.215714 -0.164613 76 0 153
0.315067 -0.193402 0.100489 76 0 153
-0.065888 0.619213 -0.259961 153 76 0
0.117527 -0.075214 0.457417 153 0 76
-0.287979 -0.028654 0.082875 153 0 76
0.285110 0.137936 -0.181612 76 0 153
0.322898 -0.498230 0.402474 76 0 153
-0.033743 -0.048596 0.120598 153 0 76
-0.072810 -0.142065 0.004326 255 0 0
-0.361641 -0.395103 0.326740 153 0 76
0.142079 -0.036545 0.249702 153 0 76
0.190796 0.287956 -0.160589 76 0 153
0.294006 -0.119641 0.024900 76 0 153
-0.354950 -0.195169 0.130750 153 0 76
0.332498 -0.009235 0.329449 153 0 76
-0.177708 -0.145209 0.003484 255 0 0
0.323500 -0.483826 0.428551 76 0 153
-0.398237 -0.427190 -0.181845 76 153 0
-0.152349 -0.015625 -0.159631 76 0 153
0.341625 -0.014597 0.150955 153 0 76
-0.282376 0.696446 -0.247147 153 0 76
0.401782 -0.255444 -0.074889 153 76 0
-0.299050 -0.026201 0.101960 153 0 76
0.019450 0.111848 -0.169178 76 0 153
-0.200016 0.612262 -0.243023 153 76 0
-0.188708 -0.044876 -0.071406 153 0 76
0.171312 -0.031794 0.292594 153 0 76
-0.096276 0.512435 -0.241812 76 0 153
-0.231342 -0.126424 -0.026525 153 0 76
-0.317286 -0.728791 0.571400 0 127 127
-0.290008 -0.133907 0.049250 255 0 0
0.224364 0.115991 -0.174414 76 0 153
0.021018 -0.040056 0.378657 153 0 76
0.395572 -0.427511 -0.222695 153 76 0
0.300266 0.463404 -0.209915 76 0 153
-0.246792 -0.088634 -0.195076 153 0 76
0.085254 -0.055997 0.442873 153 0 76
0.316678 -0.260506 0.205366 76 0 153
0.420345 -0.593112 -0.292134 153 76 0
-0.381331 -0.064174 0.231100 153 0 76
0.193569 -0.062191 0.451151 153 0 76
-0.328398 -0.263700 0.223208 153 0 76
-0.117480 -0.048956 0.424012 153 0 76
0.276505 -0.019109 0.360613 153 0 76
0.331165 -0.018048 0.113952 153 0 76
-0.043270 -0.105151 -0.190807 153 0 76
-0.134157 -0.044610 0.106236 153 0 76
-0.042113 -0.133417 0.048760 255 0 0
-0.285119 -0.130176 0.013268 255 0 0
0.347385 -0.369729 0.336675 76 0 153
0.031348 0.074902 -0.171003 76 0 153
0.122567 0.656074 -0.260444 153 76 0
-0.390375 -0.498311 -0.232409 76 153 0
-0.105779 -0.163180 0.004719 255 0 0
0.305466 0.530719 -0.184787 76 0 153
-0.284219 0.401599 -0.182373 153 0 76
0.078572 0.179634 -0.162689 76 0 153
0.298004 0.342372 -0.183845 76 0 153
-0.272341 -0.027198 0.161496 153 0 76
-0.177821 0.287065 -0.163922 76 0 153
0.358372 -0.020646 0.108259 153 0 76
-0.382621 -0.084756 0.377201 153 0 76
-0.403448 -0.560533 -0.248941 76 153 0
0.100214 0.477706 -0.231588 76 0 153
-0.297499 0.062757 -0.156024 153 0 76
0.153044 -0.032519 0.308817 153 0 76
-0.255110 -0.091708 -0.084658 153 0 76
-0.336535 -0.490018 0.434927 153 0 76
0.238374 -0.083411 -0.125771 76 0 153
0.235732 -0.032493 0.406552 153 0 76
0.053966 0.633943 -0.262261 153 76 0
0.316135 -0.436726 0.379494 76 0 153
-0.141099 -0.041199 0.168812 153 0 76
-0.355428 -0.456628 0.406774 153 0 76
-0.356973 -0.015773 0.120960 153 0 76
-0.139007 -0.039302 0.400756 153 0 76
-0.219782 0.473734 -0.205241 76 0 153
-0.274584 -0.025094 0.389046 153 0 76
0.364186 0.497478 -0.190390 76 0 153
-0.282031 0.167692 -0.180322 153 0 76
0.196491 -0.073895 -0.175511 153 0 76
0.378880 -0.746388 -0.290364 153 0 76
0.320080 0.333048 -0.162331 76 0 153
0.285728 -0.147577 0.002849 76 0 153
-0.353572 -0.439275 0.395167 153 0 76
0.148954 -0.046510 -0.005752 153 0 76
0.009342 -0.059673 -0.150467 153 0 76
0.225134 0.053040 -0.178731 76 0 153
-0.393461 -0.397204 -0.201339 76 153 0
-0.236267 -0.093092 -0.122139 153 0 76
0.350366 -0.011293 0.232693 153 0 76
-0.083252 -0.048185 0.101742 153 0 76
0.306417 0.363677 -0.184017 76 0 153
0.167128 0.451468 -0.212286 76 0 153
0.392494 -0.190106 -0.008241 153 76 0
-0.378143 -0.127219 0.018090 255 0 0
-0.329329 0.654606 -0.250462 153 0 76
-0.430670 -0.587220 -0.285277 76 153 0
0.397739 -0.684517 -0.236776 76 0 153
-0.270609 -0.160967 0.054660 255 0 0
-0.288547 0.116980 -0.124044 153 0 76
-0.272981 -0.037374 0.426245 153 0 76
-0.220926 -0.131802 0.011642 255 0 0
-0.246642 -0.166336 0.006003 255 0 0
0.320491 -0.190849 0.119046 76 0 153
0.350547 0.361793 -0.167012 76 0 153
0.385384 -0.213441 -0.062620 153 76 0
-0.286352 -0.044595 -0.171902 76 153 0
0.366388 -0.017000 0.232984 153 0 76
-0.378299 -0.732077 -0.241751 0 255 0
-0.038450 -0.047316 0.145221 153 0 76
-0.156317 0.007762 -0.156967 76 0 153
0.266729 -0.027350 -0.124013 153 0 76
0.397052 -0.126488 0.020815 255 0 0
0.134969 0.016843 -0.159650 76 0 153
-0.383715 -0.689257 -0.290773 0 255 0
-0.326094 0.634348 -0.212469 153 0 76
0.290159 0.088612 -0.186087 76 0 153
-0.246621 -0.027426 0.233716 153 0 76
0.056735 -0.063570 -0.185790 153 0 76
0.373193 -0.702775 -0.228646 153 0 76
0.342206 0.691305 -0.246547 76 0 153
-0.324347 -0.186079 0.067742 153 0 76
-0.234148 -0.122161 -0.006846 76 153 0
0.353548 -0.393434 0.348207 76 0 153
0.385909 -0.318131 -0.102494 153 76 0
-0.267158 -0.042701 -0.213589 76 153 0
-0.248303 -0.022636 0.325873 153 0 76
-0.311398 -0.078793 -0.171146 153 0 76
0.238781 -0.038487 -0.159544 0 127 127
-0.272821 0.367642 -0.181785 153 0 76
-0.102066 -0.047267 0.094851 153 0 76
0.386656 -0.318873 -0.146249 153 76 0
0.232590 -0.049972 -0.174826 76 0 153
-0.281484 -0.017952 0.340000 153 0 76
-0.253114 0.293717 -0.143061 153 0 76
0.251939 0.022447 -0.137577 76 0 153
0.298109 0.207544 -0.165767 76 0 153
-0.293265 0.137329 -0.123255 153 0 76
-0.413290 -0.526156 -0.229801 76 153 0
-0.362405 -0.606137 0.475566 153 0 76
0.382527 -0.482864 -0.224112 153 76 0
-0.252154 -0.061951 0.449383 153 0 76
0.343266 0.561065 -0.197996 76 0 153
-0.373806 -0.085926 0.068623 153 0 76
-0.359904 -0.450750 0.370734 153 0 76
-0.294742 -0.113333 0.010847 76 153 0
-0.099643 0.245791 -0.171137 76 0 153
0.253873 0.007450 -0.163717 76 0 153
0.349926 0.716277 -0.246189 76 0 153
-0.340721 0.489121 -0.168242 153 0 76
-0.275060 -0.031388 0.062128 153 0 76
-0.228170 0.354306 -0.167748 153 0 76
-0.263173 -0.145168 0.003494 255 0 0
0.324895 -0.218194 0.169019 76 0 153
-0.152895 0.201301 -0.151549 76 0 153
-0.354999 0.414738 -0.162946 153 0 76
0.209333 -0.026501 0.330077 153 0 76
0.323208 0.429689 -0.149026 76 0 153
0.306060 0.056787 -0.178547 76 0 153
0.294782 0.162152 -0.124007 76 0 153
-0.423488 -0.672641 -0.264232 255 0 0
0.070607 0.170023 -0.161168 76 0 153
0.307215 0.048879 -0.154941 76 0 153
-0.317274 -0.151750 0.057055 255 0 0
-0.321657 -0.125029 0.032525 255 0 0
0.046334 0.525434 -0.248443 76 0 153
0.393107 -0.494927 -0.217374 153 76 0
-0.134396 -0.136904 0.442972 153 0 76
-0.105447 -0.038758 0.385413 153 0 76
-0.299469 -0.162433 0.032623 76 153 0
-0.275298 -0.097360 -0.059846 76 153 0
0.358861 -0.718136 0.496137 153 76 0
0.089269 0.250479 -0.173607 76 0 153
-0.021605 0.167757 -0.166386 76 0 153
-0.070452 -0.057456 -0.166041 153 0 76
0.065852 -0.050944 0.055413 153 0 76
-0.135974 0.575412 -0.248464 153 76 0
-0.282392 0.402277 -0.196634 153 0 76
-0.325447 -0.021582 0.098778 153 0 76
-0.084036 0.141272 -0.160148 76 0 153
0.038044 0.541899 -0.250792 76 0 153
0.420527 -0.477627 -0.229366 153 76 0
0.079270 0.379440 -0.206031 76 0 153
0.221395 -0.053828 -0.171133 153 0 76
-0.084351 -0.054413 -0.034844 153 0 76
0.018140 -0.093339 0.463223 153 0 76
0.019925 -0.055929 -0.029357 153 0 76
-0.044684 -0.043177 0.390857 153 0 76
0.237973 0.267483 -0.140660 76 0 153
-0.331016 -0.020736 0.003707 153 0 76
0.290885 -0.010583 -0.142969 76 0 153
-0.064703 0.339231 -0.197140 76 0 153
0.175528 -0.141208 0.054231 255 0 0
0.310640 0.223105 -0.140964 76 0 153
0.208531 0.676622 -0.251071 153 76 0
-0.408855 -0.415216 -0.206898 76 153 0
0.296299 -0.016795 0.280098 153 0 76
-0.188836 0.706492 -0.270056 153 76 0
0.372794 -0.349817 -0.139843 153 76 0
0.416430 -0.511678 -0.242272 153 76 0
-0.104933 -0.038687 0.272687 153 0 76
0.360014 -0.126625 0.038480 255 0 0
0.217801 0.009752 -0.144516 76 0 153
0.305134 -0.136912 0.020342 0 127 127
-0.383724 -0.043079 0.323823 153 0 76
-0.221950 -0.032886 0.188922 153 0 76
-0.221533 0.724429 -0.270135 153 76 0
0.257357 0.755634 -0.292348 76 0 153
-0.298223 0.098988 -0.131876 153 0 76
-0.456508 -0.690672 -0.266825 127 127 0
-0.131775 0.457469 -0.222363 76 0 153
-0.314497 -0.012609 0.316008 153 0 76
-0.382974 -0.362944 -0.143586 76 153 0
-0.155068 -0.134085 0.443911 153 0 76
0.144101 -0.136625 0.051969 255 0 0
0.300079 -0.070240 -0.197362 0 127 127
-0.367611 -0.688650 0.497868 127 0 127
-0.382830 -0.315480 -0.143137 76 153 0
0.233562 0.201355 -0.187220 76 0 153
-0.333705 0.732562 -0.278099 153 0 76
0.184580 -0.029720 0.350735 153 0 76
-0.051776 0.513451 -0.246348 76 0 153
-0.383614 -0.027408 0.334223 153 0 76
-0.375677 -0.069345 0.057884 153 0 76
0.112844 -0.039159 0.386349 153 0 76
0.283164 0.501630 -0.185659 76 0 153
-0.338665 -0.264450 0.173201 153 0 76
-0.319418 0.416307 -0.193918 153 0 76
0.087291 0.513928 -0.242756 76 0 153
0.287874 0.477361 -0.175725 76 0 153
-0.382722 -0.704468 -0.301356 0 255 0
-0.277534 -0.000220 -0.209716 153 0 76
-0.301382 0.039438 -0.161165 153 0 76
0.385382 -0.179098 0.031225 255 0 0
-0.256365 0.003046 -0.210190 153 0 76
0.373728 -0.038196 0.177075 153 0 76
-0.341200 -0.170930 0.101062 153 0 76
-0.293559 0.287047 -0.176463 153 0 76
-0.162921 0.081564 -0.148337 76 0 153
0.375780 -0.047211 0.271966 153 0 76
0.066754 -0.042466 0.398199 153 0 76
0.233319 -0.025044 0.295981 153 0 76
-0.324905 -0.174114 0.070552 153 0 76
-0.411440 -0.447619 -0.203811 76 153 0
-0.401398 -0.688101 -0.300103 255 0 0
0.407436 -0.465628 -0.242557 153 76 0
-0.273378 -0.027716 -0.168608 153 0 76
0.223838 0.167463 -0.163643 76 0 153
0.282618 -0.095875 0.451839 153 0 76
-0.286385 0.043144 -0.132567 153 0 76
0.304523 0.400072 -0.148748 76 0 153
-0.274697 0.380594 -0.185916 153 0 76
-0.327033 0.506517 -0.171327 153 0 76
-0.309266 -0.020167 -0.164203 153 0 76
0.365436 -0.029591 0.067947 153 0 76
0.214920 -0.069605 0.452937 153 0 76
-0.341290 -0.644736 0.519845 153 0 76
0.045929 -0.126939 0.460550 153 0 76
0.266124 0.700508 -0.248390 76 0 153
-0.040518 -0.039369 0.303517 153 0 76
0.325015 0.724521 -0.275487 76 0 153
-0.105512 -0.051466 0.001021 153 0 76
-0.171351 -0.031138 0.315456 153 0 76
-0.374744 -0.058108 0.037293 153 0 76
0.237228 0.479467 -0.200919 76 0 153
0.045797 -0.051638 0.048289 153 0 76
0.362038 0.727179 -0.260574 76 0 153
0.230707 -0.157393 0.038218 0 127 127
-0.190194 -0.044349 -0.086580 153 0 76
-0.165983 -0.175142 0.014812 255 0 0
0.109961 0.299351 -0.182211 76 0 153
0.383274 -0.395587 -0.163467 153 76 0
-0.354402 -0.236057 0.191160 153 0 76
0.424778 -0.688668 -0.300841 76 0 153
-0.101480 0.547711 -0.246598 76 0 153
0.235530 -0.177726 0.036339 255 0 0
-0.393664 -0.344823 -0.151423 76 153 0
-0.347875 -0.016473 -0.100554 153 0 76
0.211409 -0.027421 0.304409 153 0 76
-0.305193 0.515842 -0.219332 153 0 76
0.300178 -0.717288 0.573545 76 0 153
-0.314746 -0.750520 0.512380 0 127 127
0.201577 0.664236 -0.250023 153 76 0
-0.212444 0.205298 -0.136768 153 0 76
-0.234980 -0.047051 0.436868 153 0 76
0.203952 -0.034566 0.402864 153 0 76
-0.202301 -0.169490 0.049628 255 0 0
-0.146902 -0.034413 0.293672 153 0 76
-0.386770 -0.383608 -0.155328 76 153 0
-0.365353 -0.751271 0.551953 76 153 0
0.037101 -0.144932 0.055229 255 0 0
-0.343381 0.502310 -0.198239 153 0 76
-0.341692 0.694061 -0.232426 153 0 76
0.375256 -0.744055 0.548892 153 76 0
0.226961 -0.149209 0.056374 0 127 127
-0.377602 -0.082619 0.335396 153 0 76
0.371197 -0.060510 0.123219 153 0 76
0.353932 -0.624241 0.480837 76 0 153
0.099223 0.497245 -0.237064 76 0 153
-0.350116 0.495361 -0.186409 153 0 76
-0.408703 -0.369496 -0.184830 76 153 0
-0.075652 -0.124270 0.029690 255 0 0
-0.183693 0.266245 -0.157252 76 0 153
-0.184081 -0.175000 0.044117 255 0 0
-0.035685 0.014337 -0.175666 76 0 153
-0.175144 -0.039046 0.158894 153 0 76
0.205523 -0.031071 0.381535 153 0 76
0.162475 -0.036341 0.387648 153 0 76
0.004954 -0.154091 0.002284 255 0 0
-0.395465 -0.440721 -0.225980 76 153 0
0.174855 -0.177413 0.021279 255 0 0
-0.080344 0.058766 -0.167553 76 0 153
0.352633 -0.267033 0.188969 76 0 153
-0.352233 -0.308011 0.279707 153 0 76
-0.055588 -0.072502 -0.192544 153 0 76
0.201949 0.013097 -0.146578 76 0 153
-0.060596 -0.110356 0.463579 153 0 76
-0.188770 0.239509 -0.149740 76 0 153
0.334253 -0.421961 0.338832 76 0 153
-0.422829 -0.458856 -0.231113 76 153 0
-0.321058 -0.557738 0.454688 153 0 76
0.024947 -0.056207 0.435810 153 0 76
-0.382836 -0.066195 0.286245 153 0 76
-0.309848 -0.090719 -0.134439 76 153 0
-0.195465 0.271673 -0.155467 76 0 153
-0.365601 -0.018921 0.130795 153 0 76
-0.395603 -0.622085 -0.278921 76 153 0
0.045908 -0.053889 0.003273 153 0 76
0.082432 0.711591 -0.277531 153 76 0
-0.059241 0.108908 -0.165760 76 0 153
0.312000 0.418381 -0.149084 76 0 153
0.007351 0.739427 -0.309365 153 76 0
0.282309 0.447917 -0.200090 76 0 153
-0.218738 0.088785 -0.135558 153 0 76
-0.377697 -0.693593 -0.251188 0 255 0
0.318308 -0.589744 0.457745 76 0 153
-0.139350 -0.034190 0.364307 153 0 76
0.018596 0.350445 -0.202271 76 0 153
0.173353 -0.030526 0.313539 153 0 76
0.368462 -0.294314 -0.098022 153 76 0
0.146507 -0.167559 0.007227 255 0 0
0.369817 0.631042 -0.238543 76 0 153
-0.324956 0.272231 -0.134721 153 0 76
-0.395450 -0.598729 -0.284341 76 153 0
0.303091 0.102748 -0.154392 76 0 153
-0.141835 -0.048254 -0.003797 153 0 76
0.042145 -0.066264 -0.187908 153 0 76
0.100051 0.183812 -0.159702 76 0 153
-0.288001 0.337181 -0.191552 153 0 76
0.219173 -0.028641 0.261420 153 0 76
0.018722 0.022223 -0.176281 76 0 153
-0.300086 0.621519 -0.217345 153 0 76
0.185425 -0.127252 0.427077 153 0 76
-0.339561 0.383770 -0.156148 153 0 76
0.230559 0.019469 -0.199783 76 0 153
0.325884 -0.464485 0.416445 76 0 153
-0.019814 0.019266 -0.176649 76 0 153
-0.027909 -0.137832 0.005610 255 0 0
0.238168 0.098008 -0.197101 76 0 153
0.270424 0.024872 -0.161294 76 0 153
0.316812 -0.204768 0.134940 76 0 153
-0.180312 -0.033810 0.249849 153 0 76
0.228603 -0.134903 0.054550 255 0 0
0.346488 0.750587 -0.272370 76 0 153
-0.136231 -0.003160 -0.161744 76 0 153
0.297803 0.549624 -0.194902 76 0 153
-0.076338 -0.006610 -0.173628 76 0 153
-0.100076 -0.048341 0.074865 153 0 76
-0.247536 0.537512 -0.214950 76 0 153
0.186321 -0.033600 0.233236 153 0 76
-0.417001 -0.339411 -0.136355 76 153 0
0.121896 -0.050727 -0.163946 153 0 76
0.350087 -0.011863 0.220009 153 0 76
0.231885 0.639583 -0.238950 153 76 0
-0.052318 0.631833 -0.262835 153 76 0
0.266033 -0.030573 -0.066825 153 0 76
0.062913 0.419346 -0.219021 76 0 153
-0.324706 0.618035 -0.239749 153 0 76
-0.285312 -0.021682 0.230610 153 0 76
0.126789 -0.149967 0.056577 255 0 0
-0.318723 0.737569 -0.254327 153 0 76
0.195389 -0.041893 -0.102011 153 0 76
-0.221951 0.705843 -0.265119 153 76 0
0.280674 0.610991 -0.220462 76 0 153
-0.092223 -0.040990 0.238032 153 0 76
0.223018 0.139042 -0.128514 76 0 153
-0.338303 -0.016131 0.164440 153 0 76
-0.109451 -0.039434 0.250527 153 0 76
-0.139695 -0.177313 0.037877 255 0 0
0.054391 -0.041425 0.391796 153 0 76
0.253478 0.339056 -0.152694 76 0 153
0.292564 0.649251 -0.253467 76 0 153
0.065885 -0.055459 -0.047355 153 0 76
0.292891 -0.083265 -0.131158 0 127 127
0.168618 -0.002514 -0.154858 76 0 153
-0.058762 -0.028904 -0.177095 76 0 153
-0.089389 -0.040501 0.249509 153 0 76
0.354934 -0.574820 0.453299 76 0 153
0.316290 -0.297909 0.247382 76 0 153
-0.324365 -0.594811 0.459715 153 0 76
0.373608 -0.752270 0.526069 153 76 0
0.341293 0.740979 -0.252339 76 0 153
-0.363331 -0.041213 0.432323 153 0 76
-0.316071 -0.022186 -0.145464 153 0 76
0.227490 0.307288 -0.154456 76 0 153
-0.306166 0.698887 -0.241869 153 0 76
0.095015 0.271277 -0.177756 76 0 153
-0.415510 -0.470899 -0.215959 76 153 0
0.335043 0.400802 -0.158402 76 0 153
-0.161514 0.520643 -0.234367 76 0 153
0.089505 -0.047812 0.104743 153 0 76
0.370478 -0.695140 -0.277567 153 0 76
0.311702 0.341451 -0.134978 76 0 153
-0.447495 -0.753411 -0.267580 127 127 0
-0.008618 0.298981 -0.191242 76 0 153
0.302601 0.601091 -0.208643 76 0 153
0.347879 -0.547656 0.466862 76 0 153
0.172121 0.603726 -0.244264 153 76 0
0.281657 -0.089762 -0.092711 0 127 127
-0.335610 -0.022828 0.405482 153 0 76
-0.349616 -0.527302 0.459520 153 0 76
-0.292199 0.507631 -0.209855 153 0 76
-0.389159 -0.416170 -0.179459 76 153 0
0.130638 -0.040487 0.192324 153 0 76
0.336006 -0.261755 0.228331 76 0 153
0.258931 -0.117313 0.423121 153 0 76
-0.015921 0.005189 -0.178101 76 0 153
0.396280 -0.677412 -0.309265 153 76 0
-0.240387 0.291629 -0.146974 153 0 76
0.375478 -0.056723 0.260523 153 0 76
0.365723 -0.018645 0.384196 153 0 76
-0.291662 0.067917 -0.131794 153 0 76
0.134920 0.733009 -0.290511 153 76 0
-0.296707 0.650149 -0.248886 153 0 76
0.309396 -0.178202 0.034562 255 0 0
-0.375060 -0.076486 0.268350 153 0 76
0.142295 0.502894 -0.233962 76 0 153
-0.258247 -0.109800 -0.174769 76 153 0
0.277780 -0.083751 -0.119335 76 0 153
-0.271520 -0.110564 -0.001189 153 0 76
-0.324976 0.516158 -0.213234 153 0 76
-0.377414 -0.267518 -0.081178 76 153 0
-0.345766 -0.009971 0.271434 153 0 76
0.009107 -0.048744 0.117625 153 0 76
0.241014 -0.004097 -0.166733 76 0 153
0.170411 0.741741 -0.294325 153 76 0
0.337647 -0.137937 0.005505 255 0 0
0.229855 0.126686 -0.193107 76 0 153
-0.123679 -0.046508 0.080685 153 0 76
0.218910 0.364456 -0.172748 76 0 153
-0.322163 -0.233470 0.158038 153 0 76
-0.373258 -0.080143 0.300419 153 0 76
-0.317079 0.258480 -0.128274 153 0 76
-0.391346 -0.378658 -0.189776 76 153 0
-0.319322 0.464372 -0.204419 153 0 76
0.400557 -0.504891 -0.218643 153 76 0
-0.374219 -0.028260 0.112561 153 0 76
0.256368 -0.085486 -0.111904 76 0 153
0.278940 -0.137049 0.006393 255 0 0
0.223732 0.543161 -0.222310 76 0 153
-0.338272 -0.428477 0.390607 153 0 76
-0.187860 -0.036648 0.183425 153 0 76
0.390034 -0.693245 -0.237917 76 0 153
0.064915 -0.055349 -0.035166 153 0 76
-0.448886 -0.691306 -0.239927 127 127 0
0.303233 -0.037490 -0.157108 153 0 76
0.180483 -0.076489 -0.178808 153 0 76
-0.386297 -0.287354 -0.126440 76 153 0
0.114383 0.549641 -0.245232 76 0 153
-0.140288 0.258533 -0.166854 76 0 153
-0.368018 0.569439 -0.213664 153 0 76
-0.367430 -0.679746 0.510768 127 0 127
0.284296 -0.124215 0.029488 76 0 153
0.304997 -0.021064 -0.159992 76 0 153
-0.339552 -0.393696 0.312584 153 0 76
-0.361056 -0.007582 0.307505 153 0 76
0.228055 -0.101498 -0.090089 76 0 153
0.147779 -0.048146 -0.035014 153 0 76
-0.036990 -0.139250 0.438692 153 0 76
0.383907 -0.423213 -0.212891 153 76 0
-0.016640 -0.055271 -0.010443 153 0 76
0.148491 -0.033967 0.288559 153 0 76
-0.329365 0.259423 -0.146209 153 0 76
-0.243773 -0.036112 0.035368 153 0 76
0.428929 -0.666170 -0.293821 153 76 0
-0.343321 0.408771 -0.163974 153 0 76
0.395525 -0.303339 -0.138813 153 76 0
-0.236656 -0.035951 -0.104329 153 0 76
0.403133 -0.689106 -0.301191 76 0 153
-0.176179 -0.151544 0.057000 255 0 0
-0.401314 -0.201414 -0.031857 76 153 0
0.357653 -0.011872 0.365949 153 0 76
-0.262855 -0.163601 0.031949 76 153 0
-0.135191 -0.043080 0.137224 153 0 76
0.315423 -0.449635 0.384445 76 0 153
0.142992 -0.033285 0.362366 153 0 76
0.225368 -0.049912 0.439331 153 0 76
0.085338 -0.054570 -0.038250 153 0 76
-0.274582 -0.021023 0.364427 153 0 76
-0.295023 -0.012842 -0.167356 153 0 76
0.060424 -0.169545 0.009213 255 0 0
0.304566 -0.744358 0.562870 76 0 153
0.063975 0.061440 -0.169340 76 0 153
-0.098716 0.715462 -0.282155 153 76 0
-0.394012 -0.425039 -0.216485 76 153 0
-0.227643 0.740734 -0.280335 153 76 0
0.413219 -0.683350 -0.314513 153 76 0
0.328878 -0.200248 0.075665 76 0 153
-0.124292 -0.035996 0.301015 153 0 76
-0.017765 -0.052946 0.036899 153 0 76
0.358859 -0.059409 -0.094226 153 0 76
-0.269328 0.570674 -0.213162 76 0 153
0.255103 -0.020240 0.333555 153 0 76
0.418805 -0.546855 -0.273564 153 76 0
0.203139 0.544566 -0.227909 76 0 153
0.006469 0.354226 -0.203119 76 0 153
-0.023771 -0.044171 0.401277 153 0 76
-0.456230 -0.724324 -0.264216 127 127 0
0.040792 0.582660 -0.256185 76 0 153
-0.362407 -0.569398 0.453147 153 0 76
0.328892 -0.189836 0.059514 76 0 153
0.216681 -0.040268 -0.049872 153 0 76
0.354556 0.737702 -0.258539 76 0 153
-0.198015 -0.050550 -0.172330 153 0 76
-0.161979 -0.047215 -0.016154 153 0 76
-0.388882 -0.691923 -0.229531 255 0 0
0.328864 -0.430548 0.346801 76 0 153
0.349360 -0.440729 0.394224 76 0 153
0.260145 0.321847 -0.145936 76 0 153
0.191416 -0.042723 0.420873 153 0 76
0.384981 -0.466615 -0.206472 153 76 0
0.272072 -0.013148 -0.138896 76 0 153
0.411059 -0.493240 -0.222794 153 76 0
0.272776 -0.036407 0.427527 153 0 76
0.385130 -0.529702 -0.249910 153 76 0
-0.178147 -0.045073 0.034841 153 0 76
-0.160902 0.142137 -0.142272 76 0 153
0.308909 -0.023666 -0.149675 153 0 76
0.341660 -0.702105 0.492247 153 0 76
0.048129 -0.052871 0.022917 153 0 76
0.120441 0.476265 -0.229235 76 0 153
-0.062301 -0.048585 0.107589 153 0 76
0.223741 -0.139301 0.042916 76 0 153
0.114577 -0.045907 0.105859 153 0 76
0.148481 -0.048533 -0.107497 153 0 76
-0.314568 -0.024810 0.076169 153 0 76
-0.265274 0.423197 -0.171654 153 0 76
-0.042385 -0.047919 0.131474 153 0 76
-0.275706 -0.027746 0.139456 153 0 76
-0.266850 0.124626 -0.123364 153 0 76
-0.222092 -0.124554 0.030753 255 0 0
0.050852 0.549161 -0.251219 76 0 153
-0.398230 -0.180838 0.001428 76 153 0
0.322394 0.687736 -0.263145 76 0 153
0.350884 -0.707369 0.578270 153 76 0
-0.118620 -0.043969 0.141584 153 0 76
0.278088 0.750640 -0.273204 76 0 153
0.006361 0.278152 -0.186761 76 0 153
-0.305345 -0.141544 -0.030433 76 153 0
0.370249 0.648850 -0.247497 76 0 153
-0.378545 -0.337262 -0.133734 76 153 0
0.129322 -0.039647 0.211263 153 0 76
-0.393037 -0.723396 -0.229498 0 255 0
-0.243664 -0.035010 0.077535 153 0 76
-0.209239 -0.041634 0.000375 153 0 76
-0.328450 -0.031584 0.425583 153 0 76
0.069542 -0.052361 0.026323 153 0 76
-0.198197 -0.041731 -0.139485 153 0 76
-0.285787 -0.024853 0.168243 153 0 76
-0.299606 0.338122 -0.136972 153 0 76
0.230835 0.131659 -0.146440 76 0 153
0.244131 -0.024168 0.286078 153 0 76
-0.411996 -0.407362 -0.166726 76 153 0
-0.424049 -0.417509 -0.193974 76 153 0
-0.006910 -0.139360 0.434016 153 0 76
-0.304724 0.277909 -0.166561 153 0 76
-0.302189 -0.067215 -0.161252 153 0 76
-0.064950 0.141670 -0.162506 76 0 153
-0.300546 -0.121320 -0.140327 153 0 76
0.345137 -0.017017 0.076424 153 0 76
-0.304664 -0.034854 -0.175332 76 153 0
-0.290252 0.463721 -0.199592 153 0 76
0.236090 0.063297 -0.134927 76 0 153
0.005570 0.694243 -0.278526 153 76 0
0.364048 -0.058278 -0.021351 153 0 76
0.391394 -0.491541 -0.252622 153 76 0
-0.086816 0.730359 -0.294196 153 76 0
-0.024772 -0.041774 0.263759 153 0 76
-0.289410 0.113359 -0.186969 153 0 76
0.286039 0.271504 -0.172613 76 0 153
0.155352 0.639571 -0.253598 153 76 0
-0.190818 -0.040787 0.099885 153 0 76
-0.367753 0.699173 -0.256867 153 0 76
-0.356751 -0.076564 -0.096981 153 0 76
-0.080379 -0.049282 0.082135 153 0 76
-0.084216 -0.055221 -0.063915 153 0 76
-0.248333 -0.127817 0.015857 255 0 0
-0.254657 -0.035145 -0.015383 153 0 76
-0.081443 -0.041795 0.229133 153 0 76
-0.322351 -0.023709 0.055739 153 0 76
-0.325903 -0.164056 0.061053 153 0 76
0.318962 -0.650678 0.493252 76 0 153
