-0.290831 0.310672 -0.184448 -0.356932 -0.130759 -0.924933 255 255 255 1.000000
0.373230 -0.748958 0.558429 -0.159240 0.786955 -0.596107 255 255 255 1.000000
-0.450071 -0.754396 -0.278006 -0.011184 0.878940 0.476801 255 255 255 1.000000
0.422605 -0.643680 -0.310326 -0.745659 -0.259500 0.613720 255 255 255 1.000000
0.352418 -0.011682 0.204352 -0.288478 -0.957342 -0.016642 255 255 255 1.000000
0.362378 0.737452 -0.265857 0.762769 0.373388 0.527982 255 255 255 1.000000
-0.352520 -0.510147 0.447310 -0.968432 0.124196 0.216134 255 255 255 1.000000
-0.405612 -0.233603 -0.049937 -0.991080 0.132661 -0.012701 255 255 255 1.000000
-0.149613 -0.033710 0.367751 0.072115 0.990969 0.113051 255 255 255 1.000000
0.050889 -0.078830 -0.193775 0.028897 0.350351 -0.936173 255 255 255 1.000000
-0.125140 0.748829 -0.319735 0.089490 0.912486 0.399200 255 255 255 1.000000
0.331370 0.290655 -0.145156 0.776284 -0.053377 0.628120 255 255 255 1.000000
0.329716 -0.407025 0.327529 -0.675912 -0.473687 -0.564592 255 255 255 1.000000
0.405309 -0.287694 -0.102175 -0.985771 -0.151416 0.072994 255 255 255 1.000000
0.028955 0.449586 -0.229048 0.025115 -0.213194 -0.976687 255 255 255 1.000000
0.163026 -0.116015 0.460119 -0.072153 0.332270 -0.940420 255 255 255 1.000000
-0.160560 -0.045649 0.047243 -0.129160 0.927284 -0.351373 255 255 255 1.000000
-0.330010 -0.280236 0.244741 0.547814 0.620983 0.560606 255 255 255 1.000000
-0.369713 0.602446 -0.221276 0.976625 -0.057692 -0.207062 255 255 255 1.000000
-0.400910 -0.462252 -0.241575 0.404555 0.412117 -0.816391 255 255 255 1.000000
-0.302853 -0.008382 -0.205877 0.496055 -0.150939 0.855071 255 255 255 1.000000
0.325988 -0.013407 -0.127160 -0.225045 0.972736 0.056038 255 255 255 1.000000
0.165306 -0.166506 0.052612 0.000000 0.532834 -0.846220 255 255 255 1.000000
-0.038507 0.183929 -0.169961 0.076284 0.161784 0.983873 255 255 255 1.000000
-0.368938 -0.015587 0.213264 0.547844 -0.836506 -0.011159 255 255 255 1.000000
-0.309047 -0.750929 0.554670 -0.124733 0.855750 -0.502129 255 255 255 1.000000
0.114732 0.685115 -0.268671 -0.103085 0.262969 0.959281 255 255 255 1.000000
0.070405 -0.041224 0.243303 -0.049646 0.998707 -0.010964 255 255 255 1.000000
0.273636 0.518648 -0.195966 0.350855 -0.261501 -0.899176 255 255 255 1.000000
-0.364583 -0.100949 0.433773 0.671466 0.121129 -0.731069 255 255 255 1.000000
0.354441 -0.241846 0.162768 -0.938414 0.276114 0.207704 255 255 255 1.000000
0.368879 -0.046648 0.422237 -0.690532 -0.343282 -0.636650 255 255 255 1.000000
0.172734 0.143541 -0.139082 0.277369 -0.229592 -0.932927 255 255 255 1.000000
-0.179895 0.500250 -0.223512 -0.236533 -0.234924 -0.942795 255 255 255 1.000000
-0.367378 -0.026416 -0.001825 -0.863947 0.501408 -0.046760 255 255 255 1.000000
0.326828 -0.557704 0.476855 -0.657621 0.369950 0.656256 255 255 255 1.000000
0.383780 -0.454218 -0.227274 -0.666958 0.321898 -0.671974 255 255 255 1.000000
0.401282 -0.131900 0.011544 0.000000 -0.745933 0.666021 255 255 255 1.000000
-0.023572 -0.177695 0.022333 0.000000 0.964549 0.263904 255 255 255 1.000000
-0.117518 0.009092 -0.164376 -0.190269 0.375639 -0.907024 255 255 255 1.000000
-0.307782 0.762843 -0.292143 -0.042585 -0.930695 -0.363310 255 255 255 1.000000
-0.021395 -0.129179 0.460622 -0.016227 -0.511388 0.859197 255 255 255 1.000000
-0.237951 0.143541 -0.126105 0.286284 0.813553 -0.506136 255 255 255 1.000000
-0.248287 -0.137063 -0.085787 0.915849 -0.281803 -0.286021 255 255 255 1.000000
0.156404 0.329150 -0.179332 0.223568 -0.242186 -0.944120 255 255 255 1.000000
-0.330115 -0.174444 0.099737 0.405458 0.770470 0.491914 255 255 255 1.000000
-0.110935 0.342233 -0.191840 0.155856 0.249041 0.955870 255 255 255 1.000000
-0.041513 0.607085 -0.259478 -0.030305 -0.197041 -0.979927 255 255 255 1.000000
0.223781 -0.024782 0.324808 0.123243 -0.992256 0.015456 255 255 255 1.000000
0.166591 -0.046575 -0.070005 -0.123091 0.992311 0.012919 255 255 255 1.000000
-0.097420 -0.042392 0.204670 -0.267881 0.897487 -0.350366 255 255 255 1.000000
0.277156 -0.030277 0.055366 -0.153857 0.988015 -0.012410 255 255 255 1.000000
0.056635 -0.049690 0.083466 -0.051776 0.998446 -0.020590 255 255 255 1.000000
-0.321720 0.464579 -0.159037 0.009959 0.224533 0.974416 255 255 255 1.000000
-0.335303 -0.411359 0.328407 -0.807748 0.374110 0.455616 255 255 255 1.000000
-0.406687 -0.607726 -0.300390 0.430777 0.301453 -0.850622 255 255 255 1.000000
-0.217885 0.646819 -0.247677 -0.200789 -0.253564 -0.946250 255 255 255 1.000000
-0.383073 -0.338322 -0.157028 -0.723389 -0.346670 0.597100 255 255 255 1.000000
-0.028156 -0.057550 -0.065737 0.251746 -0.930605 0.265703 255 255 255 1.000000
0.052883 0.066609 -0.169820 -0.494185 0.804905 0.328496 255 255 255 1.000000
0.269634 -0.145761 -0.048016 -0.014669 -0.950114 0.311556 255 255 255 1.000000
0.199960 -0.034967 0.179342 0.108301 -0.993827 0.024066 255 255 255 1.000000
-0.290521 -0.016294 0.334016 -0.134005 -0.990188 -0.039617 255 255 255 1.000000
0.064363 -0.040544 0.387745 -0.026966 0.985091 0.169906 255 255 255 1.000000
-0.225162 -0.120809 0.450473 0.130078 0.718755 -0.682986 255 255 255 1.000000
0.133974 0.543837 -0.242426 -0.148745 0.205317 0.967326 255 255 255 1.000000
0.253331 0.652906 -0.237388 -0.211695 0.236141 0.948379 255 255 255 1.000000
-0.234704 -0.031802 0.174237 0.045785 0.976511 -0.210548 255 255 255 1.000000
0.233555 -0.103515 -0.177854 -0.665702 -0.663940 -0.340624 255 255 255 1.000000
-0.203662 -0.176997 0.039057 0.000000 -0.933252 0.359223 255 255 255 1.000000
0.304589 0.118412 -0.168389 -0.749553 -0.095781 0.654978 255 255 255 1.000000
-0.361135 -0.640020 0.492976 -0.999842 -0.013680 -0.011346 255 255 255 1.000000
0.022336 0.308329 -0.193211 0.027396 -0.218779 -0.975390 255 255 255 1.000000
0.373068 -0.742389 -0.234246 0.195962 0.895573 -0.399434 255 255 255 1.000000
0.010641 0.746573 -0.325409 0.006277 0.911696 0.410818 255 255 255 1.000000
0.357552 0.415653 -0.175975 0.867063 -0.011275 0.498072 255 255 255 1.000000
0.369270 0.597591 -0.227057 -0.889117 -0.146964 -0.433443 255 255 255 1.000000
-0.076351 -0.110013 -0.185303 0.008147 0.990427 -0.137799 255 255 255 1.000000
0.224790 0.754973 -0.308325 -0.119316 0.938713 0.323392 255 255 255 1.000000
0.224528 0.023065 -0.191547 0.958622 0.010505 0.284489 255 255 255 1.000000
-0.036385 -0.038994 0.313583 0.057696 -0.996510 0.060324 255 255 255 1.000000
-0.157124 0.232545 -0.156488 0.218521 0.201324 0.954839 255 255 255 1.000000
0.327035 -0.298127 0.270667 -0.996961 -0.063455 -0.045197 255 255 255 1.000000
-0.353894 -0.073150 -0.116320 -0.082680 0.983424 0.161375 255 255 255 1.000000
0.370257 -0.077514 0.305303 0.714253 -0.696370 -0.070089 255 255 255 1.000000
-0.204384 -0.071930 -0.175063 -0.177142 -0.290959 -0.940193 255 255 255 1.000000
0.238466 0.231342 -0.188071 0.984912 -0.128138 0.116316 255 255 255 1.000000
-0.252676 -0.035402 -0.025866 -0.161844 -0.985945 -0.041469 255 255 255 1.000000
0.076346 0.207542 -0.167901 -0.145654 0.180689 0.972695 255 255 255 1.000000
0.177730 0.441496 -0.206589 0.244285 -0.249960 -0.936934 255 255 255 1.000000
0.362853 -0.087995 0.112701 -0.551638 0.833901 0.017482 255 255 255 1.000000
0.273421 -0.116027 0.425246 0.132911 -0.990041 0.046407 255 255 255 1.000000
-0.144531 -0.049398 -0.068800 -0.102270 -0.994753 -0.002690 255 255 255 1.000000
-0.377652 -0.063183 0.106773 0.983278 0.174872 0.050833 255 255 255 1.000000
-0.056714 -0.049280 0.097491 -0.586152 0.482497 -0.650863 255 255 255 1.000000
-0.407278 -0.132622 0.010821 0.000000 0.720002 -0.693972 255 255 255 1.000000
-0.217885 0.397862 -0.183285 -0.305147 -0.262917 -0.915292 255 255 255 1.000000
0.360842 -0.031435 -0.020612 -0.926582 -0.372410 0.052503 255 255 255 1.000000
0.320968 -0.188924 0.066670 -0.908489 -0.355708 -0.219361 255 255 255 1.000000
0.164008 -0.044944 0.051012 0.087066 -0.995179 0.045140 255 255 255 1.000000
-0.132396 0.118597 -0.151405 -0.088496 0.972811 -0.214028 255 255 255 1.000000
-0.380778 -0.074408 0.306952 0.910897 0.390425 0.133547 255 255 255 1.000000
-0.081392 0.448795 -0.224932 -0.108628 -0.231940 -0.966646 255 255 255 1.000000
0.257084 0.370762 -0.159168 -0.320466 0.237470 0.917011 255 255 255 1.000000
-0.224368 0.032102 -0.140899 0.026866 0.501417 -0.864788 255 255 255 1.000000
-0.321460 0.213993 -0.142792 -0.933053 -0.132996 0.334252 255 255 255 1.000000
0.355156 -0.474509 0.411697 -0.944073 -0.195222 -0.265735 255 255 255 1.000000
-0.121435 -0.083266 0.460687 -0.011290 0.417947 0.908401 255 255 255 1.000000
0.407383 -0.559042 -0.243423 0.026835 -0.374897 0.926678 255 255 255 1.000000
0.301878 -0.685774 0.507800 0.054440 0.358679 -0.931872 255 255 255 1.000000
-0.270917 0.554841 -0.208863 -0.344909 -0.258077 -0.902460 255 255 255 1.000000
0.073040 -0.130681 0.012763 0.000000 0.786944 -0.617024 255 255 255 1.000000
0.373793 -0.367915 -0.165595 0.995083 0.083623 -0.053080 255 255 255 1.000000
0.357867 -0.218605 -0.036586 0.992080 -0.016354 0.124535 255 255 255 1.000000
-0.275231 -0.030694 0.076721 -0.219432 -0.896272 -0.385416 255 255 255 1.000000
-0.298524 -0.135599 0.007844 0.000000 0.603043 -0.797708 255 255 255 1.000000
-0.192988 -0.031647 0.269960 -0.084594 -0.994875 0.055393 255 255 255 1.000000
0.125577 -0.012765 -0.164095 -0.176898 -0.090898 0.980023 255 255 255 1.000000
-0.311913 0.090238 -0.173708 0.761213 -0.044842 0.646949 255 255 255 1.000000
-0.378058 -0.692758 -0.240324 -0.120298 -0.727730 -0.675231 255 255 255 1.000000
-0.116215 -0.137959 0.005484 0.000000 0.503398 -0.864055 255 255 255 1.000000
-0.017852 -0.005562 -0.178786 0.020965 -0.138969 0.990075 255 255 255 1.000000
0.069120 -0.056537 -0.089907 0.242072 -0.970145 0.014847 255 255 255 1.000000
-0.282419 -0.041583 0.432686 -0.045198 -0.763054 -0.644752 255 255 255 1.000000
-0.310784 0.681018 -0.233963 0.257835 0.317781 0.912434 255 255 255 1.000000
-0.138188 0.588655 -0.250506 -0.131726 -0.223078 -0.965859 255 255 255 1.000000
0.263871 -0.031558 -0.052774 -0.188752 0.981086 0.042924 255 255 255 1.000000
0.056198 0.603390 -0.257993 0.056315 -0.209481 -0.976190 255 255 255 1.000000
0.072439 -0.140379 0.433265 -0.055678 0.998270 0.018887 255 255 255 1.000000
0.165018 -0.038659 0.401347 0.069143 -0.968682 -0.238486 255 255 255 1.000000
0.448178 -0.738514 -0.295361 -0.081636 0.571232 0.816718 255 255 255 1.000000
-0.043924 -0.047055 0.409671 -0.018718 -0.972218 -0.233329 255 255 255 1.000000
-0.000623 -0.045884 0.177843 -0.021216 0.999723 -0.010175 255 255 255 1.000000
0.250496 -0.122295 0.049860 0.085830 -0.973241 -0.213155 255 255 255 1.000000
-0.359888 -0.242689 0.161722 0.919429 0.316105 0.233942 255 255 255 1.000000
0.298701 0.200803 -0.119803 0.343445 0.050248 0.937828 255 255 255 1.000000
-0.369571 -0.017979 0.387176 0.437626 -0.854771 -0.279017 255 255 255 1.000000
-0.293810 -0.102627 -0.184630 -0.897380 -0.338077 -0.283572 255 255 255 1.000000
-0.211683 0.735413 -0.281145 -0.098260 -0.650112 -0.753459 255 255 255 1.000000
0.313448 -0.013041 0.352178 -0.122697 0.987151 0.102364 255 255 255 1.000000
-0.039689 0.090369 -0.169159 -0.117004 0.486699 -0.865699 255 255 255 1.000000
0.129864 -0.034206 0.314690 -0.074614 0.997169 -0.009349 255 255 255 1.000000
-0.053876 0.698950 -0.278187 -0.042707 -0.279816 -0.959103 255 255 255 1.000000
0.295243 -0.036053 -0.211643 -0.576478 -0.109530 0.809738 255 255 255 1.000000
-0.351375 0.377391 -0.164255 -0.931648 -0.080845 0.354255 255 255 255 1.000000
0.268334 -0.023351 0.240324 -0.118431 0.991583 -0.052327 255 255 255 1.000000
0.364953 0.509726 -0.195688 -0.882746 -0.116385 -0.455207 255 255 255 1.000000
-0.381541 -0.728643 0.501371 0.998543 0.006466 0.053569 255 255 255 1.000000
0.111923 -0.043569 0.157603 -0.069185 0.997276 -0.025570 255 255 255 1.000000
-0.242618 0.217863 -0.187264 -0.104642 0.008035 -0.994478 255 255 255 1.000000
0.095637 0.392565 -0.207929 0.124408 -0.238724 -0.963085 255 255 255 1.000000
0.305867 -0.111515 -0.124511 0.231286 0.390623 -0.891022 255 255 255 1.000000
-0.195631 0.312947 -0.165602 0.259204 0.234717 0.936868 255 255 255 1.000000
-0.075148 -0.053028 0.010423 0.652981 -0.172831 0.737391 255 255 255 1.000000
-0.060797 0.269543 -0.182449 -0.098224 -0.202908 -0.974259 255 255 255 1.000000
-0.026936 0.515772 -0.246967 -0.036282 -0.211350 -0.976737 255 255 255 1.000000
-0.285666 -0.020859 0.245344 0.120515 0.981990 -0.145503 255 255 255 1.000000
-0.031791 0.376826 -0.208911 -0.046995 -0.238198 -0.970079 255 255 255 1.000000
0.029651 -0.054301 0.000134 -0.047454 0.998307 -0.033620 255 255 255 1.000000
0.285289 -0.025179 0.142458 -0.244759 -0.953308 0.176908 255 255 255 1.000000
-0.139219 0.678769 -0.268112 -0.103302 -0.261290 -0.959717 255 255 255 1.000000
-0.428205 -0.544637 -0.244437 -0.661447 -0.320734 0.677951 255 255 255 1.000000
0.251558 -0.032541 0.409861 -0.088294 0.957204 0.275618 255 255 255 1.000000
0.133795 -0.098367 -0.177038 0.277344 -0.955462 -0.100860 255 255 255 1.000000
-0.150867 -0.042071 0.136646 -0.034582 0.978313 -0.204224 255 255 255 1.000000
0.158273 0.230960 -0.155533 -0.234857 0.202903 0.950617 255 255 255 1.000000
0.214056 0.573021 -0.230550 0.239629 -0.208929 -0.948117 255 255 255 1.000000
-0.278204 -0.026842 -0.107600 -0.252104 -0.778326 -0.575023 255 255 255 1.000000
0.097801 0.748116 -0.322926 -0.047848 0.918106 0.393437 255 255 255 1.000000
0.236451 0.083918 -0.132280 0.131807 -0.786901 0.602838 255 255 255 1.000000
-0.361727 -0.339108 0.295546 -0.915660 0.280816 0.287591 255 255 255 1.000000
-0.417056 -0.412292 -0.175624 0.566860 0.418279 -0.709727 255 255 255 1.000000
-0.364145 -0.685594 0.570722 0.043856 -0.760847 -0.647448 255 255 255 1.000000
0.031520 0.683342 -0.274026 -0.030348 0.258345 0.965576 255 255 255 1.000000
0.226697 -0.034976 -0.130900 -0.187915 0.981172 0.044612 255 255 255 1.000000
-0.365697 0.519217 -0.204002 -0.999167 -0.010476 0.039452 255 255 255 1.000000
-0.317913 -0.020831 0.147653 -0.145760 -0.939665 -0.309488 255 255 255 1.000000
0.429843 -0.682414 -0.237993 -0.007449 0.907220 0.420591 255 255 255 1.000000
0.158912 0.061241 -0.150760 0.182740 0.120556 -0.975742 255 255 255 1.000000
0.283480 0.437598 -0.203189 -0.922714 0.065777 -0.379831 255 255 255 1.000000
0.334076 0.673151 -0.224795 -0.035721 -0.339853 -0.939800 255 255 255 1.000000
-0.330872 -0.446049 0.402213 0.466685 0.525806 0.711149 255 255 255 1.000000
0.357664 -0.023440 0.063447 0.641984 0.766154 -0.029402 255 255 255 1.000000
-0.116186 -0.036936 0.294058 0.023263 0.998646 -0.046519 255 255 255 1.000000
-0.085126 -0.056063 -0.122547 -0.081450 -0.996672 0.003402 255 255 255 1.000000
-0.190824 -0.049460 0.436801 -0.034705 -0.796937 -0.603065 255 255 255 1.000000
0.109215 -0.051188 -0.009526 0.080761 -0.996267 0.030483 255 255 255 1.000000
0.283379 0.728794 -0.255812 -0.783031 -0.369950 -0.500000 255 255 255 1.000000
0.036213 -0.072969 0.456840 0.001149 -0.477011 -0.878897 255 255 255 1.000000
-0.249130 0.473649 -0.194086 -0.344124 -0.262344 -0.901529 255 255 255 1.000000
0.321875 -0.128263 0.015182 0.000000 0.856956 -0.515390 255 255 255 1.000000
-0.444592 -0.675118 -0.281528 0.020043 -0.950931 0.308753 255 255 255 1.000000
0.303542 0.038468 -0.186013 -0.742337 -0.003661 0.670017 255 255 255 1.000000
0.057948 0.522072 -0.246880 0.054874 -0.193397 -0.979585 255 255 255 1.000000
-0.234794 0.094903 -0.190195 -0.930712 -0.062147 0.360434 255 255 255 1.000000
0.192423 0.697128 -0.261301 0.148824 -0.282490 -0.947655 255 255 255 1.000000
0.356729 -0.630187 0.496150 0.989980 -0.070062 -0.122601 255 255 255 1.000000
0.231732 0.137183 -0.191650 -0.027630 -0.080883 0.996341 255 255 255 1.000000
-0.372669 -0.279283 -0.104588 0.958333 0.120527 -0.258980 255 255 255 1.000000
0.148269 -0.036625 0.237971 -0.082227 0.996418 -0.019759 255 255 255 1.000000
0.095525 0.130898 -0.157866 0.352244 -0.779420 -0.518101 255 255 255 1.000000
-0.322495 -0.581106 0.458346 0.880911 -0.236687 -0.409848 255 255 255 1.000000
0.296123 -0.750795 0.550933 -0.158363 -0.867357 0.471818 255 255 255 1.000000
0.159323 0.624784 -0.250234 0.156800 -0.179783 -0.971129 255 255 255 1.000000
0.290382 0.585125 -0.231551 -0.838222 -0.112892 -0.533515 255 255 255 1.000000
0.373869 -0.706960 -0.302803 0.088177 -0.311138 0.946265 255 255 255 1.000000
-0.367813 0.721092 -0.267596 -0.996612 -0.033013 -0.075324 255 255 255 1.000000
0.108171 0.466559 -0.227768 -0.128513 0.224568 0.965947 255 255 255 1.000000
0.224047 -0.104865 -0.099476 -0.985236 0.145843 0.089661 255 255 255 1.000000
-0.146045 0.411437 -0.206276 -0.193056 -0.241678 -0.950958 255 255 255 1.000000
0.222122 0.297932 -0.154125 -0.295011 0.225781 0.928435 255 255 255 1.000000
0.339822 -0.009488 0.280478 -0.877852 -0.296604 0.376034 255 255 255 1.000000
-0.305653 -0.690980 0.507754 0.990696 0.094451 -0.097983 255 255 255 1.000000
-0.291492 0.405552 -0.201742 0.102666 0.148790 0.983525 255 255 255 1.000000
-0.108696 0.519402 -0.241941 0.128208 0.215938 0.967953 255 255 255 1.000000
0.365589 -0.725797 0.486745 0.382589 0.909980 0.159879 255 255 255 1.000000
0.359158 -0.068681 -0.087441 0.916289 -0.376041 -0.137869 255 255 255 1.000000
-0.369168 -0.084076 0.181070 0.505566 0.862657 0.015007 255 255 255 1.000000
0.021104 0.136985 -0.167055 0.230620 -0.684333 0.691739 255 255 255 1.000000
-0.348394 -0.008756 0.286760 0.161396 0.986546 -0.026028 255 255 255 1.000000
0.091179 0.281334 -0.180817 0.146125 -0.217748 -0.965004 255 255 255 1.000000
0.110885 -0.061151 0.447827 0.007164 -0.596002 -0.802951 255 255 255 1.000000
-0.225979 -0.028743 0.369694 -0.098441 -0.983774 -0.149995 255 255 255 1.000000
0.007730 -0.059409 -0.134633 -0.988100 0.151839 -0.024560 255 255 255 1.000000
0.365956 -0.080199 0.228649 0.550754 -0.834513 -0.016042 255 255 255 1.000000
0.220664 -0.036352 0.102642 -0.117843 0.992560 -0.030628 255 255 255 1.000000
0.040373 -0.038366 0.310761 -0.031389 0.999507 -0.000750 255 255 255 1.000000
-0.267267 0.262827 -0.132281 0.284683 0.197090 0.938142 255 255 255 1.000000
0.336152 -0.687815 0.572667 -0.036523 -0.794480 -0.606191 255 255 255 1.000000
-0.359004 -0.085520 -0.043557 -0.082680 0.983424 0.161375 255 255 255 1.000000
-0.354901 -0.179401 0.030093 0.000000 -0.999677 0.025425 255 255 255 1.000000
-0.132992 -0.062533 -0.182830 -0.041514 0.448667 -0.892734 255 255 255 1.000000
-0.382790 -0.734115 -0.299425 -0.081132 0.459032 0.884708 255 255 255 1.000000
0.216712 -0.038826 0.001523 0.130125 -0.991348 0.017207 255 255 255 1.000000
-0.288160 0.157932 -0.180314 0.399219 -0.094405 0.911982 255 255 255 1.000000
-0.293921 -0.116103 0.429510 -0.219512 -0.934358 0.280695 255 255 255 1.000000
-0.205837 0.571015 -0.234665 -0.238096 -0.225867 -0.944613 255 255 255 1.000000
-0.004434 -0.042338 0.249899 -0.013910 0.999903 -0.000036 255 255 255 1.000000
-0.231660 -0.130952 -0.016472 0.956024 -0.268406 -0.118220 255 255 255 1.000000
0.244965 0.154192 -0.122771 -0.404907 0.767084 0.497627 255 255 255 1.000000
-0.208469 -0.040920 -0.105841 0.209242 0.580389 0.786998 255 255 255 1.000000
-0.344471 -0.016008 -0.068067 -0.181840 0.983293 0.008349 255 255 255 1.000000
0.324460 0.361759 -0.139370 -0.288657 -0.103506 -0.951821 255 255 255 1.000000
0.052736 -0.009490 -0.176075 -0.079977 -0.169607 0.982261 255 255 255 1.000000
-0.247170 -0.123442 0.054528 -0.013841 -0.975332 -0.220308 255 255 255 1.000000
-0.088869 -0.138092 0.431351 -0.022560 -0.998701 -0.045687 255 255 255 1.000000
0.008839 0.234550 -0.177859 -0.022074 0.188401 0.981844 255 255 255 1.000000
-0.231602 -0.011288 -0.196032 0.949978 -0.039499 -0.309810 255 255 255 1.000000
-0.298163 0.612872 -0.240571 0.830838 -0.133943 -0.540156 255 255 255 1.000000
-0.345605 -0.018834 0.063705 -0.204243 -0.974345 -0.094536 255 255 255 1.000000
0.209288 0.502662 -0.216593 0.282907 -0.249360 -0.926166 255 255 255 1.000000
-0.211000 -0.038399 0.101794 -0.027220 -0.976459 0.213979 255 255 255 1.000000
-0.293432 0.034242 -0.137169 0.506871 0.103686 -0.855764 255 255 255 1.000000
0.222793 -0.174669 0.014338 0.000000 -0.834266 -0.551362 255 255 255 1.000000
0.364969 -0.022632 0.134236 0.748028 0.663367 -0.019940 255 255 255 1.000000
-0.160095 -0.134585 0.432886 0.081712 0.994320 -0.068193 255 255 255 1.000000
0.366459 -0.093926 0.372558 -0.568676 0.795431 0.209516 255 255 255 1.000000
-0.171855 -0.036902 0.205087 0.054086 0.993700 -0.098159 255 255 255 1.000000
0.204574 -0.062821 0.451032 -0.004038 -0.459425 -0.888208 255 255 255 1.000000
-0.435433 -0.722319 -0.219279 -0.007744 0.030117 -0.999516 255 255 255 1.000000
-0.106379 0.180723 -0.158354 0.169876 0.170284 0.970642 255 255 255 1.000000
0.315510 -0.273325 0.208730 0.999179 0.005627 -0.040129 255 255 255 1.000000
-0.186185 -0.044800 -0.015799 0.116829 0.993097 -0.010434 255 255 255 1.000000
-0.312117 -0.115072 -0.083683 -0.317301 0.253975 -0.913683 255 255 255 1.000000
-0.009580 -0.109591 -0.191998 -0.008011 -0.285825 -0.958248 255 255 255 1.000000
-0.176516 0.170607 -0.139980 -0.299317 -0.518092 -0.801243 255 255 255 1.000000
-0.365305 -0.093046 0.044788 -0.517332 -0.855575 -0.018937 255 255 255 1.000000
0.323293 0.471418 -0.159946 0.050756 -0.221912 -0.973745 255 255 255 1.000000
0.353097 -0.347152 0.309436 -0.874964 -0.331392 -0.353011 255 255 255 1.000000
0.026617 -0.150110 0.056616 0.000000 -0.065189 -0.997873 255 255 255 1.000000
0.338868 -0.105875 0.433252 0.173386 -0.717670 0.674453 255 255 255 1.000000
-0.069805 -0.142298 0.054523 0.000000 -0.356562 -0.934272 255 255 255 1.000000
-0.286431 0.367194 -0.147659 0.342473 0.225916 0.911962 255 255 255 1.000000
0.283290 0.312962 -0.185210 -0.346498 0.130102 0.928985 255 255 255 1.000000
0.229482 -0.043508 -0.206296 0.839158 0.046875 0.541865 255 255 255 1.000000
-0.164103 0.057567 -0.150651 -0.155585 0.716582 -0.679929 255 255 255 1.000000
0.364834 -0.089165 0.046727 0.749209 -0.661320 -0.036639 255 255 255 1.000000
0.262701 0.023472 -0.135763 0.727242 0.412130 0.548880 255 255 255 1.000000
0.273142 0.264173 -0.129657 -0.281430 0.192109 0.940155 255 255 255 1.000000
0.159908 0.741865 -0.296678 -0.113272 0.784409 0.609813 255 255 255 1.000000
0.376301 -0.031008 0.354889 -0.977865 -0.207790 -0.024575 255 255 255 1.000000
0.304035 -0.051011 0.444252 0.001362 -0.509980 -0.860185 255 255 255 1.000000
0.416436 -0.410982 -0.190010 -0.957574 -0.188912 0.217633 255 255 255 1.000000
-0.329797 0.279638 -0.140970 -0.832980 -0.066679 0.549271 255 255 255 1.000000
-0.059005 0.745646 -0.323576 -0.045411 -0.902576 -0.428129 255 255 255 1.000000
-0.376302 -0.090250 0.370059 0.861264 -0.057325 0.504914 255 255 255 1.000000
-0.004871 -0.051945 0.058034 -0.029180 0.999187 -0.027814 255 255 255 1.000000
0.033275 0.371005 -0.207376 0.038228 -0.236866 -0.970790 255 255 255 1.000000
0.198444 0.383152 -0.183726 -0.275285 0.248521 0.928685 255 255 255 1.000000
-0.254295 -0.080401 -0.134880 0.588723 -0.799129 -0.121650 255 255 255 1.000000
-0.306947 0.491941 -0.216196 -0.219487 -0.191104 -0.956715 255 255 255 1.000000
-0.367610 0.658031 -0.254532 0.999146 0.004581 -0.041059 255 255 255 1.000000
0.329937 -0.187017 0.130297 0.231014 0.818801 0.525545 255 255 255 1.000000
0.208462 -0.029873 0.262415 0.115219 -0.993281 0.010816 255 255 255 1.000000
0.280304 0.183322 -0.178675 -0.395229 -0.057739 0.916766 255 255 255 1.000000
-0.087176 -0.036401 0.352368 0.046438 0.998261 0.036306 255 255 255 1.000000
0.329758 0.562080 -0.185558 0.131885 -0.321286 -0.937754 255 255 255 1.000000
-0.327151 -0.022884 -0.148465 -0.028090 -0.656606 0.753710 255 255 255 1.000000
0.001491 -0.039098 0.365639 -0.004800 0.996714 0.080861 255 255 255 1.000000
0.296182 -0.095215 -0.186180 0.763080 -0.177398 -0.621482 255 255 255 1.000000
0.370337 -0.186719 0.020744 -0.331057 0.636388 -0.696715 255 255 255 1.000000
-0.173434 -0.019279 -0.155842 0.185332 -0.177325 0.966544 255 255 255 1.000000
0.157407 -0.042283 0.114446 0.083536 -0.995786 0.037844 255 255 255 1.000000
0.320020 -0.525943 0.423408 -0.994879 -0.065988 -0.076559 255 255 255 1.000000
0.132140 -0.150746 0.002000 0.000000 -0.041670 0.999131 255 255 255 1.000000
-0.385654 -0.178406 -0.028533 -0.563128 0.625030 -0.540578 255 255 255 1.000000
-0.164731 -0.127971 0.043313 0.000000 0.864316 0.502948 255 255 255 1.000000
-0.303216 -0.026783 0.009545 -0.184684 -0.979741 -0.077461 255 255 255 1.000000
-0.122528 0.283016 -0.176314 0.181002 0.222981 0.957871 255 255 255 1.000000
0.314419 -0.446194 0.374160 -0.995492 -0.042237 -0.084918 255 255 255 1.000000
-0.271871 0.725011 -0.258617 -0.159965 -0.453777 -0.876640 255 255 255 1.000000
-0.271018 0.091027 -0.126725 0.206917 0.346458 -0.914960 255 255 255 1.000000
-0.374888 -0.747176 0.560081 -0.124245 -0.748051 0.651907 255 255 255 1.000000
0.258580 0.078770 -0.199290 0.157847 0.120308 -0.980107 255 255 255 1.000000
0.213077 0.210271 -0.135850 0.276195 -0.198871 -0.940301 255 255 255 1.000000
0.233293 -0.114282 -0.009245 -0.810444 0.564274 0.157401 255 255 255 1.000000
-0.275837 0.046964 -0.202298 -0.213581 0.140374 -0.966788 255 255 255 1.000000
0.177296 -0.047964 -0.165445 -0.035773 0.801507 -0.596915 255 255 255 1.000000
-0.109387 -0.045572 0.413653 -0.046361 -0.964173 -0.261191 255 255 255 1.000000
-0.246904 0.204209 -0.127091 0.263824 0.188459 0.945981 255 255 255 1.000000
-0.223947 -0.039235 0.032197 -0.235290 -0.913245 -0.332598 255 255 255 1.000000
-0.057719 -0.079842 0.459443 0.008019 -0.454472 -0.890725 255 255 255 1.000000
-0.099721 0.067514 -0.163089 0.218851 -0.790431 0.572121 255 255 255 1.000000
-0.098253 0.634169 -0.260180 0.078442 0.209503 0.974657 255 255 255 1.000000
-0.381241 -0.072189 0.239732 -0.914012 -0.403117 -0.045586 255 255 255 1.000000
0.284178 -0.176030 0.016123 0.000000 -0.876319 -0.481732 255 255 255 1.000000
0.420339 -0.499735 -0.246026 -0.851633 -0.271921 0.448086 255 255 255 1.000000
0.102983 -0.166069 0.053050 0.000000 0.514195 -0.857673 255 255 255 1.000000
0.279541 -0.018535 0.301737 0.044620 -0.995125 0.087947 255 255 255 1.000000
-0.326557 0.569184 -0.189615 0.204422 0.320881 0.924796 255 255 255 1.000000
0.387736 -0.608571 -0.275409 -0.997754 -0.024177 -0.062466 255 255 255 1.000000
0.084175 -0.055899 -0.148799 0.095703 -0.995403 -0.003716 255 255 255 1.000000
-0.058651 -0.046167 0.157653 -0.459022 0.723283 -0.515907 255 255 255 1.000000
0.006150 0.569981 -0.254595 0.011197 -0.191867 -0.981357 255 255 255 1.000000
-0.265293 -0.177818 0.035995 0.000000 -0.969075 0.246767 255 255 255 1.000000
-0.253858 -0.065805 -0.210102 0.950087 -0.235587 -0.204533 255 255 255 1.000000
0.433021 -0.742326 -0.235966 -0.024804 0.863098 -0.504427 255 255 255 1.000000
-0.341807 -0.044724 0.440462 -0.019872 -0.645812 -0.763238 255 255 255 1.000000
-0.044935 -0.059485 -0.177958 0.016959 0.935083 -0.354022 255 255 255 1.000000
0.326245 -0.016812 -0.067429 0.222987 -0.973249 -0.055340 255 255 255 1.000000
0.214251 -0.124043 0.428495 -0.113835 0.992413 -0.046454 255 255 255 1.000000
0.305689 -0.024806 0.001386 -0.201252 0.979236 0.024378 255 255 255 1.000000
0.050049 -0.046603 0.146278 0.045132 -0.998872 0.014749 255 255 255 1.000000
-0.293379 0.164689 -0.119639 -0.497550 -0.102528 0.861355 255 255 255 1.000000
-0.066818 -0.040672 0.260763 0.160736 -0.966997 0.197687 255 255 255 1.000000
-0.191773 0.108490 -0.138758 -0.110938 -0.932301 0.344248 255 255 255 1.000000
-0.089458 -0.054737 -0.047857 -0.519386 -0.697421 -0.493804 255 255 255 1.000000
0.279217 -0.093810 -0.074837 -0.023537 -0.834891 -0.549911 255 255 255 1.000000
0.352718 -0.089546 -0.019304 -0.087076 -0.983036 -0.161428 255 255 255 1.000000
-0.376759 -0.028899 0.156662 0.882831 -0.468620 0.031716 255 255 255 1.000000
0.302715 0.414315 -0.152922 -0.345835 0.234975 0.908397 255 255 255 1.000000
0.128807 0.179438 -0.153138 0.219556 -0.179456 -0.958953 255 255 255 1.000000
-0.002539 -0.048827 0.119624 -0.025146 0.999508 -0.018737 255 255 255 1.000000
-0.104436 -0.048555 0.064226 -0.487274 0.606093 -0.628662 255 255 255 1.000000
0.371173 -0.685747 -0.248702 -0.158321 0.741729 0.651745 255 255 255 1.000000
-0.277967 -0.102149 -0.038424 0.016020 0.978528 0.205489 255 255 255 1.000000
0.372215 -0.070724 0.171682 0.947576 -0.315355 -0.051489 255 255 255 1.000000
-0.211776 0.254248 -0.146866 -0.260727 -0.209022 -0.942513 255 255 255 1.000000
-0.170933 0.363397 -0.185599 -0.239138 -0.257809 -0.936134 255 255 255 1.000000
0.385714 -0.234855 -0.084676 0.584123 0.582798 -0.564931 255 255 255 1.000000
0.106293 -0.049169 0.051733 -0.072539 0.996836 -0.032484 255 255 255 1.000000
0.278574 -0.031685 -0.156421 0.013564 -0.688334 0.725267 255 255 255 1.000000
-0.087224 0.393342 -0.208730 -0.119759 -0.241806 -0.962906 255 255 255 1.000000
0.136189 -0.049847 -0.121130 -0.122161 0.992411 0.014071 255 255 255 1.000000
0.297264 0.069619 -0.136478 0.725759 -0.110363 0.679039 255 255 255 1.000000
-0.247480 -0.024249 0.296524 -0.119569 -0.991709 0.047083 255 255 255 1.000000
0.315043 0.762546 -0.289340 -0.129313 0.959595 0.249910 255 255 255 1.000000
0.408618 -0.327560 -0.142873 0.969709 0.188038 -0.155902 255 255 255 1.000000
-0.131014 -0.049614 -0.002200 0.575634 -0.338389 0.744405 255 255 255 1.000000
0.373676 -0.685671 0.526354 0.995630 0.068489 -0.063481 255 255 255 1.000000
-0.194175 0.448570 -0.204424 -0.261745 -0.248299 -0.932651 255 255 255 1.000000
-0.231478 0.162058 -0.186488 0.997945 0.063112 -0.011073 255 255 255 1.000000
0.098876 0.337977 -0.192556 0.141956 -0.243558 -0.959442 255 255 255 1.000000
0.107162 0.041094 -0.162703 0.179308 0.078584 -0.980649 255 255 255 1.000000
-0.312205 -0.020901 0.388984 -0.115263 -0.965851 -0.232049 255 255 255 1.000000
-0.001504 0.048690 -0.175902 -0.012087 0.237423 -0.971331 255 255 255 1.000000
-0.068295 0.558214 -0.251137 0.071865 0.209248 0.975218 255 255 255 1.000000
-0.390064 -0.749127 -0.245625 -0.173149 0.893327 -0.414711 255 255 255 1.000000
-0.286030 -0.126933 -0.132092 0.289749 -0.584883 0.757600 255 255 255 1.000000
-0.076396 0.132189 -0.162198 -0.184842 0.976711 -0.108948 255 255 255 1.000000
-0.380827 -0.017046 0.332267 -0.833223 0.552443 0.023395 255 255 255 1.000000
0.336324 -0.064006 -0.148885 0.178546 -0.214497 -0.960267 255 255 255 1.000000
-0.412637 -0.317535 -0.113235 0.690382 0.403967 -0.600153 255 255 255 1.000000
-0.132246 -0.174108 0.045009 0.000000 0.818136 -0.575025 255 255 255 1.000000
0.186667 -0.127104 0.018517 0.000000 0.915732 -0.401789 255 255 255 1.000000
-0.040334 0.323199 -0.196551 0.062588 0.223969 0.972584 255 255 255 1.000000
-0.025639 0.439461 -0.226248 -0.039163 -0.224248 -0.973745 255 255 255 1.000000
-0.134153 0.468837 -0.225407 0.166368 0.226422 0.959716 255 255 255 1.000000
0.118364 -0.035267 0.368923 0.053199 -0.992709 -0.108163 255 255 255 1.000000
-0.308916 -0.696226 0.563334 0.145256 0.663110 0.734293 255 255 255 1.000000
0.191253 0.013322 -0.148379 0.087981 0.337653 -0.937150 255 255 255 1.000000
-0.063552 0.024955 -0.172294 0.141175 -0.339217 0.930054 255 255 255 1.000000
-0.248467 0.326141 -0.152886 -0.307144 -0.224222 -0.924872 255 255 255 1.000000
0.009858 0.632552 -0.262875 0.019461 -0.209246 -0.977669 255 255 255 1.000000
0.112436 0.596173 -0.252192 0.104563 -0.179452 -0.978194 255 255 255 1.000000
0.355998 -0.146842 0.055740 0.000000 0.188112 0.982148 255 255 255 1.000000
0.232166 0.455691 -0.195874 0.316842 -0.251866 -0.914426 255 255 255 1.000000
0.260853 -0.079885 -0.136624 0.648057 0.672102 0.358191 255 255 255 1.000000
0.173420 -0.030497 0.347643 -0.089316 0.994704 0.050855 255 255 255 1.000000
-0.360313 0.431023 -0.178374 -0.975537 -0.052699 0.213427 255 255 255 1.000000
-0.002092 -0.127871 0.015653 0.000000 -0.868029 0.496513 255 255 255 1.000000
0.313413 -0.022048 0.095423 0.026995 -0.998051 0.056257 255 255 255 1.000000
0.027549 -0.057083 -0.054836 0.051028 -0.997826 0.041706 255 255 255 1.000000
0.164351 -0.045144 -0.011475 0.107509 -0.993923 0.023618 255 255 255 1.000000
-0.180285 -0.029956 0.323123 0.093062 0.995561 -0.014043 255 255 255 1.000000
0.294799 0.675573 -0.264053 -0.173730 0.325258 0.929530 255 255 255 1.000000
-0.346152 -0.497272 0.393948 0.952910 0.198929 0.228887 255 255 255 1.000000
-0.388253 -0.677881 -0.291273 0.009443 0.820920 -0.570965 255 255 255 1.000000
0.072385 0.717282 -0.283677 -0.067376 0.606470 0.792246 255 255 255 1.000000
-0.321756 -0.263031 0.194024 0.988035 -0.127279 -0.087103 255 255 255 1.000000
-0.408462 -0.165815 0.053303 0.000000 0.503389 -0.864060 255 255 255 1.000000
-0.285206 -0.023751 0.191184 -0.157424 -0.224947 -0.961570 255 255 255 1.000000
0.321696 0.622375 -0.208831 0.314102 -0.280696 -0.906945 255 255 255 1.000000
0.252757 -0.028209 0.186220 -0.135222 0.990265 -0.033007 255 255 255 1.000000
0.304539 0.373747 -0.187994 -0.485233 0.173886 0.856920 255 255 255 1.000000
-0.099001 0.232852 -0.168674 -0.155848 -0.193978 -0.968547 255 255 255 1.000000
-0.350211 -0.222586 0.112185 -0.743755 -0.548489 -0.382085 255 255 255 1.000000
0.157930 0.490818 -0.226341 0.200828 -0.231362 -0.951914 255 255 255 1.000000
-0.326462 0.332936 -0.136499 -0.406008 0.065648 0.911508 255 255 255 1.000000
-0.228795 0.523133 -0.217621 -0.324583 -0.251498 -0.911809 255 255 255 1.000000
-0.275914 -0.038205 -0.170067 -0.369397 -0.450437 0.812805 255 255 255 1.000000
0.148359 0.392798 -0.199720 -0.206238 0.248400 0.946448 255 255 255 1.000000
0.326039 0.237748 -0.149525 -0.901554 0.126324 -0.413815 255 255 255 1.000000
-0.324697 -0.140586 0.054064 0.000000 0.416480 0.909145 255 255 255 1.000000
-0.166194 0.635163 -0.253702 0.146867 0.233170 0.961281 255 255 255 1.000000
0.278565 -0.025773 -0.103637 -0.206798 0.977063 0.050819 255 255 255 1.000000
-0.314220 0.413309 -0.148954 -0.077375 -0.198745 -0.976992 255 255 255 1.000000
0.033875 -0.167806 0.007473 0.000000 -0.587646 -0.809118 255 255 255 1.000000
-0.144838 -0.049533 -0.123480 0.133139 0.978608 0.156847 255 255 255 1.000000
-0.235628 -0.029071 0.230911 0.084199 0.989060 -0.121126 255 255 255 1.000000
-0.239733 -0.070352 0.452571 -0.015358 0.404893 0.914235 255 255 255 1.000000
0.321121 -0.608819 0.464020 0.974609 0.106537 0.196943 255 255 255 1.000000
-0.268673 -0.029082 0.131503 -0.260387 -0.707268 -0.657245 255 255 255 1.000000
0.105458 -0.111885 0.462304 -0.044270 0.257820 -0.965178 255 255 255 1.000000
0.289949 -0.106067 -0.020510 -0.324571 0.810178 0.488124 255 255 255 1.000000
-0.022702 -0.054636 0.000479 -0.217070 0.945733 -0.241806 255 255 255 1.000000
-0.041917 -0.043890 0.213405 -0.316558 0.883480 -0.345332 255 255 255 1.000000
-0.074826 -0.172467 0.012135 0.000000 0.766231 0.642565 255 255 255 1.000000
-0.252056 0.269456 -0.181827 0.980469 0.171515 -0.096246 255 255 255 1.000000
-0.140919 -0.037328 0.248181 -0.049932 -0.996943 0.060094 255 255 255 1.000000
0.074324 0.652718 -0.263035 -0.076132 0.213944 0.973875 255 255 255 1.000000
0.012194 -0.048502 0.415743 -0.008061 0.966164 0.257804 255 255 255 1.000000
0.313490 -0.737259 0.503944 -0.036277 -0.495535 -0.867830 255 255 255 1.000000
0.143506 0.278473 -0.170254 0.215976 -0.217417 -0.951885 255 255 255 1.000000
-0.246960 0.606888 -0.231875 -0.270329 -0.235644 -0.933485 255 255 255 1.000000
-0.193058 0.689411 -0.263684 0.159926 0.290718 0.943349 255 255 255 1.000000
0.216819 -0.038882 -0.080098 -0.164499 0.985848 0.032298 255 255 255 1.000000
0.375653 -0.042247 0.262268 -0.992417 0.120284 0.025295 255 255 255 1.000000
0.030133 -0.126811 0.461058 0.009813 -0.480949 0.876693 255 255 255 1.000000
-0.168549 -0.161326 0.004222 0.000000 0.351145 0.936321 255 255 255 1.000000
-0.295183 -0.026467 -0.053546 0.211595 0.972959 0.092622 255 255 255 1.000000
0.291150 0.321224 -0.135078 0.301111 -0.202834 -0.931768 255 255 255 1.000000
0.312635 0.487982 -0.209416 -0.377111 0.215964 0.900637 255 255 255 1.000000
-0.253503 0.757296 -0.301492 0.086742 0.924381 0.371478 255 255 255 1.000000
-0.326514 -0.329430 0.258976 0.916376 -0.294983 -0.270627 255 255 255 1.000000
0.303151 -0.019894 0.191142 -0.547229 -0.787037 0.284803 255 255 255 1.000000
0.263178 -0.020380 0.358937 -0.110732 0.987994 0.107732 255 255 255 1.000000
0.259530 -0.074835 0.452418 -0.479821 -0.279387 0.831694 255 255 255 1.000000
-0.335530 0.641514 -0.213006 0.033759 0.348099 0.936850 255 255 255 1.000000
-0.243321 -0.107782 -0.176590 0.517493 -0.781878 -0.347661 255 255 255 1.000000
0.438973 -0.687909 -0.291000 0.113738 0.516946 -0.848428 255 255 255 1.000000
0.102453 -0.046819 0.105497 0.069152 -0.997227 0.027510 255 255 255 1.000000
0.369416 0.687254 -0.262507 0.918635 0.153606 0.364026 255 255 255 1.000000
0.313969 -0.023477 0.401851 0.102124 -0.958747 -0.265283 255 255 255 1.000000
-0.259451 0.675883 -0.246285 -0.231290 -0.297585 -0.926255 255 255 255 1.000000
-0.329904 -0.360799 0.328552 -0.538870 -0.564375 -0.625380 255 255 255 1.000000
-0.392047 -0.510764 -0.229968 0.947034 -0.192928 0.256720 255 255 255 1.000000
-0.171290 -0.091962 0.458951 -0.070670 -0.030318 0.997039 255 255 255 1.000000
-0.102165 -0.045915 0.123377 -0.400857 0.752916 -0.521950 255 255 255 1.000000
0.295906 0.150868 -0.126658 -0.716020 0.131025 -0.685674 255 255 255 1.000000
-0.109122 0.717816 -0.283274 0.082501 0.569318 0.817967 255 255 255 1.000000
0.045518 -0.044034 0.198170 -0.040082 0.999146 -0.010078 255 255 255 1.000000
-0.393842 -0.565355 -0.274914 0.872269 0.142518 -0.467799 255 255 255 1.000000
0.116517 -0.052060 -0.068982 0.085803 -0.996311 0.001789 255 255 255 1.000000
-0.160951 0.722798 -0.283476 0.125321 0.534521 0.835812 255 255 255 1.000000
0.225077 -0.038317 0.052514 0.118983 -0.992217 0.036726 255 255 255 1.000000
0.208629 0.626438 -0.240885 -0.201456 0.201540 0.958539 255 255 255 1.000000
-0.005268 0.716450 -0.288597 0.003870 -0.634139 -0.773210 255 255 255 1.000000
0.215814 -0.028811 0.374369 0.094708 -0.984717 -0.146159 255 255 255 1.000000
0.296035 -0.144225 0.055039 0.000000 -0.286318 -0.958135 255 255 255 1.000000
-0.158507 0.542539 -0.239460 -0.179939 -0.219620 -0.958848 255 255 255 1.000000
-0.316780 -0.741492 0.506196 0.055880 -0.507146 -0.860047 255 255 255 1.000000
0.402523 -0.164973 0.053586 0.000000 0.475808 -0.879549 255 255 255 1.000000
-0.382539 -0.058337 0.413547 -0.119372 0.102697 0.987524 255 255 255 1.000000
-0.303716 -0.058732 -0.205966 -0.707417 -0.058965 -0.704333 255 255 255 1.000000
-0.364569 -0.680866 0.521071 0.090572 -0.992832 0.077984 255 255 255 1.000000
-0.357361 -0.134541 0.008902 0.000000 0.646165 -0.763198 255 255 255 1.000000
-0.358022 -0.441273 0.360892 -0.623460 -0.491414 -0.608119 255 255 255 1.000000
0.375583 -0.753411 -0.282572 -0.011369 -0.845719 -0.533507 255 255 255 1.000000
0.004460 -0.062163 -0.184064 -0.003769 0.868742 -0.495251 255 255 255 1.000000
-0.321302 0.522050 -0.175127 -0.263892 -0.313186 -0.912291 255 255 255 1.000000
-0.315623 0.709087 -0.275597 0.245055 0.341367 0.907423 255 255 255 1.000000
0.011364 0.185306 -0.170174 -0.037135 0.166448 0.985351 255 255 255 1.000000
-0.091765 -0.032148 -0.172709 0.136564 -0.113695 0.984085 255 255 255 1.000000
0.259492 -0.128622 -0.123852 0.423614 -0.003186 0.905837 255 255 255 1.000000
0.351766 -0.301294 0.228401 -0.933828 0.271889 0.232470 255 255 255 1.000000
-0.265944 -0.091297 -0.086541 0.322917 -0.931343 -0.168298 255 255 255 1.000000
0.150109 -0.039072 0.188030 -0.081771 0.996280 -0.027193 255 255 255 1.000000
-0.297966 -0.146776 -0.041772 0.834307 0.143175 0.532384 255 255 255 1.000000
-0.405678 -0.457822 -0.193040 -0.273438 -0.408199 0.870980 255 255 255 1.000000
-0.230071 -0.034530 -0.149255 0.170128 0.026903 0.985055 255 255 255 1.000000
0.136858 0.105769 -0.151261 -0.196331 -0.074704 0.977688 255 255 255 1.000000
-0.035056 0.655022 -0.265968 -0.016479 -0.198323 -0.979998 255 255 255 1.000000
-0.255826 0.427476 -0.176975 0.343233 0.262347 0.901867 255 255 255 1.000000
0.086956 -0.038371 0.292519 0.054944 -0.998438 0.010113 255 255 255 1.000000
-0.286328 0.235733 -0.175753 0.399695 0.044985 0.915544 255 255 255 1.000000
0.212989 -0.152076 0.057042 0.000000 -0.006798 0.999977 255 255 255 1.000000
0.087318 -0.110027 -0.183985 0.080400 -0.374217 -0.923849 255 255 255 1.000000
0.225285 -0.125390 -0.055620 -0.930360 -0.328535 -0.162775 255 255 255 1.000000
0.266864 0.002877 -0.209448 0.169190 0.155414 -0.973253 255 255 255 1.000000
-0.236138 -0.038561 0.416567 0.093851 0.955563 0.279448 255 255 255 1.000000
0.309387 0.537846 -0.221798 0.249651 -0.217419 -0.943612 255 255 255 1.000000
-0.068584 0.492938 -0.238970 -0.086311 -0.222177 -0.971179 255 255 255 1.000000
0.227399 0.185208 -0.180453 -0.990357 0.104604 -0.090836 255 255 255 1.000000
-0.426488 -0.708299 -0.311166 0.013562 0.979570 0.200646 255 255 255 1.000000
-0.272355 0.354289 -0.192285 0.957236 0.160900 -0.240439 255 255 255 1.000000
0.332838 -0.346432 0.265941 -0.800133 0.454415 0.391529 255 255 255 1.000000
-0.419986 -0.369767 -0.153696 0.990783 -0.118556 0.065524 255 255 255 1.000000
0.276339 0.266168 -0.177620 0.354620 -0.099831 -0.929666 255 255 255 1.000000
-0.363362 -0.593875 0.480341 0.953644 -0.148446 -0.261775 255 255 255 1.000000
0.315738 -0.015516 0.239605 0.728406 0.592597 -0.343881 255 255 255 1.000000
0.243096 0.703137 -0.253918 0.164193 -0.293879 -0.941635 255 255 255 1.000000
0.368280 -0.304810 -0.126903 -0.895734 0.210380 -0.391664 255 255 255 1.000000
-0.050637 -0.131119 0.012324 0.000000 0.772613 -0.634878 255 255 255 1.000000
0.348843 -0.412469 0.370851 0.614178 0.484857 0.622655 255 255 255 1.000000
0.135801 -0.128723 0.044065 0.000000 -0.844841 -0.535018 255 255 255 1.000000
0.015464 0.494835 -0.241550 0.007174 -0.203708 -0.979005 255 255 255 1.000000
-0.361460 -0.557995 0.443747 0.930995 0.194377 0.308974 255 255 255 1.000000
-0.208621 -0.125340 0.025101 0.000000 -0.987185 0.159582 255 255 255 1.000000
0.113632 0.241672 -0.167580 0.183318 -0.199064 -0.962688 255 255 255 1.000000
0.062022 -0.052053 0.034898 -0.057429 0.998006 -0.026194 255 255 255 1.000000
-0.362358 -0.018372 0.109862 0.421687 -0.906700 0.008685 255 255 255 1.000000
0.077044 -0.036570 0.340791 0.045527 -0.998887 -0.012343 255 255 255 1.000000
0.179519 -0.030670 0.300618 -0.100660 0.994887 -0.008251 255 255 255 1.000000
0.049083 0.259571 -0.181962 -0.092135 0.202155 0.975010 255 255 255 1.000000
-0.382894 -0.038795 0.274687 -0.995110 -0.095537 -0.025074 255 255 255 1.000000
0.410895 -0.567913 -0.289752 0.636607 0.311510 -0.705474 255 255 255 1.000000
0.392873 -0.189864 -0.023187 -0.993417 -0.113442 -0.015901 255 255 255 1.000000
-0.027000 0.135788 -0.166612 -0.107916 0.624889 -0.773219 255 255 255 1.000000
0.075387 -0.055017 -0.042244 -0.065782 0.997303 -0.032540 255 255 255 1.000000
0.238405 0.409530 -0.178297 0.321097 -0.249179 -0.913678 255 255 255 1.000000
-0.304577 0.121957 -0.138338 0.752265 0.077751 -0.654257 255 255 255 1.000000
-0.383729 -0.379695 -0.182247 0.702447 0.339284 -0.625663 255 255 255 1.000000
-0.010834 -0.075859 0.457861 -0.004133 0.476402 0.879218 255 255 255 1.000000
0.375911 -0.026164 0.306435 -0.961570 -0.274496 -0.005930 255 255 255 1.000000
-0.208506 -0.042740 -0.057098 0.144961 0.989425 -0.004980 255 255 255 1.000000
-0.180172 0.751261 -0.315532 0.124442 0.916866 0.379302 255 255 255 1.000000
-0.292101 0.452316 -0.193407 -0.818434 -0.212800 -0.533744 255 255 255 1.000000
-0.260221 0.007201 -0.163752 0.176450 0.020670 0.984093 255 255 255 1.000000
-0.358486 -0.019194 -0.112748 0.941245 -0.333520 0.053120 255 255 255 1.000000
-0.372813 -0.077741 0.001093 -0.968950 -0.237676 -0.068162 255 255 255 1.000000
0.157444 -0.064277 0.452291 -0.000171 0.481590 0.876397 255 255 255 1.000000
-0.320992 -0.615852 0.492257 0.997898 0.027168 0.058841 255 255 255 1.000000
0.366938 -0.047311 0.023049 0.997931 -0.029003 -0.057374 255 255 255 1.000000
-0.302979 -0.083896 -0.139321 -0.042713 -0.676098 -0.735573 255 255 255 1.000000
0.106207 -0.041269 0.213189 -0.065239 0.997668 -0.020044 255 255 255 1.000000
0.268099 0.756683 -0.290736 0.153289 -0.894285 -0.420424 255 255 255 1.000000
-0.038484 -0.058486 -0.121303 -0.762060 -0.647430 -0.009927 255 255 255 1.000000
-0.426153 -0.681012 -0.239050 -0.014516 -0.816602 -0.577018 255 255 255 1.000000
-0.010704 0.276026 -0.186313 0.025808 0.203386 0.978758 255 255 255 1.000000
-0.339732 -0.726424 0.582585 -0.333805 0.434763 -0.836394 255 255 255 1.000000
-0.328429 -0.209093 0.154583 0.613447 0.644218 0.456799 255 255 255 1.000000
0.184955 0.098660 -0.140979 -0.299139 0.951149 0.076359 255 255 255 1.000000
0.200378 0.256932 -0.151287 0.280021 -0.217628 -0.935001 255 255 255 1.000000
0.295752 -0.699328 0.552808 0.999716 -0.020688 0.011824 255 255 255 1.000000
0.131855 -0.134789 0.431224 -0.082589 0.996582 0.001789 255 255 255 1.000000
-0.374866 -0.047742 0.041003 0.997953 0.032299 0.055197 255 255 255 1.000000
0.209475 0.340858 -0.168264 0.289727 -0.242543 -0.925868 255 255 255 1.000000
0.318001 0.518156 -0.174629 0.299376 -0.308366 -0.902931 255 255 255 1.000000
-0.290885 0.303482 -0.132751 0.304351 0.197939 0.931767 255 255 255 1.000000
-0.231474 0.043714 -0.185181 -0.999137 -0.002644 0.041444 255 255 255 1.000000
0.324065 0.712130 -0.271688 -0.285028 0.330408 0.899772 255 255 255 1.000000
-0.361588 0.478940 -0.181611 -0.961030 -0.020227 0.275702 255 255 255 1.000000
-0.362567 -0.277633 0.210195 -0.999262 -0.038200 0.004052 255 255 255 1.000000
0.179408 0.534317 -0.231825 0.211107 -0.219183 -0.952572 255 255 255 1.000000
0.004694 0.405888 -0.216967 -0.002292 -0.227810 -0.973703 255 255 255 1.000000
0.274194 0.108798 -0.123246 -0.051556 0.992728 0.108780 255 255 255 1.000000
0.356285 -0.547767 0.441524 0.932101 -0.188506 -0.309279 255 255 255 1.000000
0.327979 -0.651888 0.524711 0.736182 -0.301035 -0.606146 255 255 255 1.000000
0.368367 0.641709 -0.239763 -0.867876 -0.202609 -0.453586 255 255 255 1.000000
-0.300709 -0.016228 0.288472 -0.141334 -0.989176 0.039443 255 255 255 1.000000
-0.410602 -0.267385 -0.081688 0.990659 -0.132728 0.031289 255 255 255 1.000000
-0.023945 -0.142411 0.054553 0.000000 0.352511 0.935808 255 255 255 1.000000
-0.200487 0.209661 -0.140798 -0.251693 -0.195153 -0.947927 255 255 255 1.000000
0.183846 -0.043532 -0.112196 0.152787 -0.987861 -0.028065 255 255 255 1.000000
-0.338038 -0.011328 0.352561 -0.135248 -0.982826 -0.125541 255 255 255 1.000000
-0.195556 -0.038006 0.144880 0.049148 0.987923 -0.146941 255 255 255 1.000000
-0.331266 -0.013964 0.238890 -0.157081 -0.978117 0.136432 255 255 255 1.000000
0.261483 -0.033230 0.008439 -0.152770 0.988222 -0.008874 255 255 255 1.000000
0.253975 0.554989 -0.215073 0.310819 -0.242770 -0.918942 255 255 255 1.000000
-0.152287 0.318360 -0.178374 0.205473 0.242854 0.948052 255 255 255 1.000000
0.256795 0.217544 -0.125655 -0.265737 0.183905 0.946342 255 255 255 1.000000
-0.164254 -0.043271 0.092485 0.030980 -0.972608 0.230378 255 255 255 1.000000
-0.421171 -0.598167 -0.258384 -0.203447 -0.348630 0.914913 255 255 255 1.000000
-0.402932 -0.419344 -0.218239 -0.290448 -0.468154 0.834549 255 255 255 1.000000
0.101749 0.509675 -0.240251 -0.115914 0.209851 0.970838 255 255 255 1.000000
0.012838 0.091369 -0.171383 0.112850 -0.440167 0.890796 255 255 255 1.000000
0.364829 -0.274971 -0.084986 -0.977622 -0.178530 0.111279 255 255 255 1.000000
0.078828 0.561993 -0.250524 -0.072582 0.187258 0.979626 255 255 255 1.000000
0.165267 0.576423 -0.241568 -0.178502 0.199246 0.963555 255 255 255 1.000000
-0.423521 -0.647541 -0.313540 0.548016 -0.289782 0.784669 255 255 255 1.000000
-0.037993 0.230900 -0.177306 0.068771 0.182497 0.980798 255 255 255 1.000000
0.293776 0.627706 -0.246159 0.135126 -0.299699 -0.944416 255 255 255 1.000000
-0.314533 -0.079584 0.449082 -0.232828 -0.051932 0.971130 255 255 255 1.000000
0.276200 0.476170 -0.181004 0.355891 -0.258262 -0.898133 255 255 255 1.000000
0.398407 -0.669722 -0.280837 -0.586670 -0.002830 0.809821 255 255 255 1.000000
0.060274 0.158995 -0.163551 -0.178885 0.191316 0.965090 255 255 255 1.000000
-0.321722 0.535227 -0.218785 0.327435 0.225529 0.917564 255 255 255 1.000000
0.238472 -0.032234 0.143710 -0.128663 0.991427 -0.022772 255 255 255 1.000000
-0.334323 0.749531 -0.258117 0.067444 -0.723518 -0.687003 255 255 255 1.000000
0.172247 0.190153 -0.143304 -0.251099 0.195109 0.948094 255 255 255 1.000000
0.096065 0.086219 -0.161332 0.048080 0.427392 -0.902787 255 255 255 1.000000
0.070175 0.427212 -0.220505 0.081675 -0.226210 -0.970648 255 255 255 1.000000
0.269524 -0.029835 0.099679 0.008008 0.996323 -0.085302 255 255 255 1.000000
0.327909 -0.231664 0.127754 0.729749 0.557026 0.396469 255 255 255 1.000000
0.361415 0.466125 -0.182631 -0.862931 -0.020877 -0.504890 255 255 255 1.000000
-0.276044 0.112015 -0.191276 -0.267245 0.111581 -0.957147 255 255 255 1.000000
-0.185058 -0.035084 0.394937 -0.071939 -0.969119 -0.235867 255 255 255 1.000000
-0.048616 -0.051818 0.049267 -0.560123 0.548165 -0.621109 255 255 255 1.000000
-0.364664 -0.217239 -0.034681 0.993613 0.006789 -0.112636 255 255 255 1.000000
0.063891 0.479413 -0.235477 0.068327 -0.208650 -0.975601 255 255 255 1.000000
-0.248687 -0.034807 -0.074612 0.223233 0.916625 0.331611 255 255 255 1.000000
0.177696 -0.170362 0.010030 0.000000 -0.690313 -0.723511 255 255 255 1.000000
-0.311030 -0.024281 0.102348 0.151840 0.968831 0.195733 255 255 255 1.000000
-0.135911 -0.041084 0.178513 -0.051119 0.980482 -0.189847 255 255 255 1.000000
-0.312871 0.029727 -0.184848 -0.782785 -0.071307 -0.618193 255 255 255 1.000000
-0.456184 -0.715013 -0.258412 0.999659 0.019244 -0.017674 255 255 255 1.000000
0.317960 -0.727145 0.582281 0.147786 0.065578 -0.986843 255 255 255 1.000000
-0.367143 -0.052577 -0.079295 -0.992788 -0.096401 -0.071265 255 255 255 1.000000
0.252679 0.609496 -0.228322 0.254078 -0.223898 -0.940911 255 255 255 1.000000
0.065704 -0.052737 0.430357 0.034491 -0.952401 -0.302892 255 255 255 1.000000
-0.370393 -0.143193 0.054763 0.000000 0.324217 0.945983 255 255 255 1.000000
-0.214784 0.352507 -0.171048 0.295636 0.246338 0.922993 255 255 255 1.000000
0.224638 0.096650 -0.172975 0.987587 -0.061037 -0.144729 255 255 255 1.000000
0.117287 0.727762 -0.288838 0.106693 -0.607146 -0.787395 255 255 255 1.000000
-0.045115 -0.039563 0.365639 -0.017760 -0.996676 -0.079511 255 255 255 1.000000
0.156456 0.667897 -0.259601 0.151960 -0.239211 -0.959003 255 255 255 1.000000
0.384980 -0.524358 -0.259190 -0.850552 0.176964 -0.495221 255 255 255 1.000000
-0.369755 -0.244087 -0.073541 0.931567 0.179859 -0.315965 255 255 255 1.000000
-0.308058 -0.178414 0.025014 0.000000 0.986641 0.162911 255 255 255 1.000000
0.275066 -0.129953 0.013490 0.000000 -0.809649 0.586914 255 255 255 1.000000
0.235362 -0.013044 -0.168701 -0.973140 0.229665 -0.015891 255 255 255 1.000000
-0.320519 -0.539753 0.440838 -0.977617 0.116536 0.175170 255 255 255 1.000000
0.367733 0.555854 -0.213100 -0.882553 -0.135008 -0.450415 255 255 255 1.000000
0.259055 -0.076070 -0.204386 0.997203 0.065916 0.035228 255 255 255 1.000000
0.190368 -0.033812 0.222499 0.104198 -0.994368 0.019362 255 255 255 1.000000
0.397835 -0.708743 -0.220490 -0.010669 -0.711485 0.702620 255 255 255 1.000000
-0.313684 0.367184 -0.184777 0.525874 0.165953 0.834216 255 255 255 1.000000
-0.237132 -0.107086 -0.055737 0.861527 0.482258 0.158738 255 255 255 1.000000
-0.085776 0.306648 -0.186687 0.127570 0.225203 0.965924 255 255 255 1.000000
-0.270905 -0.022942 0.374322 -0.106617 -0.977224 -0.183482 255 255 255 1.000000
0.054029 0.744086 -0.319690 -0.023548 0.886215 0.462675 255 255 255 1.000000
-0.329082 -0.020098 -0.026508 -0.214646 -0.976091 -0.034259 255 255 255 1.000000
0.289707 -0.135861 -0.091967 0.325144 0.799637 -0.504839 255 255 255 1.000000
-0.275085 0.511253 -0.193288 0.369238 0.261970 0.891647 255 255 255 1.000000
-0.123200 -0.105116 -0.181485 0.218878 0.637525 0.738685 255 255 255 1.000000
0.127751 0.428370 -0.214556 0.165410 -0.234572 -0.957923 255 255 255 1.000000
0.085888 -0.172438 0.012106 0.000000 -0.765250 -0.643734 255 255 255 1.000000
-0.242591 -0.124522 -0.128886 0.691994 -0.665498 -0.279744 255 255 255 1.000000
-0.228647 0.084326 -0.134640 0.200429 0.812300 -0.547720 255 255 255 1.000000
0.126329 -0.055487 -0.176852 -0.001702 -0.733626 0.679552 255 255 255 1.000000
-0.414360 -0.639571 -0.271733 0.184525 0.334970 -0.923984 255 255 255 1.000000
-0.397215 -0.180797 0.013317 0.601761 0.521618 -0.604813 255 255 255 1.000000
-0.352666 0.694517 -0.236199 0.369496 -0.469883 -0.801675 255 255 255 1.000000
-0.091689 0.679009 -0.270259 0.068736 0.257364 0.963867 255 255 255 1.000000
0.330434 -0.170599 0.010267 0.000000 -0.699317 -0.714812 255 255 255 1.000000
0.354438 -0.194331 0.093869 0.972062 0.200714 0.121693 255 255 255 1.000000
0.257618 -0.164977 0.053585 0.000000 -0.475926 0.879485 255 255 255 1.000000
0.314942 -0.367767 0.311081 0.963708 -0.172896 -0.203406 255 255 255 1.000000
0.206413 0.053851 -0.141065 -0.088999 0.679544 -0.728216 255 255 255 1.000000
0.313885 -0.481186 0.400267 -0.905384 -0.228655 -0.357765 255 255 255 1.000000
-0.345027 -0.400051 0.369069 0.915654 0.268694 0.298967 255 255 255 1.000000
-0.146675 -0.050849 0.434980 0.040377 0.833238 0.551439 255 255 255 1.000000
-0.342784 -0.705378 0.490936 -0.137872 0.865289 -0.481941 255 255 255 1.000000
0.398488 -0.231787 -0.043176 0.990788 0.134185 -0.018253 255 255 255 1.000000
0.234489 -0.060320 -0.164996 0.963404 0.263390 -0.049795 255 255 255 1.000000
0.327711 -0.016951 0.155043 -0.320356 -0.928037 0.190049 255 255 255 1.000000
-0.112877 -0.132723 0.048066 0.000000 -0.716269 -0.697824 255 255 255 1.000000
-0.257182 -0.114092 0.013797 -0.048030 0.978590 0.200139 255 255 255 1.000000
0.357636 -0.017775 0.391263 -0.232183 -0.937129 -0.260539 255 255 255 1.000000
-0.264585 0.059484 -0.156479 -0.708567 -0.689763 0.148862 255 255 255 1.000000
-0.125127 -0.126464 0.456382 0.074608 0.618442 -0.782281 255 255 255 1.000000
0.200703 -0.042591 -0.038011 0.129518 -0.991327 0.022272 255 255 255 1.000000
0.251832 0.328571 -0.150698 -0.302983 0.222994 0.926539 255 255 255 1.000000
-0.002181 0.346797 -0.201540 0.009067 0.235056 0.971940 255 255 255 1.000000
0.354874 -0.589481 0.482284 -0.911334 -0.191768 -0.364274 255 255 255 1.000000
-0.365860 0.559991 -0.219802 0.997912 0.037764 0.052388 255 255 255 1.000000
-0.232970 -0.169388 0.009056 0.000000 0.652298 0.757963 255 255 255 1.000000
0.300236 -0.094205 0.450114 0.776746 0.364350 -0.513726 255 255 255 1.000000
0.317383 -0.236328 0.182907 -0.823372 0.450601 0.344988 255 255 255 1.000000
0.384506 -0.498471 -0.223179 0.578786 0.388252 -0.717124 255 255 255 1.000000
-0.174856 0.276067 -0.162005 0.228769 0.220996 0.948064 255 255 255 1.000000
0.302729 0.016202 -0.149865 0.792662 -0.074991 0.605032 255 255 255 1.000000
0.056823 0.335894 -0.197520 0.079554 -0.233808 -0.969023 255 255 255 1.000000
0.370094 -0.051283 0.092808 0.995546 -0.080563 -0.048972 255 255 255 1.000000
0.343537 -0.690833 0.497169 0.018278 0.699827 -0.714078 255 255 255 1.000000
0.324868 0.443992 -0.192060 0.571517 -0.210903 -0.793025 255 255 255 1.000000
-0.068702 0.356271 -0.200654 -0.096334 -0.244815 -0.964772 255 255 255 1.000000
-0.360645 -0.305035 0.263501 -0.848638 0.387657 0.359910 255 255 255 1.000000
0.110941 -0.038733 0.257823 -0.064416 0.997767 -0.017644 255 255 255 1.000000
-0.428052 -0.490027 -0.222731 -0.718573 -0.305945 0.624540 255 255 255 1.000000
-0.268094 -0.032820 0.035246 0.143817 0.984306 0.102261 255 255 255 1.000000
0.211739 0.732101 -0.274645 0.296656 -0.166317 -0.940390 255 255 255 1.000000
0.344033 0.329597 -0.158221 -0.828831 0.058288 -0.556455 255 255 255 1.000000
-0.313368 0.575158 -0.229859 0.170252 0.227888 0.958687 255 255 255 1.000000
-0.357407 -0.190473 0.072069 0.927008 0.318543 0.197957 255 255 255 1.000000
0.005371 -0.058618 -0.091067 -0.991362 0.129473 -0.020920 255 255 255 1.000000
0.355422 -0.027977 -0.097000 0.945829 0.320368 -0.052640 255 255 255 1.000000
0.318620 -0.023042 0.048087 -0.187511 0.982158 0.014365 255 255 255 1.000000
0.377694 -0.419392 -0.204843 0.715728 -0.313683 0.623968 255 255 255 1.000000
-0.286908 0.218188 -0.119572 0.015675 -0.128595 -0.991573 255 255 255 1.000000
0.102477 -0.044318 0.410467 -0.044238 0.964159 0.261610 255 255 255 1.000000
-0.326456 -0.017349 0.188527 0.005906 0.170696 0.985306 255 255 255 1.000000
-0.410380 -0.515047 -0.268020 0.055752 0.407245 -0.911616 255 255 255 1.000000
0.428649 -0.612098 -0.283602 -0.961651 -0.153039 0.227609 255 255 255 1.000000
-0.249763 0.377099 -0.165104 -0.329266 -0.244772 -0.911960 255 255 255 1.000000
0.373015 -0.090556 0.414652 0.336641 0.158346 -0.928224 255 255 255 1.000000
-0.383962 -0.049316 0.363590 0.878865 0.013783 0.476871 255 255 255 1.000000
0.060201 -0.172711 0.046407 0.000000 0.774378 -0.632723 255 255 255 1.000000
0.418150 -0.450734 -0.203861 0.695004 -0.333746 0.636854 255 255 255 1.000000
-0.062553 -0.121001 0.464300 -0.032863 -0.262304 0.964426 255 255 255 1.000000
-0.332339 -0.653808 0.519827 0.350988 0.383487 0.854251 255 255 255 1.000000
-0.288722 -0.121081 0.045653 -0.358962 -0.912026 -0.198380 255 255 255 1.000000
0.355324 -0.264134 0.200580 0.999891 0.004188 0.014194 255 255 255 1.000000
-0.164138 -0.089770 -0.178661 -0.249055 -0.662502 -0.706444 255 255 255 1.000000
0.120112 0.645237 -0.258220 -0.115445 0.191576 0.974665 255 255 255 1.000000
0.215966 0.125686 -0.131305 0.312150 -0.342516 -0.886141 255 255 255 1.000000
0.250054 -0.154368 -0.009550 0.403701 -0.913653 0.047566 255 255 255 1.000000
-0.000243 -0.040079 0.293173 -0.012675 0.999908 0.004906 255 255 255 1.000000
0.360780 -0.138729 0.005219 0.000000 0.478105 -0.878303 255 255 255 1.000000
0.035204 0.028062 -0.174423 -0.196320 0.467894 -0.861704 255 255 255 1.000000
-0.266272 -0.154169 -0.010461 0.191554 0.977889 -0.083902 255 255 255 1.000000
0.181682 0.293194 -0.163959 0.261497 -0.222717 -0.939157 255 255 255 1.000000
0.278980 0.224567 -0.176856 0.390254 -0.023508 -0.920407 255 255 255 1.000000
0.358341 -0.751828 0.517887 0.085035 0.987019 0.136247 255 255 255 1.000000
0.043530 -0.058385 -0.158797 -0.597335 0.801895 -0.012465 255 255 255 1.000000
0.064312 -0.104083 0.462868 -0.028791 0.131492 -0.990899 255 255 255 1.000000
0.034805 -0.040885 0.263786 -0.031279 0.999505 -0.003317 255 255 255 1.000000
0.353881 -0.506917 0.436892 0.811406 0.313649 0.493198 255 255 255 1.000000
0.374620 -0.700168 0.565301 -0.999661 -0.018392 -0.018418 255 255 255 1.000000
0.449272 -0.713971 -0.260778 -0.999760 0.015161 -0.015804 255 255 255 1.000000
-0.094373 0.593884 -0.253806 -0.093485 -0.202940 -0.974718 255 255 255 1.000000
-0.221527 -0.026098 0.328171 0.116725 0.992978 -0.019210 255 255 255 1.000000
0.266056 0.352681 -0.194817 0.946284 -0.151696 0.285541 255 255 255 1.000000
0.305457 -0.002374 -0.188388 -0.993751 -0.016893 -0.110331 255 255 255 1.000000
0.413377 -0.374025 -0.157061 0.989854 0.121615 -0.073475 255 255 255 1.000000
-0.263129 -0.104765 0.453966 -0.221562 -0.246490 0.943479 255 255 255 1.000000
-0.231838 0.702338 -0.262527 -0.208409 -0.306428 -0.928799 255 255 255 1.000000
-0.125069 -0.034199 0.333872 0.066268 0.997786 0.005568 255 255 255 1.000000
0.273132 0.143567 -0.184875 -0.325062 -0.098691 0.940529 255 255 255 1.000000
-0.067939 -0.056854 -0.082512 0.202424 0.979260 -0.008585 255 255 255 1.000000
0.204034 -0.038267 0.413285 -0.076738 0.957381 0.278448 255 255 255 1.000000
0.051964 0.107268 -0.166599 -0.406999 0.526047 0.746744 255 255 255 1.000000
0.198383 -0.037181 0.138251 0.106339 -0.993874 0.030098 255 255 255 1.000000
0.262010 0.058410 -0.156629 0.032545 0.111243 -0.993260 255 255 255 1.000000
-0.181304 0.020710 -0.150646 0.183312 -0.445487 0.876321 255 255 255 1.000000
0.341620 -0.066446 0.445888 -0.888335 -0.450390 -0.089492 255 255 255 1.000000
0.296443 -0.146695 -0.017516 0.658492 -0.720473 0.217504 255 255 255 1.000000
0.414376 -0.712870 -0.311515 -0.010942 0.812464 0.582909 255 255 255 1.000000
0.215019 0.666251 -0.247720 0.184785 -0.252125 -0.949888 255 255 255 1.000000
-0.076476 -0.038248 0.302337 0.050533 -0.995218 0.083595 255 255 255 1.000000
-0.368569 -0.086740 0.138538 0.517686 0.855418 0.016164 255 255 255 1.000000
0.374319 -0.045770 0.203784 0.992028 -0.120755 -0.036044 255 255 255 1.000000
-0.363328 -0.383429 0.319823 -0.998874 0.042384 0.021336 255 255 255 1.000000
0.301168 0.080709 -0.182735 -0.996377 0.081459 -0.024450 255 255 255 1.000000
0.248577 -0.024098 0.276361 -0.133915 0.990493 -0.031480 255 255 255 1.000000
-0.382179 -0.711173 0.541006 0.999632 -0.011328 0.024656 255 255 255 1.000000
-0.329137 -0.482912 0.427552 0.545555 0.474892 0.690541 255 255 255 1.000000
0.255814 -0.101491 -0.041381 0.370564 0.925479 0.078553 255 255 255 1.000000
-0.055419 -0.055387 -0.026370 0.634836 -0.310473 0.707524 255 255 255 1.000000
0.324969 -0.652032 0.484542 0.991975 0.049430 0.116371 255 255 255 1.000000
-0.089420 -0.072255 -0.190204 -0.052809 0.316097 -0.947256 255 255 255 1.000000
0.134353 -0.179371 0.030204 0.000000 -0.999565 0.029492 255 255 255 1.000000
-0.327364 -0.360547 0.288407 -0.652360 0.538792 0.533038 255 255 255 1.000000
0.148429 0.019463 -0.156874 -0.187593 -0.090666 0.978053 255 255 255 1.000000
0.278288 -0.118368 -0.157822 0.243813 0.398766 -0.884048 255 255 255 1.000000
0.136905 -0.048385 0.021601 0.081585 -0.995803 0.041485 255 255 255 1.000000
0.342530 -0.007643 0.325129 0.135346 -0.989210 -0.056083 255 255 255 1.000000
0.328738 0.578318 -0.222272 0.497604 -0.233249 -0.835455 255 255 255 1.000000
-0.369979 -0.047040 -0.035999 -0.996930 -0.044476 -0.064441 255 255 255 1.000000
-0.157307 -0.033667 0.290633 -0.071247 -0.996923 0.032697 255 255 255 1.000000
-0.143526 0.194203 -0.152691 0.207989 0.183318 0.960799 255 255 255 1.000000
0.377681 -0.349287 -0.130081 -0.658068 -0.468813 0.589203 255 255 255 1.000000
0.229971 -0.029351 0.220783 -0.125363 0.991945 -0.018143 255 255 255 1.000000
0.145664 -0.034755 0.278112 -0.081990 0.996537 -0.013856 255 255 255 1.000000
-0.266359 0.007275 -0.209166 -0.124521 0.143829 -0.981737 255 255 255 1.000000
-0.319251 -0.018109 -0.105925 -0.242681 -0.901923 -0.357269 255 255 255 1.000000
-0.323617 0.428108 -0.194524 0.523206 0.208548 0.826295 255 255 255 1.000000
0.091198 -0.070414 -0.187933 -0.032779 -0.523920 0.851136 255 255 255 1.000000
0.173908 -0.085538 -0.177722 -0.261183 0.949962 0.171334 255 255 255 1.000000
0.358823 -0.011450 0.243769 -0.415180 -0.909418 -0.024157 255 255 255 1.000000
-0.294767 0.196323 -0.172981 0.493140 -0.038227 0.869110 255 255 255 1.000000
-0.073533 0.202640 -0.167584 0.123276 0.174643 0.976884 255 255 255 1.000000
-0.289371 -0.006044 -0.140611 0.373301 0.111552 -0.920979 255 255 255 1.000000
0.304998 -0.120152 -0.054202 -0.666212 -0.487974 0.563952 255 255 255 1.000000
-0.029813 0.477300 -0.236739 0.041766 0.218818 0.974872 255 255 255 1.000000
-0.380864 -0.048060 0.192136 -0.990993 -0.128609 -0.037305 255 255 255 1.000000
0.037810 -0.037251 0.350352 0.024345 -0.999131 -0.033837 255 255 255 1.000000
0.303436 -0.057413 -0.177563 0.906376 -0.198132 0.373131 255 255 255 1.000000
-0.178750 0.598835 -0.244996 0.182975 0.228175 0.956272 255 255 255 1.000000
0.155463 0.706785 -0.270987 -0.118487 0.287432 0.950444 255 255 255 1.000000
-0.055647 -0.016445 -0.176377 0.094224 -0.120192 0.988269 255 255 255 1.000000
0.204211 0.166502 -0.133290 0.281604 -0.209981 -0.936273 255 255 255 1.000000
-0.229309 0.289303 -0.150250 0.286058 0.218151 0.933049 255 255 255 1.000000
-0.309568 -0.026096 0.049806 -0.166003 -0.977086 -0.133214 255 255 255 1.000000
-0.079852 -0.054936 0.437783 -0.022868 -0.847508 -0.530290 255 255 255 1.000000
-0.340281 -0.059816 -0.150633 -0.118785 -0.160092 -0.979929 255 255 255 1.000000
0.244450 0.256577 -0.156850 -0.903697 0.256890 0.342548 255 255 255 1.000000
0.350435 0.372760 -0.166476 0.846906 -0.032894 0.530724 255 255 255 1.000000
0.225664 -0.107967 -0.138422 -0.941678 -0.282140 -0.183413 255 255 255 1.000000
-0.133998 -0.026346 -0.164056 -0.160518 0.141169 -0.976885 255 255 255 1.000000
0.224248 -0.098546 0.456366 -0.087870 0.151884 -0.984485 255 255 255 1.000000
0.337824 -0.372457 0.343822 -0.763498 -0.442791 -0.470114 255 255 255 1.000000
-0.272506 0.641998 -0.231900 0.247725 0.276896 0.928419 255 255 255 1.000000
0.273873 0.396879 -0.195059 -0.958268 0.126663 -0.256279 255 255 255 1.000000
0.362409 -0.063151 -0.046374 -0.985473 0.154772 0.069923 255 255 255 1.000000
0.250967 -0.137964 -0.082178 0.789416 -0.272217 0.550200 255 255 255 1.000000
-0.263594 0.123130 -0.147627 0.036017 -0.104233 0.993901 255 255 255 1.000000
-0.198523 -0.041968 0.061574 -0.020209 -0.975848 0.217515 255 255 255 1.000000
-0.232611 0.174160 -0.149522 -0.961639 -0.214635 -0.170828 255 255 255 1.000000
-0.323969 0.645028 -0.249994 0.267998 0.289064 0.919032 255 255 255 1.000000
0.299582 -0.024633 -0.039012 0.207903 -0.976859 -0.050228 255 255 255 1.000000
-0.247178 0.234044 -0.151922 0.888036 0.257030 0.381218 255 255 255 1.000000
0.016821 -0.023626 -0.180162 -0.030275 -0.116339 0.992748 255 255 255 1.000000
0.183577 -0.041570 0.084267 0.096633 -0.994494 0.040545 255 255 255 1.000000
0.088617 0.003570 -0.169590 0.169044 0.080547 -0.982312 255 255 255 1.000000
-0.112497 0.557613 -0.246979 -0.123630 -0.208828 -0.970106 255 255 255 1.000000
-0.395962 -0.721237 -0.219442 0.010771 -0.099772 0.994952 255 255 255 1.000000
-0.044848 -0.138685 0.431384 -0.000623 -0.998831 -0.048328 255 255 255 1.000000
0.305132 0.156846 -0.164556 0.995360 -0.095891 0.007918 255 255 255 1.000000
-0.295873 0.274616 -0.171557 0.500237 0.097624 0.860368 255 255 255 1.000000
-0.321244 -0.430464 0.368085 0.998309 0.047529 0.033478 255 255 255 1.000000
-0.237860 -0.036245 0.068063 0.129791 -0.789266 0.600178 255 255 255 1.000000
-0.101837 -0.040296 0.242915 -0.153125 0.961940 -0.226329 255 255 255 1.000000
0.137084 -0.045421 0.081846 -0.078922 0.996198 -0.036893 255 255 255 1.000000
-0.092647 -0.172809 0.046309 0.000000 0.777606 -0.628751 255 255 255 1.000000
0.096425 -0.127917 0.043259 0.000000 0.865646 0.500657 255 255 255 1.000000
-0.049632 0.410469 -0.217986 0.066666 0.235083 0.969686 255 255 255 1.000000
0.342530 -0.019035 0.013977 0.302173 0.953158 -0.013444 255 255 255 1.000000
0.352423 -0.450774 0.371004 -0.852398 0.322356 0.411708 255 255 255 1.000000
-0.097434 -0.044430 0.161463 -0.360721 0.811276 -0.460122 255 255 255 1.000000
-0.255070 -0.146049 -0.046284 0.721160 0.654509 -0.227039 255 255 255 1.000000
-0.115925 0.433955 -0.217169 0.151165 0.234610 0.960264 255 255 255 1.000000
-0.109745 -0.053140 -0.084513 0.085031 0.996374 -0.003040 255 255 255 1.000000
0.029663 -0.110423 -0.189079 -0.027716 0.318381 0.947558 255 255 255 1.000000
0.249518 0.294023 -0.180672 -0.979365 0.190605 -0.067184 255 255 255 1.000000
0.306270 0.203910 -0.159379 -0.560413 -0.057966 0.826183 255 255 255 1.000000
-0.310643 0.250481 -0.125056 -0.336798 0.063384 0.939441 255 255 255 1.000000
0.344782 0.708934 -0.239596 -0.696492 -0.496012 -0.518528 255 255 255 1.000000
0.395185 -0.379647 -0.195660 -0.253315 0.502330 -0.826738 255 255 255 1.000000
-0.215224 0.482939 -0.209169 -0.299277 -0.251616 -0.920393 255 255 255 1.000000
0.077895 -0.044431 0.177805 -0.056871 0.998234 -0.017160 255 255 255 1.000000
-0.328191 0.605479 -0.201563 -0.193987 -0.325400 -0.925464 255 255 255 1.000000
0.070528 -0.053784 -0.002347 -0.063765 0.997485 -0.030940 255 255 255 1.000000
0.376594 -0.054240 0.385588 -0.769437 0.079258 0.633786 255 255 255 1.000000
0.046308 -0.057840 -0.120533 0.613227 -0.789616 0.021432 255 255 255 1.000000
0.037085 -0.125526 0.024406 0.000000 0.982577 -0.185854 255 255 255 1.000000
-0.338837 -0.019766 0.026196 0.207298 0.975796 0.069636 255 255 255 1.000000
0.010063 0.531749 -0.249348 -0.006457 0.198301 0.980120 255 255 255 1.000000
-0.245989 -0.063572 -0.168110 0.190035 0.268977 0.944213 255 255 255 1.000000
0.120853 0.306588 -0.182238 0.181186 -0.232581 -0.955551 255 255 255 1.000000
0.368926 -0.024061 0.171994 0.861948 0.506671 -0.018139 255 255 255 1.000000
0.011252 -0.043859 0.214576 0.022947 -0.999729 0.003982 255 255 255 1.000000
-0.003495 -0.056441 -0.032245 0.036976 -0.998485 0.040753 255 255 255 1.000000
-0.348215 -0.310359 0.228061 0.680599 0.542745 0.492151 255 255 255 1.000000
0.036247 0.723016 -0.293576 0.041871 -0.593435 -0.803792 255 255 255 1.000000
-0.235799 -0.162576 0.054229 0.000000 0.395355 -0.918528 255 255 255 1.000000
0.298371 -0.083395 -0.150269 -0.009585 -0.241009 0.970476 255 255 255 1.000000
-0.313188 0.157823 -0.151117 -0.997690 -0.064786 0.020438 255 255 255 1.000000
-0.031608 0.570446 -0.254477 0.028431 0.201719 0.979031 255 255 255 1.000000
-0.322626 -0.178365 0.059843 -0.975739 -0.192004 -0.105206 255 255 255 1.000000
-0.347760 -0.558304 0.478907 0.330192 0.464908 0.821482 255 255 255 1.000000
0.129431 0.360013 -0.194618 0.182225 -0.248129 -0.951434 255 255 255 1.000000
-0.290922 -0.158101 0.055428 0.000000 0.232154 -0.972679 255 255 255 1.000000
0.393844 -0.324261 -0.106950 0.347250 -0.551849 0.758209 255 255 255 1.000000
-0.179852 -0.045870 -0.081484 0.129556 0.991394 0.018774 255 255 255 1.000000
-0.349676 -0.238746 0.201054 -0.716871 0.556879 0.419502 255 255 255 1.000000
-0.400966 -0.352135 -0.126392 -0.228560 -0.562130 0.794840 255 255 255 1.000000
0.310261 0.336467 -0.173352 -0.612789 0.134277 0.778755 255 255 255 1.000000
0.244074 0.490983 -0.201235 -0.328244 0.255832 0.909289 255 255 255 1.000000
0.376655 -0.066372 0.342188 -0.965758 0.176285 0.190355 255 255 255 1.000000
-0.077138 -0.041214 0.388243 -0.037306 -0.985177 -0.167438 255 255 255 1.000000
-0.385014 -0.299402 -0.133778 0.607267 0.443007 -0.659523 255 255 255 1.000000
-0.143636 0.507489 -0.235121 -0.172107 -0.218703 -0.960494 255 255 255 1.000000
0.385782 -0.404714 -0.169342 -0.555659 -0.481641 0.677691 255 255 255 1.000000
-0.121107 0.379336 -0.200874 -0.166231 -0.246524 -0.954774 255 255 255 1.000000
-0.330970 0.465604 -0.198633 0.560903 0.213986 0.799749 255 255 255 1.000000
0.321536 -0.617279 0.500492 -0.841178 0.252506 0.478184 255 255 255 1.000000
-0.391517 -0.210768 -0.009450 -0.496930 -0.562902 0.660456 255 255 255 1.000000
-0.183201 0.413578 -0.197057 0.250804 0.252918 0.934414 255 255 255 1.000000
-0.365633 -0.011362 0.253376 -0.340846 0.939704 0.027931 255 255 255 1.000000
0.299457 0.238115 -0.121797 -0.151002 -0.105213 -0.982918 255 255 255 1.000000
-0.363576 -0.752919 0.523373 0.075562 -0.994063 -0.078284 255 255 255 1.000000
-0.221705 -0.040090 -0.005214 0.133635 0.990570 0.030202 255 255 255 1.000000
-0.276687 -0.033427 -0.215036 -0.551902 -0.125709 -0.824380 255 255 255 1.000000
-0.074784 0.728269 -0.293503 -0.043932 -0.652492 -0.756521 255 255 255 1.000000
0.366559 -0.250831 -0.056614 0.619000 0.532081 -0.577692 255 255 255 1.000000
-0.362604 -0.463703 0.393956 0.983094 -0.104894 -0.150080 255 255 255 1.000000
0.330329 -0.208821 0.161428 -0.242269 -0.796887 -0.553423 255 255 255 1.000000
0.328808 0.639351 -0.241480 0.456506 -0.277089 -0.845473 255 255 255 1.000000
0.266674 0.039700 -0.204103 -0.189832 -0.142564 0.971411 255 255 255 1.000000
0.130039 0.142518 -0.148869 -0.292263 0.296539 0.909201 255 255 255 1.000000
0.135860 -0.049450 -0.035388 0.098177 -0.994759 0.028572 255 255 255 1.000000
-0.005318 0.679192 -0.273598 -0.001205 0.243819 0.969820 255 255 255 1.000000
-0.133314 0.081079 -0.155239 0.208158 -0.853454 0.477794 255 255 255 1.000000
0.061033 -0.135618 0.050961 0.000000 -0.602239 -0.798316 255 255 255 1.000000
0.158412 -0.040239 0.151971 -0.085156 0.995850 -0.032106 255 255 255 1.000000
-0.348454 -0.533512 0.417373 -0.989768 0.049065 0.133984 255 255 255 1.000000
-0.141924 0.153933 -0.145973 0.061452 0.996305 0.060000 255 255 255 1.000000
-0.302765 -0.719554 0.532452 0.999544 0.004861 -0.029794 255 255 255 1.000000
-0.231091 0.133278 -0.163286 -0.997003 -0.020079 -0.074712 255 255 255 1.000000
-0.347946 -0.186704 0.129685 0.657249 -0.635927 -0.404500 255 255 255 1.000000
0.321617 -0.560214 0.439780 -0.999961 -0.008333 -0.002950 255 255 255 1.000000
0.321835 -0.326240 0.294762 0.970967 -0.163765 -0.174367 255 255 255 1.000000
-0.198971 -0.033240 0.229791 -0.076101 -0.993389 0.085949 255 255 255 1.000000
0.228178 0.012512 -0.142545 0.546416 0.543307 -0.637375 255 255 255 1.000000
0.388534 -0.131570 0.046913 0.000000 0.757372 0.652984 255 255 255 1.000000
0.333768 0.437103 -0.151751 0.315938 0.152115 0.936506 255 255 255 1.000000
-0.231546 -0.105040 -0.092750 -0.900187 -0.406035 -0.157479 255 255 255 1.000000
0.247316 0.116968 -0.148484 0.014329 0.126120 -0.991912 255 255 255 1.000000
0.043162 0.221502 -0.175560 -0.096175 0.184488 0.978118 255 255 255 1.000000
-0.456934 -0.721204 -0.295061 -0.999945 0.005558 -0.008871 255 255 255 1.000000
-0.112792 -0.173717 0.013386 0.000000 -0.806410 -0.591358 255 255 255 1.000000
0.174713 -0.128703 0.427661 0.092814 -0.995101 -0.034043 255 255 255 1.000000
-0.171859 -0.162227 0.054322 0.000000 -0.383159 0.923683 255 255 255 1.000000
-0.115477 -0.052902 -0.146821 0.116615 0.987350 0.107431 255 255 255 1.000000
0.008847 -0.139575 0.434063 0.022940 -0.999734 0.002284 255 255 255 1.000000
-0.279446 0.401250 -0.159329 -0.351684 -0.242598 -0.904137 255 255 255 1.000000
-0.309012 -0.063716 -0.169327 0.605465 -0.251035 -0.755244 255 255 255 1.000000
-0.252996 -0.124039 0.424507 0.073940 0.981707 -0.175454 255 255 255 1.000000
-0.033008 -0.040969 0.276818 0.147714 -0.976833 0.154850 255 255 255 1.000000
0.225084 0.059481 -0.187636 0.957585 -0.023787 0.287169 255 255 255 1.000000
-0.374723 -0.034998 0.078916 0.909276 -0.413471 0.047527 255 255 255 1.000000
-0.321711 0.372185 -0.139262 0.110620 -0.146549 -0.982999 255 255 255 1.000000
0.318285 -0.203957 0.099932 -0.950130 -0.263055 -0.167494 255 255 255 1.000000
-0.193417 0.536773 -0.230120 0.250844 0.233233 0.939510 255 255 255 1.000000
-0.300406 0.070131 -0.137682 -0.687995 -0.087321 0.720443 255 255 255 1.000000
-0.261387 0.186551 -0.185222 -0.186964 0.045109 -0.981330 255 255 255 1.000000
0.274626 0.432745 -0.168074 0.353394 -0.254908 -0.900075 255 255 255 1.000000
-0.041197 0.053987 -0.172025 -0.098494 0.273523 -0.956809 255 255 255 1.000000
0.016305 -0.050095 0.088366 0.035099 -0.999145 0.021860 255 255 255 1.000000
0.164230 -0.013462 -0.156868 -0.187346 -0.099142 0.977278 255 255 255 1.000000
-0.285286 -0.139100 -0.077753 -0.204522 0.865414 -0.457416 255 255 255 1.000000
0.404668 -0.677053 -0.316021 0.284512 0.018583 0.958492 255 255 255 1.000000
0.336154 -0.162475 0.086676 0.232658 0.830775 0.505652 255 255 255 1.000000
0.337479 -0.443026 0.403355 0.790013 0.365307 0.492373 255 255 255 1.000000
0.289476 0.562229 -0.203191 -0.351851 0.267789 0.896934 255 255 255 1.000000
-0.154096 -0.048596 -0.032573 0.097963 0.995000 -0.019452 255 255 255 1.000000
-0.317877 0.333251 -0.171869 0.622301 0.130677 0.771794 255 255 255 1.000000
0.296711 0.659677 -0.229014 0.222807 -0.267177 -0.937536 255 255 255 1.000000
0.352486 -0.018683 0.099128 0.468644 0.883328 -0.010259 255 255 255 1.000000
-0.334781 -0.674539 0.549578 0.005054 -0.953139 -0.302489 255 255 255 1.000000
0.101624 -0.053828 -0.105921 0.090442 -0.995901 -0.000781 255 255 255 1.000000
0.331605 -0.525490 0.458755 0.642167 0.392839 0.658254 255 255 255 1.000000
0.025698 -0.052558 0.036196 -0.042999 0.998663 -0.028704 255 255 255 1.000000
-0.372993 -0.087137 0.079871 -0.735808 -0.676391 -0.032900 255 255 255 1.000000
0.003682 -0.038153 0.329211 -0.012593 0.999897 0.006933 255 255 255 1.000000
-0.124944 -0.048647 0.033565 0.401511 -0.701264 0.589082 255 255 255 1.000000
-0.041665 -0.092677 -0.192674 -0.030940 -0.202275 -0.978840 255 255 255 1.000000
-0.377289 -0.708919 -0.272770 -0.999816 -0.017369 0.008120 255 255 255 1.000000
0.306582 0.702861 -0.241329 0.184457 -0.305626 -0.934114 255 255 255 1.000000
0.236412 -0.049691 0.439794 0.015389 -0.620396 -0.784138 255 255 255 1.000000
-0.299875 0.491930 -0.175313 0.388091 0.268106 0.881762 255 255 255 1.000000
0.056407 0.296822 -0.189098 0.091336 -0.218413 -0.971573 255 255 255 1.000000
-0.241311 0.568244 -0.224754 -0.308269 -0.242662 -0.919829 255 255 255 1.000000
-0.208626 -0.002691 -0.146890 0.129391 -0.270590 0.953960 255 255 255 1.000000
0.355308 -0.319987 0.276046 0.948458 0.236604 0.210821 255 255 255 1.000000
0.168354 0.363281 -0.185680 -0.236543 0.249912 0.938931 255 255 255 1.000000
0.194526 -0.041090 0.029920 -0.113934 0.993118 -0.027140 255 255 255 1.000000
0.203480 0.419899 -0.193409 0.281715 -0.251303 -0.926004 255 255 255 1.000000
-0.305358 0.126605 -0.175355 -0.403602 0.148262 -0.902842 255 255 255 1.000000
0.239066 -0.036673 -0.027093 -0.153642 0.988095 -0.007888 255 255 255 1.000000
-0.202378 0.142416 -0.132647 0.214820 0.967777 -0.131375 255 255 255 1.000000
-0.025901 0.738774 -0.307950 0.021803 0.809248 0.587062 255 255 255 1.000000
-0.189435 -0.029722 0.357965 0.090691 0.991922 0.088689 255 255 255 1.000000
0.371631 -0.058026 0.133784 -0.986585 0.156437 0.046666 255 255 255 1.000000
0.012686 -0.178182 0.034639 0.000000 0.980668 -0.195678 255 255 255 1.000000
-0.197868 0.066360 -0.141891 -0.016355 -0.752974 0.657847 255 255 255 1.000000
0.331228 -0.273525 0.244778 -0.869122 -0.387188 -0.307755 255 255 255 1.000000
-0.166439 -0.052301 -0.174510 -0.012282 0.732832 -0.680299 255 255 255 1.000000
0.137625 -0.046984 0.423066 0.059332 -0.954407 -0.292553 255 255 255 1.000000
0.397108 -0.265291 -0.069343 0.619403 -0.474284 0.625616 255 255 255 1.000000
-0.283362 0.593938 -0.213858 -0.310341 -0.256458 -0.915379 255 255 255 1.000000
0.039779 0.552603 -0.252206 -0.038043 0.199790 0.979100 255 255 255 1.000000
-0.424387 -0.578821 -0.288545 -0.751822 0.282022 -0.596009 255 255 255 1.000000
0.387070 -0.162400 -0.000821 0.597756 0.610609 -0.519466 255 255 255 1.000000
0.290592 0.377322 -0.148331 0.325223 -0.224723 -0.918548 255 255 255 1.000000
-0.307112 -0.114677 -0.019908 -0.934219 0.265988 -0.237665 255 255 255 1.000000
0.370501 -0.720785 -0.268805 -0.999577 -0.024985 0.014871 255 255 255 1.000000
-0.078371 0.096058 -0.164912 0.203227 -0.917585 0.341667 255 255 255 1.000000
0.340099 -0.505381 0.400122 -0.962822 0.072721 0.260163 255 255 255 1.000000
0.265498 0.183105 -0.118906 -0.825132 0.564931 0.003297 255 255 255 1.000000
0.285307 -0.086044 -0.109109 -0.019074 0.673005 0.739392 255 255 255 1.000000
-0.437795 -0.748255 -0.245112 0.086365 0.878892 -0.469138 255 255 255 1.000000
0.367236 -0.077048 0.269792 -0.575629 0.817517 0.017791 255 255 255 1.000000
0.416239 -0.590354 -0.257958 0.481530 -0.284930 0.828820 255 255 255 1.000000
-0.335088 -0.466846 0.371532 0.716758 0.499704 0.486369 255 255 255 1.000000
0.294386 -0.017628 0.269377 -0.275529 -0.939200 0.204906 255 255 255 1.000000
-0.328511 -0.109805 0.423898 0.130679 -0.847849 0.513882 255 255 255 1.000000
-0.197345 -0.130983 0.430820 0.116000 0.986446 -0.116055 255 255 255 1.000000
-0.157792 0.444340 -0.212825 -0.205661 -0.237936 -0.949258 255 255 255 1.000000
-0.206191 -0.081579 0.455970 -0.102324 0.039111 0.993982 255 255 255 1.000000
0.224171 -0.125885 0.023067 0.000000 -0.971669 0.236346 255 255 255 1.000000
-0.408805 -0.281508 -0.114424 -0.627361 0.520358 -0.579350 255 255 255 1.000000
-0.053098 -0.172579 0.046539 0.000000 -0.769988 0.638059 255 255 255 1.000000
0.199914 -0.024286 -0.151592 -0.424031 -0.156400 0.892041 255 255 255 1.000000
0.280396 -0.024147 0.390542 0.097929 -0.969771 -0.223506 255 255 255 1.000000
-0.277940 -0.071283 0.451462 0.033400 -0.315459 -0.948351 255 255 255 1.000000
-0.198874 -0.035866 0.180054 -0.061382 -0.990613 0.122143 255 255 255 1.000000
0.375101 -0.720584 0.531877 0.999540 0.003990 -0.030058 255 255 255 1.000000
-0.069815 0.167936 -0.161920 -0.076966 -0.348587 -0.934111 255 255 255 1.000000
-0.186293 -0.044674 0.023038 -0.087944 0.926454 -0.365991 255 255 255 1.000000
-0.255719 -0.021643 0.336996 -0.122966 -0.991862 -0.032990 255 255 255 1.000000
0.348365 -0.382117 0.308987 0.843320 -0.364706 -0.394716 255 255 255 1.000000
0.334141 0.399734 -0.146265 -0.467760 -0.092690 -0.878982 255 255 255 1.000000
0.277816 0.106763 -0.189835 0.333792 0.116874 -0.935373 255 255 255 1.000000
0.353141 -0.725028 0.582942 -0.478319 -0.807640 0.344860 255 255 255 1.000000
0.325623 0.744461 -0.257791 -0.462115 -0.875009 0.144249 255 255 255 1.000000
-0.072050 -0.057292 -0.155218 0.197046 0.980391 0.002388 255 255 255 1.000000
-0.133152 0.622989 -0.256404 -0.112128 -0.224814 -0.967929 255 255 255 1.000000
0.415232 -0.535659 -0.273186 0.686911 0.316837 -0.654039 255 255 255 1.000000
0.311547 0.411465 -0.193285 0.494646 -0.198066 -0.846224 255 255 255 1.000000
-0.116526 -0.037307 0.378969 -0.055736 -0.987848 -0.145087 255 255 255 1.000000
0.041674 0.403858 -0.216447 0.046004 -0.226373 -0.972954 255 255 255 1.000000
-0.329603 -0.160389 0.003971 0.000000 -0.317173 -0.948368 255 255 255 1.000000
0.132629 0.749089 -0.318837 0.073764 -0.919576 -0.385927 255 255 255 1.000000
0.071892 0.367157 -0.203337 -0.093694 0.241319 0.965912 255 255 255 1.000000
0.187976 0.751874 -0.315174 0.111395 -0.930160 -0.349848 255 255 255 1.000000
-0.212412 0.612902 -0.240649 0.225929 0.230507 0.946479 255 255 255 1.000000
0.391009 -0.636733 -0.296798 -0.899069 0.110886 -0.423531 255 255 255 1.000000
-0.022833 -0.050344 0.088536 -0.158285 0.972144 -0.172865 255 255 255 1.000000
0.358225 -0.029688 -0.055924 0.947784 0.314404 -0.053440 255 255 255 1.000000
0.271558 0.001679 -0.164519 -0.218623 0.060303 0.973944 255 255 255 1.000000
-0.334823 -0.316362 0.290401 0.580801 0.574729 0.576504 255 255 255 1.000000
-0.091471 -0.101306 0.462492 0.032008 0.068432 -0.997142 255 255 255 1.000000
0.236592 0.524609 -0.214752 0.313372 -0.250101 -0.916105 255 255 255 1.000000
0.432305 -0.755195 -0.269005 -0.082301 -0.920556 -0.381842 255 255 255 1.000000
-0.264726 0.158809 -0.142664 0.002423 -0.135518 0.990772 255 255 255 1.000000
-0.306316 -0.004909 -0.171246 0.486088 -0.119016 -0.865768 255 255 255 1.000000
-0.229887 -0.034057 0.139613 -0.023863 -0.967978 0.249900 255 255 255 1.000000
-0.201963 -0.144481 0.055108 0.000000 -0.276798 -0.960928 255 255 255 1.000000
-0.324341 -0.010961 0.320420 -0.150110 -0.988666 -0.002576 255 255 255 1.000000
0.248844 0.735861 -0.270352 0.197741 -0.594037 -0.779755 255 255 255 1.000000
-0.129516 -0.045687 0.089901 0.261668 -0.860738 0.436646 255 255 255 1.000000
-0.393605 -0.541107 -0.247336 -0.992855 0.084943 -0.083809 255 255 255 1.000000
0.223788 0.155759 -0.162095 -0.998903 -0.004689 0.046586 255 255 255 1.000000
0.301411 0.289281 -0.167122 -0.617940 0.098882 0.779982 255 255 255 1.000000
-0.241476 -0.034252 -0.114905 -0.232782 -0.449133 -0.862608 255 255 255 1.000000
0.332637 -0.034254 0.429258 -0.029175 0.657872 0.752565 255 255 255 1.000000
-0.322123 -0.241760 0.165009 0.964571 -0.209455 -0.160411 255 255 255 1.000000
0.356831 -0.051493 -0.122695 0.964550 -0.233088 -0.123747 255 255 255 1.000000
-0.327345 -0.649375 0.485256 -0.497604 0.414191 0.762126 255 255 255 1.000000
0.090798 0.176897 -0.160085 -0.175035 0.171718 0.969472 255 255 255 1.000000
0.136687 -0.093319 0.459974 0.042090 -0.046629 0.998025 255 255 255 1.000000
0.079530 -0.072850 0.457098 -0.000354 -0.434081 -0.900874 255 255 255 1.000000
0.097005 -0.031199 -0.171149 -0.166528 -0.087756 0.982124 255 255 255 1.000000
0.073809 0.034997 -0.170163 0.008093 0.443143 -0.896414 255 255 255 1.000000
-0.086231 -0.124754 0.027288 0.000000 0.997006 -0.077326 255 255 255 1.000000
-0.252985 -0.025245 0.260624 0.105532 0.987882 -0.113810 255 255 255 1.000000
-0.326810 0.716483 -0.243095 -0.242913 -0.336063 -0.909975 255 255 255 1.000000
-0.036410 -0.058799 0.441952 -0.004800 -0.835775 -0.549051 255 255 255 1.000000
0.084125 -0.046510 0.134809 -0.062244 0.997830 -0.021450 255 255 255 1.000000
0.149032 0.456646 -0.218496 0.193476 -0.234989 -0.952548 255 255 255 1.000000
0.339646 0.531888 -0.203516 0.636550 -0.222158 -0.738546 255 255 255 1.000000
-0.388938 -0.202461 -0.054304 -0.577587 0.607901 -0.544839 255 255 255 1.000000
-0.246626 -0.033326 0.105287 0.135941 -0.741544 0.656987 255 255 255 1.000000
-0.350001 0.544524 -0.183857 0.388121 -0.278760 -0.878439 255 255 255 1.000000
-0.388526 -0.427641 -0.187509 0.707348 -0.401333 0.581886 255 255 255 1.000000
0.316173 -0.412928 0.359765 0.871037 -0.304243 -0.385655 255 255 255 1.000000
0.433437 -0.711805 -0.219888 0.019703 0.218766 -0.975578 255 255 255 1.000000
-0.132161 -0.039615 0.214894 0.013161 -0.991226 0.131522 255 255 255 1.000000
0.374354 -0.213603 -0.006398 0.280927 -0.634052 0.720457 255 255 255 1.000000
-0.226481 0.442339 -0.194144 -0.317674 -0.261304 -0.911484 255 255 255 1.000000
-0.007375 0.601404 -0.258793 0.002402 -0.194903 -0.980820 255 255 255 1.000000
0.193439 0.472461 -0.211722 0.263456 -0.249602 -0.931821 255 255 255 1.000000
-0.426106 -0.452288 -0.220223 -0.903262 0.245691 -0.351787 255 255 255 1.000000
-0.259473 0.028094 -0.136371 -0.160389 -0.442050 0.882535 255 255 255 1.000000
-0.186636 -0.043601 -0.135420 -0.155012 -0.106559 -0.982149 255 255 255 1.000000
0.395908 -0.436927 -0.180629 0.322245 -0.409918 0.853303 255 255 255 1.000000
0.326279 -0.319368 0.242732 0.678498 0.538709 0.499433 255 255 255 1.000000
0.322559 -0.493076 0.434497 -0.976015 0.112832 0.186181 255 255 255 1.000000
-0.142815 0.031307 -0.157674 0.224560 -0.535066 0.814419 255 255 255 1.000000
0.415256 -0.486070 -0.214442 -0.580787 0.381717 -0.719012 255 255 255 1.000000
-0.298803 -0.089029 -0.101571 -0.491920 -0.777895 -0.391016 255 255 255 1.000000
-0.384652 -0.372481 -0.148617 0.716638 -0.429121 0.549805 255 255 255 1.000000
0.182081 -0.087638 0.458241 0.050868 -0.007302 0.998679 255 255 255 1.000000
0.381106 -0.204027 -0.057043 -0.574100 -0.609342 0.546911 255 255 255 1.000000
0.347022 -0.581441 0.448438 0.432383 -0.456439 -0.777630 255 255 255 1.000000
-0.277698 0.752843 -0.277616 0.092764 0.863085 0.496467 255 255 255 1.000000
-0.101592 0.485861 -0.233602 0.125883 0.223372 0.966570 255 255 255 1.000000
-0.169603 0.134397 -0.141094 -0.088496 -0.984603 0.150746 255 255 255 1.000000
0.366464 -0.085195 0.011651 0.956080 -0.284453 -0.070699 255 255 255 1.000000
0.403378 -0.528105 -0.229620 -0.091828 -0.403442 0.910386 255 255 255 1.000000
0.329340 -0.269546 0.177778 -0.663806 -0.586019 -0.464698 255 255 255 1.000000
-0.408516 -0.132198 0.047540 0.000000 0.735364 0.677672 255 255 255 1.000000
-0.367102 -0.026102 0.420186 -0.448226 0.721993 0.527086 255 255 255 1.000000
-0.152004 -0.039555 0.403282 0.060262 0.966757 0.248493 255 255 255 1.000000
-0.261294 0.294960 -0.160504 0.834987 0.272180 0.478241 255 255 255 1.000000
0.314588 -0.031978 -0.153326 -0.031984 -0.551466 0.833584 255 255 255 1.000000
0.264920 0.296185 -0.137778 0.297277 -0.205491 -0.932416 255 255 255 1.000000
0.030344 -0.040957 0.387680 0.012127 -0.986178 -0.165245 255 255 255 1.000000
-0.148995 -0.130204 0.013240 0.000000 0.801979 -0.597352 255 255 255 1.000000
-0.299755 0.542246 -0.191967 -0.373583 -0.267237 -0.888268 255 255 255 1.000000
-0.099826 -0.052463 -0.015418 0.639285 -0.160012 0.752138 255 255 255 1.000000
0.111908 0.208202 -0.161957 0.192147 -0.185639 -0.963648 255 255 255 1.000000
-0.017754 -0.059753 -0.157575 -0.973949 -0.225684 -0.022146 255 255 255 1.000000
-0.213539 0.753684 -0.309764 0.117127 0.921875 0.369363 255 255 255 1.000000
-0.346637 -0.620621 0.467851 0.909462 -0.212746 -0.357237 255 255 255 1.000000
0.312466 -0.012656 0.310326 0.565149 0.765908 -0.306580 255 255 255 1.000000
0.332409 -0.017408 -0.032561 0.224944 -0.972761 -0.056004 255 255 255 1.000000
-0.382648 -0.154104 -0.002187 0.549560 -0.641284 0.535479 255 255 255 1.000000
0.311018 0.269201 -0.128727 0.752752 -0.080326 0.653385 255 255 255 1.000000
-0.201299 -0.153149 0.002031 0.000000 -0.046022 -0.998940 255 255 255 1.000000
0.272149 0.689669 -0.243087 -0.181716 0.291770 0.939068 255 255 255 1.000000
0.387017 -0.575085 -0.265384 -0.994994 -0.007789 -0.099635 255 255 255 1.000000
-0.292245 0.436702 -0.163442 -0.369179 -0.251985 -0.894545 255 255 255 1.000000
-0.131431 0.251522 -0.167477 0.197031 0.209260 0.957804 255 255 255 1.000000
0.040111 -0.048435 0.114080 -0.042427 0.998965 -0.016376 255 255 255 1.000000
0.349859 0.594992 -0.199578 -0.382804 -0.299590 -0.873903 255 255 255 1.000000
-0.341156 0.311303 -0.161159 0.958077 0.131521 -0.254540 255 255 255 1.000000
0.040516 0.652030 -0.265375 -0.046822 0.225374 0.973146 255 255 255 1.000000
-0.393659 -0.300816 -0.089409 0.145718 0.607612 -0.780752 255 255 255 1.000000
0.247097 -0.032893 -0.093585 0.190453 -0.980669 -0.044906 255 255 255 1.000000
-0.062998 0.636559 -0.262673 -0.047049 -0.194541 -0.979765 255 255 255 1.000000
0.079099 0.246498 -0.174258 0.136235 -0.199105 -0.970462 255 255 255 1.000000
0.353636 -0.182405 0.062076 -0.533392 0.712043 0.456604 255 255 255 1.000000
0.088408 0.619103 -0.257318 0.085582 -0.197580 -0.976544 255 255 255 1.000000
-0.248935 0.131842 -0.192402 0.084385 -0.086529 0.992669 255 255 255 1.000000
0.354108 -0.209651 0.124578 0.979064 0.171296 0.109963 255 255 255 1.000000
0.386982 -0.260130 -0.107919 0.581792 0.563800 -0.586214 255 255 255 1.000000
0.393004 -0.478767 -0.249003 -0.471623 0.383256 -0.794158 255 255 255 1.000000
0.291314 -0.024659 -0.071549 -0.204740 0.977581 0.049156 255 255 255 1.000000
0.270661 -0.043723 0.435058 0.021204 -0.659214 -0.751656 255 255 255 1.000000
0.184241 -0.135531 0.050875 0.000000 -0.605828 -0.795595 255 255 255 1.000000
-0.326850 -0.125921 0.022932 0.000000 -0.970423 0.241413 255 255 255 1.000000
-0.345210 -0.155689 0.076420 -0.216444 -0.838638 -0.499838 255 255 255 1.000000
-0.332594 0.613738 -0.233740 -0.412556 -0.254131 -0.874766 255 255 255 1.000000
-0.168126 -0.039222 0.167173 0.040834 0.991323 -0.124942 255 255 255 1.000000
-0.262036 0.077899 -0.199565 -0.135221 0.115733 -0.984033 255 255 255 1.000000
0.233593 0.039100 -0.162518 -0.835484 0.097608 0.540777 255 255 255 1.000000
-0.390080 -0.478431 -0.214380 0.894254 -0.264940 0.360718 255 255 255 1.000000
0.230209 -0.010229 -0.203105 0.827463 0.012220 0.561387 255 255 255 1.000000
-0.435460 -0.615574 -0.285296 0.964912 0.016211 -0.262072 255 255 255 1.000000
0.417069 -0.642109 -0.274527 -0.210456 0.328308 -0.920827 255 255 255 1.000000
0.276625 0.091898 -0.151971 0.022128 0.119760 -0.992556 255 255 255 1.000000
0.295819 -0.722713 0.529029 0.999489 -0.002458 0.031882 255 255 255 1.000000
0.260585 -0.035007 -0.214789 0.948975 -0.220314 0.225627 255 255 255 1.000000
-0.031056 -0.047851 0.136830 0.246808 -0.930998 0.268939 255 255 255 1.000000
0.175573 -0.033216 0.258320 -0.097353 0.995138 -0.014906 255 255 255 1.000000
0.299458 0.729884 -0.285370 -0.235791 0.339501 0.910572 255 255 255 1.000000
-0.318593 -0.029882 0.421810 -0.119856 -0.952117 -0.281260 255 255 255 1.000000
-0.380309 -0.091727 0.403055 0.413559 -0.080496 0.906912 255 255 255 1.000000
-0.366804 0.638055 -0.227977 0.861510 -0.229026 -0.453154 255 255 255 1.000000
-0.014251 0.206366 -0.173460 -0.026485 -0.174093 -0.984373 255 255 255 1.000000
0.204368 -0.076923 -0.167673 -0.244658 0.955882 0.162581 255 255 255 1.000000
-0.377605 -0.717012 0.573697 -0.094474 -0.336656 0.936876 255 255 255 1.000000
-0.383235 -0.074938 0.341430 0.729704 0.341778 0.592216 255 255 255 1.000000
0.073703 0.686181 -0.272142 -0.062180 0.261586 0.963175 255 255 255 1.000000
-0.021137 -0.151845 0.001706 0.000000 -0.001579 0.999999 255 255 255 1.000000
-0.059936 0.526348 -0.247414 0.069660 0.215248 0.974072 255 255 255 1.000000
-0.328726 0.245362 -0.152346 -0.957435 -0.145489 0.249302 255 255 255 1.000000
-0.423223 -0.544449 -0.277187 0.673169 -0.317480 0.667870 255 255 255 1.000000
-0.121639 -0.051787 -0.040709 0.244862 0.957163 0.154535 255 255 255 1.000000
0.203260 -0.150984 0.001936 0.000000 -0.032912 0.999458 255 255 255 1.000000
-0.232256 -0.044227 -0.193243 0.996664 0.040494 -0.070856 255 255 255 1.000000
0.268885 0.144611 -0.144639 -0.005732 -0.133114 0.991084 255 255 255 1.000000
0.127313 -0.043863 0.128389 0.074371 -0.996743 0.031180 255 255 255 1.000000
-0.259467 -0.021525 -0.141744 -0.017556 -0.136574 0.990474 255 255 255 1.000000
0.317980 -0.673304 0.547744 -0.001956 0.967174 0.254108 255 255 255 1.000000
-0.414915 -0.328190 -0.144378 0.718209 -0.450876 0.529988 255 255 255 1.000000
-0.085819 0.000641 -0.171204 -0.165914 0.321084 -0.932404 255 255 255 1.000000
0.390382 -0.339504 -0.167681 -0.306404 0.521414 -0.796394 255 255 255 1.000000
0.310649 -0.018678 -0.097507 0.215890 -0.974982 -0.052934 255 255 255 1.000000
0.348513 -0.010498 0.360489 0.125169 -0.981924 -0.141979 255 255 255 1.000000
0.125755 0.067600 -0.156802 -0.188047 -0.078350 0.979030 255 255 255 1.000000
0.194262 -0.176562 0.040679 0.000000 0.909362 -0.416005 255 255 255 1.000000
-0.111015 0.145583 -0.153441 0.083838 -0.995894 0.034160 255 255 255 1.000000
-0.015627 -0.042785 0.393497 -0.007185 -0.983245 -0.182149 255 255 255 1.000000
-0.265418 -0.025526 0.217364 0.039090 0.901393 -0.431233 255 255 255 1.000000
-0.301696 0.062375 -0.189119 0.181848 -0.117638 0.976265 255 255 255 1.000000
-0.163025 0.092394 -0.147145 0.049776 -0.899665 0.433734 255 255 255 1.000000
-0.382121 -0.038945 0.232133 -0.996977 -0.072064 -0.029036 255 255 255 1.000000
-0.361566 -0.485362 0.420277 0.842906 -0.296206 -0.449191 255 255 255 1.000000
0.353169 0.630319 -0.212982 0.602257 0.304756 0.737842 255 255 255 1.000000
-0.361335 -0.215072 0.144262 -0.949344 0.254377 0.184497 255 255 255 1.000000
0.368726 -0.059016 0.061071 0.991223 -0.119989 -0.055489 255 255 255 1.000000
-0.395394 -0.670722 -0.257113 -0.017594 0.988107 -0.152759 255 255 255 1.000000
0.330513 0.683253 -0.257816 0.386933 -0.306962 -0.869515 255 255 255 1.000000
-0.332090 0.679906 -0.258716 -0.355457 -0.317221 -0.879216 255 255 255 1.000000
0.367019 -0.085318 0.080403 0.830801 -0.554756 -0.044900 255 255 255 1.000000
-0.330800 0.397569 -0.179625 0.620683 0.177935 0.763604 255 255 255 1.000000
-0.304226 0.735721 -0.256749 0.011661 0.520159 0.853990 255 255 255 1.000000
-0.001010 0.462104 -0.232497 -0.011911 -0.213829 -0.976798 255 255 255 1.000000
-0.322369 -0.205955 0.108821 -0.999817 -0.017465 0.007834 255 255 255 1.000000
-0.383508 -0.042099 0.310348 0.987894 0.153295 0.023777 255 255 255 1.000000
0.046434 0.189662 -0.169863 -0.112175 0.170181 0.979007 255 255 255 1.000000
0.009670 -0.100449 0.463488 0.003052 -0.045049 0.998980 255 255 255 1.000000
-0.311955 -0.114596 -0.116883 0.292310 0.555207 -0.778653 255 255 255 1.000000
-0.097138 0.034257 -0.166286 0.202364 -0.568020 0.797748 255 255 255 1.000000
0.255395 0.203729 -0.184699 -0.195151 -0.014034 0.980673 255 255 255 1.000000
-0.170119 0.666665 -0.260297 0.132642 0.254049 0.958053 255 255 255 1.000000
-0.348033 -0.014275 0.160131 -0.267412 -0.919576 -0.287874 255 255 255 1.000000
0.251277 -0.087589 -0.102663 -0.729412 -0.683565 0.026387 255 255 255 1.000000
0.182139 0.647789 -0.250216 0.166986 -0.204520 -0.964514 255 255 255 1.000000
0.228099 0.376183 -0.172774 -0.311121 0.245515 0.918110 255 255 255 1.000000
0.350130 0.494429 -0.171340 -0.605712 -0.124446 -0.785892 255 255 255 1.000000
-0.345981 0.408790 -0.153083 -0.609108 0.073096 0.789711 255 255 255 1.000000
-0.303571 0.637309 -0.220096 0.268746 0.291322 0.918100 255 255 255 1.000000
-0.283736 -0.030125 -0.018591 -0.181412 -0.981784 -0.056479 255 255 255 1.000000
0.234746 0.221178 -0.157187 0.966870 -0.220558 -0.128517 255 255 255 1.000000
-0.346681 -0.076140 0.446121 -0.336132 -0.027163 0.941423 255 255 255 1.000000
-0.279493 0.135551 -0.119860 0.230954 0.277816 -0.932458 255 255 255 1.000000
-0.081034 -0.051145 0.042102 0.624080 -0.309139 0.717605 255 255 255 1.000000
0.181356 -0.047492 0.434674 0.025654 -0.723979 -0.689345 255 255 255 1.000000
0.308945 -0.110993 0.422338 -0.141590 0.989718 -0.020279 255 255 255 1.000000
0.405995 -0.425434 -0.219757 0.690334 0.394385 -0.606547 255 255 255 1.000000
0.340454 -0.479076 0.380583 0.882161 0.352144 0.312707 255 255 255 1.000000
0.300421 -0.174355 0.044762 0.000000 -0.825350 0.564622 255 255 255 1.000000
0.286261 -0.015859 0.333034 -0.125569 0.991125 0.043619 255 255 255 1.000000
0.111291 -0.128632 0.014812 0.000000 0.847290 -0.531131 255 255 255 1.000000
-0.378904 -0.056347 0.138694 0.988179 0.146499 0.045173 255 255 255 1.000000
-0.295376 0.705831 -0.247283 -0.240112 -0.325674 -0.914485 255 255 255 1.000000
-0.381626 -0.071170 0.275029 -0.874549 -0.483425 -0.038266 255 255 255 1.000000
-0.231933 0.074146 -0.164887 -0.985726 -0.086122 -0.144661 255 255 255 1.000000
-0.070008 -0.044247 0.188171 0.365770 -0.827638 0.425708 255 255 255 1.000000
0.285684 0.469028 -0.210766 -0.901403 0.023368 -0.432350 255 255 255 1.000000
0.258111 -0.028962 -0.130621 0.205741 -0.977247 -0.051566 255 255 255 1.000000
-0.311151 -0.115842 -0.051736 -0.402932 0.176536 -0.898043 255 255 255 1.000000
0.094414 -0.051494 0.022143 0.070886 -0.996966 0.032165 255 255 255 1.000000
0.218262 -0.027109 0.293411 0.120610 -0.992636 0.011287 255 255 255 1.000000
0.250227 -0.034288 0.074617 -0.133441 0.990611 -0.029706 255 255 255 1.000000
-0.009565 0.309804 -0.193579 -0.024028 -0.218193 -0.975610 255 255 255 1.000000
0.255406 -0.020825 0.322854 -0.137202 0.989861 -0.036746 255 255 255 1.000000
0.298976 0.250093 -0.161128 -0.623630 0.053720 0.779871 255 255 255 1.000000
-0.301040 0.665073 -0.259832 0.161846 0.323941 0.932131 255 255 255 1.000000
0.265167 -0.102652 -0.186560 -0.931019 -0.361463 0.050480 255 255 255 1.000000
0.232392 0.186379 -0.127284 -0.791971 0.180486 0.583272 255 255 255 1.000000
0.024376 0.598610 -0.258340 -0.028880 0.205905 0.978146 255 255 255 1.000000
-0.357326 0.581659 -0.198042 0.565557 -0.261307 -0.782218 255 255 255 1.000000
-0.411155 -0.393816 -0.201037 -0.709732 0.412400 -0.571145 255 255 255 1.000000
0.133394 0.508297 -0.236893 -0.157957 0.218514 0.962965 255 255 255 1.000000
0.364830 -0.061572 -0.010102 0.988961 -0.133002 -0.065318 255 255 255 1.000000
-0.278292 0.332038 -0.143420 0.317195 0.214018 0.923896 255 255 255 1.000000
-0.194816 -0.114597 0.458003 -0.098157 -0.344582 0.933611 255 255 255 1.000000
0.401070 -0.673968 -0.248689 -0.036267 0.770500 0.636407 255 255 255 1.000000
-0.363132 -0.409575 0.343681 0.997616 -0.051750 -0.045661 255 255 255 1.000000
-0.035808 -0.042493 0.244925 -0.231201 0.940929 -0.247383 255 255 255 1.000000
-0.033069 -0.099516 0.463109 -0.012029 -0.035986 0.999280 255 255 255 1.000000
0.292305 0.613385 -0.217267 0.286260 -0.256934 -0.923060 255 255 255 1.000000
-0.286759 -0.025270 0.157273 -0.175497 -0.915404 -0.362265 255 255 255 1.000000
0.246179 0.263328 -0.187888 -0.968238 0.163565 -0.189106 255 255 255 1.000000
0.012078 -0.047136 0.148829 -0.028566 0.999502 -0.013430 255 255 255 1.000000
0.228054 -0.140058 -0.027300 -0.817278 -0.546165 -0.183743 255 255 255 1.000000
-0.250910 -0.106213 -0.021057 0.245469 -0.953041 -0.177361 255 255 255 1.000000
-0.332668 -0.385411 0.308894 -0.900475 0.290493 0.323664 255 255 255 1.000000
-0.203750 -0.029026 0.301960 0.099667 0.994426 -0.034415 255 255 255 1.000000
0.156173 -0.132364 0.011079 0.000000 0.729381 -0.684108 255 255 255 1.000000
-0.141002 0.354939 -0.191021 -0.195161 -0.252986 -0.947581 255 255 255 1.000000
-0.029176 0.024993 -0.175385 0.058886 -0.195250 0.978984 255 255 255 1.000000
-0.311206 -0.032158 -0.186900 -0.994480 0.014646 0.103899 255 255 255 1.000000
0.268102 -0.061532 -0.161174 0.212503 0.524796 0.824277 255 255 255 1.000000
-0.263010 0.325064 -0.181175 0.974160 0.215070 -0.068976 255 255 255 1.000000
0.313227 -0.708796 0.489560 0.101471 0.929747 -0.353940 255 255 255 1.000000
0.183638 0.601993 -0.241521 0.193729 -0.192848 -0.961914 255 255 255 1.000000
0.037809 -0.057507 -0.086812 0.749503 -0.661629 0.022179 255 255 255 1.000000
0.010138 0.009396 -0.178064 0.043154 -0.212666 0.976171 255 255 255 1.000000
-0.389468 -0.702554 -0.310758 -0.037775 -0.915099 -0.401455 255 255 255 1.000000
-0.335554 -0.236072 0.136531 0.406861 -0.748524 -0.523617 255 255 255 1.000000
-0.272476 0.188033 -0.117501 0.706823 0.563256 0.427954 255 255 255 1.000000
-0.091827 0.271382 -0.177969 0.141004 0.210325 0.967410 255 255 255 1.000000
-0.091152 -0.048025 0.094063 -0.526139 0.567585 -0.633265 255 255 255 1.000000
-0.161303 -0.179360 0.030246 0.000000 0.999518 -0.031031 255 255 255 1.000000
-0.349330 -0.609871 0.504326 0.680180 -0.341891 -0.648433 255 255 255 1.000000
-0.021871 -0.036602 -0.180898 0.014874 -0.082560 0.996475 255 255 255 1.000000
-0.454569 -0.682164 -0.252643 -0.171105 0.746132 0.643436 255 255 255 1.000000
0.251552 -0.113537 0.447571 -0.150250 0.696687 -0.701464 255 255 255 1.000000
-0.242581 0.731118 -0.268775 0.054622 0.530957 0.845637 255 255 255 1.000000
0.243844 -0.095160 -0.069641 0.619624 0.784511 0.024668 255 255 255 1.000000
0.194960 -0.119586 0.452752 -0.115560 0.592119 -0.797522 255 255 255 1.000000
-0.382810 -0.124418 0.028543 0.000000 -0.999521 0.030939 255 255 255 1.000000
0.148529 -0.047351 -0.149766 0.142627 -0.989456 -0.025176 255 255 255 1.000000
0.134174 -0.157785 0.055513 0.000000 0.220237 -0.975447 255 255 255 1.000000
-0.335885 0.510167 -0.206591 -0.579307 -0.220236 -0.784793 255 255 255 1.000000
-0.268493 -0.031676 0.406511 0.103344 0.959554 0.261869 255 255 255 1.000000
-0.232078 -0.101145 -0.146760 0.996261 -0.065537 -0.056301 255 255 255 1.000000
-0.320775 -0.477066 0.397344 0.959973 -0.155564 -0.232921 255 255 255 1.000000
0.143374 -0.049196 -0.090730 0.114764 -0.993342 -0.010053 255 255 255 1.000000
-0.307139 -0.019139 0.212982 -0.111660 -0.904208 0.412238 255 255 255 1.000000
0.304264 -0.107474 -0.093611 0.377135 0.569820 -0.730119 255 255 255 1.000000
0.327657 -0.159796 0.054974 0.000000 -0.295391 0.955376 255 255 255 1.000000
-0.354219 0.512336 -0.175860 0.531364 -0.242619 -0.811658 255 255 255 1.000000
-0.277167 -0.117200 -0.160334 0.176017 -0.093344 0.979952 255 255 255 1.000000
-0.058670 -0.037162 0.335284 -0.003830 -0.999946 0.009668 255 255 255 1.000000
0.299999 0.450957 -0.162941 -0.365485 0.251801 0.896112 255 255 255 1.000000
-0.341221 0.440744 -0.154480 -0.361399 0.166645 0.917399 255 255 255 1.000000
0.289648 0.043676 -0.158678 0.729259 -0.683964 0.019373 255 255 255 1.000000
-0.240509 0.112721 -0.129410 -0.261935 -0.777025 0.572383 255 255 255 1.000000
-0.345176 0.342102 -0.159683 0.931342 0.097764 -0.350777 255 255 255 1.000000
-0.142864 -0.146317 0.055600 0.000000 0.207939 0.978142 255 255 255 1.000000
-0.348444 -0.271921 0.180831 -0.664635 -0.583741 -0.466377 255 255 255 1.000000
-0.011280 0.164241 -0.167246 0.094646 -0.494064 -0.864259 255 255 255 1.000000
-0.378333 -0.330896 -0.125144 0.869952 -0.341325 0.355922 255 255 255 1.000000
-0.337889 -0.258184 0.222208 0.860979 0.402077 0.311527 255 255 255 1.000000
-0.252712 0.094036 -0.151673 0.116515 -0.028068 0.992792 255 255 255 1.000000
-0.377334 -0.015060 0.296045 0.748847 -0.662405 -0.021166 255 255 255 1.000000
-0.397059 -0.752379 -0.278783 -0.049405 -0.848851 -0.526319 255 255 255 1.000000
-0.072203 -0.042423 0.222734 0.262750 -0.912010 0.314959 255 255 255 1.000000
0.293279 -0.066985 -0.205258 0.712861 -0.057066 -0.698979 255 255 255 1.000000
0.322793 -0.588639 0.487507 -0.777090 0.303799 0.551214 255 255 255 1.000000
0.356778 -0.677076 0.550882 -0.026224 -0.927316 -0.373361 255 255 255 1.000000
0.351907 -0.124732 0.031417 0.000000 0.997235 0.074313 255 255 255 1.000000
0.017895 0.263614 -0.183646 -0.033494 0.200854 0.979048 255 255 255 1.000000
-0.117446 0.312953 -0.184062 -0.169369 -0.236384 -0.956785 255 255 255 1.000000
-0.349276 -0.348990 0.268950 0.865550 -0.413029 -0.283251 255 255 255 1.000000
-0.330947 -0.584065 0.487999 0.562918 0.390286 0.728560 255 255 255 1.000000
-0.414376 -0.488206 -0.251778 -0.658009 0.350861 -0.666274 255 255 255 1.000000
-0.280048 -0.066470 -0.158107 -0.410869 0.663954 0.624782 255 255 255 1.000000
0.330529 -0.244143 0.209830 0.402463 0.726859 0.556506 255 255 255 1.000000
-0.110282 -0.057584 0.442639 0.023117 0.792054 0.610013 255 255 255 1.000000
0.277067 0.349580 -0.146535 0.309506 -0.219017 -0.925331 255 255 255 1.000000
-0.179887 -0.131003 0.012441 0.000000 0.776471 -0.630153 255 255 255 1.000000
0.175117 0.408073 -0.197320 0.245268 -0.253323 -0.935773 255 255 255 1.000000
-0.037178 0.291591 -0.189724 0.062910 0.209572 0.975767 255 255 255 1.000000
-0.031283 -0.045662 0.181673 -0.217582 0.947431 -0.234592 255 255 255 1.000000
-0.307864 -0.110589 -0.154096 0.452495 0.290710 -0.843052 255 255 255 1.000000
-0.379649 -0.275821 -0.074701 0.587598 -0.532218 0.609486 255 255 255 1.000000
0.404610 -0.602752 -0.300593 0.103127 -0.348418 0.931649 255 255 255 1.000000
-0.326244 -0.387990 0.346423 0.786839 0.387402 0.480422 255 255 255 1.000000
-0.102116 0.114742 -0.158797 0.207379 -0.956416 0.205577 255 255 255 1.000000
-0.258049 -0.034735 0.006186 -0.148581 -0.985568 -0.081112 255 255 255 1.000000
0.360218 -0.086759 0.143363 0.496439 -0.867907 -0.016924 255 255 255 1.000000
0.309714 0.592515 -0.202655 0.353622 -0.264858 -0.897107 255 255 255 1.000000
0.302135 0.177675 -0.140458 0.535465 -0.805007 0.255422 255 255 255 1.000000
0.325635 -0.018652 0.123466 0.121069 0.986260 -0.112403 255 255 255 1.000000
0.301569 0.115959 -0.137862 0.778374 -0.095470 0.620499 255 255 255 1.000000
-0.307186 0.049246 -0.161756 -0.437321 0.010740 0.899241 255 255 255 1.000000
0.286551 -0.028999 0.025762 0.165914 -0.986140 0.000058 255 255 255 1.000000
-0.206196 0.174212 -0.132742 -0.312020 -0.472459 -0.824273 255 255 255 1.000000
0.187836 0.223965 -0.146858 -0.265864 0.207192 0.941482 255 255 255 1.000000
-0.238070 0.203029 -0.158497 0.975973 0.200364 0.085626 255 255 255 1.000000
-0.378453 -0.077044 0.209573 -0.808701 -0.587278 -0.033286 255 255 255 1.000000
-0.126450 0.220842 -0.162165 -0.194445 -0.193529 -0.961633 255 255 255 1.000000
-0.114817 -0.052934 -0.115596 0.098231 0.995161 0.002374 255 255 255 1.000000
-0.150687 0.743849 -0.303222 0.118416 0.820298 0.559543 255 255 255 1.000000
-0.012778 0.108093 -0.170219 -0.062903 0.343578 -0.937015 255 255 255 1.000000
-0.084564 -0.144240 0.003743 0.000000 0.285730 -0.958310 255 255 255 1.000000
0.101707 -0.137683 0.441797 -0.068566 0.972984 -0.220456 255 255 255 1.000000
-0.351364 -0.587980 0.450870 -0.928486 0.191748 0.318035 255 255 255 1.000000
-0.348873 0.665104 -0.227144 -0.867877 0.178896 0.463449 255 255 255 1.000000
-0.320496 -0.511800 0.422552 0.961134 -0.152019 -0.230459 255 255 255 1.000000
0.240507 0.053586 -0.135455 -0.161539 -0.849858 0.501645 255 255 255 1.000000
0.002940 -0.130335 0.045677 0.000000 0.797919 0.602764 255 255 255 1.000000
-0.174933 0.471050 -0.216126 0.227806 0.237270 0.944356 255 255 255 1.000000
-0.323917 -0.013587 0.268514 0.151335 0.986675 -0.059751 255 255 255 1.000000
0.179863 0.727023 -0.279019 0.266088 -0.530370 -0.804925 255 255 255 1.000000
-0.089300 0.746286 -0.320188 -0.068699 -0.895815 -0.439085 255 255 255 1.000000
-0.117192 0.657878 -0.263019 0.083403 0.221686 0.971545 255 255 255 1.000000
-0.324070 -0.285416 0.214570 -0.964174 0.206322 0.166735 255 255 255 1.000000
0.375434 -0.302503 -0.096188 0.641854 0.498888 -0.582352 255 255 255 1.000000
0.299532 -0.149826 0.013719 0.721010 -0.691838 0.038798 255 255 255 1.000000
-0.171759 -0.034899 0.243314 -0.065286 -0.995389 0.070269 255 255 255 1.000000
-0.160489 -0.046585 0.004697 -0.535534 -0.639237 -0.551887 255 255 255 1.000000
-0.356648 -0.018911 -0.039311 -0.309105 0.951012 -0.005555 255 255 255 1.000000
-0.269347 -0.088314 -0.196739 0.995157 -0.096980 -0.016078 255 255 255 1.000000
0.109054 0.564096 -0.247868 -0.109810 0.191003 0.975428 255 255 255 1.000000
-0.396370 -0.648044 -0.294746 -0.969240 -0.042772 0.242372 255 255 255 1.000000
-0.307609 0.193641 -0.124944 -0.662516 -0.031449 0.748388 255 255 255 1.000000
-0.222562 -0.029386 0.263266 0.098343 0.992892 -0.067033 255 255 255 1.000000
0.254746 -0.161734 0.023494 -0.307074 0.946957 0.094750 255 255 255 1.000000
0.230428 -0.074171 -0.194576 -0.915151 -0.230944 -0.330399 255 255 255 1.000000
-0.181941 -0.040661 0.116964 -0.033453 -0.985861 0.164190 255 255 255 1.000000
-0.360744 -0.185072 0.102265 -0.881662 0.394302 0.259228 255 255 255 1.000000
-0.360642 -0.285571 0.240286 0.844259 -0.402358 -0.354026 255 255 255 1.000000
0.396732 -0.294523 -0.130410 -0.609932 -0.521627 0.596564 255 255 255 1.000000
0.414275 -0.462737 -0.234591 0.791569 0.313344 -0.524627 255 255 255 1.000000
0.356140 -0.401498 0.341230 0.991006 -0.073224 -0.112009 255 255 255 1.000000
0.290933 -0.119771 0.037170 -0.493478 0.826989 0.269387 255 255 255 1.000000
0.321689 -0.130845 0.046188 0.000000 -0.781617 -0.623758 255 255 255 1.000000
-0.394389 -0.242982 -0.091068 0.587561 -0.574321 0.570024 255 255 255 1.000000
-0.292256 -0.096439 -0.065208 0.350612 0.878090 0.325621 255 255 255 1.000000
0.292003 0.508404 -0.217912 0.081355 -0.192506 -0.977918 255 255 255 1.000000
0.247019 0.163473 -0.188010 -0.130897 -0.078808 0.988259 255 255 255 1.000000
-0.280117 -0.109059 -0.007493 0.094981 0.978226 0.184533 255 255 255 1.000000
-0.281213 -0.170475 0.010143 0.000000 0.694634 0.719363 255 255 255 1.000000
-0.349463 -0.423287 0.387879 -0.983608 -0.118612 -0.135814 255 255 255 1.000000
0.349942 -0.618693 0.469047 -0.478230 0.430346 0.765571 255 255 255 1.000000
0.390702 -0.755752 -0.256521 0.177378 0.893799 -0.411899 255 255 255 1.000000
0.425298 -0.673338 -0.267579 0.025378 0.975302 -0.219412 255 255 255 1.000000
0.362502 -0.083030 0.197483 0.502185 -0.864620 -0.015584 255 255 255 1.000000
-0.425293 -0.429768 -0.200132 -0.975710 0.150784 -0.158914 255 255 255 1.000000
0.273360 -0.030770 -0.024130 0.182470 -0.983139 -0.011959 255 255 255 1.000000
-0.148104 -0.000106 -0.159196 -0.195418 0.304796 -0.932154 255 255 255 1.000000
-0.356829 -0.080380 -0.073767 -0.082680 0.983424 0.161375 255 255 255 1.000000
-0.093782 -0.039112 0.274063 -0.102930 0.982236 -0.156902 255 255 255 1.000000
0.113081 -0.052498 -0.140241 -0.113258 0.993506 0.010851 255 255 255 1.000000
-0.051848 0.453775 -0.229835 -0.067356 -0.228037 -0.971320 255 255 255 1.000000
0.293159 -0.020192 0.220318 -0.345533 -0.911445 0.223327 255 255 255 1.000000
0.268520 0.075159 -0.128360 0.228315 0.938922 0.257485 255 255 255 1.000000
-0.367775 0.689627 -0.261711 0.999868 0.015432 0.005124 255 255 255 1.000000
-0.305567 -0.681290 0.536188 -0.127658 -0.986702 0.100611 255 255 255 1.000000
0.145710 0.597915 -0.249059 0.147849 -0.187482 -0.971077 255 255 255 1.000000
-0.406258 -0.359984 -0.180198 -0.637134 0.466939 -0.613211 255 255 255 1.000000
-0.420813 -0.518894 -0.226519 0.665312 0.310678 -0.678852 255 255 255 1.000000
0.082514 0.311599 -0.188941 -0.125824 0.229810 0.965068 255 255 255 1.000000
-0.386776 -0.444611 -0.218320 0.742652 0.287585 -0.604783 255 255 255 1.000000
-0.162247 0.572113 -0.243750 -0.171319 -0.223998 -0.959414 255 255 255 1.000000
0.281474 -0.008094 -0.138006 -0.669210 0.096478 -0.736783 255 255 255 1.000000
-0.240361 0.021970 -0.203734 0.540052 0.058081 -0.839625 255 255 255 1.000000
-0.396275 -0.607898 -0.272346 -0.512162 0.342239 -0.787758 255 255 255 1.000000
0.339201 -0.430098 0.344024 -0.484562 -0.561587 -0.670686 255 255 255 1.000000
0.076356 -0.042642 0.213299 -0.054175 0.998430 -0.014234 255 255 255 1.000000
-0.151534 0.383296 -0.196557 0.206661 0.249911 0.945958 255 255 255 1.000000
-0.218916 0.675629 -0.255345 0.185383 0.281740 0.941412 255 255 255 1.000000
-0.329683 0.494278 -0.168187 0.058635 -0.248385 -0.966885 255 255 255 1.000000
-0.354649 -0.038567 -0.135077 0.846485 0.077150 0.526793 255 255 255 1.000000
-0.233185 0.016176 -0.172524 0.635083 -0.112109 0.764265 255 255 255 1.000000
-0.313309 0.302257 -0.166712 -0.634350 -0.106278 -0.765706 255 255 255 1.000000
0.324510 -0.245645 0.155526 0.790190 0.492587 0.364635 255 255 255 1.000000
-0.010901 -0.053506 0.027798 -0.045347 0.997729 -0.049805 255 255 255 1.000000
0.371310 -0.712430 -0.233512 -0.999465 -0.024271 0.021930 255 255 255 1.000000
0.026101 0.337770 -0.199516 -0.026910 0.230837 0.972620 255 255 255 1.000000
0.060138 -0.039562 0.279724 -0.042672 0.999068 -0.006471 255 255 255 1.000000
0.247439 0.112191 -0.195138 -0.105649 -0.094535 0.989900 255 255 255 1.000000
0.186812 -0.032832 0.379482 0.086145 -0.983468 -0.159281 255 255 255 1.000000
0.333521 0.472392 -0.192540 -0.615425 0.214505 0.758446 255 255 255 1.000000
0.293007 0.501874 -0.180969 0.371087 -0.261886 -0.890904 255 255 255 1.000000
-0.137458 -0.160178 0.003915 0.000000 -0.309429 -0.950923 255 255 255 1.000000
-0.046082 -0.053349 0.018719 -0.546927 0.575672 -0.607843 255 255 255 1.000000
0.373060 -0.685141 -0.280680 0.967026 -0.222810 0.123356 255 255 255 1.000000
-0.372016 -0.701272 0.493899 -0.163435 0.831484 -0.530964 255 255 255 1.000000
0.208176 0.535661 -0.224710 -0.257632 0.229994 0.938471 255 255 255 1.000000
0.251276 -0.033895 0.036261 -0.140123 0.990018 -0.015177 255 255 255 1.000000
-0.411011 -0.568484 -0.248101 -0.099804 0.377003 -0.920819 255 255 255 1.000000
0.375023 -0.050477 0.233818 -0.979280 0.199063 0.037202 255 255 255 1.000000
0.133448 -0.039851 0.394630 0.058816 -0.976649 -0.206635 255 255 255 1.000000
-0.010482 -0.168475 0.050643 0.000000 0.615359 -0.788247 255 255 255 1.000000
0.013337 -0.059511 0.443748 -0.011283 0.849865 0.526879 255 255 255 1.000000
-0.335789 -0.694158 0.575535 -0.095696 0.853706 0.511886 255 255 255 1.000000
0.002419 -0.168505 0.008172 0.000000 -0.616563 -0.787305 255 255 255 1.000000
0.156113 -0.062093 -0.180493 0.045132 0.467546 -0.882816 255 255 255 1.000000
-0.016893 0.543759 -0.250872 -0.019159 -0.203139 -0.978963 255 255 255 1.000000
0.105195 -0.052817 -0.038751 -0.080238 0.996332 -0.029737 255 255 255 1.000000
0.144284 -0.032962 0.351717 -0.072799 0.995645 0.058239 255 255 255 1.000000
-0.353151 -0.006505 0.315812 0.160275 0.987072 -0.000634 255 255 255 1.000000
-0.294760 0.518722 -0.218299 -0.874894 0.038921 0.482748 255 255 255 1.000000
0.085643 -0.049383 0.078147 0.066088 -0.997476 0.025955 255 255 255 1.000000
0.307402 0.543023 -0.188045 0.371737 -0.267733 -0.888893 255 255 255 1.000000
-0.073763 -0.047012 0.131199 0.511407 -0.627473 0.587146 255 255 255 1.000000
-0.226847 -0.031568 0.202907 0.071743 0.988274 -0.134790 255 255 255 1.000000
0.099347 -0.036468 0.321564 0.058619 -0.998228 0.010206 255 255 255 1.000000
-0.237648 -0.000620 -0.142564 -0.010403 0.269400 -0.962972 255 255 255 1.000000
-0.297502 -0.017534 0.362555 -0.118850 -0.982289 -0.144853 255 255 255 1.000000
-0.189780 0.716960 -0.273424 0.131675 0.512836 0.848328 255 255 255 1.000000
-0.332809 -0.019090 0.121407 -0.182779 -0.965296 -0.186537 255 255 255 1.000000
-0.373615 -0.020144 0.184543 0.763527 -0.645750 0.005805 255 255 255 1.000000
-0.315855 -0.020633 -0.073596 -0.231446 -0.948960 -0.214260 255 255 255 1.000000
0.098655 0.421631 -0.215975 0.122847 -0.233225 -0.964632 255 255 255 1.000000
0.228398 -0.174030 0.045087 0.000000 0.815831 -0.578290 255 255 255 1.000000
-0.097214 -0.036429 0.324784 -0.012640 -0.999508 0.028700 255 255 255 1.000000
-0.198943 -0.045847 -0.162749 0.070551 -0.451466 0.889495 255 255 255 1.000000
0.262094 -0.109269 -0.006970 -0.086646 -0.986172 -0.141272 255 255 255 1.000000
-0.262954 -0.148091 0.056075 0.000000 -0.140895 -0.990025 255 255 255 1.000000
0.023493 0.063619 -0.172599 -0.236720 0.552433 -0.799238 255 255 255 1.000000
-0.176711 -0.046784 -0.051108 -0.120480 -0.992572 0.016877 255 255 255 1.000000
0.321770 0.317693 -0.139289 -0.937780 0.085210 -0.336612 255 255 255 1.000000
0.041903 -0.047208 0.414215 0.020045 -0.965502 -0.259621 255 255 255 1.000000
0.375194 -0.324451 -0.147671 0.748219 -0.336718 0.571655 255 255 255 1.000000
-0.291072 0.019109 -0.162095 0.183310 0.303158 -0.935143 255 255 255 1.000000
-0.340440 -0.019541 0.396419 0.124522 0.962438 0.241261 255 255 255 1.000000
0.146175 0.202935 -0.152830 0.226999 -0.191997 -0.954782 255 255 255 1.000000
-0.060489 0.671680 -0.270086 -0.042127 -0.229671 -0.972356 255 255 255 1.000000
0.320644 0.610304 -0.235397 0.334012 -0.253348 -0.907882 255 255 255 1.000000
0.371176 -0.018492 0.278641 0.845156 0.534431 0.009692 255 255 255 1.000000
0.248187 -0.120756 -0.151819 -0.544512 -0.655172 -0.523696 255 255 255 1.000000
0.245393 0.581552 -0.224314 -0.275515 0.214688 0.937017 255 255 255 1.000000
-0.299484 -0.030373 -0.154829 0.045792 0.727767 -0.684294 255 255 255 1.000000
-0.245557 0.502970 -0.204945 0.343749 0.258249 0.902853 255 255 255 1.000000
-0.048302 -0.161919 0.004381 0.000000 -0.372281 -0.928120 255 255 255 1.000000
0.078557 0.738103 -0.303539 0.057823 -0.820465 -0.568765 255 255 255 1.000000
0.061392 -0.159226 0.003660 0.000000 0.274250 0.961658 255 255 255 1.000000
-0.051701 0.117319 -0.165784 -0.158056 0.794941 -0.585736 255 255 255 1.000000
0.058292 -0.110820 -0.183147 -0.008147 -0.990427 0.137799 255 255 255 1.000000
-0.207232 -0.039812 0.414016 0.082703 0.957186 0.277407 255 255 255 1.000000
-0.290100 0.100097 -0.150830 0.090077 -0.053271 0.994509 255 255 255 1.000000
0.348447 -0.672353 0.520986 -0.013469 -0.968731 0.247747 255 255 255 1.000000
-0.162414 0.695991 -0.270441 0.127614 0.290317 0.948383 255 255 255 1.000000
0.329468 0.397488 -0.174770 -0.659060 0.172539 0.732032 255 255 255 1.000000
-0.382629 -0.177228 0.038194 0.000000 -0.944633 0.328128 255 255 255 1.000000
-0.002832 0.376655 -0.208895 0.009302 0.237081 0.971445 255 255 255 1.000000
-0.294531 0.274451 -0.127136 0.056214 0.145513 0.987758 255 255 255 1.000000
-0.271680 -0.019592 0.312278 0.132836 0.990856 -0.023624 255 255 255 1.000000
-0.242422 0.058877 -0.135448 0.187008 0.661126 -0.726595 255 255 255 1.000000
-0.237182 -0.081852 -0.188734 -0.906922 0.276060 0.318251 255 255 255 1.000000
-0.245155 -0.017047 -0.168318 0.948460 0.213968 0.233755 255 255 255 1.000000
0.089561 -0.037402 0.368683 -0.039418 0.993903 0.102972 255 255 255 1.000000
0.339826 -0.289473 0.204913 0.295743 -0.735815 -0.609191 255 255 255 1.000000
-0.081631 0.420995 -0.217128 -0.110492 -0.236637 -0.965295 255 255 255 1.000000
0.342560 -0.177871 0.035798 0.000000 -0.970930 0.239366 255 255 255 1.000000
-0.166705 -0.064136 0.450975 0.005417 0.627559 0.778550 255 255 255 1.000000
-0.316070 -0.718318 0.489002 0.099361 -0.577507 -0.810317 255 255 255 1.000000
-0.333209 -0.336529 0.310977 -0.483410 -0.608764 -0.629063 255 255 255 1.000000
-0.184068 0.337733 -0.174797 0.253420 0.245940 0.935570 255 255 255 1.000000
0.291622 0.754189 -0.271967 -0.190631 0.780121 0.595879 255 255 255 1.000000
0.256390 0.323109 -0.182965 0.971996 -0.211126 0.103193 255 255 255 1.000000
0.235534 -0.023876 0.351122 0.109643 -0.991054 -0.076099 255 255 255 1.000000
-0.144459 -0.105531 0.460713 -0.062059 -0.157991 0.985489 255 255 255 1.000000
-0.232268 -0.141448 0.016085 0.922684 -0.368446 -0.113582 255 255 255 1.000000
0.323823 0.361930 -0.168529 -0.671085 0.146553 0.726752 255 255 255 1.000000
-0.015551 0.075036 -0.172599 0.053656 -0.285451 0.956890 255 255 255 1.000000
0.180345 0.039973 -0.147899 -0.118888 -0.305970 0.944589 255 255 255 1.000000
0.072142 -0.048089 0.108667 -0.057889 0.998095 -0.021357 255 255 255 1.000000
-0.070680 0.234675 -0.173510 -0.116419 -0.188939 -0.975063 255 255 255 1.000000
0.249558 -0.036621 -0.158708 0.021989 -0.726880 0.686412 255 255 255 1.000000
-0.339629 -0.221879 0.177804 -0.421389 -0.731373 -0.536214 255 255 255 1.000000
-0.071754 0.052357 -0.169245 0.187116 -0.638200 0.746785 255 255 255 1.000000
-0.313288 -0.051368 0.443678 0.011699 0.592386 0.805569 255 255 255 1.000000
0.239131 -0.026703 0.249342 0.129584 -0.991260 0.024726 255 255 255 1.000000
-0.018677 0.629157 -0.262499 0.004827 0.197811 0.980228 255 255 255 1.000000
-0.295498 0.547958 -0.222042 -0.861260 0.073939 0.502756 255 255 255 1.000000
-0.044255 -0.127041 0.040033 0.000000 -0.919290 -0.393582 255 255 255 1.000000
0.228276 0.070319 -0.161232 0.732111 0.011988 -0.681080 255 255 255 1.000000
0.337632 -0.367020 0.287051 -0.931534 0.264243 0.249840 255 255 255 1.000000
0.373179 -0.703370 0.503755 0.994722 0.061380 -0.082220 255 255 255 1.000000
-0.023006 -0.058474 -0.095315 0.949931 0.312094 0.015139 255 255 255 1.000000
-0.058097 -0.056145 -0.054924 0.688549 -0.205157 0.695566 255 255 255 1.000000
0.042433 -0.036479 -0.179129 0.107438 0.084921 -0.990578 255 255 255 1.000000
-0.415997 -0.673989 -0.276775 -0.012021 0.947956 -0.318176 255 255 255 1.000000
-0.307429 -0.723897 0.570663 0.106487 -0.438194 0.892550 255 255 255 1.000000
-0.289829 0.376703 -0.197491 0.173689 0.140850 0.974676 255 255 255 1.000000
-0.244871 0.640110 -0.240888 0.235136 0.259383 0.936713 255 255 255 1.000000
-0.395232 -0.396638 -0.162250 -0.467983 0.510998 -0.721022 255 255 255 1.000000
0.251183 -0.115379 0.019487 0.053523 0.982246 0.179798 255 255 255 1.000000
-0.269983 -0.133136 -0.104014 -0.203982 -0.542671 0.814800 255 255 255 1.000000
0.037435 -0.139980 0.434392 0.036888 -0.999296 0.006875 255 255 255 1.000000
0.088662 0.535585 -0.245766 0.091470 -0.196596 -0.976209 255 255 255 1.000000
0.166840 -0.044364 0.016980 -0.103209 0.994261 -0.028161 255 255 255 1.000000
-0.393458 -0.260164 -0.055208 -0.396184 -0.576581 0.714558 255 255 255 1.000000
0.391489 -0.459922 -0.199371 -0.427003 -0.442520 0.788571 255 255 255 1.000000
0.117420 -0.036610 0.289109 0.067246 -0.997638 0.014026 255 255 255 1.000000
-0.319992 0.305014 -0.132346 -0.352887 0.072632 0.932843 255 255 255 1.000000
0.315719 -0.754490 0.530539 -0.053478 0.998567 -0.002198 255 255 255 1.000000
0.188860 0.321175 -0.168840 -0.266912 0.234768 0.934688 255 255 255 1.000000
-0.405095 -0.694960 -0.225651 0.006645 0.973547 0.228389 255 255 255 1.000000
-0.181514 0.246853 -0.153065 -0.237624 -0.205968 -0.949269 255 255 255 1.000000
-0.338863 0.756642 -0.285322 0.569218 -0.797791 0.198797 255 255 255 1.000000
-0.066629 0.587659 -0.255443 -0.062923 -0.203739 -0.977001 255 255 255 1.000000
-0.244622 0.039135 -0.160205 -0.993826 0.109748 0.016315 255 255 255 1.000000
0.349197 0.525745 -0.177453 -0.256120 -0.296858 -0.919933 255 255 255 1.000000
-0.337460 -0.019396 0.090935 0.193483 0.972421 0.130236 255 255 255 1.000000
0.205571 -0.048531 -0.168160 -0.014173 -0.636673 0.771003 255 255 255 1.000000
-0.046640 0.724632 -0.292978 -0.020043 -0.612218 -0.790435 255 255 255 1.000000
-0.274155 0.470578 -0.181062 0.364833 0.266716 0.892054 255 255 255 1.000000
0.270438 0.632400 -0.227820 0.248851 -0.240993 -0.938081 255 255 255 1.000000
0.032119 -0.042383 0.235593 0.031530 -0.999490 0.004970 255 255 255 1.000000
-0.255384 0.531115 -0.209057 -0.352870 -0.256903 -0.899713 255 255 255 1.000000
-0.448450 -0.699913 -0.231391 0.039102 -0.692919 -0.719954 255 255 255 1.000000
-0.353660 -0.380760 0.346882 -0.996226 0.068385 0.053454 255 255 255 1.000000
-0.265783 0.295607 -0.188491 0.216591 0.099186 0.971211 255 255 255 1.000000
0.171766 -0.045925 -0.042140 -0.116489 0.992863 -0.025549 255 255 255 1.000000
0.449430 -0.685691 -0.258818 0.995271 0.086825 -0.043552 255 255 255 1.000000
0.120986 0.015107 -0.162443 0.179499 0.085568 -0.980030 255 255 255 1.000000
-0.366309 -0.089090 0.107523 0.501103 0.865216 0.017212 255 255 255 1.000000
0.359666 0.676848 -0.236263 -0.716435 -0.323970 -0.617870 255 255 255 1.000000
0.351221 -0.295724 0.256207 0.758288 0.486389 0.434079 255 255 255 1.000000
-0.125720 -0.043124 0.149538 0.170057 -0.934111 0.313875 255 255 255 1.000000
0.157113 -0.031496 0.321722 -0.089336 0.995980 -0.006516 255 255 255 1.000000
-0.258055 -0.050512 0.443878 -0.017526 -0.683245 -0.729979 255 255 255 1.000000
0.276176 -0.025472 0.169200 0.105165 0.985782 -0.131048 255 255 255 1.000000
-0.331441 -0.197635 0.080582 0.455156 -0.743592 -0.489800 255 255 255 1.000000
-0.385623 -0.236978 -0.030275 -0.267905 -0.623860 0.734184 255 255 255 1.000000
-0.378695 -0.020502 0.360209 -0.764067 0.628433 0.145851 255 255 255 1.000000
0.249837 0.436084 -0.181133 0.331842 -0.252438 -0.908931 255 255 255 1.000000
0.228835 0.242718 -0.137898 -0.284293 0.203082 0.936982 255 255 255 1.000000
0.081661 0.456974 -0.227623 0.094165 -0.220369 -0.970861 255 255 255 1.000000
-0.194796 0.378275 -0.183664 0.272550 0.259564 0.926468 255 255 255 1.000000
-0.071126 -0.050034 0.073278 -0.611156 0.387504 -0.690166 255 255 255 1.000000
-0.293774 0.570009 -0.202414 -0.346819 -0.260888 -0.900918 255 255 255 1.000000
-0.296170 -0.025374 0.126617 0.160718 0.957565 0.239245 255 255 255 1.000000
-0.130565 -0.137204 0.430917 -0.045173 -0.998070 -0.042622 255 255 255 1.000000
0.261762 0.398083 -0.164148 0.335532 -0.247031 -0.909062 255 255 255 1.000000
-0.202005 0.280312 -0.155868 -0.254599 -0.221366 -0.941369 255 255 255 1.000000
0.154055 0.163842 -0.144605 0.254100 -0.142236 -0.956662 255 255 255 1.000000
-0.340608 0.572357 -0.218941 0.580716 0.229790 0.781003 255 255 255 1.000000
0.017685 -0.085780 -0.195402 0.033332 -0.145372 -0.988815 255 255 255 1.000000
-0.349630 -0.126867 0.039385 0.000000 0.928709 0.370808 255 255 255 1.000000
0.036905 -0.055545 -0.026999 -0.052490 0.997936 -0.036999 255 255 255 1.000000
-0.246778 -0.027977 -0.212791 0.575199 0.082456 -0.813847 255 255 255 1.000000
-0.276945 -0.029183 -0.074746 0.231828 0.931658 0.279767 255 255 255 1.000000
0.404896 -0.354606 -0.134579 -0.600108 0.439614 -0.668289 255 255 255 1.000000
-0.357738 -0.353919 0.319057 0.938173 -0.245351 -0.244201 255 255 255 1.000000
-0.274492 -0.020924 0.278131 0.126916 0.989849 -0.063957 255 255 255 1.000000
0.303426 -0.029529 -0.180732 0.995868 0.000453 0.090812 255 255 255 1.000000
-0.262389 -0.028138 0.170889 0.160566 -0.461738 0.872362 255 255 255 1.000000
0.281603 0.046934 -0.131277 -0.654607 -0.024539 -0.755571 255 255 255 1.000000
0.041766 -0.051158 0.059145 0.047495 -0.998578 0.024195 255 255 255 1.000000
0.117693 -0.041674 0.187604 -0.069283 0.997296 -0.024522 255 255 255 1.000000
-0.248258 -0.086416 -0.108165 -0.589367 0.801263 0.103076 255 255 255 1.000000
0.330679 -0.350921 0.327352 0.954197 0.203571 0.219240 255 255 255 1.000000
-0.226982 0.222513 -0.136275 -0.263194 -0.197115 -0.944391 255 255 255 1.000000
-0.334237 -0.564615 0.438965 -0.474902 0.451582 0.755342 255 255 255 1.000000
-0.376025 -0.062690 0.066517 0.987425 0.147931 0.055754 255 255 255 1.000000
-0.019873 -0.075094 -0.193697 -0.022175 0.391708 -0.919822 255 255 255 1.000000
-0.378019 -0.724030 -0.249214 -0.999144 0.037673 -0.017108 255 255 255 1.000000
-0.373152 -0.050705 0.010763 -0.996773 -0.053392 -0.059943 255 255 255 1.000000
0.295075 0.292163 -0.129294 -0.078887 0.146155 0.986111 255 255 255 1.000000
-0.026124 -0.037728 0.345202 0.001264 -0.999969 -0.007755 255 255 255 1.000000
-0.263755 0.235378 -0.128313 -0.275219 -0.193121 -0.941785 255 255 255 1.000000
-0.147164 -0.033180 0.316677 -0.073285 -0.997243 0.011612 255 255 255 1.000000
-0.012525 -0.053661 0.428383 -0.000216 0.957819 0.287371 255 255 255 1.000000
-0.327612 -0.300498 0.263833 0.687843 0.532999 0.492731 255 255 255 1.000000
0.230321 -0.037348 -0.055706 0.164704 -0.985847 -0.031270 255 255 255 1.000000
0.065340 -0.058713 -0.176221 -0.053288 0.928640 -0.367136 255 255 255 1.000000
-0.121029 0.049699 -0.160405 0.225278 -0.673328 0.704187 255 255 255 1.000000
-0.038500 0.350404 -0.202415 -0.056334 -0.236389 -0.970024 255 255 255 1.000000
-0.314634 0.187126 -0.151134 0.993866 0.072822 -0.083234 255 255 255 1.000000
-0.340990 0.725848 -0.273534 -0.303551 -0.333825 -0.892422 255 255 255 1.000000
-0.378449 -0.680366 0.545239 0.084812 -0.993610 0.074468 255 255 255 1.000000
0.375185 -0.169093 0.050026 0.000000 -0.640455 0.767996 255 255 255 1.000000
-0.354140 -0.371972 0.296138 0.560206 0.564860 0.605889 255 255 255 1.000000
0.224247 0.123769 -0.166597 -0.994972 0.030714 0.095331 255 255 255 1.000000
0.133324 -0.120962 0.460720 -0.064340 0.417596 -0.906352 255 255 255 1.000000
-0.069354 0.329196 -0.194160 -0.101613 -0.231830 -0.967435 255 255 255 1.000000
0.004132 0.432728 -0.224371 -0.005587 -0.219636 -0.975566 255 255 255 1.000000
0.058364 -0.132193 0.455829 -0.027562 0.732296 -0.680428 255 255 255 1.000000
-0.106023 -0.055973 -0.174477 0.036630 0.914606 -0.402684 255 255 255 1.000000
0.140468 0.251438 -0.164429 -0.216570 0.204164 0.954680 255 255 255 1.000000
0.135750 -0.046877 0.054122 -0.079833 0.996055 -0.038733 255 255 255 1.000000
-0.175308 -0.045763 -0.110132 -0.171284 -0.888796 -0.425092 255 255 255 1.000000
-0.154313 -0.047602 -0.149533 -0.168909 -0.495775 -0.851867 255 255 255 1.000000
0.163975 -0.036512 0.214256 0.089914 -0.995699 0.022326 255 255 255 1.000000
0.028660 -0.045499 0.176139 -0.033128 0.999412 -0.008837 255 255 255 1.000000
0.174408 0.266725 -0.159732 0.253032 -0.214859 -0.943298 255 255 255 1.000000
0.353307 -0.556901 0.468526 0.731306 0.332393 0.595572 255 255 255 1.000000
0.228700 -0.086077 -0.155210 -0.985791 0.075599 0.150005 255 255 255 1.000000
0.036297 0.476668 -0.236526 -0.032072 0.204500 0.978341 255 255 255 1.000000
-0.272369 0.212562 -0.181911 -0.268454 -0.004352 -0.963283 255 255 255 1.000000
-0.283722 0.667050 -0.235911 0.255545 0.305349 0.917311 255 255 255 1.000000
0.258258 -0.026106 0.213321 0.137806 -0.989764 0.037101 255 255 255 1.000000
0.115648 -0.171607 0.011276 0.000000 -0.736397 -0.676550 255 255 255 1.000000
-0.135231 0.710883 -0.277073 -0.097487 -0.550163 -0.829347 255 255 255 1.000000
-0.338926 -0.530791 0.459851 0.373754 0.483887 0.791304 255 255 255 1.000000
0.308297 0.653485 -0.254164 0.206654 -0.305763 -0.929410 255 255 255 1.000000
0.128807 0.332628 -0.187312 -0.186994 0.246245 0.950998 255 255 255 1.000000
0.123108 0.401277 -0.207268 0.164104 -0.239521 -0.956922 255 255 255 1.000000
0.338892 -0.013861 0.180295 -0.485794 -0.838219 0.247777 255 255 255 1.000000
-0.374402 -0.072278 0.028162 -0.978163 -0.197876 -0.063571 255 255 255 1.000000
-0.167933 -0.121478 0.455944 -0.095970 -0.557465 0.824634 255 255 255 1.000000
-0.223322 -0.048855 0.438786 0.029346 0.760776 0.648351 255 255 255 1.000000
-0.246726 -0.028587 0.389773 0.092952 0.966851 0.237820 255 255 255 1.000000
0.193409 -0.039157 0.109969 0.102813 -0.994084 0.035020 255 255 255 1.000000
0.307873 -0.698224 0.577604 -0.067549 -0.910621 -0.407684 255 255 255 1.000000
-0.190468 -0.175201 0.014870 0.000000 -0.848758 -0.528782 255 255 255 1.000000
0.196888 -0.027805 0.330273 0.109813 -0.993949 -0.002571 255 255 255 1.000000
-0.294168 -0.098097 0.451082 0.297185 0.197322 -0.934208 255 255 255 1.000000
0.357348 -0.166094 0.005762 0.000000 0.515296 0.857012 255 255 255 1.000000
-0.258600 0.157458 -0.188251 -0.159929 0.084218 -0.983529 255 255 255 1.000000
-0.335085 -0.683199 0.505379 0.002898 -0.793011 0.609201 255 255 255 1.000000
0.367891 -0.011702 0.337130 -0.620273 -0.782852 -0.049029 255 255 255 1.000000
0.225672 -0.032451 0.169804 0.122398 -0.992274 0.020286 255 255 255 1.000000
-0.274922 -0.085150 -0.114915 -0.088710 0.952230 0.292212 255 255 255 1.000000
0.089156 -0.055062 -0.069643 0.065892 -0.997781 0.009595 255 255 255 1.000000
-0.139570 -0.050191 -0.096470 -0.107943 -0.994143 -0.005361 255 255 255 1.000000
0.301504 -0.025242 0.070818 -0.131862 0.991141 -0.015846 255 255 255 1.000000
-0.225017 -0.040078 -0.035257 0.145883 0.988997 0.024572 255 255 255 1.000000
0.136237 0.570987 -0.246146 -0.143553 0.195454 0.970150 255 255 255 1.000000
0.371045 -0.022709 0.221309 -0.888000 -0.459767 0.008362 255 255 255 1.000000
0.154629 0.423496 -0.207212 -0.209983 0.244430 0.946658 255 255 255 1.000000
-0.287313 0.086970 -0.192250 0.333559 -0.128162 0.933977 255 255 255 1.000000
0.296113 -0.723600 0.565683 -0.999843 -0.003955 0.017301 255 255 255 1.000000
0.261268 -0.030031 0.125885 0.068047 -0.995822 0.060894 255 255 255 1.000000
0.159531 -0.033380 0.374566 -0.072612 0.988124 0.135420 255 255 255 1.000000
0.290164 0.019549 -0.200766 -0.153060 -0.073829 0.985455 255 255 255 1.000000
-0.241215 0.265782 -0.140469 0.277451 0.204638 0.938693 255 255 255 1.000000
0.097285 -0.149476 0.002340 0.000000 0.088815 -0.996048 255 255 255 1.000000
0.208867 0.080933 -0.137598 0.364508 -0.913435 -0.181024 255 255 255 1.000000
-0.132297 0.534938 -0.242048 -0.151094 -0.213793 -0.965123 255 255 255 1.000000
-0.351499 0.618852 -0.206930 0.380891 -0.311630 -0.870522 255 255 255 1.000000
0.210709 -0.038765 0.077226 0.111615 -0.993094 0.036141 255 255 255 1.000000
0.298059 -0.023886 0.118034 -0.096868 -0.988901 0.112657 255 255 255 1.000000
-0.308088 -0.152565 0.034856 0.745086 0.663518 0.067753 255 255 255 1.000000
-0.379483 -0.062784 0.167341 -0.969753 -0.239598 -0.046597 255 255 255 1.000000
0.128351 0.618512 -0.253804 0.120116 -0.177232 -0.976812 255 255 255 1.000000
-0.436125 -0.738902 -0.296155 -0.000005 -0.525150 -0.851009 255 255 255 1.000000
-0.085234 -0.074281 0.456331 -0.003815 0.590166 0.807273 255 255 255 1.000000
0.193365 -0.043504 -0.065441 0.140756 -0.989842 -0.020014 255 255 255 1.000000
0.298623 -0.032367 0.425013 -0.038841 0.720059 0.692825 255 255 255 1.000000
-0.096272 0.368016 -0.200572 0.133663 0.246865 0.959787 255 255 255 1.000000
-0.022662 0.406400 -0.217083 0.037598 0.229161 0.972662 255 255 255 1.000000
0.339438 -0.718127 0.488075 -0.287549 -0.957758 -0.003913 255 255 255 1.000000
0.248437 -0.005742 -0.141666 0.925237 0.167214 0.340554 255 255 255 1.000000
0.084053 0.059930 -0.165990 -0.017786 -0.455741 0.889935 255 255 255 1.000000
0.364557 -0.225127 -0.065518 -0.835080 0.314745 -0.451195 255 255 255 1.000000
0.233682 -0.125975 -0.113808 0.730249 0.630318 0.263507 255 255 255 1.000000
-0.433982 -0.649425 -0.287907 -0.842348 -0.151121 0.517312 255 255 255 1.000000
-0.193776 0.631533 -0.247589 0.189339 0.233439 0.953759 255 255 255 1.000000
0.229575 0.194651 -0.153711 0.966688 -0.213796 -0.140733 255 255 255 1.000000
-0.288974 0.023134 -0.200974 0.265481 -0.166992 0.949544 255 255 255 1.000000
-0.102903 -0.051139 0.011619 0.560151 -0.433523 0.705895 255 255 255 1.000000
0.315691 -0.294559 0.237138 0.986888 -0.096210 -0.129596 255 255 255 1.000000
0.012318 0.735099 -0.300758 0.014541 -0.775173 -0.631582 255 255 255 1.000000
0.068864 0.132884 -0.163080 0.311017 -0.351923 -0.882847 255 255 255 1.000000
-0.157997 -0.031169 0.341964 0.083870 0.996359 0.015303 255 255 255 1.000000
0.117292 0.272488 -0.174501 -0.182641 0.215021 0.959379 255 255 255 1.000000
-0.365133 -0.048927 -0.106196 0.986694 0.133261 0.093144 255 255 255 1.000000
-0.241674 0.177479 -0.124091 -0.632892 -0.773411 0.035829 255 255 255 1.000000
0.073456 -0.056684 -0.119374 -0.135329 0.990785 -0.005598 255 255 255 1.000000
-0.015086 -0.044610 0.207839 0.013092 -0.999890 0.006909 255 255 255 1.000000
-0.023990 0.698100 -0.279327 -0.020393 -0.273716 -0.961594 255 255 255 1.000000
0.376625 -0.049019 0.321132 0.980923 -0.189727 -0.042354 255 255 255 1.000000
0.337961 0.498980 -0.196031 -0.634502 0.217770 0.741609 255 255 255 1.000000
-0.341487 -0.018186 -0.001299 -0.215195 -0.975225 -0.051260 255 255 255 1.000000
0.175139 -0.044016 -0.137926 -0.156923 0.987114 0.031328 255 255 255 1.000000
0.192191 -0.042049 -0.009701 -0.120455 0.992504 -0.020659 255 255 255 1.000000
0.028791 0.164537 -0.168586 0.096942 -0.188333 -0.977309 255 255 255 1.000000
-0.365280 -0.024888 0.029902 0.667298 -0.743918 0.036045 255 255 255 1.000000
0.351221 -0.082419 -0.061893 -0.087076 -0.983036 -0.161428 255 255 255 1.000000
0.424515 -0.537765 -0.247775 -0.977030 -0.134227 0.165514 255 255 255 1.000000
-0.113695 0.407916 -0.209874 -0.152930 -0.240423 -0.958545 255 255 255 1.000000
0.341915 -0.224949 0.181033 0.507331 0.690816 0.515159 255 255 255 1.000000
-0.348468 -0.461619 0.416988 0.978661 0.124213 0.163688 255 255 255 1.000000
0.053737 -0.056120 -0.061735 -0.057865 0.997682 -0.035798 255 255 255 1.000000
0.316555 0.215368 -0.134050 -0.812131 0.089050 -0.576639 255 255 255 1.000000
-0.125229 0.737216 -0.295284 -0.092263 -0.740839 -0.665316 255 255 255 1.000000
-0.174633 0.212920 -0.148089 -0.231790 -0.195769 -0.952863 255 255 255 1.000000
-0.412735 -0.687767 -0.300163 -0.010239 -0.887995 0.459740 255 255 255 1.000000
0.191168 -0.041971 0.058310 0.100191 -0.994054 0.042650 255 255 255 1.000000
-0.297634 0.639536 -0.247290 0.831080 -0.140557 -0.538099 255 255 255 1.000000
-0.030590 -0.056328 -0.037005 -0.366715 0.835133 -0.409966 255 255 255 1.000000
0.249157 -0.026182 0.381297 0.097266 -0.978711 -0.180733 255 255 255 1.000000
-0.015238 0.246623 -0.180023 -0.024935 -0.191455 -0.981185 255 255 255 1.000000
0.068849 0.393539 -0.211308 0.083486 -0.235668 -0.968241 255 255 255 1.000000
-0.360060 -0.169354 0.055443 0.999688 -0.024314 -0.005722 255 255 255 1.000000
-0.420624 -0.383405 -0.176997 0.920087 -0.245618 0.305143 255 255 255 1.000000
0.240755 0.675730 -0.244421 -0.181714 0.274899 0.944145 255 255 255 1.000000
-0.120287 -0.037922 0.267401 0.004643 0.996785 -0.079992 255 255 255 1.000000
0.325324 -0.015253 0.205811 0.632714 0.711308 -0.306126 255 255 255 1.000000
0.315715 -0.579225 0.458001 -0.966894 -0.139804 -0.213472 255 255 255 1.000000
-0.081252 0.706258 -0.279296 -0.063236 -0.291905 -0.954355 255 255 255 1.000000
0.449398 -0.710378 -0.301634 0.990529 0.118518 -0.069328 255 255 255 1.000000
0.227378 -0.152396 0.029056 -0.811881 -0.565841 -0.143785 255 255 255 1.000000
0.315234 -0.323417 0.268797 -0.977061 0.142447 0.158304 255 255 255 1.000000
0.204001 0.445730 -0.201009 0.282372 -0.253603 -0.925176 255 255 255 1.000000
-0.136994 -0.046593 0.060241 -0.265699 0.846224 -0.461854 255 255 255 1.000000
-0.384584 -0.402429 -0.196618 0.680358 0.341475 -0.648466 255 255 255 1.000000
-0.239817 0.350240 -0.161450 -0.318724 -0.238160 -0.917439 255 255 255 1.000000
-0.091826 0.540401 -0.246457 0.103587 0.212341 0.971690 255 255 255 1.000000
-0.355939 -0.165617 0.005372 0.000000 -0.496275 -0.868165 255 255 255 1.000000
0.218589 0.692112 -0.254547 0.163224 -0.283050 -0.945114 255 255 255 1.000000
0.329992 -0.016365 0.379055 -0.113134 0.973817 0.197184 255 255 255 1.000000
-0.384348 -0.045082 0.390115 0.449931 0.144215 0.881342 255 255 255 1.000000
-0.114288 0.693238 -0.273756 -0.086307 -0.277984 -0.956701 255 255 255 1.000000
0.331572 0.264526 -0.151352 -0.877379 0.102007 -0.468829 255 255 255 1.000000
0.181103 0.508268 -0.225536 0.235473 -0.237134 -0.942507 255 255 255 1.000000
0.237936 0.630526 -0.236063 -0.222710 0.216565 0.950526 255 255 255 1.000000
0.380933 -0.732669 -0.299935 -0.054743 -0.404235 -0.913016 255 255 255 1.000000
-0.305132 -0.753071 0.527382 -0.089005 0.992381 -0.085195 255 255 255 1.000000
-0.300987 -0.149929 -0.014669 -0.783009 -0.621092 -0.033790 255 255 255 1.000000
0.332903 -0.019273 0.077239 -0.116779 0.993080 -0.012403 255 255 255 1.000000
0.285410 -0.126917 -0.132410 -0.355335 -0.645654 0.675920 255 255 255 1.000000
0.138086 -0.047739 -0.006842 0.094155 -0.995222 0.025855 255 255 255 1.000000
0.163745 0.114672 -0.144312 0.138735 0.259413 -0.955750 255 255 255 1.000000
0.089939 0.486247 -0.234908 0.102417 -0.213764 -0.971502 255 255 255 1.000000
0.300145 -0.119752 0.002094 0.853565 0.490465 -0.175701 255 255 255 1.000000
0.308450 0.093866 -0.151278 0.868153 -0.060423 0.492606 255 255 255 1.000000
0.271409 0.157052 -0.117621 -0.308182 0.928966 -0.205051 255 255 255 1.000000
-0.308346 0.227848 -0.161528 0.586764 0.000842 0.809757 255 255 255 1.000000
-0.369153 -0.074568 0.431732 -0.520680 -0.045460 0.852541 255 255 255 1.000000
-0.074820 0.612941 -0.258253 -0.066492 -0.198956 -0.977750 255 255 255 1.000000
0.050137 0.577537 -0.255066 -0.048934 0.205646 0.977402 255 255 255 1.000000
0.334183 -0.392072 0.361758 0.879393 0.321459 0.351187 255 255 255 1.000000
-0.231470 0.106575 -0.163152 0.993373 0.049775 0.103602 255 255 255 1.000000
-0.204555 0.512376 -0.220715 -0.281332 -0.243489 -0.928205 255 255 255 1.000000
-0.049279 0.150125 -0.163324 -0.156034 0.916236 -0.369005 255 255 255 1.000000
0.157660 0.301434 -0.172183 -0.230215 0.227858 0.946088 255 255 255 1.000000
0.109964 -0.084710 0.460327 0.014640 0.309980 0.950630 255 255 255 1.000000
0.162153 -0.126720 0.038834 0.000000 0.936312 0.351170 255 255 255 1.000000
0.209774 -0.039165 -0.107914 0.170559 -0.984669 -0.036553 255 255 255 1.000000
-0.297993 0.341214 -0.187707 -0.385906 -0.149477 -0.910348 255 255 255 1.000000
0.038055 0.625741 -0.261899 -0.042602 0.217805 0.975062 255 255 255 1.000000
0.376118 -0.053980 0.294308 0.963100 -0.267432 -0.030319 255 255 255 1.000000
-0.261199 0.244621 -0.184758 -0.218276 -0.041579 -0.975001 255 255 255 1.000000
0.097502 0.712022 -0.276611 -0.090570 0.600954 0.794136 255 255 255 1.000000
0.225685 0.597643 -0.232124 -0.241759 0.205896 0.948240 255 255 255 1.000000
0.339736 -0.035201 -0.145329 0.804181 -0.034915 -0.593357 255 255 255 1.000000
0.110261 -0.091647 -0.187394 0.116037 -0.225519 -0.967304 255 255 255 1.000000
0.188355 0.565106 -0.234872 -0.210373 0.207583 0.955328 255 255 255 1.000000
0.099002 0.662545 -0.263500 0.100541 -0.231697 -0.967578 255 255 255 1.000000
-0.095383 -0.127286 0.458581 -0.057374 -0.553318 0.830992 255 255 255 1.000000
0.285030 0.062398 -0.193166 0.313843 0.152796 -0.937100 255 255 255 1.000000
0.067837 -0.037553 0.315933 -0.044405 0.999001 -0.005077 255 255 255 1.000000
0.331549 -0.470621 0.423614 -0.951192 -0.180258 -0.250480 255 255 255 1.000000
0.239519 0.044944 -0.204477 -0.022914 -0.111663 0.993482 255 255 255 1.000000
-0.304056 -0.026765 0.075723 -0.154208 -0.973126 -0.171014 255 255 255 1.000000
-0.225231 0.314497 -0.158048 -0.297564 -0.229824 -0.926626 255 255 255 1.000000
0.295594 0.700064 -0.274127 0.199026 -0.332508 -0.921860 255 255 255 1.000000
-0.365890 -0.032263 -0.060231 -0.946697 0.317762 -0.052849 255 255 255 1.000000
0.288410 0.339907 -0.188652 0.358367 -0.144440 -0.922339 255 255 255 1.000000
-0.235240 0.187976 -0.181369 0.989291 0.105948 -0.100394 255 255 255 1.000000
-0.270458 0.053436 -0.131398 -0.172860 -0.319688 0.931622 255 255 255 1.000000
0.234997 0.352651 -0.162922 -0.309748 0.239899 0.920057 255 255 255 1.000000
-0.402481 -0.211929 -0.033680 -0.991647 0.128971 0.001303 255 255 255 1.000000
-0.272797 -0.029738 0.104835 0.230342 0.857661 0.459739 255 255 255 1.000000
-0.153193 0.288390 -0.170771 -0.209938 -0.227660 -0.950840 255 255 255 1.000000
-0.233906 -0.096433 0.455696 0.122367 0.149841 -0.981108 255 255 255 1.000000
-0.127065 -0.124761 0.027261 0.000000 0.996927 -0.078334 255 255 255 1.000000
-0.008110 0.653153 -0.265651 -0.006035 0.207880 0.978136 255 255 255 1.000000
0.369367 -0.282039 -0.113576 -0.862000 0.265233 -0.431981 255 255 255 1.000000
-0.236699 -0.134029 -0.060923 0.795884 -0.566739 -0.213016 255 255 255 1.000000
0.016810 -0.059518 -0.159372 -0.950836 0.308723 -0.024529 255 255 255 1.000000
-0.017421 -0.139100 0.432117 -0.012161 0.999295 0.035517 255 255 255 1.000000
-0.247310 0.054692 -0.203123 -0.032941 0.109091 -0.993486 255 255 255 1.000000
-0.349196 0.455725 -0.180819 0.668992 0.210694 0.712782 255 255 255 1.000000
-0.271002 0.616383 -0.226018 -0.273270 -0.256803 -0.927025 255 255 255 1.000000
0.425155 -0.560668 -0.262753 0.944109 0.170631 -0.282034 255 255 255 1.000000
0.400938 -0.179045 0.031420 0.000000 -0.997225 0.074454 255 255 255 1.000000
0.233154 0.085363 -0.197945 0.999914 0.005637 0.011818 255 255 255 1.000000
0.244313 -0.144064 -0.054920 0.917223 -0.329796 0.223465 255 255 255 1.000000
0.118329 -0.034711 0.342633 0.063939 -0.997623 -0.025695 255 255 255 1.000000
-0.284456 0.140345 -0.145232 -0.016028 0.122883 -0.992292 255 255 255 1.000000
-0.104758 0.460792 -0.226044 0.133756 0.228897 0.964218 255 255 255 1.000000
-0.249626 -0.119723 -0.153750 0.570570 -0.719828 -0.395345 255 255 255 1.000000
0.391296 -0.546487 -0.272510 -0.701730 0.240422 -0.670651 255 255 255 1.000000
0.315974 -0.179411 0.090877 0.900961 -0.364599 -0.235238 255 255 255 1.000000
-0.294619 0.478137 -0.197390 0.821535 0.192760 0.536585 255 255 255 1.000000
0.372822 -0.047982 0.158001 0.995163 -0.089907 -0.039583 255 255 255 1.000000
-0.455465 -0.729374 -0.236470 0.998527 0.051230 -0.017883 255 255 255 1.000000
-0.324889 -0.552917 0.467240 0.692822 0.357887 0.626031 255 255 255 1.000000
-0.351190 -0.326594 0.250559 0.674235 0.535524 0.508548 255 255 255 1.000000
0.293835 0.558731 -0.228807 0.117634 -0.232860 -0.965370 255 255 255 1.000000
0.160490 -0.179254 0.028143 0.000000 -0.998958 -0.045648 255 255 255 1.000000
0.109442 0.108284 -0.156723 0.107591 0.316243 -0.942558 255 255 255 1.000000
0.352396 0.446472 -0.167631 -0.759585 -0.049209 -0.648544 255 255 255 1.000000
0.354515 -0.025192 0.417779 0.107295 0.953227 0.282571 255 255 255 1.000000
0.353182 -0.219365 0.149377 0.948020 0.259795 0.183749 255 255 255 1.000000
0.346212 -0.073527 -0.113343 0.087076 0.983036 0.161428 255 255 255 1.000000
0.244530 0.019389 -0.208034 0.038254 0.121344 -0.991873 255 255 255 1.000000
0.327121 0.648678 -0.217078 0.165554 -0.316077 -0.934177 255 255 255 1.000000
-0.207679 0.421899 -0.193013 0.287191 0.258266 0.922399 255 255 255 1.000000
0.081054 0.107582 -0.162807 0.361348 -0.634943 -0.682843 255 255 255 1.000000
0.070913 -0.033174 -0.176248 -0.159102 -0.082555 0.983804 255 255 255 1.000000
0.226194 -0.124344 -0.081717 -0.878203 -0.432049 -0.205165 255 255 255 1.000000
0.411037 -0.615269 -0.263798 -0.200945 0.342172 -0.917899 255 255 255 1.000000
-0.295226 -0.029680 0.410162 -0.112706 -0.957667 -0.264897 255 255 255 1.000000
0.410906 -0.397783 -0.167840 -0.630273 0.397311 -0.667008 255 255 255 1.000000
-0.233487 0.748425 -0.287119 0.119575 0.831524 0.542466 255 255 255 1.000000
-0.287094 -0.115065 0.019155 -0.264140 -0.945176 -0.192025 255 255 255 1.000000
0.351417 -0.020401 -0.121631 0.946768 0.317464 -0.053367 255 255 255 1.000000
-0.350887 0.726644 -0.248549 0.294941 -0.544066 -0.785495 255 255 255 1.000000
0.289802 -0.099695 -0.048690 0.255941 -0.765757 -0.590010 255 255 255 1.000000
0.276199 -0.105211 0.449259 0.148926 -0.571216 0.807176 255 255 255 1.000000
0.155519 0.524685 -0.235763 -0.181636 0.217026 0.959118 255 255 255 1.000000
0.043027 0.501029 -0.243253 -0.038482 0.196658 0.979717 255 255 255 1.000000
0.270084 -0.139040 0.053650 0.000000 0.468068 0.883692 255 255 255 1.000000
0.003383 -0.054418 0.006036 0.036616 -0.998726 0.034716 255 255 255 1.000000
-0.299585 -0.131350 -0.101244 -0.797913 0.219585 -0.561353 255 255 255 1.000000
0.270827 0.581538 -0.214729 0.310850 -0.237848 -0.920218 255 255 255 1.000000
0.253925 0.244770 -0.131255 0.278797 -0.193598 -0.940634 255 255 255 1.000000
0.345235 -0.530538 0.418904 0.473013 -0.446319 -0.759644 255 255 255 1.000000
0.244271 0.012672 -0.162990 0.046762 0.099580 -0.993930 255 255 255 1.000000
-0.196875 0.660635 -0.254336 0.162369 0.255988 0.952946 255 255 255 1.000000
-0.082572 -0.046809 0.413233 0.036310 0.967221 0.251327 255 255 255 1.000000
-0.347814 -0.632764 0.516529 -0.304482 -0.416251 -0.856753 255 255 255 1.000000
0.038525 -0.100890 0.463164 0.017313 -0.072224 0.997238 255 255 255 1.000000
-0.133608 -0.044123 0.117331 -0.177861 0.921666 -0.344815 255 255 255 1.000000
0.084686 -0.039828 0.264965 0.055361 -0.998397 0.011789 255 255 255 1.000000
-0.066767 -0.138761 0.445815 -0.038626 -0.957750 0.284995 255 255 255 1.000000
0.277887 0.117655 -0.148388 -0.014115 -0.126294 0.991892 255 255 255 1.000000
-0.371929 -0.222428 -0.059386 -0.958786 -0.067586 0.275975 255 255 255 1.000000
0.428086 -0.668445 -0.304284 -0.921763 -0.000018 0.387754 255 255 255 1.000000
0.111640 -0.047523 0.077286 -0.072733 0.996848 -0.031687 255 255 255 1.000000
0.399475 -0.402518 -0.209530 -0.639581 -0.405116 0.653312 255 255 255 1.000000
0.249434 0.275402 -0.138367 -0.292149 0.205231 0.934093 255 255 255 1.000000
-0.432599 -0.568393 -0.266277 -0.943612 0.170983 -0.283480 255 255 255 1.000000
0.225764 -0.036944 0.025697 0.129992 -0.991373 0.016787 255 255 255 1.000000
0.175242 -0.037736 0.172207 -0.094705 0.995113 -0.027953 255 255 255 1.000000
0.299699 0.475964 -0.169558 0.376188 -0.260669 -0.889120 255 255 255 1.000000
0.407305 -0.510453 -0.265629 0.625356 0.351330 -0.696776 255 255 255 1.000000
0.128659 0.706204 -0.274165 -0.096940 0.284307 0.953820 255 255 255 1.000000
0.261873 0.031438 -0.160380 0.040931 0.104369 -0.993696 255 255 255 1.000000
0.127888 0.483838 -0.230561 -0.153960 0.223612 0.962442 255 255 255 1.000000
0.048664 0.705603 -0.279051 -0.034728 0.284054 0.958179 255 255 255 1.000000
0.277262 -0.024005 0.195932 0.079693 0.989007 -0.124555 255 255 255 1.000000
0.341153 0.557085 -0.209012 0.657262 -0.219836 -0.720887 255 255 255 1.000000
-0.115695 -0.082322 -0.190996 0.107574 0.189958 0.975881 255 255 255 1.000000
-0.312130 -0.089307 -0.168101 0.372149 0.211148 -0.903837 255 255 255 1.000000
0.376999 -0.237270 -0.029981 0.199385 -0.636746 0.744849 255 255 255 1.000000
0.015490 0.703430 -0.280549 -0.009662 0.281419 0.959536 255 255 255 1.000000
-0.305084 -0.081049 -0.193127 0.805972 0.235568 0.543062 255 255 255 1.000000
-0.335430 -0.014676 0.212537 0.164118 0.921332 -0.352438 255 255 255 1.000000
-0.263791 0.355064 -0.153352 0.329507 0.230289 0.915637 255 255 255 1.000000
0.268391 0.375327 -0.181856 0.878459 -0.252718 -0.405517 255 255 255 1.000000
-0.094702 -0.149001 0.056319 0.000000 -0.106609 -0.994301 255 255 255 1.000000
0.401826 -0.360402 -0.177450 -0.667371 -0.454196 0.590187 255 255 255 1.000000
-0.225321 0.548068 -0.224786 0.302247 0.243331 0.921649 255 255 255 1.000000
-0.221856 -0.039371 -0.078850 0.194932 0.929865 0.312014 255 255 255 1.000000
0.254676 0.125550 -0.124198 -0.254216 0.886322 -0.387049 255 255 255 1.000000
0.300889 0.346141 -0.137464 -0.157017 0.171687 0.972558 255 255 255 1.000000
0.002990 -0.057850 -0.062443 -0.041957 0.998122 -0.044630 255 255 255 1.000000
0.346990 -0.263378 0.224876 0.633303 0.589376 0.501561 255 255 255 1.000000
0.042052 -0.179447 0.028862 0.000000 0.999815 0.019257 255 255 255 1.000000
0.309477 0.460092 -0.204841 0.389836 -0.205044 -0.897767 255 255 255 1.000000
-0.156297 0.611564 -0.251664 0.143514 0.229534 0.962662 255 255 255 1.000000
-0.146701 -0.079233 0.458592 -0.007685 0.440718 0.897613 255 255 255 1.000000
0.064585 0.629082 -0.260699 0.065703 -0.212107 -0.975035 255 255 255 1.000000
-0.244879 0.400587 -0.174230 0.329886 0.255776 0.908710 255 255 255 1.000000
0.391302 -0.187509 0.005963 -0.613948 0.511890 -0.600863 255 255 255 1.000000
0.159008 0.549918 -0.238867 0.178549 -0.208140 -0.961664 255 255 255 1.000000
-0.358230 -0.725522 0.487175 -0.362465 0.850052 0.382139 255 255 255 1.000000
0.352741 -0.346845 0.282096 -0.937792 0.246960 0.244043 255 255 255 1.000000
-0.060158 -0.057419 -0.107651 0.354954 0.934882 -0.001848 255 255 255 1.000000
-0.354546 -0.015264 0.135354 0.114386 -0.993041 0.028027 255 255 255 1.000000
-0.156082 0.258622 -0.162692 -0.215910 -0.212474 -0.953015 255 255 255 1.000000
-0.299397 0.431609 -0.206636 -0.239223 -0.166993 -0.956497 255 255 255 1.000000
0.300100 -0.018793 0.373291 -0.110648 0.979560 0.167984 255 255 255 1.000000
0.284593 -0.069883 0.450339 -0.737336 -0.408766 0.537816 255 255 255 1.000000
0.230623 0.747574 -0.284053 -0.156018 0.766895 0.622519 255 255 255 1.000000
0.016635 0.661111 -0.267415 0.025907 -0.223888 -0.974270 255 255 255 1.000000
0.315564 -0.386115 0.331911 0.925109 -0.241134 -0.293305 255 255 255 1.000000
-0.383792 -0.045103 0.335787 0.980451 0.132006 0.145910 255 255 255 1.000000
-0.394808 -0.223387 -0.070858 0.593136 -0.584955 0.553188 255 255 255 1.000000
0.226672 0.430491 -0.190488 0.311153 -0.249474 -0.917031 255 255 255 1.000000
0.360683 -0.078369 0.433489 -0.826000 -0.048423 -0.561586 255 255 255 1.000000
0.227199 -0.039506 -0.181119 -0.715345 -0.104625 0.690894 255 255 255 1.000000
0.230410 -0.144613 0.003643 0.000000 -0.271887 0.962329 255 255 255 1.000000
0.027613 -0.139336 0.005057 0.000000 -0.458393 0.888750 255 255 255 1.000000
0.238382 -0.144222 0.055038 0.000000 0.286412 0.958107 255 255 255 1.000000
0.303301 -0.105278 -0.162526 0.091806 -0.379286 0.920714 255 255 255 1.000000
0.091147 -0.052084 0.432683 0.043480 -0.950125 -0.308824 255 255 255 1.000000
0.356067 0.548080 -0.187795 0.824731 0.157950 0.543019 255 255 255 1.000000
0.056347 0.453834 -0.229140 -0.060699 0.214287 0.974883 255 255 255 1.000000
0.209852 -0.032531 0.205370 0.114506 -0.993251 0.018479 255 255 255 1.000000
0.202058 0.746113 -0.294677 0.137547 -0.802974 -0.579926 255 255 255 1.000000
0.250875 0.082449 -0.153285 -0.025068 -0.117359 0.992773 255 255 255 1.000000
0.221611 0.480183 -0.206702 -0.304750 0.254637 0.917762 255 255 255 1.000000
-0.056447 0.383342 -0.209589 -0.077612 -0.240388 -0.967569 255 255 255 1.000000
0.351854 -0.647543 0.514199 0.394476 0.376908 0.838050 255 255 255 1.000000
-0.325333 -0.307836 0.239050 -0.957626 0.220591 0.185180 255 255 255 1.000000
0.142630 0.726684 -0.285715 0.133689 -0.576526 -0.806068 255 255 255 1.000000
0.033711 0.285311 -0.188282 -0.056855 0.210460 0.975948 255 255 255 1.000000
-0.377708 -0.038423 0.113099 0.944937 -0.323647 0.048434 255 255 255 1.000000
0.078150 -0.153586 0.056638 0.000000 0.062209 -0.998063 255 255 255 1.000000
0.362174 -0.027200 0.037901 -0.759575 -0.649006 0.042849 255 255 255 1.000000
0.015213 0.210161 -0.174047 -0.036164 0.178028 0.983361 255 255 255 1.000000
0.231957 -0.090794 -0.120731 -0.984964 0.086250 0.149686 255 255 255 1.000000
0.248227 -0.118553 0.422803 0.113634 -0.991944 -0.055993 255 255 255 1.000000
-0.304896 0.613011 -0.212689 -0.297277 -0.277425 -0.913598 255 255 255 1.000000
-0.187943 0.738962 -0.289538 -0.144323 -0.722043 -0.676628 255 255 255 1.000000
-0.315673 0.733123 -0.283875 -0.253559 -0.342910 -0.904500 255 255 255 1.000000
-0.375577 -0.306042 -0.111127 0.933009 -0.273579 0.233772 255 255 255 1.000000
-0.255126 -0.160991 0.019917 0.361774 0.929184 0.075741 255 255 255 1.000000
0.288703 -0.141992 -0.064358 0.255292 0.892704 -0.371356 255 255 255 1.000000
-0.012168 0.494902 -0.241599 -0.022184 -0.211136 -0.977205 255 255 255 1.000000
-0.407608 -0.159712 0.003790 0.000000 0.292265 0.956337 255 255 255 1.000000
-0.343996 0.534941 -0.206545 -0.620898 -0.223208 -0.751441 255 255 255 1.000000
0.038317 -0.056268 0.437893 0.025218 -0.948416 -0.316025 255 255 255 1.000000
-0.060768 0.076330 -0.168310 0.167386 -0.658160 0.734035 255 255 255 1.000000
-0.052222 -0.039504 0.293271 -0.091165 0.989851 -0.109010 255 255 255 1.000000
-0.196660 0.041246 -0.144879 -0.065676 0.587186 -0.806783 255 255 255 1.000000
0.274919 -0.152424 0.001837 0.000000 -0.019437 -0.999811 255 255 255 1.000000
-0.323508 0.661275 -0.223244 0.271994 0.311499 0.910488 255 255 255 1.000000
0.307658 -0.008554 -0.163970 0.898923 -0.059829 0.434003 255 255 255 1.000000
0.327240 -0.425498 0.388310 -0.992646 -0.082648 -0.088455 255 255 255 1.000000
-0.429401 -0.516291 -0.250136 -0.883474 0.244884 -0.399381 255 255 255 1.000000
-0.298006 -0.021666 -0.122390 -0.253631 -0.772794 -0.581774 255 255 255 1.000000
0.211891 -0.129489 0.044831 0.000000 0.823415 0.567440 255 255 255 1.000000
-0.323206 -0.603556 0.469806 -0.839423 0.266601 0.473596 255 255 255 1.000000
-0.456501 -0.696602 -0.275987 -0.995091 0.086782 -0.047574 255 255 255 1.000000
0.364740 0.712814 -0.261226 0.816528 0.308615 0.487891 255 255 255 1.000000
0.360717 -0.050523 -0.070068 0.994425 -0.079539 -0.069226 255 255 255 1.000000
0.097616 0.362286 -0.198954 0.133795 -0.244944 -0.960261 255 255 255 1.000000
-0.100027 0.204529 -0.163474 0.159128 0.180254 0.970663 255 255 255 1.000000
-0.266153 -0.125858 0.035618 0.000000 -0.972584 -0.232552 255 255 255 1.000000
-0.334883 -0.432110 0.347012 0.696013 -0.445424 -0.563172 255 255 255 1.000000
-0.046218 -0.058367 -0.145225 -0.646170 -0.763110 -0.011285 255 255 255 1.000000
-0.301292 0.327619 -0.134289 -0.128633 -0.161784 -0.978407 255 255 255 1.000000
0.334436 -0.174762 0.108535 -0.242678 -0.822884 -0.513780 255 255 255 1.000000
-0.359201 0.743839 -0.273907 0.611043 -0.753491 -0.242646 255 255 255 1.000000
-0.019735 -0.125623 0.034742 0.000000 0.979896 0.199511 255 255 255 1.000000
0.341501 0.606600 -0.221893 0.711512 -0.205362 -0.671995 255 255 255 1.000000
-0.302486 0.688298 -0.269293 -0.187008 -0.332333 -0.924436 255 255 255 1.000000
-0.382074 -0.738273 0.531985 0.999555 0.012728 0.026975 255 255 255 1.000000
-0.061921 0.295515 -0.187957 -0.096096 -0.214952 -0.971885 255 255 255 1.000000
-0.230604 -0.138546 0.043216 0.988919 -0.144373 -0.034586 255 255 255 1.000000
-0.224362 -0.049820 -0.170095 0.055300 -0.482992 0.873877 255 255 255 1.000000
0.190943 0.355140 -0.177306 0.265676 -0.246795 -0.931938 255 255 255 1.000000
0.328555 -0.087808 0.447313 -0.965489 -0.243835 -0.091513 255 255 255 1.000000
0.230237 0.551726 -0.222466 -0.279269 0.227157 0.932957 255 255 255 1.000000
0.138178 0.045828 -0.156426 -0.188437 -0.084378 0.978454 255 255 255 1.000000
0.426148 -0.587280 -0.281289 0.880507 0.225409 -0.417012 255 255 255 1.000000
0.267745 -0.029608 -0.079789 0.198859 -0.978855 -0.047929 255 255 255 1.000000
0.257470 0.460038 -0.184989 0.339155 -0.255051 -0.905496 255 255 255 1.000000
0.338812 -0.217038 0.105737 -0.388092 0.762608 0.517507 255 255 255 1.000000
0.112844 -0.143139 0.054748 0.000000 0.326191 0.945304 255 255 255 1.000000
0.228304 0.326840 -0.159016 0.301159 -0.233166 -0.924628 255 255 255 1.000000
0.190273 0.122825 -0.137335 -0.323775 0.477961 0.816531 255 255 255 1.000000
0.029353 -0.063393 -0.186128 0.012494 -0.843866 0.536408 255 255 255 1.000000
-0.362470 -0.026245 -0.084261 -0.947165 0.316285 -0.053305 255 255 255 1.000000
-0.049587 0.207799 -0.172562 0.090455 0.172911 0.980775 255 255 255 1.000000
-0.267511 -0.135945 0.007498 0.000000 0.588654 -0.808385 255 255 255 1.000000
0.315849 0.514453 -0.213762 -0.380195 0.223219 0.897566 255 255 255 1.000000
-0.260763 -0.033333 -0.052840 -0.186868 -0.981008 -0.052005 255 255 255 1.000000
-0.063278 -0.080267 -0.193517 0.056744 -0.166687 0.984376 255 255 255 1.000000
-0.371613 -0.057310 -0.013337 0.992245 0.106100 0.064744 255 255 255 1.000000
-0.403726 -0.722944 -0.312287 -0.005117 -0.112555 -0.993632 255 255 255 1.000000
0.317523 -0.503017 0.412206 0.909296 0.232917 0.344862 255 255 255 1.000000
0.391048 -0.383525 -0.151389 -0.347728 -0.545635 0.762475 255 255 255 1.000000
-0.320893 -0.411928 0.351216 -0.999691 -0.015570 0.019391 255 255 255 1.000000
-0.360405 -0.511690 0.417832 0.944366 0.185220 0.271783 255 255 255 1.000000
0.338002 -0.012064 0.226982 -0.734937 -0.589365 0.335434 255 255 255 1.000000
0.366962 -0.088794 0.348223 0.582823 -0.797062 -0.158143 255 255 255 1.000000
0.237769 0.139714 -0.145320 -0.007254 -0.131877 0.991240 255 255 255 1.000000
-0.281997 -0.014330 -0.166746 -0.137201 -0.262096 0.955239 255 255 255 1.000000
0.163362 0.087955 -0.147063 -0.161587 -0.188401 0.968708 255 255 255 1.000000
-0.222732 0.591043 -0.234856 0.251301 0.227111 0.940887 255 255 255 1.000000
0.155925 -0.160071 0.003886 0.000000 -0.305505 -0.952191 255 255 255 1.000000
-0.215234 0.114549 -0.133264 -0.213937 -0.922987 0.319886 255 255 255 1.000000
0.083881 -0.177739 0.036292 0.000000 -0.966178 0.257877 255 255 255 1.000000
0.083493 0.594933 -0.254517 -0.079335 0.193649 0.977858 255 255 255 1.000000
0.337848 0.755940 -0.276075 0.351966 0.765042 0.539287 255 255 255 1.000000
-0.274152 0.138175 -0.187368 0.272577 -0.099114 0.957015 255 255 255 1.000000
0.029318 0.425697 -0.222458 0.027869 -0.220464 -0.974997 255 255 255 1.000000
-0.212672 -0.032674 0.390228 0.083693 0.970070 0.227948 255 255 255 1.000000
0.367831 0.531533 -0.207078 0.892324 0.119846 0.435194 255 255 255 1.000000
-0.330876 0.360547 -0.167939 -0.674558 -0.145276 -0.723787 255 255 255 1.000000
0.210806 -0.030889 0.236345 0.115847 -0.993169 0.013979 255 255 255 1.000000
0.094280 -0.040990 0.236861 -0.061169 0.998005 -0.015617 255 255 255 1.000000
-0.297105 0.460558 -0.167772 0.378884 0.259775 0.888236 255 255 255 1.000000
-0.099030 0.735636 -0.297134 -0.069249 -0.738550 -0.670633 255 255 255 1.000000
-0.228064 -0.179091 0.031250 0.000000 -0.997678 0.068104 255 255 255 1.000000
-0.362454 -0.089757 -0.019461 -0.522443 -0.850930 -0.054511 255 255 255 1.000000
-0.108263 -0.014354 -0.168070 -0.161433 0.216912 -0.962750 255 255 255 1.000000
0.279455 0.132810 -0.120819 -0.172461 -0.907126 -0.383900 255 255 255 1.000000
0.073646 0.503678 -0.241244 -0.079031 0.204005 0.975775 255 255 255 1.000000
-0.363963 -0.534406 0.436932 -0.944961 -0.184064 -0.270498 255 255 255 1.000000
0.363854 -0.250544 -0.081678 -0.918477 0.201129 -0.340509 255 255 255 1.000000
0.337932 -0.148376 0.002635 0.000000 0.130156 -0.991494 255 255 255 1.000000
-0.197140 -0.034725 0.204611 0.067697 0.992280 -0.103907 255 255 255 1.000000
0.303940 -0.021055 0.160054 0.354396 0.910597 -0.212641 255 255 255 1.000000
0.266794 0.349488 -0.170400 -0.820589 0.251680 0.513118 255 255 255 1.000000
0.315609 -0.206331 0.124302 0.991347 -0.109811 -0.071925 255 255 255 1.000000
-0.160395 0.341329 -0.181996 0.222391 0.251027 0.942087 255 255 255 1.000000
0.227635 -0.030844 0.395873 0.084545 -0.969064 -0.231878 255 255 255 1.000000
0.357672 -0.008355 0.305730 0.253246 0.966305 0.046052 255 255 255 1.000000
-0.398644 -0.588184 -0.287770 0.742049 0.205655 -0.638020 255 255 255 1.000000
0.303409 0.138658 -0.147191 -0.996375 0.084034 0.013230 255 255 255 1.000000
0.003192 -0.129471 0.459761 0.003741 0.551502 -0.834165 255 255 255 1.000000
0.276418 -0.176763 0.039928 0.000000 0.920803 -0.390028 255 255 255 1.000000
0.352291 -0.014808 0.153779 -0.382075 -0.924105 -0.006942 255 255 255 1.000000
-0.248626 -0.024305 0.361259 0.107895 0.986525 0.122996 255 255 255 1.000000
0.317689 -0.352775 0.288734 0.633729 0.544689 0.549274 255 255 255 1.000000
-0.140595 -0.087603 -0.185297 0.172431 0.380140 0.908714 255 255 255 1.000000
-0.267496 0.286994 -0.136616 -0.292098 -0.201339 -0.934955 255 255 255 1.000000
-0.271480 0.036161 -0.159723 0.261011 0.370445 -0.891428 255 255 255 1.000000
0.231243 -0.111027 -0.033458 -0.838638 0.521229 0.158134 255 255 255 1.000000
-0.316016 0.437177 -0.154256 -0.065415 -0.214217 -0.974593 255 255 255 1.000000
-0.191772 -0.041387 0.086898 -0.029868 -0.981750 0.187818 255 255 255 1.000000
-0.312481 0.110143 -0.158667 0.998096 0.048210 -0.038467 255 255 255 1.000000
0.323991 -0.674307 0.515705 0.006446 -0.897026 0.441931 255 255 255 1.000000
-0.291014 0.105158 -0.126484 0.425548 0.107488 -0.898529 255 255 255 1.000000
-0.081217 0.513394 -0.243606 -0.097581 -0.217486 -0.971173 255 255 255 1.000000
0.142724 -0.049174 -0.065215 0.103525 -0.994614 -0.005108 255 255 255 1.000000
0.053047 -0.045121 0.174027 -0.045057 0.998897 -0.013182 255 255 255 1.000000
0.335219 0.425442 -0.178027 -0.658631 0.192820 0.727341 255 255 255 1.000000
-0.320811 -0.637049 0.505339 -0.997132 -0.035561 -0.066812 255 255 255 1.000000
0.051251 -0.053334 0.012689 0.054964 -0.998031 0.030203 255 255 255 1.000000
0.356134 0.571857 -0.194761 -0.539744 -0.265120 -0.798992 255 255 255 1.000000
-0.098802 -0.100714 -0.187966 0.159007 0.469680 0.868399 255 255 255 1.000000
-0.219515 -0.038163 -0.127507 -0.182165 -0.101334 -0.978032 255 255 255 1.000000
-0.190343 -0.127354 0.041203 0.000000 -0.901061 -0.433693 255 255 255 1.000000
-0.281298 -0.069154 -0.206068 0.928987 -0.040093 0.367935 255 255 255 1.000000
0.245409 -0.033660 0.098789 -0.131459 0.990959 -0.026806 255 255 255 1.000000
0.323739 0.720280 -0.244574 -0.179098 0.318572 0.930825 255 255 255 1.000000
0.349242 -0.323985 0.249638 0.388869 -0.685244 -0.615809 255 255 255 1.000000
-0.362629 -0.327705 0.272355 0.979753 -0.134762 -0.148068 255 255 255 1.000000
0.375086 -0.724616 0.558532 -0.999992 0.004068 0.000117 255 255 255 1.000000
0.077042 -0.050723 0.055355 0.063185 -0.997658 0.026192 255 255 255 1.000000
0.345039 0.731364 -0.249173 0.706949 0.522014 0.477205 255 255 255 1.000000
0.296536 -0.686569 0.531577 -0.997404 0.052938 -0.048814 255 255 255 1.000000
0.225868 -0.013767 -0.146207 0.862576 0.223581 -0.453844 255 255 255 1.000000
0.270615 -0.021743 0.265877 -0.120236 0.991272 -0.054065 255 255 255 1.000000
-0.339594 -0.014740 -0.091915 0.137354 -0.990390 -0.016169 255 255 255 1.000000
0.318276 -0.013804 0.266440 -0.728346 -0.590801 0.347083 255 255 255 1.000000
0.448831 -0.738195 -0.258167 0.998095 -0.060364 0.012778 255 255 255 1.000000
-0.010687 -0.059290 -0.118679 -0.995446 -0.093118 -0.020400 255 255 255 1.000000
-0.231626 -0.103940 -0.121823 0.999905 0.013748 0.001369 255 255 255 1.000000
-0.390443 -0.489859 -0.242377 0.791026 0.236788 -0.564100 255 255 255 1.000000
-0.370057 -0.026585 0.053724 -0.802952 0.594805 -0.038407 255 255 255 1.000000
0.110499 0.156163 -0.153875 0.275811 -0.227327 -0.933944 255 255 255 1.000000
-0.307116 0.257128 -0.158887 -0.647480 -0.069364 -0.758919 255 255 255 1.000000
-0.330513 -0.177596 0.036824 0.000000 0.960660 -0.277728 255 255 255 1.000000
0.297362 -0.140376 -0.041003 0.617612 -0.709033 0.340336 255 255 255 1.000000
0.059516 -0.037427 0.361358 0.029304 -0.996877 -0.073334 255 255 255 1.000000
0.448839 -0.702472 -0.239340 -0.999900 -0.002351 -0.013910 255 255 255 1.000000
0.269599 -0.151159 -0.023678 0.052635 -0.985445 0.161641 255 255 255 1.000000
0.351341 -0.652578 0.488334 -0.531856 0.403071 0.744757 255 255 255 1.000000
-0.437168 -0.688952 -0.301019 0.001404 0.916690 -0.399596 255 255 255 1.000000
-0.138794 0.564671 -0.246549 0.143014 0.220457 0.964855 255 255 255 1.000000
-0.253216 -0.040481 -0.161662 -0.024487 0.567871 -0.822753 255 255 255 1.000000
-0.086906 0.655268 -0.264264 -0.059557 -0.206460 -0.976641 255 255 255 1.000000
-0.350612 -0.012618 0.186699 -0.344372 0.335513 -0.876834 255 255 255 1.000000
-0.271706 0.696536 -0.249959 -0.238676 -0.317268 -0.917810 255 255 255 1.000000
-0.279514 0.375405 -0.175551 -0.820003 -0.239997 -0.519612 255 255 255 1.000000
0.356357 -0.199809 -0.021294 0.979783 -0.073062 0.186244 255 255 255 1.000000
0.064712 0.012706 -0.173278 -0.046312 -0.307769 0.950333 255 255 255 1.000000
-0.218963 0.195944 -0.133080 -0.257452 -0.189319 -0.947564 255 255 255 1.000000
-0.419508 -0.472902 -0.206093 0.523751 0.410892 -0.746225 255 255 255 1.000000
-0.109183 0.089566 -0.159469 0.222143 -0.890075 0.398020 255 255 255 1.000000
0.182155 0.065035 -0.144981 -0.039704 -0.509420 0.859601 255 255 255 1.000000
0.133977 -0.041351 0.169645 0.074188 -0.996809 0.029462 255 255 255 1.000000
0.347422 -0.326346 0.298359 -0.512235 -0.602224 -0.612324 255 255 255 1.000000
0.264654 0.243533 -0.181599 -0.260686 0.061411 0.963468 255 255 255 1.000000
0.243264 -0.023455 0.302051 0.131724 -0.990883 0.028266 255 255 255 1.000000
0.396052 -0.215644 -0.025276 0.668789 -0.466043 0.579245 255 255 255 1.000000
0.302661 -0.019651 -0.135901 0.129999 -0.946178 0.296391 255 255 255 1.000000
-0.264509 -0.097685 -0.058046 -0.283698 0.946921 0.151185 255 255 255 1.000000
-0.291063 0.424942 -0.184536 -0.818971 -0.214145 -0.532380 255 255 255 1.000000
0.336263 0.662397 -0.247020 -0.479198 0.281633 0.831295 255 255 255 1.000000
0.313514 -0.646009 0.506275 -0.980420 0.084314 0.177957 255 255 255 1.000000
0.060600 -0.057475 -0.141733 -0.308591 0.951169 -0.007080 255 255 255 1.000000
-0.406853 -0.498791 -0.215112 -0.235338 -0.391092 0.889754 255 255 255 1.000000
-0.323264 0.545006 -0.182368 0.244456 0.316660 0.916497 255 255 255 1.000000
0.123237 -0.039180 0.230178 -0.068758 0.997381 -0.022458 255 255 255 1.000000
-0.242484 -0.151503 -0.007313 0.997420 -0.020866 -0.068686 255 255 255 1.000000
-0.332884 -0.095936 0.445936 -0.407089 -0.277173 0.870318 255 255 255 1.000000
0.286712 0.532937 -0.215213 -0.823012 0.187532 0.536175 255 255 255 1.000000
-0.390686 -0.516316 -0.254164 0.855436 0.177101 -0.486687 255 255 255 1.000000
0.037796 0.085415 -0.169595 0.522788 -0.846118 -0.103811 255 255 255 1.000000
-0.157986 -0.034875 0.266562 0.064604 0.996639 -0.050365 255 255 255 1.000000
-0.342995 -0.026111 0.420258 0.126575 0.952353 0.277492 255 255 255 1.000000
0.296615 -0.709298 0.507615 0.997666 -0.031746 0.060462 255 255 255 1.000000
-0.377484 -0.685336 -0.263940 -0.992729 -0.106736 0.055643 255 255 255 1.000000
0.234604 0.108702 -0.129749 0.302961 -0.921627 0.242522 255 255 255 1.000000
0.065299 0.087198 -0.167119 0.385995 -0.583114 -0.714833 255 255 255 1.000000
0.410362 -0.348252 -0.157445 -0.754986 -0.418234 0.505051 255 255 255 1.000000
-0.267100 0.002778 -0.138034 -0.111171 -0.272387 0.955744 255 255 255 1.000000
-0.343470 0.703961 -0.263782 0.371400 0.317076 0.872654 255 255 255 1.000000
0.184246 -0.035550 0.199269 -0.100275 0.994687 -0.023274 255 255 255 1.000000
-0.407324 -0.340683 -0.163517 -0.638465 0.478788 -0.602599 255 255 255 1.000000
0.303585 0.634843 -0.218650 -0.274823 0.268654 0.923200 255 255 255 1.000000
0.113799 0.530401 -0.242494 0.126256 -0.205290 -0.970523 255 255 255 1.000000
0.334474 -0.015291 -0.090003 0.227040 0.973850 0.008364 255 255 255 1.000000
-0.344242 0.491129 -0.194503 0.632981 0.216794 0.743193 255 255 255 1.000000
0.184718 -0.044088 -0.087864 0.143592 -0.989381 -0.022486 255 255 255 1.000000
0.257457 0.308473 -0.162627 0.820925 -0.271543 -0.502342 255 255 255 1.000000
-0.170806 -0.045507 0.424097 -0.071048 -0.953337 -0.293430 255 255 255 1.000000
-0.150178 0.653249 -0.259992 0.114294 0.235180 0.965208 255 255 255 1.000000
0.375252 -0.388055 -0.183091 0.993476 0.095310 -0.062625 255 255 255 1.000000
-0.316067 -0.013529 0.342834 0.135482 0.987404 0.081723 255 255 255 1.000000
0.284520 -0.013385 -0.210374 0.041196 0.234968 -0.971130 255 255 255 1.000000
0.108895 0.442777 -0.220898 -0.133906 0.230011 0.963932 255 255 255 1.000000
-0.333895 -0.013743 -0.124437 -0.251758 -0.854879 -0.453651 255 255 255 1.000000
-0.301271 0.393149 -0.147602 0.362823 0.230794 0.902825 255 255 255 1.000000
-0.309839 0.225733 -0.125385 -0.502221 0.019014 0.864531 255 255 255 1.000000
-0.072294 -0.058675 -0.180298 0.019179 0.902333 -0.430612 255 255 255 1.000000
-0.182264 -0.031444 0.291571 -0.085051 -0.995676 0.037367 255 255 255 1.000000
0.374623 -0.745847 0.534684 0.998954 -0.037066 -0.026765 255 255 255 1.000000
0.374099 -0.736407 0.506502 -0.998158 0.031927 0.051582 255 255 255 1.000000
-0.300621 -0.031440 -0.212086 0.492237 -0.130852 0.860570 255 255 255 1.000000
0.195405 0.194246 -0.138272 0.272432 -0.201193 -0.940905 255 255 255 1.000000
-0.174491 0.299325 -0.167816 0.225608 0.232821 0.945989 255 255 255 1.000000
0.314634 -0.535329 0.444980 -0.996091 0.040472 0.078512 255 255 255 1.000000
0.377099 -0.079085 0.388085 -0.924133 0.011224 0.381907 255 255 255 1.000000
0.308935 -0.062267 -0.154320 -0.194293 0.258736 0.946206 255 255 255 1.000000
0.053585 0.673353 -0.269892 0.051638 -0.246759 -0.967700 255 255 255 1.000000
0.309465 0.391501 -0.144206 0.158183 -0.192422 -0.968479 255 255 255 1.000000
0.394160 -0.286267 -0.080535 0.516178 -0.517006 0.682836 255 255 255 1.000000
0.009284 -0.041102 0.269498 0.018596 -0.999826 -0.001495 255 255 255 1.000000
-0.264041 0.114052 -0.125141 0.240605 0.462151 -0.853537 255 255 255 1.000000
-0.111759 0.612259 -0.255842 0.099452 0.213405 0.971889 255 255 255 1.000000
0.139147 0.686022 -0.266705 0.131382 -0.266957 -0.954711 255 255 255 1.000000
0.316764 -0.457434 0.399647 0.844401 -0.312096 -0.435411 255 255 255 1.000000
0.281538 0.289563 -0.180497 -0.371524 0.116852 0.921040 255 255 255 1.000000
-0.119760 -0.156768 0.055785 0.000000 -0.181845 0.983327 255 255 255 1.000000
-0.346325 -0.295133 0.208596 0.416455 -0.699213 -0.581091 255 255 255 1.000000
-0.128050 -0.039526 0.399819 -0.050703 -0.971458 -0.231730 255 255 255 1.000000
-0.423005 -0.624559 -0.305092 -0.653481 0.280598 -0.703012 255 255 255 1.000000
-0.137836 -0.177243 0.020648 0.000000 0.945332 0.326108 255 255 255 1.000000
-0.266830 -0.106113 -0.180566 -0.775145 0.561313 0.289962 255 255 255 1.000000
0.320359 -0.022227 0.022300 -0.204014 0.978625 0.025911 255 255 255 1.000000
0.223194 0.036866 -0.140266 0.127977 0.621589 -0.772819 255 255 255 1.000000
-0.381553 -0.699780 0.520019 0.998148 -0.034975 0.049775 255 255 255 1.000000
-0.398593 -0.584642 -0.260557 0.432137 -0.359042 0.827252 255 255 255 1.000000
-0.378235 -0.740102 -0.270720 -0.997470 0.070300 -0.010582 255 255 255 1.000000
0.086637 -0.095721 0.461584 0.029888 -0.041559 0.998689 255 255 255 1.000000
-0.313532 0.586314 -0.199939 -0.339084 -0.274703 -0.899756 255 255 255 1.000000
-0.058863 0.431927 -0.222891 -0.078294 -0.232479 -0.969445 255 255 255 1.000000
0.279603 0.222227 -0.120494 -0.260640 0.176349 0.949193 255 255 255 1.000000
-0.298085 -0.023380 -0.094934 -0.240221 -0.905068 -0.350921 255 255 255 1.000000
0.377411 -0.170984 -0.020830 0.557563 0.630829 -0.539609 255 255 255 1.000000
0.044775 0.135252 -0.165051 0.448675 -0.742745 -0.497011 255 255 255 1.000000
-0.309558 0.463109 -0.208759 0.304307 0.192458 0.932929 255 255 255 1.000000
0.304636 -0.124841 -0.022204 -0.792869 -0.508525 0.335799 255 255 255 1.000000
-0.323641 -0.336408 0.281543 -0.998547 0.045514 0.028849 255 255 255 1.000000
0.021055 -0.058596 -0.114938 0.929711 -0.367461 0.024696 255 255 255 1.000000
0.018101 -0.051278 0.064175 -0.037753 0.998969 -0.025224 255 255 255 1.000000
0.202727 -0.028349 0.353324 -0.101416 0.992122 0.073538 255 255 255 1.000000
-0.345023 0.475431 -0.164916 0.225469 -0.221323 -0.948778 255 255 255 1.000000
0.300598 0.180096 -0.166726 -0.478908 -0.102209 0.871895 255 255 255 1.000000
-0.238465 -0.125852 -0.104297 0.773764 -0.582461 -0.249055 255 255 255 1.000000
-0.151084 0.485461 -0.226679 0.187783 0.226274 0.955792 255 255 255 1.000000
-0.364013 -0.007754 0.346564 -0.184634 0.977410 0.102864 255 255 255 1.000000
-0.134195 0.331561 -0.186290 0.188829 0.249546 0.949774 255 255 255 1.000000
0.401030 -0.653331 -0.312667 -0.453400 0.035765 -0.890589 255 255 255 1.000000
0.327450 -0.019596 -0.006544 -0.213475 0.976461 0.030859 255 255 255 1.000000
0.144599 -0.027286 -0.161819 0.180081 0.097175 -0.978840 255 255 255 1.000000
-0.231424 -0.081962 -0.164533 -0.955883 -0.258060 -0.140330 255 255 255 1.000000
-0.277961 0.079914 -0.153638 0.237346 0.089572 0.967287 255 255 255 1.000000
-0.046654 -0.050701 0.072876 -0.526481 0.619232 -0.582554 255 255 255 1.000000
0.313043 0.495566 -0.169276 -0.388117 0.263414 0.883164 255 255 255 1.000000
-0.046688 -0.148899 0.056291 0.000000 0.110467 0.993880 255 255 255 1.000000
-0.040618 0.257094 -0.182292 0.072265 0.193694 0.978397 255 255 255 1.000000
0.156466 -0.143296 0.054790 0.000000 0.320472 0.947258 255 255 255 1.000000
0.179087 -0.144057 0.003792 0.000000 0.292502 -0.956265 255 255 255 1.000000
0.086958 -0.054014 -0.021585 -0.072368 0.996856 -0.032270 255 255 255 1.000000
-0.224902 0.376659 -0.175360 0.311721 0.253646 0.915693 255 255 255 1.000000
0.394498 -0.585007 -0.288598 0.628721 -0.252941 0.735344 255 255 255 1.000000
0.202949 0.284339 -0.156855 -0.283527 0.224740 0.932258 255 255 255 1.000000
0.319463 -0.179195 0.030863 0.000000 -0.998553 0.053770 255 255 255 1.000000
0.273343 -0.056243 -0.212069 -0.863650 -0.185892 0.468565 255 255 255 1.000000
-0.363699 -0.572420 0.463702 0.999512 -0.002655 -0.031132 255 255 255 1.000000
0.342877 0.353238 -0.155495 -0.773037 0.021885 -0.633984 255 255 255 1.000000
0.304774 0.059312 -0.167909 0.997369 -0.029892 0.066042 255 255 255 1.000000
0.354823 0.651972 -0.222297 0.708551 0.327326 0.625151 255 255 255 1.000000
0.292198 0.174743 -0.119222 0.671981 -0.153638 0.724456 255 255 255 1.000000
-0.287039 0.251252 -0.124367 -0.287312 -0.189680 -0.938868 255 255 255 1.000000
-0.422724 -0.469894 -0.236715 0.810209 -0.298888 0.504209 255 255 255 1.000000
0.075622 -0.044219 0.408177 0.032489 -0.967799 -0.249619 255 255 255 1.000000
0.387539 -0.501497 -0.252325 0.725230 -0.269820 0.633434 255 255 255 1.000000
-0.383672 -0.072685 0.383992 -0.326574 -0.042985 -0.944194 255 255 255 1.000000
0.230080 -0.030750 0.193372 0.125247 -0.991965 0.017825 255 255 255 1.000000
-0.285121 -0.163725 0.033271 0.096674 0.983844 0.150679 255 255 255 1.000000
0.157905 -0.047100 -0.112362 0.134237 -0.990761 -0.019317 255 255 255 1.000000
0.316078 -0.217797 0.144942 -0.980649 0.157397 0.116418 255 255 255 1.000000
-0.409162 -0.305170 -0.132972 -0.639041 0.500834 -0.583774 255 255 255 1.000000
0.178130 0.676758 -0.257206 0.161411 -0.263059 -0.951182 255 255 255 1.000000
-0.327761 0.394621 -0.142997 0.173725 -0.144521 -0.974132 255 255 255 1.000000
-0.391980 -0.321719 -0.142933 -0.995248 0.082755 0.051307 255 255 255 1.000000
0.088120 -0.127406 0.458821 0.042087 -0.585473 0.809599 255 255 255 1.000000
-0.346845 -0.012112 0.374352 0.124462 0.970354 0.207176 255 255 255 1.000000
-0.381778 -0.697771 0.560698 -0.999747 0.021226 0.007460 255 255 255 1.000000
0.387540 -0.542903 -0.244966 0.454308 0.378432 -0.806470 255 255 255 1.000000
-0.019773 -0.047039 0.157438 -0.074683 0.994185 -0.077574 255 255 255 1.000000
0.376869 -0.072937 0.364752 0.952267 -0.096484 -0.289617 255 255 255 1.000000
0.179101 0.166162 -0.139137 0.243910 -0.104187 -0.964185 255 255 255 1.000000
0.194371 -0.030405 0.281212 0.108003 -0.994098 0.010220 255 255 255 1.000000
0.406181 -0.688955 -0.231327 0.010822 -0.909565 -0.415420 255 255 255 1.000000
0.361179 -0.028022 0.002860 0.848565 0.526867 -0.048458 255 255 255 1.000000
0.133822 -0.057493 0.444305 0.012334 -0.628082 -0.778050 255 255 255 1.000000
0.350738 -0.607500 0.497223 0.548805 0.373514 0.747864 255 255 255 1.000000
-0.149095 -0.039265 0.197850 -0.039547 -0.994346 0.098547 255 255 255 1.000000
-0.235043 0.071440 -0.189957 -0.906620 -0.050335 0.418935 255 255 255 1.000000
0.304087 0.015533 -0.173288 -0.997303 0.015383 -0.071768 255 255 255 1.000000
-0.360757 -0.417311 0.366944 0.853657 -0.324179 -0.407649 255 255 255 1.000000
0.290435 0.412295 -0.203443 -0.252715 0.160117 0.954200 255 255 255 1.000000
0.035023 0.526565 -0.248756 -0.031539 0.192505 0.980789 255 255 255 1.000000
0.101058 -0.054203 -0.172942 0.052424 -0.881187 0.469852 255 255 255 1.000000
-0.003948 0.139397 -0.168503 0.058549 -0.396672 0.916092 255 255 255 1.000000
0.350551 -0.432810 0.385893 -0.718196 -0.412393 -0.560470 255 255 255 1.000000
0.336582 0.732008 -0.274295 0.322656 -0.323799 -0.889408 255 255 255 1.000000
-0.047720 0.502409 -0.243717 -0.059525 -0.219121 -0.973880 255 255 255 1.000000
-0.150339 -0.047338 0.025757 0.237425 -0.854382 0.462235 255 255 255 1.000000
-0.198514 -0.023314 -0.151309 0.191467 -0.150388 0.969909 255 255 255 1.000000
-0.304066 -0.021469 0.177572 -0.152169 -0.757241 -0.635162 255 255 255 1.000000
0.357041 -0.498900 0.415180 0.966109 -0.140518 -0.216539 255 255 255 1.000000
0.356327 -0.461388 0.392407 -0.999703 -0.022899 -0.008319 255 255 255 1.000000
0.346355 0.470517 -0.163534 0.590873 0.113319 0.798767 255 255 255 1.000000
-0.305126 -0.133623 -0.066713 -0.615042 -0.660131 0.431219 255 255 255 1.000000
-0.433908 -0.672833 -0.260886 0.031051 -0.984007 0.175400 255 255 255 1.000000
0.052505 -0.042754 0.220414 0.042241 -0.999061 0.009609 255 255 255 1.000000
-0.038308 0.678274 -0.273170 0.026288 0.235368 0.971551 255 255 255 1.000000
-0.365337 -0.092342 0.020419 -0.533299 -0.845434 -0.028868 255 255 255 1.000000
-0.382359 -0.051308 0.251920 -0.974764 -0.220530 -0.034673 255 255 255 1.000000
0.367752 -0.064864 0.038506 0.986801 -0.150347 -0.060167 255 255 255 1.000000
-0.407386 -0.246925 -0.070951 -0.991524 0.129656 -0.008351 255 255 255 1.000000
-0.368672 -0.068223 -0.055867 -0.960226 -0.261575 -0.097696 255 255 255 1.000000
-0.298037 -0.017879 0.264895 0.136600 0.987497 -0.078672 255 255 255 1.000000
0.260781 -0.028966 0.149687 -0.105034 0.993267 -0.048875 255 255 255 1.000000
-0.075839 0.471845 -0.232148 -0.098298 -0.226847 -0.968957 255 255 255 1.000000
-0.231129 -0.121571 -0.038469 0.996939 -0.075242 -0.021263 255 255 255 1.000000
-0.120517 0.499347 -0.235591 -0.145545 -0.220002 -0.964581 255 255 255 1.000000
0.220136 0.714245 -0.261735 0.140813 -0.300653 -0.943281 255 255 255 1.000000
0.371191 -0.040663 0.118223 0.998916 -0.019058 -0.042467 255 255 255 1.000000
-0.311836 0.393267 -0.192489 -0.452238 -0.183697 -0.872775 255 255 255 1.000000
-0.395645 -0.625411 -0.289239 0.949836 0.070128 -0.304784 255 255 255 1.000000
-0.057361 -0.053980 0.431759 0.025047 0.954074 0.298521 255 255 255 1.000000
-0.362548 -0.200336 -0.018785 -0.988537 -0.036326 0.146543 255 255 255 1.000000
0.392078 -0.691737 -0.303037 -0.023944 0.987802 -0.153865 255 255 255 1.000000
-0.264897 0.580145 -0.217243 0.314164 0.246942 0.916690 255 255 255 1.000000
-0.256079 0.159445 -0.121007 0.292099 0.605022 -0.740693 255 255 255 1.000000
0.232500 0.098108 -0.151107 0.020196 0.121336 -0.992406 255 255 255 1.000000
-0.400249 -0.543087 -0.272652 -0.610823 -0.276673 0.741854 255 255 255 1.000000
-0.260664 0.449866 -0.181113 -0.351682 -0.267058 -0.897218 255 255 255 1.000000
-0.044778 -0.057652 -0.087133 -0.658141 -0.752887 -0.003351 255 255 255 1.000000
-0.053956 -0.177386 0.021181 0.000000 -0.951838 -0.306603 255 255 255 1.000000
0.400423 -0.254220 -0.089534 0.625311 0.539795 -0.563567 255 255 255 1.000000
-0.381756 -0.359912 -0.167978 0.755229 0.313237 -0.575771 255 255 255 1.000000
0.009164 0.115792 -0.169798 -0.096178 0.447526 -0.889084 255 255 255 1.000000
-0.042909 0.006233 -0.175683 -0.078653 0.161303 -0.983766 255 255 255 1.000000
-0.376635 -0.257447 -0.095069 -0.784359 -0.349769 0.512292 255 255 255 1.000000
-0.114836 -0.035318 0.355881 0.061259 0.996569 0.055664 255 255 255 1.000000
-0.175985 -0.043702 0.066913 0.008041 -0.974294 0.225137 255 255 255 1.000000
-0.110402 -0.138267 0.442858 -0.061423 -0.978516 0.196810 255 255 255 1.000000
0.302836 0.311852 -0.172366 -0.592371 0.118480 0.796906 255 255 255 1.000000
-0.254815 -0.028175 0.192828 0.016432 0.925295 -0.378892 255 255 255 1.000000
-0.324397 -0.210210 0.131757 -0.936030 -0.289781 -0.199687 255 255 255 1.000000
-0.292762 -0.028995 0.034067 0.159568 0.979682 0.121499 255 255 255 1.000000
-0.320941 -0.450038 0.380526 -0.997116 0.028380 0.070385 255 255 255 1.000000
0.375014 -0.032961 0.394668 -0.851731 -0.438605 -0.286672 255 255 255 1.000000
0.229748 -0.121513 0.445524 -0.148686 0.812870 -0.563148 255 255 255 1.000000
-0.263976 -0.141019 -0.068894 -0.396584 -0.774550 0.492741 255 255 255 1.000000
-0.247514 -0.035820 0.045431 0.327957 0.605022 0.725529 255 255 255 1.000000
0.094573 0.228543 -0.168345 0.162317 -0.191647 -0.967949 255 255 255 1.000000
-0.361657 -0.248990 0.183926 0.992509 -0.081756 -0.090781 255 255 255 1.000000
-0.206236 0.090472 -0.137356 0.121917 0.863458 -0.489465 255 255 255 1.000000
-0.171641 0.524687 -0.232790 -0.220141 -0.227638 -0.948535 255 255 255 1.000000
0.134772 -0.074950 -0.186070 0.087287 0.238543 -0.967201 255 255 255 1.000000
0.234957 -0.069159 0.452201 -0.017993 -0.375178 -0.926778 255 255 255 1.000000
0.341098 -0.017167 0.048577 0.249169 0.968428 -0.007897 255 255 255 1.000000
0.119473 -0.035058 -0.167260 0.172141 0.093098 -0.980663 255 255 255 1.000000
0.131388 0.220536 -0.160186 0.210452 -0.193536 -0.958256 255 255 255 1.000000
0.186954 -0.065249 -0.177408 0.102043 0.257401 -0.960902 255 255 255 1.000000
0.324557 -0.388822 0.310798 -0.731825 -0.410852 -0.543721 255 255 255 1.000000
0.159158 -0.043471 0.088391 0.084171 -0.995599 0.041209 255 255 255 1.000000
-0.365703 0.542103 -0.200631 0.940236 -0.084287 -0.329926 255 255 255 1.000000
-0.361940 -0.203149 0.121479 -0.978449 0.171941 0.114344 255 255 255 1.000000
0.335902 -0.203114 0.083246 -0.358838 0.776312 0.518242 255 255 255 1.000000
-0.305549 0.174788 -0.168418 0.463962 -0.108816 0.879146 255 255 255 1.000000
-0.306068 -0.025464 -0.022186 -0.201640 -0.978763 -0.036927 255 255 255 1.000000
0.072749 -0.045685 0.155329 0.055618 -0.998291 0.017963 255 255 255 1.000000
-0.366624 -0.051638 0.432455 0.594528 -0.064779 -0.801461 255 255 255 1.000000
0.169670 0.386240 -0.192211 -0.238235 0.251880 0.937977 255 255 255 1.000000
0.133929 -0.036858 0.257141 -0.075132 0.997015 -0.017790 255 255 255 1.000000
-0.068544 -0.038871 0.365731 -0.034140 -0.996004 -0.082521 255 255 255 1.000000
0.198231 -0.040435 -0.129948 -0.170864 0.984572 0.037722 255 255 255 1.000000
0.010845 0.288165 -0.188902 -0.011829 0.209998 0.977630 255 255 255 1.000000
0.268189 0.710626 -0.251829 -0.167516 0.302803 0.938216 255 255 255 1.000000
-0.157067 0.115701 -0.146010 -0.004123 0.965674 -0.259723 255 255 255 1.000000
0.286829 0.491879 -0.202721 -0.821472 0.194886 0.535914 255 255 255 1.000000
-0.303001 -0.014611 0.312552 0.143978 0.989460 -0.015453 255 255 255 1.000000
-0.316581 -0.045664 -0.156869 -0.189354 -0.157996 -0.969114 255 255 255 1.000000
0.220830 -0.035022 0.129174 0.118633 -0.992574 0.026903 255 255 255 1.000000
0.181255 -0.062934 0.451756 -0.001152 -0.473358 -0.880870 255 255 255 1.000000
0.413457 -0.725578 -0.219090 -0.005899 0.031849 0.999475 255 255 255 1.000000
0.352901 -0.244495 0.188840 -0.905237 -0.338678 -0.256598 255 255 255 1.000000
-0.087985 0.344856 -0.195445 0.124379 0.244422 0.961659 255 255 255 1.000000
0.213726 -0.047896 0.436107 0.023035 -0.681638 -0.731327 255 255 255 1.000000
-0.106380 0.254390 -0.171959 0.163489 0.205521 0.964900 255 255 255 1.000000
-0.311943 0.351528 -0.136673 0.021371 0.158661 0.987102 255 255 255 1.000000
-0.114821 -0.042048 0.187617 0.171673 -0.942805 0.285741 255 255 255 1.000000
-0.287885 -0.029639 0.057554 0.153718 0.975803 0.155497 255 255 255 1.000000
-0.455871 -0.737990 -0.262983 0.998135 0.059837 -0.012118 255 255 255 1.000000
0.382145 -0.125155 0.025790 0.000000 0.991042 -0.133551 255 255 255 1.000000
0.260082 -0.018075 -0.167267 0.109614 0.043119 -0.993039 255 255 255 1.000000
0.372590 -0.326086 -0.119396 0.819772 0.386645 -0.422468 255 255 255 1.000000
-0.167777 0.191133 -0.145690 0.226466 0.185905 0.956113 255 255 255 1.000000
0.273935 0.662777 -0.235197 0.206707 -0.258624 -0.943603 255 255 255 1.000000
0.300305 -0.103530 -0.069308 0.486501 0.557213 -0.672927 255 255 255 1.000000
-0.023994 -0.049204 0.111524 -0.159174 0.971990 -0.172911 255 255 255 1.000000
0.152020 0.135504 -0.144754 -0.343324 0.645786 0.681975 255 255 255 1.000000
-0.109237 -0.053940 -0.061603 -0.118482 -0.992839 -0.015226 255 255 255 1.000000
0.310298 0.273064 -0.151809 -0.703105 0.081890 0.706355 255 255 255 1.000000
0.310435 -0.073719 0.448794 -0.768293 -0.539662 0.344224 255 255 255 1.000000
0.057717 0.730755 -0.297447 0.051521 -0.716120 -0.696074 255 255 255 1.000000
0.248975 -0.056722 -0.211402 0.965351 0.194936 0.173488 255 255 255 1.000000
0.415892 -0.622304 -0.304541 -0.645095 -0.283755 0.709462 255 255 255 1.000000
0.218979 0.149559 -0.128872 0.300144 -0.285772 -0.910081 255 255 255 1.000000
0.283641 0.020946 -0.161840 -0.655551 0.658189 -0.370189 255 255 255 1.000000
-0.153500 -0.037561 0.222936 0.049356 0.995474 -0.081209 255 255 255 1.000000
0.288041 0.091207 -0.127924 0.671867 -0.128457 0.729447 255 255 255 1.000000
0.392897 -0.309878 -0.146917 0.597268 0.518482 -0.611921 255 255 255 1.000000
0.221205 -0.037576 -0.155612 0.071599 -0.865968 0.494947 255 255 255 1.000000
0.298471 -0.751143 0.514117 -0.111271 -0.538459 -0.835273 255 255 255 1.000000
-0.089194 -0.055415 -0.100080 -0.076854 -0.997027 0.005562 255 255 255 1.000000
-0.327192 -0.512803 0.444354 -0.619864 -0.423080 -0.660888 255 255 255 1.000000
0.306767 0.679857 -0.232551 -0.198684 0.292675 0.935343 255 255 255 1.000000
0.255007 -0.137943 0.005499 0.000000 0.504047 -0.863676 255 255 255 1.000000
-0.338073 0.356850 -0.143485 -0.611467 0.021398 0.790981 255 255 255 1.000000
-0.356679 -0.206827 0.096717 0.890747 0.382183 0.245979 255 255 255 1.000000
0.297762 0.227329 -0.164208 -0.574995 0.006321 0.818133 255 255 255 1.000000
-0.233720 0.417837 -0.184125 -0.326074 -0.266469 -0.907012 255 255 255 1.000000
-0.247406 0.251442 -0.167933 -0.979813 -0.198878 -0.020353 255 255 255 1.000000
0.017894 -0.039006 0.307032 0.020702 -0.999782 -0.002831 255 255 255 1.000000
-0.325801 -0.240919 0.190248 -0.803061 -0.476308 -0.358084 255 255 255 1.000000
0.397253 -0.629593 -0.274936 0.421653 0.340569 -0.840370 255 255 255 1.000000
-0.334728 -0.138230 0.005353 0.000000 -0.493995 0.869465 255 255 255 1.000000
0.351534 -0.020129 -0.075697 -0.389521 -0.921012 -0.003067 255 255 255 1.000000
-0.381243 -0.055095 0.215015 -0.974380 -0.221417 -0.039467 255 255 255 1.000000
-0.312040 0.005954 -0.190741 0.770079 0.085284 0.632223 255 255 255 1.000000
0.411834 -0.507809 -0.220312 0.125060 -0.406702 0.904960 255 255 255 1.000000
-0.241069 -0.114976 -0.002274 0.801602 0.576826 0.157180 255 255 255 1.000000
-0.213732 0.714438 -0.269194 -0.191414 -0.314951 -0.929606 255 255 255 1.000000
-0.048445 0.547048 -0.251171 -0.051615 -0.210748 -0.976177 255 255 255 1.000000
0.387815 -0.357457 -0.151031 0.994073 0.106263 0.022953 255 255 255 1.000000
-0.073500 -0.054223 -0.012594 0.660253 -0.106929 0.743392 255 255 255 1.000000
0.031478 0.001578 -0.176900 0.017952 -0.222562 0.974753 255 255 255 1.000000
0.232079 0.210799 -0.177256 0.988331 -0.129402 0.080357 255 255 255 1.000000
0.369911 -0.023324 0.195670 0.873964 0.485810 -0.013233 255 255 255 1.000000
-0.126554 0.169278 -0.152689 0.241713 0.370206 0.896952 255 255 255 1.000000
-0.309383 -0.017162 0.244127 -0.139695 -0.981335 0.132162 255 255 255 1.000000
0.070206 0.267829 -0.180870 -0.120402 0.209263 0.970419 255 255 255 1.000000
-0.338547 -0.162178 0.054335 0.000000 0.381434 -0.924396 255 255 255 1.000000
-0.352565 -0.010469 0.228133 0.118804 0.988442 -0.094166 255 255 255 1.000000
0.154542 -0.133337 0.436970 -0.107705 0.976091 -0.188802 255 255 255 1.000000
-0.350283 0.559914 -0.202626 0.974247 -0.044646 -0.221021 255 255 255 1.000000
0.162498 0.750810 -0.317358 -0.093510 0.927305 0.362437 255 255 255 1.000000
0.376284 -0.068516 0.410445 -0.347383 0.117575 0.930323 255 255 255 1.000000
0.448549 -0.725031 -0.237165 0.998866 -0.043771 0.018709 255 255 255 1.000000
0.234989 0.210164 -0.130073 -0.269291 0.190200 0.944090 255 255 255 1.000000
0.398750 -0.234264 -0.066156 -0.992541 -0.121879 -0.002962 255 255 255 1.000000
0.355913 -0.376818 0.330899 0.957861 0.186087 0.218803 255 255 255 1.000000
-0.089591 -0.055112 -0.074367 -0.068861 -0.997586 0.008998 255 255 255 1.000000
0.287915 0.126718 -0.181633 0.387992 0.123790 -0.913312 255 255 255 1.000000
0.045560 0.316445 -0.194752 0.068816 -0.223676 -0.972231 255 255 255 1.000000
0.172271 0.465135 -0.215015 0.230189 -0.242754 -0.942382 255 255 255 1.000000
-0.114123 -0.107487 0.461972 0.047815 0.153817 -0.986942 255 255 255 1.000000
0.349383 0.397788 -0.164027 0.795508 0.004635 0.605925 255 255 255 1.000000
0.305324 -0.140869 0.033674 0.942588 0.333136 -0.023406 255 255 255 1.000000
0.114951 0.742145 -0.306144 0.077538 -0.854863 -0.513028 255 255 255 1.000000
0.031606 -0.170623 0.048495 0.000000 -0.700243 0.713904 255 255 255 1.000000
-0.303012 -0.715628 0.507265 0.998680 0.012826 -0.049737 255 255 255 1.000000
-0.099122 -0.040353 0.394200 -0.043228 -0.979105 -0.198710 255 255 255 1.000000
-0.356151 -0.673821 0.542255 0.019123 -0.979473 -0.200666 255 255 255 1.000000
-0.405308 -0.440344 -0.230531 -0.226910 -0.455905 0.860618 255 255 255 1.000000
-0.291683 0.161554 -0.142282 -0.000828 0.136996 -0.990571 255 255 255 1.000000
-0.225676 -0.027930 0.285599 0.106543 0.992984 -0.051291 255 255 255 1.000000
-0.207453 -0.037864 0.124095 0.043977 0.983731 -0.174180 255 255 255 1.000000
0.315304 -0.744698 0.561182 -0.032752 -0.703487 0.709953 255 255 255 1.000000
-0.185429 -0.085477 -0.172466 0.268842 0.744221 0.611440 255 255 255 1.000000
-0.298061 0.105476 -0.182964 0.370104 -0.143104 0.917902 255 255 255 1.000000
-0.134194 0.447151 -0.219140 0.170025 0.231208 0.957932 255 255 255 1.000000
-0.012212 -0.108828 0.463939 0.009051 0.132625 -0.991125 255 255 255 1.000000
-0.307405 0.755531 -0.270792 0.073790 0.874430 0.479507 255 255 255 1.000000
0.251196 -0.013096 -0.212349 0.061739 0.138558 -0.988428 255 255 255 1.000000
0.280253 0.410408 -0.160308 -0.342904 0.243730 0.907200 255 255 255 1.000000
-0.011881 0.746807 -0.326020 -0.019229 -0.914683 -0.403713 255 255 255 1.000000
0.158103 -0.048534 0.432309 0.066859 -0.947839 -0.311658 255 255 255 1.000000
0.253377 0.161672 -0.142265 -0.000428 -0.137421 0.990513 255 255 255 1.000000
-0.392242 -0.148427 0.056165 0.000000 -0.128243 -0.991743 255 255 255 1.000000
0.382782 -0.691256 -0.230229 -0.021008 0.919355 0.392867 255 255 255 1.000000
-0.398408 -0.179604 -0.010037 0.993241 -0.114907 -0.016408 255 255 255 1.000000
-0.026302 -0.052335 0.046455 -0.238822 0.934478 -0.264035 255 255 255 1.000000
0.052876 0.044188 -0.171660 -0.315391 0.763686 -0.563305 255 255 255 1.000000
-0.176328 0.392606 -0.192720 0.243772 0.255576 0.935551 255 255 255 1.000000
0.332058 -0.451848 0.361408 -0.660696 -0.484063 -0.573727 255 255 255 1.000000
0.373584 -0.067469 0.211753 0.942769 -0.330046 -0.047507 255 255 255 1.000000
0.407291 -0.310161 -0.118171 0.975909 0.175055 -0.130223 255 255 255 1.000000
0.190163 -0.156651 0.055817 0.000000 -0.177401 0.984139 255 255 255 1.000000
-0.117370 0.579332 -0.250143 0.118930 0.212159 0.969971 255 255 255 1.000000
-0.280500 0.259508 -0.177930 -0.330010 -0.095117 -0.939173 255 255 255 1.000000
-0.339561 0.422473 -0.179415 0.646198 0.192454 0.738505 255 255 255 1.000000
-0.348311 0.595924 -0.219250 -0.689606 -0.212399 -0.692337 255 255 255 1.000000
-0.228173 -0.127343 0.429192 -0.139983 -0.976210 0.165587 255 255 255 1.000000
0.292176 0.605443 -0.240955 0.123311 -0.280938 -0.951771 255 255 255 1.000000
-0.217501 0.461313 -0.202132 0.302543 0.255364 0.918290 255 255 255 1.000000
-0.278530 -0.149550 -0.030867 0.001311 0.980225 -0.197883 255 255 255 1.000000
-0.407519 -0.178582 0.033147 0.000000 -0.990253 0.139282 255 255 255 1.000000
0.285179 0.365398 -0.195725 0.275124 -0.142410 -0.950803 255 255 255 1.000000
0.388983 -0.727137 -0.229979 0.044932 0.132832 -0.990120 255 255 255 1.000000
-0.319829 -0.015122 0.368676 0.120867 0.976855 0.176480 255 255 255 1.000000
-0.343637 -0.011017 0.257833 0.163013 0.984050 -0.071222 255 255 255 1.000000
0.369865 0.660627 -0.251750 0.909166 0.158565 0.385064 255 255 255 1.000000
0.100763 -0.040225 0.388469 -0.042876 0.983209 0.177376 255 255 255 1.000000
-0.356860 -0.710641 0.579408 0.343754 -0.927588 -0.146332 255 255 255 1.000000
0.338003 -0.629960 0.512680 -0.427699 -0.392714 -0.814155 255 255 255 1.000000
0.306967 0.433173 -0.200172 -0.408083 0.195404 0.891788 255 255 255 1.000000
0.316426 -0.255015 0.195810 -0.957539 0.214338 0.192817 255 255 255 1.000000
0.270945 -0.132968 -0.105065 -0.089893 -0.704829 0.703658 255 255 255 1.000000
-0.136918 -0.050316 -0.164437 0.016490 -0.748259 0.663201 255 255 255 1.000000
0.373480 -0.048568 0.180409 -0.991943 0.120585 0.038846 255 255 255 1.000000
0.030767 0.245658 -0.179799 -0.064166 0.194578 0.978786 255 255 255 1.000000
-0.171361 -0.032779 0.373131 0.078311 0.986740 0.142165 255 255 255 1.000000
-0.340624 -0.253872 0.159214 -0.276472 0.768373 0.577205 255 255 255 1.000000
0.282121 0.068204 -0.155266 0.044122 0.099990 -0.994010 255 255 255 1.000000
0.204457 -0.087546 0.457071 0.063397 -0.014616 0.997881 255 255 255 1.000000
-0.048029 -0.054483 -0.005237 0.577070 -0.504221 0.642457 255 255 255 1.000000
0.136313 -0.044238 0.107168 0.077589 -0.996379 0.034778 255 255 255 1.000000
-0.299378 0.144362 -0.129031 -0.643209 -0.090475 0.760327 255 255 255 1.000000
-0.236966 -0.037875 -0.054051 -0.164931 -0.986295 -0.004441 255 255 255 1.000000
-0.250709 0.082747 -0.131277 -0.229943 -0.629102 0.742534 255 255 255 1.000000
-0.322547 -0.012600 0.291651 -0.150667 -0.988163 0.028880 255 255 255 1.000000
-0.256522 -0.025853 0.238182 0.084252 0.974017 -0.210218 255 255 255 1.000000
0.007040 -0.042581 0.394820 0.002204 -0.981833 -0.189736 255 255 255 1.000000
0.168603 0.008232 -0.153791 0.180227 0.124946 -0.975657 255 255 255 1.000000
0.209424 0.231352 -0.142288 0.280821 -0.207971 -0.936957 255 255 255 1.000000
-0.364924 -0.069430 -0.093794 0.892578 0.422699 0.156941 255 255 255 1.000000
0.414792 -0.685458 -0.297965 -0.003877 0.887184 -0.461400 255 255 255 1.000000
-0.219006 0.053716 -0.139317 -0.069714 -0.655034 0.752376 255 255 255 1.000000
0.067740 0.180003 -0.164633 -0.143779 0.169046 0.975065 255 255 255 1.000000
0.028060 0.574182 -0.255095 0.029969 -0.201015 -0.979130 255 255 255 1.000000
0.061254 0.546964 -0.250031 0.056086 -0.192042 -0.979783 255 255 255 1.000000
0.283815 -0.029144 0.001021 0.178195 -0.983957 -0.008679 255 255 255 1.000000
-0.276474 -0.019622 0.352993 -0.119336 -0.987581 -0.102186 255 255 255 1.000000
-0.188849 -0.066397 0.452039 -0.003636 -0.566553 -0.824017 255 255 255 1.000000
-0.357313 0.409467 -0.172258 -0.957302 -0.063038 0.282133 255 255 255 1.000000
0.300081 -0.090141 -0.126959 -0.122617 -0.446367 0.886409 255 255 255 1.000000
-0.263805 -0.125496 -0.137578 -0.478951 0.342856 0.808119 255 255 255 1.000000
-0.351065 -0.478878 0.382401 0.886725 0.295893 0.355199 255 255 255 1.000000
0.143284 0.639368 -0.255323 0.134733 -0.175617 -0.975195 255 255 255 1.000000
0.226873 -0.037864 0.416984 -0.084298 0.954201 0.287045 255 255 255 1.000000
0.274217 -0.029918 0.077415 0.095272 -0.994658 0.039739 255 255 255 1.000000
-0.254305 0.271036 -0.159753 -0.908626 -0.257681 -0.328633 255 255 255 1.000000
-0.253394 -0.030307 0.150680 0.083294 -0.794943 0.600940 255 255 255 1.000000
0.002909 -0.151952 0.057076 0.000000 -0.002293 0.999997 255 255 255 1.000000
-0.358467 -0.017845 0.083912 -0.289567 0.957109 -0.009634 255 255 255 1.000000
0.332536 -0.710530 0.580163 -0.304107 -0.946449 -0.108412 255 255 255 1.000000
0.072179 -0.084840 -0.191900 -0.086996 0.180827 0.979660 255 255 255 1.000000
0.213665 0.401898 -0.185341 -0.294693 0.248460 0.922726 255 255 255 1.000000
-0.271339 0.345289 -0.171792 0.819055 0.262297 0.510244 255 255 255 1.000000
0.318649 -0.344828 0.309738 -0.907363 0.295629 0.298825 255 255 255 1.000000
0.374542 -0.071800 0.249523 -0.911992 0.407476 0.047259 255 255 255 1.000000
-0.421640 -0.619362 -0.266231 0.261776 0.321667 -0.909947 255 255 255 1.000000
-0.094179 -0.055435 -0.152422 0.096810 0.995299 0.002747 255 255 255 1.000000
-0.218115 -0.038518 0.077865 -0.004684 0.956545 -0.291547 255 255 255 1.000000
0.387463 -0.254848 -0.050462 -0.471030 0.553623 -0.686755 255 255 255 1.000000
-0.312978 -0.127249 0.040809 0.000000 -0.907366 -0.420341 255 255 255 1.000000
0.276683 0.454048 -0.173795 -0.355736 0.256690 0.898645 255 255 255 1.000000
0.122438 -0.051520 -0.098702 -0.102725 0.994695 0.005470 255 255 255 1.000000
-0.172432 -0.040207 0.141336 -0.035515 -0.988855 0.144586 255 255 255 1.000000
-0.312846 0.135863 -0.153935 -0.998054 -0.057478 0.024193 255 255 255 1.000000
0.061374 -0.176647 0.018426 0.000000 0.914302 0.405033 255 255 255 1.000000
0.032955 -0.058614 -0.139362 0.807465 -0.589443 0.023620 255 255 255 1.000000
-0.250293 0.140641 -0.145191 -0.015759 0.123133 -0.992265 255 255 255 1.000000
0.327458 0.339888 -0.137902 -0.476772 -0.048042 -0.877713 255 255 255 1.000000
-0.308930 0.074259 -0.158704 -0.458238 -0.015809 0.888689 255 255 255 1.000000
-0.306474 0.148327 -0.171375 -0.427983 0.138559 -0.893103 255 255 255 1.000000
-0.407305 -0.417912 -0.195174 -0.983016 0.155458 -0.097536 255 255 255 1.000000
-0.203493 -0.042186 0.009373 0.121137 0.992635 0.001119 255 255 255 1.000000
0.251756 0.283594 -0.158762 0.842446 -0.269934 -0.466283 255 255 255 1.000000
-0.360957 -0.442139 0.387035 0.844876 -0.319921 -0.428761 255 255 255 1.000000
0.382531 -0.473442 -0.214355 0.919687 0.237242 -0.312877 255 255 255 1.000000
0.099736 0.257700 -0.173698 0.161882 -0.206325 -0.965000 255 255 255 1.000000
-0.347107 -0.490418 0.437954 -0.969267 -0.137815 -0.203786 255 255 255 1.000000
0.122246 0.089771 -0.155487 -0.188365 -0.080268 0.978813 255 255 255 1.000000
-0.246405 -0.094766 -0.071531 0.475296 -0.869372 -0.135228 255 255 255 1.000000
-0.085272 0.152220 -0.159520 -0.133483 0.981240 0.139103 255 255 255 1.000000
0.087183 0.151312 -0.158606 0.276985 -0.268722 -0.922533 255 255 255 1.000000
-0.004798 0.515603 -0.247051 0.012986 0.205535 0.978564 255 255 255 1.000000
-0.035035 -0.077994 0.458718 0.006203 -0.463596 -0.886025 255 255 255 1.000000
-0.370578 -0.012714 0.274823 0.525772 -0.850201 -0.026854 255 255 255 1.000000
0.208454 0.102853 -0.135235 -0.322249 0.404649 0.855813 255 255 255 1.000000
-0.313245 0.279242 -0.158792 -0.666855 -0.087775 -0.740000 255 255 255 1.000000
-0.210445 -0.027544 0.351645 -0.100847 -0.992343 -0.071313 255 255 255 1.000000
-0.296845 0.592300 -0.232803 -0.843753 0.116404 0.523956 255 255 255 1.000000
0.064227 0.230266 -0.173557 -0.121177 0.190217 0.974235 255 255 255 1.000000
-0.334517 -0.017695 -0.048492 0.231085 0.963176 0.137445 255 255 255 1.000000
-0.182496 -0.044266 0.045846 0.005959 -0.971665 0.236287 255 255 255 1.000000
0.266185 0.536909 -0.205759 -0.339699 0.262542 0.903148 255 255 255 1.000000
0.340538 -0.600318 0.457721 0.603122 -0.396518 -0.692111 255 255 255 1.000000
0.253745 0.513214 -0.203668 -0.335991 0.258675 0.905648 255 255 255 1.000000
0.090238 -0.043252 0.195989 0.061836 -0.997926 0.017911 255 255 255 1.000000
0.200861 -0.028512 0.306812 0.112178 -0.993670 0.005926 255 255 255 1.000000
0.013406 0.032507 -0.175954 0.081829 -0.297746 0.951132 255 255 255 1.000000
0.158012 -0.087989 0.458953 0.044502 0.005113 0.998996 255 255 255 1.000000
-0.271731 0.311181 -0.140984 0.303853 0.208169 0.929698 255 255 255 1.000000
-0.136810 -0.035856 0.282955 -0.057878 -0.997749 0.033878 255 255 255 1.000000
-0.383024 -0.056745 0.291558 0.952453 0.302787 0.033973 255 255 255 1.000000
0.024621 -0.127856 0.043077 0.000000 0.869034 0.494752 255 255 255 1.000000
0.198066 0.144651 -0.133471 0.269738 -0.198225 -0.942310 255 255 255 1.000000
-0.235856 0.663183 -0.248976 -0.204029 -0.272085 -0.940395 255 255 255 1.000000
-0.316232 0.624701 -0.244521 -0.198884 -0.274762 -0.940718 255 255 255 1.000000
-0.058490 -0.042005 0.239867 0.225635 -0.938449 0.261539 255 255 255 1.000000
-0.280108 0.535297 -0.198841 0.365582 0.262570 0.892977 255 255 255 1.000000
0.269780 0.319641 -0.141805 0.302294 -0.211585 -0.929435 255 255 255 1.000000
-0.262554 -0.031228 -0.091220 -0.249084 -0.815544 -0.522346 255 255 255 1.000000
-0.028747 -0.130205 0.013239 0.000000 0.801969 -0.597365 255 255 255 1.000000
-0.338310 -0.516343 0.408254 -0.894390 0.197857 0.401148 255 255 255 1.000000
-0.253572 0.713148 -0.260912 0.224616 0.321028 0.920048 255 255 255 1.000000
0.385029 -0.671794 -0.263591 -0.011886 -0.971276 0.237657 255 255 255 1.000000
-0.203050 -0.043218 -0.029709 -0.131594 -0.991303 -0.001472 255 255 255 1.000000
0.313235 -0.013614 0.287768 0.617828 0.718494 -0.319461 255 255 255 1.000000
0.332285 -0.009813 0.301051 -0.841511 -0.388940 0.374947 255 255 255 1.000000
-0.237852 -0.156302 0.032617 -0.946812 0.310115 0.085881 255 255 255 1.000000
-0.275082 0.423352 -0.167378 -0.354472 -0.253222 -0.900127 255 255 255 1.000000
0.173204 -0.034553 0.236584 0.095469 -0.995263 0.018348 255 255 255 1.000000
0.225145 0.162385 -0.188141 -0.002909 -0.070622 0.997499 255 255 255 1.000000
-0.400200 -0.263335 -0.105758 -0.601014 0.549731 -0.580153 255 255 255 1.000000
0.392687 -0.715757 -0.311748 0.019889 -0.489569 -0.871738 255 255 255 1.000000
0.013365 -0.055481 -0.018343 0.042512 -0.998392 0.037497 255 255 255 1.000000
0.269260 0.743703 -0.270504 0.198328 -0.677278 -0.708492 255 255 255 1.000000
-0.017645 -0.043562 0.229534 -0.010984 0.999929 -0.004644 255 255 255 1.000000
0.348742 -0.047359 0.437949 0.809191 0.486459 0.329496 255 255 255 1.000000
0.330964 -0.629007 0.472438 0.939547 -0.176421 -0.293474 255 255 255 1.000000
0.027214 -0.037580 0.331233 -0.023886 0.999710 0.003045 255 255 255 1.000000
-0.418070 -0.349419 -0.140306 0.987764 -0.133547 0.080551 255 255 255 1.000000
-0.383784 -0.198174 0.006636 0.414783 0.603386 -0.681087 255 255 255 1.000000
0.125746 0.667227 -0.262687 0.125560 -0.237976 -0.963121 255 255 255 1.000000
-0.213170 -0.175886 0.015587 0.000000 0.866777 0.498696 255 255 255 1.000000
-0.276699 -0.011900 -0.211372 -0.179101 0.163870 -0.970087 255 255 255 1.000000
0.278911 -0.160311 0.054836 0.000000 -0.314307 0.949321 255 255 255 1.000000
-0.075425 -0.048059 0.109454 0.554364 -0.538558 0.634536 255 255 255 1.000000
-0.301957 0.512935 -0.180872 0.391320 0.265980 0.880979 255 255 255 1.000000
0.311008 0.434939 -0.153023 0.257691 -0.222919 -0.940161 255 255 255 1.000000
-0.218606 -0.039574 0.053407 0.030587 -0.937328 0.347102 255 255 255 1.000000
-0.312273 -0.132492 -0.033597 -0.630485 -0.696402 0.342801 255 255 255 1.000000
-0.335123 0.683709 -0.229077 0.038393 0.392103 0.919120 255 255 255 1.000000
0.052519 -0.135885 0.007558 0.000000 -0.591168 0.806549 255 255 255 1.000000
-0.102555 0.290570 -0.180699 -0.152886 -0.221678 -0.963060 255 255 255 1.000000
-0.063337 -0.057483 -0.131761 0.319658 0.947532 0.001451 255 255 255 1.000000
-0.301653 -0.164796 0.005152 0.000000 -0.470062 -0.882634 255 255 255 1.000000
-0.192604 0.483772 -0.215297 -0.258908 -0.242426 -0.934985 255 255 255 1.000000
-0.190623 0.188068 -0.139062 -0.243794 -0.188192 -0.951393 255 255 255 1.000000
-0.278101 -0.078840 -0.140286 -0.139708 0.911348 0.387203 255 255 255 1.000000
-0.366620 0.618563 -0.237679 -0.998130 -0.033373 -0.051213 255 255 255 1.000000
0.287166 -0.014980 -0.167491 -0.178981 0.194182 -0.964500 255 255 255 1.000000
-0.243426 -0.036458 0.022898 -0.135988 -0.988659 -0.063718 255 255 255 1.000000
0.229407 0.649791 -0.241503 -0.203282 0.224171 0.953113 255 255 255 1.000000
-0.398177 -0.334663 -0.113750 0.187510 0.580462 -0.792404 255 255 255 1.000000
-0.410509 -0.536952 -0.234314 -0.071965 0.396726 -0.915112 255 255 255 1.000000
-0.178106 0.433930 -0.204384 0.239306 0.246735 0.939071 255 255 255 1.000000
0.176407 -0.040110 0.124779 -0.093956 0.994959 -0.035048 255 255 255 1.000000
-0.380938 -0.026475 0.256459 -0.896664 0.442524 -0.012848 255 255 255 1.000000
0.028919 0.105751 -0.168801 0.359980 -0.795772 0.486992 255 255 255 1.000000
0.320270 -0.011041 0.331648 0.130755 -0.989779 -0.056935 255 255 255 1.000000
0.226045 0.173600 -0.143666 -0.933395 0.237609 0.268915 255 255 255 1.000000
0.229189 0.276494 -0.146166 0.291146 -0.214935 -0.932221 255 255 255 1.000000
0.136445 -0.042225 0.148082 0.075780 -0.996622 0.031660 255 255 255 1.000000
-0.327639 0.591482 -0.228607 0.339628 0.235218 0.910673 255 255 255 1.000000
0.325512 -0.260434 0.223646 0.977153 -0.175691 -0.119607 255 255 255 1.000000
0.370896 0.617477 -0.235605 -0.903802 -0.145087 -0.402606 255 255 255 1.000000
0.209550 0.000524 -0.146967 0.324752 0.350957 -0.878274 255 255 255 1.000000
-0.092662 0.565887 -0.249973 -0.098529 -0.207599 -0.973239 255 255 255 1.000000
0.363937 -0.683773 0.504917 -0.020987 -0.768145 0.639932 255 255 255 1.000000
-0.266297 0.491507 -0.191373 -0.360136 -0.262961 -0.895072 255 255 255 1.000000
-0.217962 -0.034730 0.160754 -0.054471 -0.985280 0.162035 255 255 255 1.000000
-0.154802 -0.070678 -0.183014 -0.092616 0.201561 -0.975087 255 255 255 1.000000
0.246308 -0.093701 0.454605 0.044275 0.234836 -0.971026 255 255 255 1.000000
0.384993 -0.150576 0.056741 0.000000 0.047934 0.998851 255 255 255 1.000000
0.032795 0.742275 -0.315681 -0.012560 0.863657 0.503923 255 255 255 1.000000
-0.131727 -0.059690 0.447965 0.011010 0.728743 0.684698 255 255 255 1.000000
-0.094303 -0.163580 0.004826 0.000000 0.429788 0.902930 255 255 255 1.000000
-0.382979 -0.135146 0.008297 0.000000 0.621669 -0.783280 255 255 255 1.000000
0.275220 -0.033137 0.416714 0.097987 -0.952815 -0.287301 255 255 255 1.000000
-0.204714 0.021137 -0.145184 0.088405 -0.436293 0.895451 255 255 255 1.000000
-0.278182 0.394735 -0.188512 0.969843 0.136560 -0.201882 255 255 255 1.000000
-0.239228 -0.124561 0.029101 -0.770126 -0.618983 -0.154165 255 255 255 1.000000
0.344929 0.419156 -0.156478 -0.690055 -0.053850 -0.721751 255 255 255 1.000000
-0.301313 0.657538 -0.227621 -0.267949 -0.305784 -0.913619 255 255 255 1.000000
0.104781 -0.179199 0.030848 0.000000 0.998583 -0.053209 255 255 255 1.000000
0.247089 -0.072140 -0.151956 0.784054 0.576954 0.228873 255 255 255 1.000000
0.010491 -0.079195 0.459507 0.004312 -0.400495 -0.916289 255 255 255 1.000000
-0.053462 0.474605 -0.235469 -0.068446 -0.224703 -0.972021 255 255 255 1.000000
-0.380965 -0.032805 0.208060 -0.933636 0.356504 -0.035047 255 255 255 1.000000
0.201439 0.591006 -0.236012 -0.218927 0.200082 0.955007 255 255 255 1.000000
0.304801 -0.082546 -0.170901 0.353274 -0.412650 0.839594 255 255 255 1.000000
0.254907 0.094377 -0.128077 -0.091257 0.949486 -0.300248 255 255 255 1.000000
-0.244795 0.001235 -0.207973 0.524742 0.099017 -0.845483 255 255 255 1.000000
-0.080250 -0.041091 0.243793 0.195278 -0.948886 0.247956 255 255 255 1.000000
0.357397 -0.085080 -0.039931 0.665182 -0.737397 -0.117382 255 255 255 1.000000
0.282112 0.423629 -0.186755 -0.817557 0.224569 0.530254 255 255 255 1.000000
-0.349434 -0.210237 0.161637 0.665711 -0.612817 -0.425774 255 255 255 1.000000
0.359002 -0.103089 0.425280 -0.161708 0.986812 -0.007208 255 255 255 1.000000
-0.047553 -0.036325 -0.178653 -0.068002 0.083892 -0.994152 255 255 255 1.000000
-0.247731 -0.118369 0.447360 0.159412 0.758195 -0.632241 255 255 255 1.000000
-0.223327 0.162421 -0.126981 -0.314548 -0.933166 0.173957 255 255 255 1.000000
0.033910 -0.039799 0.285318 0.029659 -0.999559 0.001548 255 255 255 1.000000
0.276504 0.243092 -0.125022 -0.270971 0.184160 0.944807 255 255 255 1.000000
0.317196 -0.166919 0.072445 -0.900965 0.371057 0.224897 255 255 255 1.000000
0.260149 -0.113154 -0.168264 0.176468 0.422568 0.888986 255 255 255 1.000000
-0.341285 0.633339 -0.236053 0.535289 0.264553 0.802170 255 255 255 1.000000
0.372017 -0.745199 -0.258665 -0.995628 -0.092713 0.011372 255 255 255 1.000000
-0.227743 -0.035381 0.117238 -0.007513 -0.959417 0.281892 255 255 255 1.000000
-0.121908 0.195678 -0.158414 0.189854 0.180273 0.965120 255 255 255 1.000000
0.351974 -0.527432 0.451987 -0.685265 -0.380328 -0.621098 255 255 255 1.000000
0.132839 -0.128422 0.015022 0.000000 0.852823 -0.522200 255 255 255 1.000000
0.318337 0.559456 -0.222559 0.351142 -0.230085 -0.907612 255 255 255 1.000000
0.166619 -0.032717 0.282653 0.093282 -0.995570 0.011808 255 255 255 1.000000
0.370745 -0.062415 0.111223 -0.983827 0.171912 0.050309 255 255 255 1.000000
0.310153 0.571879 -0.196546 -0.366086 0.271056 0.890230 255 255 255 1.000000
0.289483 -0.019755 0.242092 -0.228174 -0.955957 0.184617 255 255 255 1.000000
0.105847 -0.045449 0.128362 -0.068975 0.997267 -0.026492 255 255 255 1.000000
-0.339538 0.659662 -0.247443 0.458964 0.289886 0.839832 255 255 255 1.000000
-0.282071 -0.030627 0.008509 -0.165506 -0.982209 -0.088729 255 255 255 1.000000
0.326295 0.691341 -0.233250 -0.158671 0.296215 0.941849 255 255 255 1.000000
-0.291076 -0.021919 0.385065 -0.107041 -0.967637 -0.228519 255 255 255 1.000000
0.325535 -0.051422 0.443671 0.004641 0.479344 0.877615 255 255 255 1.000000
-0.203087 -0.031767 0.250967 0.084533 0.993860 -0.071391 255 255 255 1.000000
0.206672 0.311229 -0.162031 0.288198 -0.231932 -0.929059 255 255 255 1.000000
0.287248 -0.043801 -0.171925 0.284189 -0.037425 0.958038 255 255 255 1.000000
-0.363216 -0.739271 0.505020 -0.037523 -0.496280 -0.867351 255 255 255 1.000000
-0.207600 0.233404 -0.143689 0.257525 0.202296 0.944858 255 255 255 1.000000
-0.233114 0.622197 -0.239225 0.243568 0.240616 0.939563 255 255 255 1.000000
-0.339580 -0.175657 0.015327 0.000000 -0.860580 -0.509315 255 255 255 1.000000
0.048872 -0.152269 0.056991 0.000000 0.013799 -0.999905 255 255 255 1.000000
0.072492 -0.125301 0.033539 0.000000 0.988063 0.154051 255 255 255 1.000000
0.272911 -0.138957 -0.078580 -0.134628 -0.865006 0.483363 255 255 255 1.000000
0.363504 0.486674 -0.188453 -0.887895 -0.021012 -0.459566 255 255 255 1.000000
0.248245 0.755903 -0.298817 0.137776 -0.916326 -0.375984 255 255 255 1.000000
-0.375482 -0.171911 0.011580 0.000000 -0.747144 -0.664662 255 255 255 1.000000
0.317046 0.303236 -0.154963 -0.707242 0.103250 0.699391 255 255 255 1.000000
-0.373892 -0.024475 0.135030 -0.826170 0.562950 -0.023028 255 255 255 1.000000
-0.326106 -0.625972 0.474076 -0.566826 0.397931 0.721359 255 255 255 1.000000
-0.072625 -0.177032 0.038928 0.000000 -0.935016 0.354606 255 255 255 1.000000
-0.103755 -0.049910 0.036456 -0.528939 0.516074 -0.673715 255 255 255 1.000000
0.288966 -0.016557 0.355126 -0.117027 0.987683 0.103859 255 255 255 1.000000
0.367330 -0.033189 0.081680 0.884018 0.465093 -0.046910 255 255 255 1.000000
0.050513 -0.037199 0.329594 0.035264 -0.999377 0.001078 255 255 255 1.000000
-0.178291 0.550371 -0.236831 -0.205423 -0.220998 -0.953394 255 255 255 1.000000
-0.322232 -0.495291 0.409020 -0.931614 0.204085 0.300741 255 255 255 1.000000
-0.366024 0.679065 -0.243170 0.763721 -0.382505 -0.520020 255 255 255 1.000000
0.191848 -0.036929 0.158721 -0.103227 0.994248 -0.028546 255 255 255 1.000000
-0.040026 0.630688 -0.262737 -0.023225 -0.191945 -0.981131 255 255 255 1.000000
0.146750 0.349776 -0.187311 -0.208507 0.250732 0.945335 255 255 255 1.000000
0.348148 -0.486951 0.430542 -0.513629 -0.483395 -0.708883 255 255 255 1.000000
0.402691 -0.417046 -0.173792 0.240457 -0.439226 0.865598 255 255 255 1.000000
0.282322 0.014957 -0.135333 -0.666988 0.104230 -0.737742 255 255 255 1.000000
0.080443 0.347850 -0.197071 0.111224 -0.243637 -0.963468 255 255 255 1.000000
-0.096176 0.325892 -0.189891 -0.138559 -0.237316 -0.961500 255 255 255 1.000000
0.049515 -0.054426 -0.008603 -0.055986 0.997872 -0.033406 255 255 255 1.000000
-0.434778 -0.594724 -0.274521 0.970164 -0.143155 0.195674 255 255 255 1.000000
-0.252432 -0.033528 0.083471 -0.301701 0.144912 -0.942325 255 255 255 1.000000
0.116530 -0.050430 0.010548 -0.076966 0.996314 -0.037887 255 255 255 1.000000
0.292582 0.526047 -0.189385 -0.364319 0.264360 0.892964 255 255 255 1.000000
0.364143 0.582902 -0.212403 -0.814191 -0.179945 -0.552007 255 255 255 1.000000
0.225283 0.002529 -0.185677 -0.994487 0.077245 0.070917 255 255 255 1.000000
-0.326391 -0.022496 0.072313 -0.176883 -0.974828 -0.135729 255 255 255 1.000000
-0.381709 -0.350347 -0.135476 0.789036 -0.396944 0.468890 255 255 255 1.000000
0.367443 -0.084342 0.327331 -0.596136 0.794857 0.113243 255 255 255 1.000000
0.204022 -0.032887 0.392129 -0.082174 0.973781 0.212126 255 255 255 1.000000
0.197021 0.717109 -0.267269 0.209470 -0.618221 -0.757578 255 255 255 1.000000
-0.031790 -0.173550 0.045567 0.000000 -0.801276 0.598294 255 255 255 1.000000
0.358519 -0.048685 -0.101177 -0.990137 0.111367 0.085010 255 255 255 1.000000
0.020489 0.387492 -0.211910 0.020030 -0.232598 -0.972367 255 255 255 1.000000
-0.262071 0.031084 -0.206053 -0.110270 0.130415 -0.985308 255 255 255 1.000000
-0.383730 -0.734577 -0.231350 0.066079 -0.121189 0.990428 255 255 255 1.000000
-0.359521 -0.545573 0.460991 0.826821 -0.289526 -0.482225 255 255 255 1.000000
0.099927 -0.043590 0.175245 0.065371 -0.997627 0.021592 255 255 255 1.000000
0.241254 -0.036557 -0.005874 -0.143095 0.989590 -0.015357 255 255 255 1.000000
0.060119 -0.047427 0.126261 -0.051107 0.998531 -0.017977 255 255 255 1.000000
-0.314295 -0.675600 0.555379 0.004823 0.933400 0.358804 255 255 255 1.000000
0.297680 -0.124517 -0.108154 -0.810789 0.433335 -0.393499 255 255 255 1.000000
0.323233 -0.296001 0.217256 -0.663980 -0.568963 -0.485192 255 255 255 1.000000
-0.360598 -0.256625 0.204966 -0.857917 0.397598 0.325414 255 255 255 1.000000
0.298011 -0.026917 0.044301 0.169056 -0.985606 -0.001378 255 255 255 1.000000
0.198870 -0.172015 0.011683 0.000000 0.750755 0.660581 255 255 255 1.000000
0.266898 -0.119151 0.036635 -0.188907 0.962370 0.195341 255 255 255 1.000000
0.022675 -0.038762 0.367832 0.012597 -0.995776 -0.090952 255 255 255 1.000000
-0.320607 -0.022886 -0.002111 0.204507 0.977561 0.050515 255 255 255 1.000000
0.245378 -0.178922 0.031880 0.000000 -0.995793 0.091631 255 255 255 1.000000
-0.233367 0.119792 -0.184299 -0.955599 -0.078358 0.284061 255 255 255 1.000000
-0.050259 -0.110021 -0.183817 -0.008147 -0.990427 0.137799 255 255 255 1.000000
-0.364219 -0.619475 0.488376 0.999568 0.006151 -0.028758 255 255 255 1.000000
0.181580 0.247239 -0.153612 -0.259999 0.211581 0.942143 255 255 255 1.000000
-0.363867 0.500371 -0.194307 0.976754 0.011987 -0.214028 255 255 255 1.000000
-0.160872 -0.042448 0.114658 -0.014765 0.979526 -0.200777 255 255 255 1.000000
0.059867 -0.066112 0.452609 -0.000496 -0.573786 -0.819005 255 255 255 1.000000
-0.299299 -0.112722 0.000904 0.593854 0.762734 0.256077 255 255 255 1.000000
-0.035804 -0.042315 0.384548 -0.013326 -0.988971 -0.147509 255 255 255 1.000000
-0.148912 -0.044974 0.077875 -0.148854 0.925625 -0.347939 255 255 255 1.000000
-0.276646 -0.115891 0.441917 0.195784 0.826976 -0.527048 255 255 255 1.000000
-0.320403 -0.708328 0.579295 0.176809 -0.979372 0.097822 255 255 255 1.000000
-0.162081 -0.047837 -0.092969 0.121194 0.992579 0.009981 255 255 255 1.000000
0.294262 0.391233 -0.197052 0.335529 -0.164453 -0.927565 255 255 255 1.000000
0.355508 -0.428196 0.357510 0.907667 -0.262567 -0.327414 255 255 255 1.000000
0.281065 0.085878 -0.191975 0.333502 0.130494 -0.933674 255 255 255 1.000000
-0.256810 0.748993 -0.277737 0.107941 0.817596 0.565585 255 255 255 1.000000
0.312361 0.743071 -0.274323 0.027220 -0.915724 0.400885 255 255 255 1.000000
0.109048 0.627181 -0.256620 0.104139 -0.189318 -0.976378 255 255 255 1.000000
-0.238088 -0.036122 -0.092968 -0.241808 -0.720305 -0.650146 255 255 255 1.000000
-0.309387 -0.093322 -0.121401 -0.460079 0.063522 0.885603 255 255 255 1.000000
-0.069730 -0.101075 0.462755 -0.024795 -0.060827 0.997840 255 255 255 1.000000
-0.344685 -0.671943 0.520613 -0.005222 0.959278 -0.282417 255 255 255 1.000000
-0.321363 -0.671976 0.519375 -0.012427 -0.928187 0.371907 255 255 255 1.000000
0.015085 0.360462 -0.204448 -0.015576 0.241111 0.970373 255 255 255 1.000000
0.182953 -0.040726 0.414617 -0.071539 0.957523 0.279342 255 255 255 1.000000
0.228899 -0.027058 0.267935 -0.125170 0.991970 -0.018094 255 255 255 1.000000
-0.411608 -0.299932 -0.101424 0.702475 0.403976 -0.585945 255 255 255 1.000000
-0.324763 0.558737 -0.222650 -0.342454 -0.229826 -0.910992 255 255 255 1.000000
0.246521 -0.030051 0.166020 -0.132351 0.990793 -0.028516 255 255 255 1.000000
0.339925 -0.020734 0.403040 0.111803 -0.958918 -0.260723 255 255 255 1.000000
-0.277873 -0.030969 -0.038957 -0.187835 -0.981717 -0.030822 255 255 255 1.000000
-0.264904 -0.032963 0.058342 -0.275826 -0.777523 -0.565136 255 255 255 1.000000
0.333146 -0.011918 0.251446 -0.816028 -0.450405 0.362261 255 255 255 1.000000
-0.254148 0.100543 -0.196756 0.097750 -0.097964 0.990378 255 255 255 1.000000
-0.286497 0.060695 -0.156311 -0.726897 -0.686741 0.002705 255 255 255 1.000000
0.179111 -0.029345 -0.155484 -0.206001 -0.135792 0.969084 255 255 255 1.000000
-0.359915 -0.171713 0.081595 0.887903 -0.391114 -0.242195 255 255 255 1.000000
-0.062765 -0.146489 0.003140 0.000000 -0.201445 0.979500 255 255 255 1.000000
0.323330 0.419107 -0.146227 -0.005979 -0.185802 -0.982569 255 255 255 1.000000
0.318516 -0.017740 0.176011 0.456905 0.854948 -0.245565 255 255 255 1.000000
-0.407512 -0.435434 -0.182283 -0.260334 -0.424352 0.867267 255 255 255 1.000000
-0.271619 0.380652 -0.156615 0.343548 0.237657 0.908567 255 255 255 1.000000
0.303528 0.735267 -0.255277 0.838142 0.475378 0.267459 255 255 255 1.000000
-0.323189 -0.703714 0.502571 -0.098954 0.377426 -0.920738 255 255 255 1.000000
0.144995 -0.033676 0.299900 -0.082257 0.996555 -0.010604 255 255 255 1.000000
0.244591 0.298889 -0.146009 -0.296593 0.215805 0.930301 255 255 255 1.000000
0.349560 -0.259843 0.174660 0.765552 -0.518009 -0.381572 255 255 255 1.000000
-0.295647 0.043190 -0.195893 0.231117 -0.189462 0.954300 255 255 255 1.000000
-0.299514 -0.137862 0.053206 0.000000 -0.507518 -0.861641 255 255 255 1.000000
0.303145 -0.124935 -0.079830 0.447131 -0.651256 0.613138 255 255 255 1.000000
0.379257 -0.187747 -0.039230 -0.565889 -0.620056 0.543416 255 255 255 1.000000
-0.361696 0.707291 -0.250425 0.614299 -0.487392 -0.620552 255 255 255 1.000000
0.158621 0.037616 -0.153182 0.188458 0.100877 -0.976887 255 255 255 1.000000
0.304183 -0.170048 0.009716 0.000000 -0.678252 -0.734829 255 255 255 1.000000
0.288997 0.205370 -0.171460 0.512514 0.021691 -0.858405 255 255 255 1.000000
-0.093693 -0.038471 0.372359 0.048363 0.992521 0.112088 255 255 255 1.000000
0.006120 -0.143433 0.003959 0.000000 0.315476 -0.948934 255 255 255 1.000000
-0.110946 -0.046241 0.104165 0.372164 -0.772236 0.514923 255 255 255 1.000000
-0.327766 -0.018266 0.166154 -0.129356 -0.880527 -0.456003 255 255 255 1.000000
0.128183 -0.050003 -0.155181 -0.130194 0.991295 0.019586 255 255 255 1.000000
-0.242051 -0.024049 0.316910 0.122897 0.992044 -0.027280 255 255 255 1.000000
-0.128592 -0.047687 0.422123 -0.055049 -0.955733 -0.289040 255 255 255 1.000000
0.374555 -0.028627 0.246199 0.947709 0.318558 -0.019185 255 255 255 1.000000
-0.241698 -0.146336 -0.027739 0.922098 -0.353957 -0.156363 255 255 255 1.000000
0.046062 0.353263 -0.202673 0.057869 -0.238122 -0.969510 255 255 255 1.000000
-0.321644 -0.354640 0.307805 -0.997614 -0.052031 -0.045384 255 255 255 1.000000
-0.232996 -0.123779 -0.080018 -0.889852 0.410356 0.199426 255 255 255 1.000000
0.153478 -0.086228 -0.182762 0.160647 -0.265806 -0.950547 255 255 255 1.000000
0.264146 0.124149 -0.190537 -0.236622 -0.104269 0.965991 255 255 255 1.000000
0.375271 -0.688516 0.547779 0.999235 0.031569 -0.023075 255 255 255 1.000000
0.246248 -0.149065 -0.032867 0.706144 -0.697871 0.119733 255 255 255 1.000000
0.396653 -0.306650 -0.095770 -0.522922 0.502331 -0.688634 255 255 255 1.000000
0.241737 -0.034739 -0.073315 -0.180494 0.982770 0.039822 255 255 255 1.000000
-0.337017 0.285955 -0.159686 0.964524 0.146276 -0.219765 255 255 255 1.000000
-0.232093 -0.025392 0.348309 -0.110637 -0.991653 -0.066204 255 255 255 1.000000
-0.246428 0.302226 -0.147547 -0.295241 -0.215743 -0.930746 255 255 255 1.000000
0.096388 0.727958 -0.290969 -0.086085 0.622550 0.777831 255 255 255 1.000000
-0.405266 -0.680598 -0.241259 0.028126 0.831750 0.554438 255 255 255 1.000000
0.274968 0.601829 -0.219948 0.281947 -0.241420 -0.928559 255 255 255 1.000000
0.362715 -0.041570 -0.039194 0.997956 -0.011254 -0.062903 255 255 255 1.000000
0.370414 -0.699417 -0.265501 0.998810 -0.044032 0.020972 255 255 255 1.000000
-0.378238 -0.698368 -0.293511 -0.980661 -0.170635 0.095856 255 255 255 1.000000
-0.297723 -0.042278 -0.172040 -0.287332 0.011324 0.957764 255 255 255 1.000000
0.094917 0.691125 -0.272159 -0.076745 0.267192 0.960582 255 255 255 1.000000
0.280537 -0.081449 -0.129485 0.138019 0.654548 0.743315 255 255 255 1.000000
0.017584 -0.048213 0.125580 0.032611 -0.999334 0.016384 255 255 255 1.000000
-0.064202 -0.052493 0.029272 0.651790 -0.219708 0.725878 255 255 255 1.000000
-0.298310 -0.065173 0.448716 0.023825 -0.369374 -0.928975 255 255 255 1.000000
0.315855 0.294508 -0.130913 0.359674 0.068552 0.930556 255 255 255 1.000000
0.340027 0.626222 -0.229597 0.675601 -0.219543 -0.703821 255 255 255 1.000000
0.233259 -0.034781 -0.109216 -0.186369 0.981512 0.043604 255 255 255 1.000000
0.397767 -0.401558 -0.188603 -0.978824 -0.167776 0.117279 255 255 255 1.000000
0.051450 0.381950 -0.209798 0.061001 -0.234645 -0.970165 255 255 255 1.000000
-0.085797 0.249171 -0.174056 0.135787 0.198949 0.970557 255 255 255 1.000000
-0.022507 0.044832 -0.174390 0.054223 -0.231206 0.971393 255 255 255 1.000000
0.064383 -0.054985 -0.024432 -0.063113 0.997407 -0.034586 255 255 255 1.000000
0.292168 0.760145 -0.292031 -0.134442 0.943693 0.302273 255 255 255 1.000000
0.143622 0.083101 -0.152033 -0.195058 -0.079682 0.977549 255 255 255 1.000000
-0.299014 -0.174515 0.044602 0.000000 -0.829924 0.557876 255 255 255 1.000000
-0.044773 -0.048386 0.121054 -0.473688 0.709685 -0.521505 255 255 255 1.000000
-0.143834 -0.128299 0.043641 0.000000 -0.856014 -0.516953 255 255 255 1.000000
-0.016828 -0.039713 0.306244 -0.004483 0.999964 0.007190 255 255 255 1.000000
0.402610 -0.433942 -0.200199 0.988502 0.136711 -0.064605 255 255 255 1.000000
0.351048 -0.191280 0.115103 0.843404 0.441007 0.306891 255 255 255 1.000000
-0.009249 0.017186 -0.177728 -0.013626 0.180264 -0.983524 255 255 255 1.000000
-0.064685 -0.124962 0.026511 0.000000 0.994322 -0.106412 255 255 255 1.000000
-0.239500 0.684339 -0.255202 0.211602 0.292130 0.932676 255 255 255 1.000000
0.115967 -0.125997 0.036139 0.000000 0.967703 0.252093 255 255 255 1.000000
0.313932 0.253876 -0.144092 -0.729204 0.055185 0.682067 255 255 255 1.000000
0.382714 -0.138999 0.005147 0.000000 -0.469392 0.882990 255 255 255 1.000000
-0.198457 -0.027972 0.334554 0.104220 0.994553 -0.001335 255 255 255 1.000000
0.305508 -0.051033 -0.199622 -0.988676 -0.035004 -0.145926 255 255 255 1.000000
0.310788 0.589369 -0.232624 -0.191022 0.234592 0.953141 255 255 255 1.000000
0.224498 -0.078783 -0.174308 -0.994149 0.082751 -0.069420 255 255 255 1.000000
-0.025027 -0.051343 0.067260 -0.204705 0.952552 -0.225258 255 255 255 1.000000
0.357298 -0.756737 0.538741 0.010048 -0.993642 0.112136 255 255 255 1.000000
-0.330004 -0.022136 0.048474 -0.189871 -0.976459 -0.102360 255 255 255 1.000000
0.124566 0.122580 -0.152365 0.167031 0.169937 -0.971196 255 255 255 1.000000
0.278513 -0.089982 -0.196372 0.948502 -0.184088 -0.257789 255 255 255 1.000000
-0.021600 0.332143 -0.198430 0.036712 0.228292 0.972900 255 255 255 1.000000
0.429452 -0.637183 -0.290550 0.909491 -0.079870 0.407980 255 255 255 1.000000
0.355842 -0.281928 0.221436 -0.999886 0.005561 -0.014016 255 255 255 1.000000
0.431263 -0.722980 -0.304672 -0.012966 0.113362 0.993469 255 255 255 1.000000
-0.201658 -0.042789 -0.082620 -0.174570 -0.935462 -0.307306 255 255 255 1.000000
0.308247 0.034317 -0.159211 -0.890772 0.059312 -0.450564 255 255 255 1.000000
-0.184402 -0.001932 -0.152311 0.210404 -0.286010 0.934841 255 255 255 1.000000
0.054010 -0.086055 0.461268 0.008246 0.322253 0.946618 255 255 255 1.000000
0.328304 0.601386 -0.199597 0.158429 -0.326417 -0.931854 255 255 255 1.000000
0.181637 0.742272 -0.293402 -0.128937 0.759191 0.637969 255 255 255 1.000000
-0.286480 0.014633 -0.136438 0.273149 0.114942 -0.955080 255 255 255 1.000000
-0.186823 0.083989 -0.142546 0.023534 0.853037 -0.521319 255 255 255 1.000000
0.241742 -0.033070 0.119359 0.129963 -0.991213 0.024628 255 255 255 1.000000
0.415572 -0.444773 -0.224165 -0.822511 -0.307780 0.478275 255 255 255 1.000000
-0.009991 -0.047973 0.139025 0.020643 -0.999651 0.016483 255 255 255 1.000000
0.095923 -0.054527 -0.125910 0.094688 -0.995503 -0.002855 255 255 255 1.000000
-0.377520 -0.076972 0.122336 0.945849 0.319661 0.056453 255 255 255 1.000000
0.449626 -0.698985 -0.275187 -0.997211 -0.065287 0.036162 255 255 255 1.000000
-0.329578 -0.064380 0.447299 0.033976 -0.313419 -0.949007 255 255 255 1.000000
0.219953 -0.039558 -0.019465 -0.135378 0.990617 -0.018712 255 255 255 1.000000
-0.192445 -0.166257 0.052861 0.000000 0.522248 -0.852794 255 255 255 1.000000
0.321272 -0.471493 0.383083 -0.809964 -0.360239 -0.462803 255 255 255 1.000000
-0.385537 -0.424153 -0.207945 0.708600 0.315276 -0.631258 255 255 255 1.000000
0.335657 0.582309 -0.191273 0.004718 -0.327430 -0.944864 255 255 255 1.000000
0.140461 0.315888 -0.180259 -0.205260 0.236878 0.949609 255 255 255 1.000000
0.354222 -0.697780 0.574906 -0.191958 -0.878559 -0.437363 255 255 255 1.000000
-0.258181 -0.079861 0.452776 -0.147034 -0.002107 0.989129 255 255 255 1.000000
0.278730 0.162707 -0.142122 0.000106 0.137682 -0.990477 255 255 255 1.000000
-0.089958 -0.043965 0.180813 0.369837 -0.812881 0.449938 255 255 255 1.000000
0.338402 -0.551763 0.430996 0.610449 -0.407195 -0.679370 255 255 255 1.000000
-0.315888 0.510658 -0.216111 -0.293163 -0.212524 -0.932142 255 255 255 1.000000
-0.025199 0.721467 -0.291400 0.014798 0.623008 0.782075 255 255 255 1.000000
0.147143 0.372863 -0.194118 -0.208539 0.252153 0.944950 255 255 255 1.000000
-0.308648 0.091567 -0.147164 -0.828997 -0.066494 0.555286 255 255 255 1.000000
0.449618 -0.724364 -0.278725 -0.999550 0.027189 -0.012644 255 255 255 1.000000
0.130431 -0.073794 0.456672 -0.009247 -0.400866 -0.916090 255 255 255 1.000000
0.134948 -0.039638 0.202170 -0.074095 0.996911 -0.026038 255 255 255 1.000000
0.292654 0.259026 -0.124881 0.008427 -0.131670 -0.991258 255 255 255 1.000000
0.179596 0.627123 -0.246566 -0.175948 0.187120 0.966452 255 255 255 1.000000
-0.138915 0.061136 -0.156012 0.239558 -0.743247 0.624656 255 255 255 1.000000
0.311877 0.687271 -0.265935 0.238023 -0.331492 -0.912939 255 255 255 1.000000
0.077105 -0.013243 -0.173330 0.158556 0.093123 -0.982949 255 255 255 1.000000
-0.312070 -0.130567 -0.007002 0.915164 -0.204412 0.347405 255 255 255 1.000000
0.226644 0.115267 -0.185335 -0.951501 0.075572 -0.298219 255 255 255 1.000000
-0.112572 -0.176961 0.039189 0.000000 0.931420 -0.363947 255 255 255 1.000000
0.289416 -0.026585 0.091087 0.039741 -0.997480 0.058774 255 255 255 1.000000
-0.002862 -0.088221 -0.194452 0.011105 -0.165468 -0.986153 255 255 255 1.000000
0.154938 -0.034997 0.258181 -0.086360 0.996131 -0.016269 255 255 255 1.000000
0.256859 0.183070 -0.184664 -0.208096 -0.052778 0.976683 255 255 255 1.000000
0.243615 0.389490 -0.169455 -0.325141 0.248296 0.912487 255 255 255 1.000000
0.296344 0.033128 -0.139795 -0.720875 0.103702 -0.685263 255 255 255 1.000000
-0.145678 -0.127038 0.453942 0.085407 0.699887 -0.709128 255 255 255 1.000000
0.381724 -0.441734 -0.194910 0.685631 0.400082 -0.608148 255 255 255 1.000000
0.113746 -0.050292 0.430448 0.051291 -0.950748 -0.305693 255 255 255 1.000000
-0.369847 -0.199801 -0.044519 -0.809946 -0.347182 0.472708 255 255 255 1.000000
-0.217952 0.333094 -0.164687 -0.297076 -0.238429 -0.924607 255 255 255 1.000000
0.136171 -0.169856 0.009524 0.000000 0.670774 0.741661 255 255 255 1.000000
-0.018506 -0.040241 0.370733 0.003947 0.995185 0.097931 255 255 255 1.000000
0.015840 0.551899 -0.252153 0.017248 -0.192675 -0.981111 255 255 255 1.000000
0.270947 0.165177 -0.181812 -0.324395 -0.088152 0.941805 255 255 255 1.000000
0.356135 -0.740988 0.566839 0.042056 -0.559995 0.827428 255 255 255 1.000000
0.270889 -0.089663 -0.093267 -0.297327 -0.840114 -0.453656 255 255 255 1.000000
0.315753 -0.550628 0.460946 -0.880237 0.247650 0.404787 255 255 255 1.000000
-0.114471 -0.040231 0.226607 0.098381 -0.975955 0.194506 255 255 255 1.000000
-0.131290 0.397086 -0.204974 0.174997 0.242314 0.954285 255 255 255 1.000000
-0.349792 -0.287879 0.259869 -0.992606 -0.090868 -0.080478 255 255 255 1.000000
0.312724 -0.689535 0.559543 0.126806 -0.657238 -0.742939 255 255 255 1.000000
-0.348795 -0.363115 0.337385 0.977486 0.140277 0.157616 255 255 255 1.000000
-0.073275 0.687597 -0.273766 0.055980 0.266872 0.962105 255 255 255 1.000000
0.340961 0.456301 -0.182015 0.660380 -0.211338 -0.720580 255 255 255 1.000000
0.385862 -0.434806 -0.220652 -0.551014 0.380103 -0.742903 255 255 255 1.000000
0.286390 0.454838 -0.192264 -0.819604 0.204751 0.535095 255 255 255 1.000000
-0.287481 0.760498 -0.294846 -0.060263 -0.926732 -0.370858 255 255 255 1.000000
0.257931 -0.054836 0.446857 -0.001434 0.502522 0.864563 255 255 255 1.000000
-0.308272 0.029792 -0.155039 -0.852761 -0.066054 0.518108 255 255 255 1.000000
0.288155 -0.065225 -0.158226 -0.132598 -0.404832 -0.904726 255 255 255 1.000000
0.209084 0.367218 -0.176157 0.288872 -0.245835 -0.925267 255 255 255 1.000000
0.376979 -0.029863 0.328683 0.999940 -0.010525 -0.003096 255 255 255 1.000000
0.242498 0.030031 -0.138102 0.571495 0.769716 -0.284484 255 255 255 1.000000
0.384792 -0.516742 -0.238758 0.993239 0.087439 -0.076357 255 255 255 1.000000
-0.340480 0.378829 -0.146560 0.575733 -0.054618 -0.815811 255 255 255 1.000000
0.105398 -0.010953 -0.167737 0.171630 0.086360 -0.981369 255 255 255 1.000000
-0.084405 0.185790 -0.162976 0.139894 0.169091 0.975622 255 255 255 1.000000
0.344138 -0.201342 0.145301 0.516687 0.707064 0.482799 255 255 255 1.000000
-0.235510 -0.064076 -0.198950 -0.928715 0.162456 0.333313 255 255 255 1.000000
-0.050172 -0.044623 0.193596 0.367000 -0.836040 0.407858 255 255 255 1.000000
0.321052 -0.688623 0.500927 0.010601 0.792585 -0.609669 255 255 255 1.000000
-0.131532 -0.049998 -0.022770 0.378950 0.872661 0.307993 255 255 255 1.000000
-0.223878 -0.026969 0.307744 -0.112175 -0.993089 0.034514 255 255 255 1.000000
0.351355 -0.016767 0.119569 -0.409167 -0.912457 0.002095 255 255 255 1.000000
-0.198475 0.595248 -0.240433 0.213819 0.227822 0.949936 255 255 255 1.000000
-0.319114 -0.024005 0.031136 -0.188739 -0.977911 -0.089818 255 255 255 1.000000
0.306339 -0.021476 0.139642 -0.223948 -0.961246 0.160787 255 255 255 1.000000
-0.430355 -0.700306 -0.221650 0.022438 -0.714591 0.699182 255 255 255 1.000000
-0.410849 -0.558550 -0.285579 -0.098735 -0.372475 0.922775 255 255 255 1.000000
0.179198 0.338032 -0.175527 -0.251444 0.244455 0.936492 255 255 255 1.000000
0.330600 -0.507786 0.448390 0.879838 0.248797 0.404951 255 255 255 1.000000
-0.003865 -0.050010 0.096405 0.026491 -0.999403 0.022192 255 255 255 1.000000
-0.322964 -0.756107 0.537104 0.022001 0.996549 -0.080042 255 255 255 1.000000
-0.366878 -0.029209 -0.024789 -0.919267 0.390300 -0.051131 255 255 255 1.000000
0.209959 -0.133239 0.010204 0.000000 0.696973 -0.717097 255 255 255 1.000000
0.091010 0.641140 -0.260034 0.089643 -0.202098 -0.975254 255 255 255 1.000000
-0.332976 0.264877 -0.157067 -0.964955 -0.149235 0.215847 255 255 255 1.000000
-0.320812 0.447833 -0.200117 -0.459214 -0.209809 -0.863193 255 255 255 1.000000
-0.232529 0.153010 -0.143470 -0.004273 0.134022 -0.990969 255 255 255 1.000000
-0.247784 0.550070 -0.217802 0.332102 0.251510 0.909094 255 255 255 1.000000
0.336351 -0.671884 0.537533 -0.008947 -0.995906 -0.089948 255 255 255 1.000000
-0.004143 -0.026333 -0.181618 0.017004 0.100483 -0.994793 255 255 255 1.000000
0.192892 -0.032296 0.247400 0.106252 -0.994219 0.015431 255 255 255 1.000000
0.407817 -0.464567 -0.215233 -0.990458 -0.126610 0.054437 255 255 255 1.000000
-0.356395 -0.684417 0.502624 -0.008810 0.709377 -0.704774 255 255 255 1.000000
-0.303388 0.006981 -0.147928 -0.761582 -0.079202 0.643211 255 255 255 1.000000
0.372532 -0.024869 0.376016 0.752852 0.604405 0.260592 255 255 255 1.000000
-0.285631 -0.022366 0.216488 -0.077939 -0.913354 0.399638 255 255 255 1.000000
0.292899 -0.161254 0.029361 -0.727342 0.683629 0.060215 255 255 255 1.000000
0.209734 0.021217 -0.144339 0.125457 0.458118 -0.879994 255 255 255 1.000000
0.278612 -0.024587 -0.124074 0.210596 -0.976163 -0.052490 255 255 255 1.000000
0.350061 -0.162044 0.071662 0.943415 0.281013 0.176066 255 255 255 1.000000
0.240783 0.065178 -0.201666 -0.041297 -0.106141 0.993493 255 255 255 1.000000
-0.403330 -0.398269 -0.181411 -0.987715 0.142499 -0.064134 255 255 255 1.000000
-0.357945 -0.603472 0.462454 0.951870 0.150693 0.266900 255 255 255 1.000000
0.358918 0.611206 -0.208629 0.705337 0.230722 0.670274 255 255 255 1.000000
0.130037 0.449384 -0.220361 -0.164440 0.230619 0.959049 255 255 255 1.000000
-0.222619 -0.153242 0.002056 0.000000 0.049444 0.998777 255 255 255 1.000000
-0.311148 -0.160770 0.054712 0.000000 -0.331077 0.943604 255 255 255 1.000000
0.242017 -0.165708 0.005397 0.000000 -0.499151 -0.866515 255 255 255 1.000000
-0.151093 0.213090 -0.154249 -0.213691 -0.193930 -0.957459 255 255 255 1.000000
-0.337313 0.586228 -0.192776 0.002504 -0.325921 -0.945394 255 255 255 1.000000
-0.214175 -0.105189 0.457642 0.102593 0.218511 -0.970426 255 255 255 1.000000
-0.091101 -0.045773 0.141870 0.448476 -0.710152 0.542728 255 255 255 1.000000
0.176459 0.485236 -0.219899 0.232771 -0.240167 -0.942410 255 255 255 1.000000
0.256345 0.418779 -0.172525 -0.337082 0.251889 0.907153 255 255 255 1.000000
-0.403083 -0.370609 -0.140099 0.204391 0.558344 -0.804037 255 255 255 1.000000
-0.153399 0.464826 -0.220005 -0.195111 -0.231795 -0.952997 255 255 255 1.000000
-0.349315 -0.144908 0.055538 -0.718233 0.603566 0.346193 255 255 255 1.000000
-0.343719 -0.639377 0.478371 0.919793 -0.197164 -0.339275 255 255 255 1.000000
0.297933 -0.020558 -0.116098 0.214777 -0.975214 -0.053181 255 255 255 1.000000
0.009374 0.158350 -0.168627 -0.141540 0.819640 -0.555118 255 255 255 1.000000
-0.376930 -0.052962 0.088270 -0.994735 -0.089401 -0.050093 255 255 255 1.000000
-0.353905 -0.228933 0.131187 0.832082 0.454154 0.318408 255 255 255 1.000000
0.099478 0.301308 -0.184358 0.153604 -0.228487 -0.961353 255 255 255 1.000000
0.314771 0.195580 -0.138494 0.881533 -0.130688 0.453673 255 255 255 1.000000
-0.301047 -0.105538 -0.037378 0.725036 0.619118 0.301688 255 255 255 1.000000
-0.352626 -0.400462 0.322903 -0.648046 -0.486101 -0.586295 255 255 255 1.000000
0.329925 -0.406631 0.375548 0.962244 0.177473 0.206371 255 255 255 1.000000
0.425664 -0.661194 -0.283896 0.764920 0.015664 0.643935 255 255 255 1.000000
-0.346365 -0.186300 0.055506 -0.312410 0.794608 0.520574 255 255 255 1.000000
0.347897 -0.229461 0.130739 0.525710 -0.700643 -0.482418 255 255 255 1.000000
-0.177469 -0.068403 -0.180185 0.100283 -0.201899 0.974259 255 255 255 1.000000
-0.155301 -0.027453 -0.160018 -0.168493 0.132281 -0.976786 255 255 255 1.000000
0.286689 -0.123549 0.056680 -0.437664 0.877073 0.197976 255 255 255 1.000000
0.268105 0.492451 -0.190058 0.349278 -0.258592 -0.900630 255 255 255 1.000000
-0.372184 -0.242608 -0.053429 -0.983831 0.178956 -0.007141 255 255 255 1.000000
0.096335 0.022093 -0.166461 0.173719 0.079276 -0.981599 255 255 255 1.000000
-0.377584 -0.079095 0.155420 0.881315 0.470242 0.046430 255 255 255 1.000000
0.343893 -0.130528 0.012916 0.000000 -0.791845 0.610722 255 255 255 1.000000
-0.064779 -0.063696 0.449400 0.003809 0.755831 0.654756 255 255 255 1.000000
-0.416507 -0.715046 -0.219701 0.019199 -0.154676 0.987779 255 255 255 1.000000
-0.265155 0.212376 -0.123713 0.268621 0.188610 0.944600 255 255 255 1.000000
0.373248 -0.344674 -0.156977 -0.793515 0.291452 -0.534219 255 255 255 1.000000
-0.387278 -0.275044 -0.117983 -0.950513 -0.070926 0.302480 255 255 255 1.000000
0.308355 0.157872 -0.143093 0.849015 -0.065649 0.524275 255 255 255 1.000000
-0.281235 -0.024567 -0.133377 0.248679 0.598156 0.761819 255 255 255 1.000000
-0.256698 -0.045971 -0.213079 -0.847031 0.004515 0.531525 255 255 255 1.000000
-0.028886 0.590326 -0.257230 0.020918 0.197038 0.980173 255 255 255 1.000000
-0.334178 -0.414884 0.377584 -0.546315 -0.525313 -0.652369 255 255 255 1.000000
0.396590 -0.594309 -0.260870 0.360950 0.359428 -0.860539 255 255 255 1.000000
0.431422 -0.701967 -0.310679 -0.010626 0.971862 -0.235313 255 255 255 1.000000
0.016477 0.472675 -0.235408 -0.007183 0.207273 0.978257 255 255 255 1.000000
-0.302279 -0.096221 -0.082968 0.690845 0.566806 0.448848 255 255 255 1.000000
-0.042369 -0.122490 0.464610 0.025732 0.275775 -0.960878 255 255 255 1.000000
0.299202 -0.025594 -0.017766 0.202101 -0.979051 -0.024770 255 255 255 1.000000
-0.175672 -0.044652 -0.152374 -0.132121 0.041110 -0.990381 255 255 255 1.000000
0.182602 -0.006459 -0.152180 0.141185 0.217678 -0.965755 255 255 255 1.000000
-0.328534 -0.260892 0.175103 -0.744569 0.537841 0.395404 255 255 255 1.000000
0.329649 0.542956 -0.179020 0.131093 -0.318604 -0.938779 255 255 255 1.000000
-0.411875 -0.439829 -0.211410 0.974391 -0.173641 0.142869 255 255 255 1.000000
-0.288054 0.687469 -0.242301 -0.248103 -0.316382 -0.915613 255 255 255 1.000000
-0.361999 -0.756689 0.543154 -0.004613 -0.985894 0.167305 255 255 255 1.000000
-0.120300 -0.035672 0.313785 0.057876 0.998292 -0.007940 255 255 255 1.000000
0.316377 -0.144010 0.003805 0.000000 0.294246 -0.955730 255 255 255 1.000000
0.230594 -0.105839 -0.058788 -0.863669 0.478319 0.159020 255 255 255 1.000000
-0.293045 -0.027507 0.092623 0.166188 0.961636 0.218261 255 255 255 1.000000
-0.130665 0.643191 -0.259847 0.100967 0.226019 0.968876 255 255 255 1.000000
0.269519 -0.104671 -0.026916 -0.123087 -0.985962 -0.112824 255 255 255 1.000000
-0.375383 -0.082153 0.058456 -0.952939 -0.296466 -0.063363 255 255 255 1.000000
0.147552 -0.000596 -0.158852 0.184581 0.093621 -0.978348 255 255 255 1.000000
-0.106146 -0.124590 0.030886 0.000000 0.998507 0.054616 255 255 255 1.000000
-0.159971 0.591782 -0.247557 -0.158497 -0.226798 -0.960959 255 255 255 1.000000
-0.358962 -0.649277 0.513483 0.925278 -0.166043 -0.341012 255 255 255 1.000000
-0.032548 -0.019662 -0.178631 -0.044882 0.113731 -0.992497 255 255 255 1.000000
-0.375134 -0.082937 0.324823 0.811596 0.517437 0.271241 255 255 255 1.000000
0.353646 -0.164612 0.046569 -0.967210 -0.221680 -0.123946 255 255 255 1.000000
-0.383300 -0.708718 -0.228837 -0.098187 0.103318 -0.989790 255 255 255 1.000000
0.362573 -0.200346 -0.043637 -0.939048 0.121820 -0.321479 255 255 255 1.000000
-0.327848 -0.530769 0.424393 -0.601593 0.418826 0.680199 255 255 255 1.000000
-0.302805 -0.699086 0.527218 0.998991 0.025065 -0.037259 255 255 255 1.000000
0.317072 -0.225281 0.166108 0.881904 -0.377400 -0.282514 255 255 255 1.000000
-0.240549 0.020217 -0.139898 0.059606 0.405524 -0.912139 255 255 255 1.000000
-0.283611 0.075398 -0.127847 -0.237960 -0.167425 0.956736 255 255 255 1.000000
0.315350 -0.432975 0.358552 0.743794 0.424708 0.516133 255 255 255 1.000000
-0.394468 -0.559600 -0.255268 0.996785 -0.066386 0.044866 255 255 255 1.000000
-0.281628 0.182905 -0.180127 -0.351534 0.057461 -0.934410 255 255 255 1.000000
0.345278 -0.019268 -0.016999 -0.323704 -0.946130 0.007276 255 255 255 1.000000
0.230348 -0.112339 -0.157448 -0.810177 -0.515426 -0.279193 255 255 255 1.000000
-0.062930 -0.044369 0.403814 -0.027232 -0.974993 -0.220561 255 255 255 1.000000
-0.353904 -0.459917 0.370731 0.775533 0.401625 0.487079 255 255 255 1.000000
-0.262151 -0.073009 -0.151794 0.606816 -0.724808 -0.326231 255 255 255 1.000000
-0.160812 0.022918 -0.154867 -0.226212 0.468371 -0.854082 255 255 255 1.000000
-0.424414 -0.600472 -0.294452 0.742660 -0.270336 0.612678 255 255 255 1.000000
-0.014642 -0.041636 0.267138 0.008494 -0.999963 -0.001699 255 255 255 1.000000
-0.176387 0.318810 -0.172124 -0.235622 -0.240024 -0.941738 255 255 255 1.000000
0.100655 -0.036231 0.351969 -0.051627 0.997295 0.052315 255 255 255 1.000000
-0.337359 -0.724434 0.487901 0.259084 -0.607989 -0.750483 255 255 255 1.000000
-0.175911 0.618310 -0.248883 -0.169424 -0.230971 -0.958096 255 255 255 1.000000
-0.194727 0.354571 -0.176865 -0.269572 -0.250583 -0.929806 255 255 255 1.000000
0.266133 -0.021292 0.287108 0.141707 -0.988954 0.043460 255 255 255 1.000000
0.377005 -0.047719 0.365917 0.967847 -0.011998 -0.251254 255 255 255 1.000000
0.293163 0.581663 -0.206358 0.341145 -0.257809 -0.903966 255 255 255 1.000000
-0.143519 0.731234 -0.289411 -0.097813 -0.658493 -0.746203 255 255 255 1.000000
0.229538 0.500883 -0.210820 -0.314751 0.255529 0.914132 255 255 255 1.000000
-0.018496 0.184693 -0.170077 -0.033779 -0.164065 -0.985871 255 255 255 1.000000
0.297776 -0.110652 0.438952 0.165623 -0.772838 0.612610 255 255 255 1.000000
-0.400149 -0.284235 -0.078952 0.487748 0.529855 -0.693798 255 255 255 1.000000
-0.249412 0.247746 -0.134777 -0.274515 -0.199202 -0.940723 255 255 255 1.000000
-0.080297 0.070817 -0.166585 0.208152 -0.812991 0.543800 255 255 255 1.000000
0.161029 0.648574 -0.254475 0.151064 -0.199238 -0.968237 255 255 255 1.000000
-0.241690 0.122750 -0.147679 0.032222 -0.108044 0.993624 255 255 255 1.000000
0.297722 -0.116194 -0.143954 -0.934667 -0.051094 -0.351833 255 255 255 1.000000
0.412499 -0.483422 -0.234068 -0.976287 -0.165068 0.140059 255 255 255 1.000000
0.393470 -0.276188 -0.117908 0.598375 0.540634 -0.591322 255 255 255 1.000000
-0.366470 0.582919 -0.224073 0.998435 0.031961 0.045882 255 255 255 1.000000
0.318121 0.322352 -0.160706 -0.688036 0.117741 0.716061 255 255 255 1.000000
0.149361 -0.046705 0.037135 0.084014 -0.995536 0.043010 255 255 255 1.000000
-0.380425 -0.747609 0.514047 -0.996474 -0.068461 -0.048508 255 255 255 1.000000
-0.216500 -0.167189 0.051929 0.000000 0.561781 -0.827286 255 255 255 1.000000
-0.370297 -0.066966 -0.034641 0.981519 0.178172 0.069818 255 255 255 1.000000
-0.183952 -0.129673 0.445579 0.106510 0.899110 -0.424567 255 255 255 1.000000
-0.232449 0.142272 -0.183962 -0.309492 -0.127538 0.942310 255 255 255 1.000000
-0.455649 -0.741018 -0.292578 0.997053 0.076371 -0.007244 255 255 255 1.000000
0.226100 0.021492 -0.171711 0.626546 0.112989 -0.771151 255 255 255 1.000000
-0.135376 -0.033530 0.353763 0.070074 0.996057 0.054406 255 255 255 1.000000
-0.156930 -0.048874 -0.052685 0.106195 0.994116 -0.021347 255 255 255 1.000000
-0.283338 0.285593 -0.182533 0.314110 0.112260 0.942726 255 255 255 1.000000
-0.059162 0.736515 -0.302973 0.039455 0.773034 0.633136 255 255 255 1.000000
-0.323790 -0.392745 0.325174 0.804138 -0.392642 -0.446311 255 255 255 1.000000
-0.394911 -0.355894 -0.152735 0.992921 -0.118766 0.001482 255 255 255 1.000000
-0.226897 0.499640 -0.211112 -0.320433 -0.253891 -0.912612 255 255 255 1.000000
-0.325111 -0.178738 0.080414 0.917680 0.333396 0.216128 255 255 255 1.000000
-0.152510 -0.166613 0.052505 0.000000 0.537394 -0.843331 255 255 255 1.000000
-0.069346 -0.030896 -0.176337 0.115403 -0.094221 0.988840 255 255 255 1.000000
-0.013612 0.227059 -0.176696 -0.022358 -0.183241 -0.982814 255 255 255 1.000000
0.292201 -0.092023 -0.090141 0.258352 -0.522075 -0.812829 255 255 255 1.000000
0.314362 -0.409199 0.340000 0.749972 0.437340 0.496262 255 255 255 1.000000
0.037884 -0.049669 0.090111 -0.043475 0.998854 -0.020007 255 255 255 1.000000
-0.272592 -0.120361 0.422963 0.055499 -0.957485 0.283094 255 255 255 1.000000
0.392988 -0.379907 -0.170852 0.988428 0.141270 -0.055247 255 255 255 1.000000
-0.138726 0.272880 -0.170792 0.200262 0.220014 0.954719 255 255 255 1.000000
-0.342211 -0.302315 0.277217 -0.861660 -0.366101 -0.351443 255 255 255 1.000000
-0.331653 -0.281391 0.196637 -0.342830 0.732210 0.588504 255 255 255 1.000000
-0.351484 -0.446773 0.403888 -0.998615 -0.046028 -0.025495 255 255 255 1.000000
-0.184602 -0.178460 0.033602 0.000000 0.987684 -0.156459 255 255 255 1.000000
-0.310427 -0.110739 0.439184 0.236638 0.825203 -0.512877 255 255 255 1.000000
0.066434 -0.043721 0.196118 0.050320 -0.998637 0.013821 255 255 255 1.000000
-0.150977 0.171603 -0.146692 0.261937 0.359768 0.895520 255 255 255 1.000000
-0.348257 -0.553683 0.429550 0.908450 -0.200909 -0.366544 255 255 255 1.000000
-0.327892 -0.185805 0.115873 -0.848801 -0.433767 -0.302296 255 255 255 1.000000
-0.051463 0.570877 -0.254440 -0.049230 -0.206822 -0.977139 255 255 255 1.000000
0.370586 -0.076700 0.127121 -0.945703 0.319986 0.057054 255 255 255 1.000000
0.414175 -0.390222 -0.185898 -0.915117 -0.250511 0.315920 255 255 255 1.000000
-0.407540 -0.635837 -0.310341 -0.427321 -0.287448 0.857188 255 255 255 1.000000
0.262469 -0.045644 -0.171635 -0.680665 0.213112 -0.700913 255 255 255 1.000000
-0.383564 -0.069222 0.364473 0.614289 0.156310 0.773445 255 255 255 1.000000
-0.314432 0.481698 -0.165877 0.395660 0.261510 0.880378 255 255 255 1.000000
0.246904 -0.026646 0.231107 -0.132908 0.990683 -0.029705 255 255 255 1.000000
0.168341 -0.043645 0.070305 -0.088083 0.995150 -0.043804 255 255 255 1.000000
0.171427 -0.128931 0.447659 -0.115159 0.845996 -0.520605 255 255 255 1.000000
-0.354295 -0.316927 0.286786 -0.989374 0.094721 0.110306 255 255 255 1.000000
-0.349264 -0.198809 0.145455 -0.670892 0.617405 0.410749 255 255 255 1.000000
-0.325201 0.260913 -0.136420 0.795412 0.060121 -0.603080 255 255 255 1.000000
0.282303 -0.112063 0.005916 -0.260246 0.929867 0.260039 255 255 255 1.000000
-0.302590 -0.709511 0.549517 -0.999765 -0.011455 0.018419 255 255 255 1.000000
-0.399325 -0.375181 -0.169566 -0.986753 0.147791 -0.066912 255 255 255 1.000000
0.295148 0.693093 -0.254847 -0.812399 0.184187 0.553248 255 255 255 1.000000
-0.307915 0.208217 -0.164012 0.540636 -0.042476 0.840183 255 255 255 1.000000
-0.426299 -0.531232 -0.262786 0.817338 -0.276199 0.505641 255 255 255 1.000000
-0.280436 0.451012 -0.172523 -0.365608 -0.262410 -0.893013 255 255 255 1.000000
-0.148842 -0.048100 -0.013375 -0.306831 -0.926282 -0.218761 255 255 255 1.000000
0.352083 -0.009905 0.264955 0.105207 0.993939 0.031891 255 255 255 1.000000
0.242669 -0.089711 -0.194502 0.768569 0.543638 0.337284 255 255 255 1.000000
-0.296127 0.569057 -0.222335 0.830312 0.170304 0.530640 255 255 255 1.000000
-0.006336 -0.037514 0.346248 -0.006660 0.999916 0.011145 255 255 255 1.000000
0.122022 -0.051502 -0.049356 -0.088594 0.995672 -0.028088 255 255 255 1.000000
-0.245273 -0.028696 0.210132 -0.064068 -0.977876 0.199133 255 255 255 1.000000
-0.313503 -0.149023 0.002462 0.000000 0.105813 -0.994386 255 255 255 1.000000
0.320125 0.380238 -0.177716 -0.619077 0.165539 0.767686 255 255 255 1.000000
-0.231592 0.172243 -0.169162 -0.986445 -0.125485 0.105732 255 255 255 1.000000
0.289923 0.660197 -0.251384 0.808141 -0.182695 -0.559937 255 255 255 1.000000
-0.243448 0.232572 -0.174101 0.983803 0.154424 -0.091018 255 255 255 1.000000
0.295139 0.099485 -0.181550 0.366143 0.157030 -0.917214 255 255 255 1.000000
0.407345 -0.331224 -0.123505 0.697010 -0.392573 0.600053 255 255 255 1.000000
-0.372145 -0.015967 0.235306 -0.644200 0.764758 0.012341 255 255 255 1.000000
-0.388894 -0.459733 -0.205797 0.863490 -0.297871 0.407011 255 255 255 1.000000
0.093108 -0.126154 0.022065 0.000000 0.961777 -0.273834 255 255 255 1.000000
0.145586 -0.171697 0.047421 0.000000 0.739575 -0.673074 255 255 255 1.000000
-0.380170 -0.036227 0.407236 -0.791784 0.521005 0.318799 255 255 255 1.000000
0.031148 -0.047245 0.140682 -0.036750 0.999237 -0.013194 255 255 255 1.000000
0.225197 0.039962 -0.180342 -0.983898 0.092626 0.152854 255 255 255 1.000000
-0.330517 0.329213 -0.156881 0.715649 0.121235 0.687858 255 255 255 1.000000
-0.177204 -0.037514 0.184595 -0.050939 -0.992148 0.114222 255 255 255 1.000000
-0.092239 -0.129982 0.045325 0.000000 -0.808773 -0.588121 255 255 255 1.000000
0.287000 0.040432 -0.196559 -0.251254 -0.180339 0.950973 255 255 255 1.000000
-0.340250 0.529826 -0.175050 -0.099092 0.311469 0.945076 255 255 255 1.000000
-0.363825 -0.482252 0.400949 0.898527 0.236642 0.369662 255 255 255 1.000000
0.371506 -0.072917 0.151686 0.948199 -0.313097 -0.053750 255 255 255 1.000000
0.301204 0.076636 -0.157512 0.430164 -0.027738 0.902325 255 255 255 1.000000
-0.362308 -0.729100 0.570847 0.000638 0.395036 -0.918665 255 255 255 1.000000
-0.039412 0.744846 -0.321698 -0.033795 -0.893097 -0.448593 255 255 255 1.000000
0.260234 0.057636 -0.131858 0.376509 0.912879 0.157773 255 255 255 1.000000
-0.025254 0.458837 -0.231617 0.037820 0.220810 0.974583 255 255 255 1.000000
-0.181394 0.647684 -0.253502 0.158248 0.240733 0.957604 255 255 255 1.000000
-0.058888 0.189479 -0.167988 -0.105177 -0.166561 -0.980406 255 255 255 1.000000
0.391602 -0.669186 -0.303576 0.936414 0.001672 0.350894 255 255 255 1.000000
0.367944 -0.045670 0.042871 0.998293 -0.021536 -0.054291 255 255 255 1.000000
-0.189450 0.225818 -0.146845 0.243437 0.199820 0.949110 255 255 255 1.000000
-0.455712 -0.702132 -0.299773 0.979788 -0.174008 0.098676 255 255 255 1.000000
-0.073464 -0.055175 -0.034212 0.673894 0.092886 0.732966 255 255 255 1.000000
-0.136462 -0.036271 0.382159 -0.061959 -0.984360 -0.164917 255 255 255 1.000000
0.336051 -0.142011 0.054446 0.000000 -0.366771 -0.930311 255 255 255 1.000000
0.418450 -0.519284 -0.250716 0.981682 0.148945 -0.118805 255 255 255 1.000000
-0.145947 -0.044033 0.101950 -0.123909 0.943070 -0.308650 255 255 255 1.000000
0.175614 0.705592 -0.266992 -0.129898 0.288425 0.948650 255 255 255 1.000000
0.010104 -0.110986 -0.187188 0.008147 0.990427 -0.137799 255 255 255 1.000000
0.379773 -0.418435 -0.182073 0.734131 0.396776 -0.551017 255 255 255 1.000000
0.338643 -0.542097 0.466568 0.383708 0.472614 0.793350 255 255 255 1.000000
0.264423 -0.096700 -0.062223 -0.372657 -0.917232 -0.140753 255 255 255 1.000000
0.104558 -0.053435 -0.086494 0.084391 -0.996431 0.001991 255 255 255 1.000000
0.110288 0.188872 -0.158821 0.196461 -0.178816 -0.964068 255 255 255 1.000000
-0.226919 0.243444 -0.140543 0.266549 0.204066 0.941971 255 255 255 1.000000
-0.351531 -0.017961 -0.019892 -0.237415 0.971393 -0.005521 255 255 255 1.000000
0.243897 0.471419 -0.195152 0.327571 -0.254371 -0.909941 255 255 255 1.000000
-0.313903 0.277430 -0.128310 0.307608 -0.077252 -0.948372 255 255 255 1.000000
-0.383330 -0.061223 0.321270 0.930964 0.306551 0.198324 255 255 255 1.000000
-0.083439 0.219545 -0.168787 -0.135154 -0.184211 -0.973550 255 255 255 1.000000
0.376071 -0.037089 0.282568 0.997329 -0.070988 -0.017221 255 255 255 1.000000
0.158583 0.687122 -0.264214 0.144831 -0.270074 -0.951885 255 255 255 1.000000
0.361359 0.694543 -0.246164 0.738520 0.337910 0.583443 255 255 255 1.000000
-0.325839 -0.463871 0.410958 -0.766633 -0.375055 -0.521160 255 255 255 1.000000
0.092402 -0.045074 0.156288 -0.064333 0.997699 -0.021406 255 255 255 1.000000
0.287880 -0.108899 -0.174098 -0.700004 0.705249 -0.112326 255 255 255 1.000000
-0.017220 -0.038643 0.327746 0.002598 -0.999944 -0.010268 255 255 255 1.000000
0.261840 0.059595 -0.201805 0.168032 0.130774 -0.977069 255 255 255 1.000000
-0.083548 0.020624 -0.170024 0.183780 -0.468363 0.864211 255 255 255 1.000000
-0.354928 -0.018983 0.012955 0.258006 -0.966043 0.013931 255 255 255 1.000000
-0.247369 -0.179168 0.027824 0.000000 -0.998349 -0.057437 255 255 255 1.000000
0.009508 -0.044886 0.194599 0.023867 -0.999691 0.007001 255 255 255 1.000000
-0.278844 -0.136744 0.052088 0.000000 -0.555064 -0.831808 255 255 255 1.000000
-0.260097 -0.029985 -0.119298 0.244976 0.567946 0.785764 255 255 255 1.000000
-0.273248 -0.031297 -0.151920 -0.008347 0.573343 -0.819273 255 255 255 1.000000
-0.385165 -0.406363 -0.177431 0.823224 -0.335051 0.458304 255 255 255 1.000000
-0.115905 -0.042910 0.167815 -0.204048 0.922251 -0.328356 255 255 255 1.000000
-0.352935 -0.060269 -0.131034 -0.883584 -0.128113 -0.450407 255 255 255 1.000000
0.252978 0.144931 -0.190001 0.161149 0.090337 -0.982787 255 255 255 1.000000
-0.280647 0.326518 -0.189785 0.190971 0.125596 0.973527 255 255 255 1.000000
-0.342576 -0.040156 -0.150403 -0.793105 -0.017147 -0.608844 255 255 255 1.000000
-0.221834 0.011814 -0.143453 0.041499 -0.360651 0.931777 255 255 255 1.000000
0.358955 -0.092841 0.028430 -0.547678 0.836248 0.027165 255 255 255 1.000000
-0.121032 -0.038863 0.246416 -0.024218 0.992658 -0.118508 255 255 255 1.000000
0.295642 -0.730414 0.547361 -0.999832 -0.007916 -0.016531 255 255 255 1.000000
0.344758 -0.241710 0.145793 0.434931 -0.736319 -0.518334 255 255 255 1.000000
0.192533 0.401955 -0.190911 0.267704 -0.250902 -0.930260 255 255 255 1.000000
-0.207092 -0.039719 -0.145060 0.136586 -0.132233 0.981763 255 255 255 1.000000
-0.352929 -0.576513 0.483729 -0.723090 0.335573 0.603764 255 255 255 1.000000
-0.414737 -0.396397 -0.163253 -0.552512 -0.434795 0.711114 255 255 255 1.000000
-0.284362 -0.144039 -0.055517 -0.133750 0.932004 -0.336866 255 255 255 1.000000
-0.247368 0.225157 -0.131217 0.267292 0.195360 0.943605 255 255 255 1.000000
-0.400178 -0.192589 -0.024508 -0.993218 0.115419 0.014020 255 255 255 1.000000
0.291726 0.145172 -0.176529 -0.413158 -0.122301 0.902410 255 255 255 1.000000
-0.414680 -0.334537 -0.125925 -0.697619 -0.390505 0.600694 255 255 255 1.000000
-0.322101 -0.228535 0.148477 0.984853 -0.136121 -0.107405 255 255 255 1.000000
-0.162603 0.152600 -0.140750 0.101619 0.993925 -0.042277 255 255 255 1.000000
-0.213822 -0.128633 0.043975 0.000000 -0.847252 -0.531191 255 255 255 1.000000
0.198630 -0.040408 0.008657 0.120261 -0.992572 0.018406 255 255 255 1.000000
-0.184308 -0.044338 0.003605 -0.150168 -0.988070 -0.034163 255 255 255 1.000000
0.288857 0.543690 -0.197179 0.356440 -0.265795 -0.895714 255 255 255 1.000000
0.336384 -0.337648 0.313474 -0.818987 -0.398409 -0.412953 255 255 255 1.000000
-0.058564 0.250433 -0.178618 -0.097826 -0.193722 -0.976167 255 255 255 1.000000
0.313788 -0.605469 0.483578 0.988693 -0.064252 -0.135494 255 255 255 1.000000
0.362814 -0.235305 -0.045321 -0.636115 -0.532220 0.558658 255 255 255 1.000000
0.379009 -0.401070 -0.197086 -0.652550 0.357132 -0.668308 255 255 255 1.000000
-0.340092 -0.448286 0.357952 -0.556779 -0.534120 -0.636170 255 255 255 1.000000
-0.181648 0.152165 -0.136391 -0.162415 -0.984866 0.060504 255 255 255 1.000000
0.396959 -0.650575 -0.284080 -0.465606 -0.328316 0.821839 255 255 255 1.000000
0.382581 -0.368575 -0.182955 0.543155 -0.428591 0.722005 255 255 255 1.000000
0.122055 -0.133892 0.448021 -0.078233 0.899858 -0.429109 255 255 255 1.000000
0.293417 0.431452 -0.160591 0.354765 -0.246591 -0.901851 255 255 255 1.000000
-0.091459 -0.041653 0.225452 0.237539 -0.922110 0.305431 255 255 255 1.000000
0.363849 -0.074002 -0.025287 0.967382 -0.240913 -0.078310 255 255 255 1.000000
-0.313004 -0.017582 -0.136197 -0.254910 -0.753784 -0.605665 255 255 255 1.000000
-0.153870 0.074108 -0.151235 -0.146708 0.818295 -0.555761 255 255 255 1.000000
-0.295593 0.499203 -0.202165 -0.826684 -0.185916 -0.531064 255 255 255 1.000000
0.368325 -0.095939 0.392248 0.661409 -0.701220 -0.266136 255 255 255 1.000000
-0.262302 -0.038114 0.423788 -0.104243 -0.952101 -0.287465 255 255 255 1.000000
0.316738 -0.629068 0.485788 0.997266 0.042303 0.060589 255 255 255 1.000000
-0.350063 -0.018408 0.044784 -0.127734 0.991731 -0.012371 255 255 255 1.000000
-0.203950 -0.042443 0.030867 0.039239 -0.937137 0.346747 255 255 255 1.000000
-0.231663 0.474959 -0.202518 0.327893 0.258943 0.908534 255 255 255 1.000000
0.159604 0.249939 -0.159497 0.236857 -0.207780 -0.949066 255 255 255 1.000000
0.400876 -0.124602 0.030932 0.000000 -0.998414 -0.056298 255 255 255 1.000000
-0.259213 -0.166788 0.052331 0.000000 -0.544799 0.838567 255 255 255 1.000000
0.333211 -0.018403 0.096647 0.027650 -0.998406 0.049207 255 255 255 1.000000
-0.377540 -0.090353 0.422237 0.250600 0.052928 -0.966643 255 255 255 1.000000
-0.164754 -0.125722 0.023677 0.000000 -0.976970 0.213376 255 255 255 1.000000
0.343727 -0.573626 0.483553 0.505277 0.416360 0.755870 255 255 255 1.000000
0.176323 -0.029727 0.323969 0.099625 -0.995013 0.004927 255 255 255 1.000000
0.318469 -0.252833 0.172734 0.885157 0.367877 0.284892 255 255 255 1.000000
-0.015804 -0.057192 -0.049563 -0.152404 0.973266 -0.171832 255 255 255 1.000000
0.298700 -0.003458 -0.145859 0.738788 -0.089402 0.667982 255 255 255 1.000000
0.336360 0.308808 -0.149910 -0.788363 0.051394 -0.613060 255 255 255 1.000000
-0.394197 -0.319130 -0.102800 0.048271 0.611132 -0.790056 255 255 255 1.000000
0.014193 -0.042287 0.244455 -0.022354 0.999749 -0.001227 255 255 255 1.000000
-0.415327 -0.671501 -0.255453 -0.027197 0.989678 -0.140702 255 255 255 1.000000
-0.246170 -0.032499 0.124664 -0.076103 0.844097 -0.530762 255 255 255 1.000000
0.198014 0.674150 -0.252696 0.170500 -0.262716 -0.949689 255 255 255 1.000000
-0.096958 -0.037874 0.296432 -0.047051 0.994227 -0.096426 255 255 255 1.000000
0.434687 -0.750534 -0.288313 0.005778 -0.774061 -0.633085 255 255 255 1.000000
-0.367263 0.636706 -0.247318 0.999581 0.009991 -0.027182 255 255 255 1.000000
0.297489 -0.726039 0.497873 0.055475 0.506908 0.860213 255 255 255 1.000000
0.244038 -0.035096 0.016676 0.140415 -0.990006 0.013127 255 255 255 1.000000
0.195494 -0.127207 0.432209 0.114886 -0.986104 0.120004 255 255 255 1.000000
0.293125 -0.026682 0.404932 0.097662 -0.958035 -0.269500 255 255 255 1.000000
-0.169378 0.741534 -0.294442 0.132891 0.766070 0.628870 255 255 255 1.000000
0.220123 -0.039801 -0.039417 0.143946 -0.989481 0.014408 255 255 255 1.000000
-0.038599 0.710849 -0.281998 0.021241 0.613540 0.789378 255 255 255 1.000000
-0.102106 -0.084336 0.461311 0.012262 -0.419281 -0.907774 255 255 255 1.000000
0.282785 -0.027832 -0.050890 0.199472 -0.978758 -0.047372 255 255 255 1.000000
0.305491 0.365615 -0.140040 -0.143476 0.178885 0.973352 255 255 255 1.000000
-0.133330 0.426430 -0.213243 -0.172475 -0.235799 -0.956374 255 255 255 1.000000
-0.233067 -0.004853 -0.177265 0.948057 0.173041 0.266919 255 255 255 1.000000
-0.128526 -0.051163 -0.080265 -0.095697 -0.995410 -0.000635 255 255 255 1.000000
0.351057 -0.176115 0.088267 0.908457 0.348727 0.230425 255 255 255 1.000000
0.327699 0.381935 -0.142274 0.303692 0.110658 0.946322 255 255 255 1.000000
-0.346798 -0.175841 0.111985 -0.227320 -0.826706 -0.514668 255 255 255 1.000000
0.146980 0.474929 -0.224453 -0.186070 0.230184 0.955193 255 255 255 1.000000
0.391006 -0.615305 -0.293239 -0.837161 0.153297 -0.525034 255 255 255 1.000000
0.051935 -0.057363 -0.102040 -0.530720 0.847273 -0.021558 255 255 255 1.000000
-0.248291 0.588415 -0.226328 0.292621 0.237861 0.926172 255 255 255 1.000000
0.230081 0.729858 -0.268965 -0.742880 0.239595 0.625079 255 255 255 1.000000
-0.023176 -0.048294 0.413175 -0.007665 -0.969624 -0.244481 255 255 255 1.000000
0.332963 0.491111 -0.163110 -0.111853 -0.216749 -0.969798 255 255 255 1.000000
0.124997 -0.173183 0.045935 0.000000 0.789722 -0.613464 255 255 255 1.000000
0.153511 0.182996 -0.147067 -0.238217 0.187561 0.952929 255 255 255 1.000000
-0.224222 -0.016378 -0.146168 0.098021 -0.180321 0.978711 255 255 255 1.000000
-0.007529 -0.060991 0.445980 0.008047 -0.821081 -0.570755 255 255 255 1.000000
-0.232249 0.052098 -0.167415 -0.978030 -0.110798 -0.176584 255 255 255 1.000000
-0.288898 0.621884 -0.221266 -0.276976 -0.271298 -0.921782 255 255 255 1.000000
0.241043 0.229035 -0.131840 -0.275815 0.193740 0.941483 255 255 255 1.000000
-0.327194 0.378751 -0.177206 0.622557 0.163973 0.765203 255 255 255 1.000000
0.250990 0.195111 -0.123189 -0.257506 0.179121 0.949529 255 255 255 1.000000
0.200413 0.653620 -0.247957 -0.182205 0.223018 0.957635 255 255 255 1.000000
0.051138 0.424121 -0.221445 0.056580 -0.221815 -0.973446 255 255 255 1.000000
0.118914 -0.046097 0.095433 -0.073744 0.996768 -0.031880 255 255 255 1.000000
0.383920 -0.220268 -0.072156 -0.581793 -0.595540 0.553939 255 255 255 1.000000
0.271872 0.201329 -0.118807 0.253691 -0.172803 -0.951725 255 255 255 1.000000
-0.044743 -0.072241 -0.192447 -0.032911 0.468219 -0.883000 255 255 255 1.000000
-0.325572 0.299300 -0.151713 -0.723116 -0.099598 -0.683509 255 255 255 1.000000
-0.122385 0.360853 -0.195467 -0.170038 -0.250200 -0.953146 255 255 255 1.000000
0.005971 -0.052821 0.037135 -0.035139 0.998931 -0.030031 255 255 255 1.000000
-0.347606 0.493867 -0.175315 0.964670 -0.006452 -0.263381 255 255 255 1.000000
-0.259312 0.132699 -0.123697 -0.264924 -0.542851 0.796949 255 255 255 1.000000
-0.202356 -0.030969 0.374019 -0.088428 -0.983430 -0.158259 255 255 255 1.000000
-0.030060 0.160261 -0.165396 0.135625 -0.731885 -0.667795 255 255 255 1.000000
0.231170 -0.129124 0.044466 0.000000 0.833821 0.552034 255 255 255 1.000000
-0.293832 0.346298 -0.140724 -0.330108 -0.213638 -0.919449 255 255 255 1.000000
0.369704 -0.265724 -0.101459 0.808463 -0.325653 0.490242 255 255 255 1.000000
0.316774 -0.277758 0.227753 0.895237 -0.331568 -0.297681 255 255 255 1.000000
0.301295 -0.126697 0.020035 0.000000 -0.937425 0.348186 255 255 255 1.000000
0.304600 -0.022400 -0.057479 0.211230 -0.976086 -0.051355 255 255 255 1.000000
-0.181116 0.573848 -0.240265 -0.198413 -0.224514 -0.954058 255 255 255 1.000000
0.283251 0.248319 -0.172117 0.456345 -0.066636 -0.887304 255 255 255 1.000000
-0.302576 -0.732942 0.552312 0.999862 -0.011141 -0.012308 255 255 255 1.000000
-0.318689 -0.740019 0.567274 0.061856 -0.553498 0.830550 255 255 255 1.000000
-0.322198 0.663429 -0.257561 -0.238659 -0.307312 -0.921196 255 255 255 1.000000
-0.437639 -0.756629 -0.262447 -0.113373 0.950011 0.290906 255 255 255 1.000000
0.021057 -0.053565 0.017540 -0.042666 0.998585 -0.031744 255 255 255 1.000000
-0.328808 -0.432994 0.388218 0.614791 0.466817 0.635699 255 255 255 1.000000
-0.381961 -0.719018 0.519465 -0.999178 0.007569 -0.039829 255 255 255 1.000000
-0.149784 -0.040965 0.161613 -0.001601 0.987481 -0.157729 255 255 255 1.000000
-0.244927 -0.036873 -0.008318 0.146504 0.987327 0.061013 255 255 255 1.000000
0.352022 -0.021458 -0.034878 0.462550 0.886532 -0.010443 255 255 255 1.000000
0.224495 0.069320 -0.136001 -0.105522 0.683389 -0.722388 255 255 255 1.000000
-0.286315 -0.155542 -0.003585 -0.005486 0.999421 -0.033577 255 255 255 1.000000
0.263015 0.331090 -0.166310 -0.821233 0.258243 0.508809 255 255 255 1.000000
-0.240474 0.456532 -0.192926 -0.335283 -0.262973 -0.904671 255 255 255 1.000000
0.054739 -0.055846 -0.042551 0.059878 -0.997526 0.036829 255 255 255 1.000000
-0.315023 -0.022280 0.128627 -0.149602 -0.958497 -0.242698 255 255 255 1.000000
0.130066 0.379301 -0.200115 0.179155 -0.244405 -0.952979 255 255 255 1.000000
-0.359194 -0.295418 0.223058 -0.751382 -0.496964 -0.434111 255 255 255 1.000000
0.300715 -0.017802 -0.201045 0.693987 -0.006510 -0.719958 255 255 255 1.000000
-0.409472 -0.124363 0.030038 0.000000 0.999726 0.023409 255 255 255 1.000000
0.296633 0.268784 -0.164828 -0.604994 0.084647 0.791718 255 255 255 1.000000
0.013858 -0.037304 0.345466 -0.015846 0.999788 0.013135 255 255 255 1.000000
0.233499 0.137057 -0.126798 0.396215 -0.710446 -0.581618 255 255 255 1.000000
0.011772 -0.124215 0.029299 0.000000 0.999994 -0.003395 255 255 255 1.000000
-0.310724 -0.023586 -0.040704 -0.214052 -0.974718 -0.064087 255 255 255 1.000000
-0.357351 -0.104455 0.416354 0.604618 -0.465200 0.646549 255 255 255 1.000000
-0.155259 -0.173385 0.013054 0.000000 0.796146 0.605104 255 255 255 1.000000
0.243933 -0.035277 0.054211 -0.132780 0.990807 -0.025896 255 255 255 1.000000
0.243583 -0.024038 -0.144724 -0.952309 0.017044 -0.304658 255 255 255 1.000000
0.332196 -0.183035 0.051076 0.320649 -0.793424 -0.517361 255 255 255 1.000000
-0.168590 -0.046181 -0.129524 -0.180707 -0.669805 -0.720213 255 255 255 1.000000
-0.019339 -0.059395 -0.138485 -0.966932 -0.254265 -0.019793 255 255 255 1.000000
-0.038924 -0.046703 0.157630 0.357970 -0.847825 0.391217 255 255 255 1.000000
-0.264467 -0.057975 -0.165303 -0.184816 -0.221789 -0.957420 255 255 255 1.000000
-0.074199 0.377259 -0.205779 0.102580 0.243245 0.964525 255 255 255 1.000000
-0.213878 -0.061569 0.449547 -0.007956 -0.598461 -0.801113 255 255 255 1.000000
-0.173352 0.040807 -0.150319 0.165130 -0.596440 0.785488 255 255 255 1.000000
-0.061949 -0.038092 0.314806 0.034996 -0.997876 0.054940 255 255 255 1.000000
-0.247860 -0.101743 -0.040816 -0.349091 0.923074 0.161460 255 255 255 1.000000
-0.369344 -0.127509 0.041781 0.000000 -0.891538 -0.452946 255 255 255 1.000000
-0.023320 -0.055590 -0.019324 0.240431 -0.932754 0.268633 255 255 255 1.000000
-0.029147 -0.107083 -0.191344 -0.034874 -0.305684 -0.951494 255 255 255 1.000000
0.072790 0.746087 -0.322821 0.032751 -0.905268 -0.423577 255 255 255 1.000000
-0.212400 0.696310 -0.263260 0.184321 0.299055 0.936265 255 255 255 1.000000
-0.347514 -0.679894 0.563228 0.016221 -0.834837 -0.550258 255 255 255 1.000000
-0.035285 0.423560 -0.221852 0.050157 0.229480 0.972020 255 255 255 1.000000
0.353651 -0.364506 0.301456 0.922011 -0.263594 -0.283574 255 255 255 1.000000
-0.318140 0.626783 -0.212480 0.287072 0.291752 0.912398 255 255 255 1.000000
-0.379834 -0.067458 0.185861 -0.951670 -0.303422 -0.047533 255 255 255 1.000000
-0.380429 -0.041946 0.170123 -0.998207 -0.048147 -0.035568 255 255 255 1.000000
0.181171 -0.044059 -0.025621 0.118035 -0.992739 0.023160 255 255 255 1.000000
0.137514 -0.032826 0.333862 -0.077757 0.996970 0.002337 255 255 255 1.000000
0.213930 0.184451 -0.131752 0.582710 -0.087830 -0.807920 255 255 255 1.000000
0.091844 0.575940 -0.251265 -0.085023 0.184424 0.979162 255 255 255 1.000000
0.301713 0.352862 -0.184218 -0.494541 0.157586 0.854749 255 255 255 1.000000
-0.294625 0.742011 -0.275066 0.027220 0.915724 -0.400885 255 255 255 1.000000
0.315401 -0.103676 0.441177 0.169543 -0.738193 0.652936 255 255 255 1.000000
-0.124239 0.026746 -0.161643 -0.210786 0.505334 -0.836783 255 255 255 1.000000
-0.031370 0.273824 -0.185876 -0.057790 -0.201516 -0.977779 255 255 255 1.000000
0.345328 -0.458259 0.413560 -0.480262 -0.513374 -0.711193 255 255 255 1.000000
-0.139694 0.100969 -0.151618 -0.116475 0.931876 -0.343572 255 255 255 1.000000
-0.276362 -0.091087 0.452654 0.167472 0.139772 -0.975918 255 255 255 1.000000
-0.337515 -0.212046 0.098962 -0.400273 0.759990 0.512051 255 255 255 1.000000
-0.020955 0.361688 -0.204802 0.031680 0.241724 0.969828 255 255 255 1.000000
0.393804 -0.206473 -0.043036 -0.612747 -0.576349 0.540706 255 255 255 1.000000
0.412336 -0.586034 -0.295493 0.629941 0.305910 -0.713858 255 255 255 1.000000
-0.163268 0.421971 -0.204805 -0.218213 -0.244816 -0.944695 255 255 255 1.000000
0.176002 -0.044896 0.033686 -0.091100 0.994644 -0.048836 255 255 255 1.000000
-0.272392 -0.022256 0.258946 0.118114 0.987197 -0.107199 255 255 255 1.000000
-0.097033 0.435058 -0.219390 0.129103 0.234764 0.963441 255 255 255 1.000000
0.247860 0.173014 -0.122725 0.478670 -0.846954 -0.231396 255 255 255 1.000000
0.327633 -0.493136 0.392552 -0.938201 -0.219671 -0.267440 255 255 255 1.000000
0.108893 0.487346 -0.233427 -0.127516 0.218493 0.967471 255 255 255 1.000000
-0.238134 -0.036619 -0.176808 0.912522 0.043615 0.406696 255 255 255 1.000000
0.250903 -0.039397 0.427612 -0.097110 0.949129 0.299541 255 255 255 1.000000
-0.357138 -0.229245 0.179108 -0.799820 0.481416 0.358506 255 255 255 1.000000
0.043403 -0.097573 -0.192018 0.049882 -0.219342 -0.974372 255 255 255 1.000000
0.292524 0.104241 -0.150254 0.028933 0.112584 -0.993221 255 255 255 1.000000
0.237670 0.237988 -0.170252 -0.983738 0.176996 -0.030520 255 255 255 1.000000
-0.034901 0.532904 -0.249288 0.040668 0.210034 0.976848 255 255 255 1.000000
0.367362 -0.716180 0.573900 0.063433 -0.308738 0.949030 255 255 255 1.000000
0.014906 0.513536 -0.246734 0.007481 -0.200617 -0.979641 255 255 255 1.000000
-0.020571 0.668368 -0.270110 0.008190 0.222308 0.974942 255 255 255 1.000000
0.077398 0.293567 -0.185689 0.123864 -0.221628 -0.967233 255 255 255 1.000000
-0.382162 -0.722894 0.555989 0.999979 0.002125 0.006140 255 255 255 1.000000
-0.350185 0.520965 -0.193168 -0.983012 0.017952 0.182659 255 255 255 1.000000
0.338957 0.617294 -0.202724 -0.069111 -0.332321 -0.940631 255 255 255 1.000000
-0.231553 0.009048 -0.190127 0.992728 -0.013258 -0.119649 255 255 255 1.000000
-0.107506 -0.047469 0.082943 0.436452 -0.688272 0.579475 255 255 255 1.000000
-0.284908 -0.091114 -0.088716 0.183186 0.928279 0.323638 255 255 255 1.000000
0.370050 -0.722988 -0.287740 0.999832 0.017167 -0.006358 255 255 255 1.000000
-0.252514 0.074001 -0.154460 0.116969 -0.030042 0.992681 255 255 255 1.000000
-0.057664 0.313439 -0.192551 -0.087628 -0.222138 -0.971069 255 255 255 1.000000
0.003202 0.323547 -0.196509 0.005260 0.224491 0.974462 255 255 255 1.000000
-0.351084 -0.269665 0.236278 -0.997863 0.058647 0.028825 255 255 255 1.000000
-0.299929 0.177863 -0.132187 0.539488 0.795263 -0.276603 255 255 255 1.000000
0.279347 0.390662 -0.155789 -0.332134 0.235695 0.913310 255 255 255 1.000000
0.301011 -0.178753 0.026275 0.000000 -0.993331 -0.115299 255 255 255 1.000000
0.051286 -0.041037 0.254404 0.039779 -0.999185 0.006850 255 255 255 1.000000
-0.061596 0.001453 -0.174425 -0.116635 0.173505 -0.977902 255 255 255 1.000000
-0.216051 -0.032342 0.218468 -0.081952 -0.991808 0.097980 255 255 255 1.000000
0.381104 -0.478969 -0.234256 -0.981615 0.014780 -0.190299 255 255 255 1.000000
0.167583 -0.046231 -0.095666 -0.134439 0.990748 0.018564 255 255 255 1.000000
-0.307673 -0.115125 -0.135334 0.466283 0.428287 -0.774048 255 255 255 1.000000
-0.011467 0.563087 -0.253562 0.008921 0.197829 0.980196 255 255 255 1.000000
0.082641 -0.055896 -0.168835 0.102906 -0.994663 -0.007435 255 255 255 1.000000
0.092492 -0.052758 -0.000763 0.071434 -0.996882 0.033507 255 255 255 1.000000
-0.276057 0.157267 -0.117785 0.254956 0.338308 -0.905839 255 255 255 1.000000
0.170968 0.215649 -0.149030 0.247822 -0.201788 -0.947558 255 255 255 1.000000
0.302530 0.053707 -0.145277 -0.783822 0.080016 -0.615809 255 255 255 1.000000
0.335464 0.455522 -0.155772 0.307205 0.165516 0.937139 255 255 255 1.000000
-0.186747 0.127034 -0.137921 0.134012 0.967947 -0.212415 255 255 255 1.000000
0.351949 -0.488652 0.399553 -0.863788 0.287385 0.413859 255 255 255 1.000000
0.001614 -0.050956 0.075773 -0.030313 0.999233 -0.024770 255 255 255 1.000000
0.263980 0.004373 -0.137962 -0.764714 -0.154898 -0.625475 255 255 255 1.000000
-0.229019 -0.036312 0.093155 -0.023800 0.935315 -0.353014 255 255 255 1.000000
-0.218434 0.273204 -0.149781 -0.273753 -0.215954 -0.937242 255 255 255 1.000000
0.012478 -0.049202 0.107412 -0.032057 0.999298 -0.019390 255 255 255 1.000000
-0.327819 -0.160719 0.071002 0.945204 0.276909 0.172947 255 255 255 1.000000
-0.334295 -0.595599 0.455557 -0.537163 0.421584 0.730564 255 255 255 1.000000
-0.361824 -0.093111 0.001258 0.082680 -0.983424 -0.161375 255 255 255 1.000000
-0.070076 0.400200 -0.212685 -0.095601 -0.238982 -0.966306 255 255 255 1.000000
0.342250 0.681288 -0.242065 -0.812961 0.171445 0.556508 255 255 255 1.000000
0.107074 0.378246 -0.202470 -0.144750 0.242662 0.959251 255 255 255 1.000000
-0.168719 -0.045932 0.029834 0.108922 -0.932486 0.344393 255 255 255 1.000000
0.292031 0.712870 -0.247993 -0.173673 0.308526 0.935227 255 255 255 1.000000
-0.286095 0.005029 -0.205472 0.240459 -0.169937 0.955668 255 255 255 1.000000
0.311512 0.233294 -0.137115 -0.974115 0.090139 -0.207303 255 255 255 1.000000
0.077274 0.410539 -0.215243 0.092713 -0.233186 -0.968002 255 255 255 1.000000
-0.303110 -0.735104 0.517522 -0.999114 0.013686 0.039803 255 255 255 1.000000
-0.376131 -0.686683 0.507345 0.049300 0.356468 -0.933006 255 255 255 1.000000
0.370299 -0.704180 -0.283751 -0.996585 0.071566 -0.041195 255 255 255 1.000000
-0.190091 -0.044089 -0.097456 0.179622 0.879769 0.440161 255 255 255 1.000000
0.256563 0.352166 -0.154789 -0.310241 0.229679 0.922496 255 255 255 1.000000
-0.209782 -0.134673 0.008770 0.000000 0.640868 -0.767651 255 255 255 1.000000
0.060797 -0.050548 0.065107 0.054798 -0.998240 0.022680 255 255 255 1.000000
-0.283385 0.494846 -0.184173 0.374688 0.265236 0.888403 255 255 255 1.000000
-0.173914 -0.035739 0.223775 -0.060716 -0.994531 0.084979 255 255 255 1.000000
-0.101803 -0.054433 -0.131149 0.094882 0.995487 0.001557 255 255 255 1.000000
0.318570 -0.019885 -0.045090 -0.218130 0.974441 0.053694 255 255 255 1.000000
0.368565 -0.077794 0.062487 -0.963937 0.258984 0.061266 255 255 255 1.000000
-0.110068 0.675404 -0.268323 0.081841 0.254322 0.963650 255 255 255 1.000000
0.161086 -0.036080 -0.159504 -0.183357 -0.102018 0.977738 255 255 255 1.000000
-0.351940 0.454270 -0.162250 0.709527 -0.076992 -0.700459 255 255 255 1.000000
0.224077 0.078986 -0.182739 -0.997899 -0.025396 -0.059608 255 255 255 1.000000
-0.336002 0.445006 -0.188887 -0.596400 -0.210921 -0.774480 255 255 255 1.000000
0.351481 -0.334815 0.265112 -0.913560 0.296319 0.278573 255 255 255 1.000000
0.054007 0.277440 -0.185203 0.093874 -0.210267 -0.973127 255 255 255 1.000000
-0.036316 -0.058950 -0.161251 -0.815277 -0.578777 -0.018482 255 255 255 1.000000
0.373567 -0.071325 0.287502 0.835102 -0.548810 -0.037569 255 255 255 1.000000
0.365128 -0.081509 -0.006743 0.953041 -0.291784 -0.081082 255 255 255 1.000000
-0.222500 -0.149472 0.056445 0.000000 -0.088964 -0.996035 255 255 255 1.000000
-0.323635 0.489361 -0.207931 -0.432951 -0.219521 -0.874279 255 255 255 1.000000
-0.091708 -0.179411 0.028731 0.000000 -0.999711 -0.024046 255 255 255 1.000000
-0.259961 -0.109946 -0.004323 0.094997 -0.977236 -0.189696 255 255 255 1.000000
-0.117347 0.476318 -0.229260 -0.145733 -0.225186 -0.963355 255 255 255 1.000000
-0.375265 -0.076940 0.256904 0.636829 0.770736 0.020386 255 255 255 1.000000
-0.237459 -0.089634 -0.132502 -0.994884 -0.016292 -0.099699 255 255 255 1.000000
-0.127448 0.136955 -0.150570 0.052731 -0.993959 0.096254 255 255 255 1.000000
0.129597 0.290832 -0.176950 -0.195656 0.225020 0.954508 255 255 255 1.000000
0.018242 -0.139963 0.450317 0.007611 -0.917007 0.398798 255 255 255 1.000000
0.326490 0.542025 -0.215281 -0.514759 0.226926 0.826757 255 255 255 1.000000
0.274820 -0.161769 0.024337 -0.112063 0.987932 0.106921 255 255 255 1.000000
0.175393 -0.041222 0.105136 -0.092848 0.994952 -0.038083 255 255 255 1.000000
-0.311699 -0.059600 -0.187438 -0.942337 0.070654 0.327124 255 255 255 1.000000
0.204225 -0.125073 0.026098 0.000000 -0.992535 0.121958 255 255 255 1.000000
0.285271 -0.050888 0.444488 0.004146 -0.525452 -0.850813 255 255 255 1.000000
0.246039 -0.035235 -0.045679 0.170795 -0.985298 -0.004125 255 255 255 1.000000
0.349366 -0.093370 0.442491 -0.175588 0.674641 -0.716958 255 255 255 1.000000
0.112956 0.350308 -0.193720 0.159499 -0.248701 -0.955358 255 255 255 1.000000
-0.372287 -0.025580 0.095682 0.821696 -0.569105 0.030582 255 255 255 1.000000
-0.307509 0.560221 -0.194227 0.367179 0.269068 0.890383 255 255 255 1.000000
0.241938 0.054984 -0.157105 -0.033611 -0.110371 0.993322 255 255 255 1.000000
-0.114284 -0.156420 0.002908 0.000000 -0.168693 -0.985669 255 255 255 1.000000
-0.068273 -0.164294 0.053768 0.000000 -0.453654 0.891178 255 255 255 1.000000
0.314896 -0.681014 0.530948 -0.043817 0.997816 -0.049423 255 255 255 1.000000
-0.352528 -0.425017 0.343490 -0.524173 -0.551974 -0.648512 255 255 255 1.000000
-0.161923 0.501626 -0.228593 0.203925 0.226992 0.952307 255 255 255 1.000000
0.294929 -0.016485 0.291262 0.244705 0.949469 -0.196540 255 255 255 1.000000
0.207718 -0.039700 0.043135 0.117547 -0.992611 0.030094 255 255 255 1.000000
-0.428318 -0.496270 -0.242230 -0.875234 0.258176 -0.409036 255 255 255 1.000000
0.159405 0.441147 -0.211218 0.214077 -0.242625 -0.946205 255 255 255 1.000000
0.341523 0.710253 -0.257982 -0.914660 0.129094 0.383057 255 255 255 1.000000
-0.279342 0.004020 -0.164194 -0.150932 -0.274601 0.949639 255 255 255 1.000000
0.344891 -0.063154 -0.132269 0.884293 -0.129592 -0.448589 255 255 255 1.000000
-0.312508 0.063164 -0.173342 -0.996219 -0.020089 0.084517 255 255 255 1.000000
-0.347661 -0.165402 0.094248 0.216683 0.834459 0.506682 255 255 255 1.000000
-0.072999 0.540347 -0.248184 0.081605 0.212552 0.973736 255 255 255 1.000000
-0.342811 -0.009307 0.334584 0.147160 0.987114 0.062846 255 255 255 1.000000
0.277923 -0.027616 0.116247 -0.092226 -0.988754 0.117726 255 255 255 1.000000
-0.439626 -0.720273 -0.305336 -0.020053 -0.043844 -0.998837 255 255 255 1.000000
-0.165125 -0.047290 -0.070040 0.115825 0.993241 0.007529 255 255 255 1.000000
0.368008 -0.038928 0.061721 -0.931841 -0.359291 0.050815 255 255 255 1.000000
0.183643 0.583510 -0.238697 0.199169 -0.199835 -0.959374 255 255 255 1.000000
0.404730 -0.491908 -0.255283 0.454573 0.394547 -0.798559 255 255 255 1.000000
0.276269 -0.086723 0.452048 -0.358913 -0.424367 0.831320 255 255 255 1.000000
0.224369 -0.027073 -0.197484 0.958715 0.065834 0.276643 255 255 255 1.000000
0.050038 -0.117276 0.463416 0.020361 -0.282395 0.959082 255 255 255 1.000000
0.080993 -0.135374 0.050717 0.000000 -0.612326 -0.790605 255 255 255 1.000000
0.237145 -0.027446 -0.211995 -0.616001 0.037409 -0.786856 255 255 255 1.000000
0.277887 -0.077217 -0.148229 -0.244738 -0.610505 -0.753251 255 255 255 1.000000
0.303329 -0.098504 -0.109970 0.221858 0.647669 -0.728906 255 255 255 1.000000
-0.284200 -0.018406 0.296933 -0.135381 -0.990176 0.034966 255 255 255 1.000000
0.264607 -0.176362 0.017363 0.000000 0.897430 0.441158 255 255 255 1.000000
-0.362915 -0.304100 0.239941 0.998982 -0.015666 -0.042303 255 255 255 1.000000
-0.175387 0.451444 -0.210248 -0.231978 -0.241896 -0.942164 255 255 255 1.000000
-0.358314 -0.527092 0.453150 -0.782713 0.323208 0.531881 255 255 255 1.000000
0.345711 0.745000 -0.262172 -0.618060 -0.593381 -0.515657 255 255 255 1.000000
0.403123 -0.575538 -0.251044 -0.145334 -0.374608 0.915722 255 255 255 1.000000
-0.328183 -0.568238 0.478501 -0.593375 -0.392475 -0.702758 255 255 255 1.000000
0.244889 -0.106131 -0.021385 0.346309 0.930884 0.116299 255 255 255 1.000000
0.328718 -0.047705 -0.153856 -0.204033 0.315939 0.926582 255 255 255 1.000000
-0.335452 -0.017762 0.139831 0.188445 0.954624 0.230612 255 255 255 1.000000
0.375270 -0.707350 0.548094 -0.999708 -0.013737 0.019872 255 255 255 1.000000
0.022356 -0.057788 -0.076363 0.915609 -0.401501 0.021380 255 255 255 1.000000
0.365344 -0.177734 0.036308 0.000000 0.966011 -0.258500 255 255 255 1.000000
0.331410 -0.010223 0.348028 -0.127768 0.987245 0.094990 255 255 255 1.000000
0.357125 -0.529424 0.433226 -0.963358 0.145806 0.225128 255 255 255 1.000000
0.346257 -0.360635 0.330561 -0.430282 -0.605974 -0.669068 255 255 255 1.000000
0.078653 -0.149699 0.002281 0.000000 0.080495 -0.996755 255 255 255 1.000000
0.372996 -0.065498 0.189550 0.956431 -0.288018 -0.047796 255 255 255 1.000000
0.212236 -0.113051 0.455205 0.106275 -0.395426 0.912329 255 255 255 1.000000
0.243712 -0.133825 -0.100208 -0.846396 -0.371256 -0.381816 255 255 255 1.000000
-0.173169 -0.140624 0.054074 0.000000 -0.415207 -0.909727 255 255 255 1.000000
0.210714 -0.040669 -0.059272 0.151354 -0.988166 -0.024905 255 255 255 1.000000
0.302646 -0.076125 -0.188254 0.651899 -0.050952 -0.756592 255 255 255 1.000000
-0.297828 -0.072212 -0.152876 -0.291542 0.700172 0.651738 255 255 255 1.000000
0.026927 0.195412 -0.171749 -0.070008 0.171851 0.982632 255 255 255 1.000000
-0.307882 0.015033 -0.168987 -0.509188 0.100976 0.854711 255 255 255 1.000000
-0.347955 0.678992 -0.247651 -0.842718 -0.166047 -0.512108 255 255 255 1.000000
-0.004747 0.696845 -0.279469 -0.004172 -0.270471 -0.962719 255 255 255 1.000000
0.323397 -0.288116 0.253273 0.985500 -0.127134 -0.112367 255 255 255 1.000000
-0.333515 -0.224698 0.120130 0.438738 -0.741828 -0.507148 255 255 255 1.000000
0.395689 -0.486230 -0.211253 -0.307766 -0.434378 0.846520 255 255 255 1.000000
0.321935 -0.725173 0.488110 -0.174478 -0.355075 -0.918411 255 255 255 1.000000
-0.372935 -0.011447 0.316379 0.563295 -0.825496 -0.035424 255 255 255 1.000000
-0.136230 0.309182 -0.180372 0.193748 0.238448 0.951632 255 255 255 1.000000
-0.009620 -0.139539 0.448996 0.007582 0.929449 -0.368874 255 255 255 1.000000
0.265370 0.279685 -0.184141 -0.257494 0.100764 0.961012 255 255 255 1.000000
-0.037712 -0.143726 0.003881 0.000000 0.304711 -0.952445 255 255 255 1.000000
0.371082 -0.724471 -0.247662 0.999091 0.038980 -0.017246 255 255 255 1.000000
0.153417 -0.048009 -0.044163 -0.108109 0.993757 -0.027572 255 255 255 1.000000
-0.034167 0.108078 -0.168221 -0.112386 0.535326 -0.837135 255 255 255 1.000000
-0.162009 0.404104 -0.199891 -0.219397 -0.248500 -0.943458 255 255 255 1.000000
-0.081007 -0.036501 0.333853 0.017768 0.999786 -0.010575 255 255 255 1.000000
-0.318586 0.232226 -0.140415 0.981729 0.092399 -0.166344 255 255 255 1.000000
-0.048903 -0.047287 0.141866 0.504952 -0.660093 0.556148 255 255 255 1.000000
0.058186 0.211411 -0.171481 -0.119974 0.181096 0.976120 255 255 255 1.000000
-0.093027 0.616559 -0.257591 -0.082114 -0.204947 -0.975322 255 255 255 1.000000
0.039737 -0.135397 0.050740 0.000000 -0.611359 -0.791353 255 255 255 1.000000
-0.316957 0.701101 -0.239890 0.248607 0.327623 0.911514 255 255 255 1.000000
-0.261524 0.406656 -0.168767 0.341311 0.251680 0.905629 255 255 255 1.000000
0.224340 -0.130484 -0.010305 -0.969960 -0.221690 -0.100155 255 255 255 1.000000
0.207415 -0.178853 0.026649 0.000000 0.994860 0.101261 255 255 255 1.000000
0.268871 0.021090 -0.206657 -0.192978 -0.151636 0.969415 255 255 255 1.000000
-0.050519 -0.040700 0.270763 0.148478 -0.974155 0.170223 255 255 255 1.000000
-0.422683 -0.406952 -0.194885 -0.894125 0.266453 -0.359922 255 255 255 1.000000
0.280157 -0.020698 0.370889 0.108261 -0.982243 -0.153226 255 255 255 1.000000
-0.150893 0.133160 -0.145556 0.019320 0.989842 -0.140855 255 255 255 1.000000
-0.339638 -0.009276 0.303451 -0.156751 -0.987548 0.013310 255 255 255 1.000000
-0.170361 -0.039501 0.405728 0.067533 0.963043 0.260743 255 255 255 1.000000
-0.355595 -0.356453 0.284673 0.609295 0.553125 0.568165 255 255 255 1.000000
-0.262710 0.312368 -0.167702 -0.916244 -0.261301 -0.303675 255 255 255 1.000000
0.071426 0.578720 -0.253392 -0.067526 0.195390 0.978398 255 255 255 1.000000
0.417201 -0.422910 -0.205237 -0.900216 -0.256825 0.351641 255 255 255 1.000000
-0.026897 -0.060670 -0.181949 -0.006547 -0.890939 0.454075 255 255 255 1.000000
0.319536 -0.185750 0.108611 0.843265 -0.450469 -0.293227 255 255 255 1.000000
0.349374 -0.276782 0.237998 -0.632690 -0.582642 -0.510128 255 255 255 1.000000
0.317194 0.452587 -0.156292 0.149042 -0.220219 -0.963997 255 255 255 1.000000
0.334147 -0.310385 0.228594 0.450850 -0.674939 -0.584116 255 255 255 1.000000
-0.349637 0.598376 -0.200005 -0.339892 0.303273 0.890224 255 255 255 1.000000
-0.069462 0.112291 -0.164506 0.188108 -0.917878 0.349451 255 255 255 1.000000
-0.228809 0.127856 -0.129609 0.266844 0.888459 -0.373410 255 255 255 1.000000
0.329822 -0.599869 0.500404 0.277251 0.445380 0.851333 255 255 255 1.000000
-0.430887 -0.631887 -0.277895 -0.843548 -0.149290 0.515887 255 255 255 1.000000
-0.401422 -0.373459 -0.191890 0.263560 0.504505 -0.822198 255 255 255 1.000000
0.147511 -0.125158 0.025781 0.000000 -0.990996 0.133891 255 255 255 1.000000
0.255298 -0.033966 -0.018676 0.163195 -0.986593 0.001408 255 255 255 1.000000
0.302694 -0.113053 -0.036307 -0.571575 -0.738885 0.356863 255 255 255 1.000000
0.230768 0.167223 -0.126707 -0.398214 0.665658 0.631130 255 255 255 1.000000
0.195661 0.522070 -0.225025 -0.249378 0.234798 0.939511 255 255 255 1.000000
-0.060042 0.094857 -0.166846 -0.171964 0.762817 -0.623329 255 255 255 1.000000
-0.276962 0.067062 -0.198611 -0.238900 0.131991 -0.962032 255 255 255 1.000000
-0.365753 0.620861 -0.219374 -0.843310 0.193085 0.501544 255 255 255 1.000000
0.375622 -0.060612 0.270571 -0.943251 0.329665 0.039981 255 255 255 1.000000
0.203242 0.555248 -0.230162 0.231532 -0.213788 -0.949046 255 255 255 1.000000
0.002554 -0.009186 -0.180208 0.003693 0.140332 -0.990098 255 255 255 1.000000
-0.244493 -0.032150 -0.137984 -0.208046 -0.248398 -0.946053 255 255 255 1.000000
-0.243351 -0.077400 -0.151207 -0.836739 0.547503 0.010398 255 255 255 1.000000
-0.319283 -0.063413 -0.152590 -0.118785 -0.160092 -0.979929 255 255 255 1.000000
-0.074765 -0.045185 0.166588 0.422530 -0.761056 0.492201 255 255 255 1.000000
0.164115 0.280934 -0.165443 0.242239 -0.216667 -0.945714 255 255 255 1.000000
-0.237199 -0.028011 0.249263 0.093986 0.990484 -0.100537 255 255 255 1.000000
0.326678 0.341627 -0.156253 0.992575 -0.084145 0.087835 255 255 255 1.000000
0.371118 -0.127639 0.042266 0.000000 -0.883291 -0.468826 255 255 255 1.000000
0.315067 -0.509732 0.431903 0.992396 -0.063297 -0.105566 255 255 255 1.000000
0.272387 0.563350 -0.210036 0.328710 -0.253021 -0.909907 255 255 255 1.000000
0.252421 0.750871 -0.281574 0.166456 -0.789556 -0.590673 255 255 255 1.000000
0.022342 -0.176735 0.018755 0.000000 0.919271 0.393625 255 255 255 1.000000
0.034496 -0.016563 -0.178142 -0.052161 -0.140518 0.988703 255 255 255 1.000000
0.092061 -0.089643 -0.189490 0.100967 -0.205134 -0.973512 255 255 255 1.000000
-0.383842 -0.073640 0.403030 0.064048 0.014568 0.997840 255 255 255 1.000000
0.354348 -0.177127 0.020214 0.000000 0.939763 0.341828 255 255 255 1.000000
-0.332543 -0.622882 0.506423 -0.475185 -0.383674 -0.791829 255 255 255 1.000000
-0.290803 0.037357 -0.159557 -0.269982 -0.378095 0.885524 255 255 255 1.000000
-0.263520 -0.017897 -0.167242 -0.212454 -0.052837 -0.975742 255 255 255 1.000000
0.387589 -0.558822 -0.254225 0.994884 0.075403 -0.067229 255 255 255 1.000000
0.178353 -0.042917 0.002418 -0.111713 0.993519 -0.020995 255 255 255 1.000000
0.369978 -0.030018 0.150338 0.899273 0.435939 -0.035584 255 255 255 1.000000
0.317603 -0.021276 -0.022004 -0.211923 0.976826 0.029984 255 255 255 1.000000
0.150618 -0.045255 0.064843 -0.083085 0.995692 -0.041155 255 255 255 1.000000
-0.240000 -0.026482 0.274142 0.106765 0.991462 -0.074858 255 255 255 1.000000
0.162165 0.606924 -0.246895 0.165634 -0.187108 -0.968275 255 255 255 1.000000
-0.245671 -0.090904 -0.090519 0.926910 -0.375285 -0.000028 255 255 255 1.000000
-0.250001 0.201027 -0.187244 0.134898 -0.033385 0.990297 255 255 255 1.000000
-0.308605 0.411041 -0.197882 -0.385609 -0.181696 -0.904595 255 255 255 1.000000
0.110341 -0.036334 0.306069 0.063956 -0.997882 0.011919 255 255 255 1.000000
0.328970 -0.013874 -0.107482 0.214141 0.976754 0.009740 255 255 255 1.000000
-0.351943 -0.011566 0.205107 -0.044044 -0.970178 0.238357 255 255 255 1.000000
0.002454 0.251471 -0.181054 0.007657 -0.194896 -0.980794 255 255 255 1.000000
-0.375148 -0.065415 0.045987 0.985651 0.158012 0.059366 255 255 255 1.000000
0.271174 -0.031301 0.035533 0.149894 -0.988656 0.009539 255 255 255 1.000000
-0.009252 -0.058609 -0.079965 -0.998057 -0.059660 -0.017957 255 255 255 1.000000
0.228112 -0.036316 0.085862 -0.121556 0.992085 -0.031483 255 255 255 1.000000
0.315514 -0.308583 0.252969 -0.980851 0.124774 0.149544 255 255 255 1.000000
-0.033138 -0.040015 0.295545 0.101395 -0.989289 0.105003 255 255 255 1.000000
-0.029624 -0.167260 0.006928 0.000000 -0.564774 -0.825246 255 255 255 1.000000
0.436702 -0.672502 -0.251836 0.041778 0.992466 -0.115175 255 255 255 1.000000
0.128853 0.198245 -0.156673 -0.214493 0.185584 0.958932 255 255 255 1.000000
0.223761 0.140076 -0.175381 -0.999484 -0.020518 0.024727 255 255 255 1.000000
-0.089824 0.051130 -0.166335 0.208521 -0.690957 0.692169 255 255 255 1.000000
0.321107 -0.388480 0.349225 -0.960935 0.186692 0.204326 255 255 255 1.000000
0.253754 0.720316 -0.257619 -0.149614 0.309413 0.939084 255 255 255 1.000000
0.213413 0.461297 -0.203200 -0.294359 0.253914 0.921347 255 255 255 1.000000
0.076547 -0.052635 0.018253 -0.064983 0.997468 -0.028887 255 255 255 1.000000
0.399429 -0.443891 -0.232782 0.189892 -0.455491 0.869752 255 255 255 1.000000
-0.390547 -0.129121 0.044463 0.000000 0.833915 0.551892 255 255 255 1.000000
-0.010869 0.392891 -0.213365 -0.021318 -0.232487 -0.972366 255 255 255 1.000000
-0.335852 -0.599325 0.496834 -0.492007 -0.400368 -0.773068 255 255 255 1.000000
-0.293713 -0.121808 -0.151132 -0.392000 0.561062 -0.729072 255 255 255 1.000000
-0.295400 0.358618 -0.192719 0.325275 0.147682 0.934016 255 255 255 1.000000
-0.275997 -0.054064 0.445602 0.014780 0.615331 0.788131 255 255 255 1.000000
-0.103871 0.384433 -0.204261 -0.143273 -0.244784 -0.958934 255 255 255 1.000000
0.007618 0.073941 -0.173224 -0.063917 0.343574 -0.936948 255 255 255 1.000000
0.054313 -0.124471 0.030442 0.000000 -0.999269 -0.038236 255 255 255 1.000000
0.092506 -0.062632 0.449255 -0.004776 0.592950 0.805225 255 255 255 1.000000
0.047643 -0.060994 -0.180209 -0.037237 0.907262 -0.418914 255 255 255 1.000000
-0.363648 -0.012559 0.367173 0.229216 -0.948721 -0.217687 255 255 255 1.000000
0.043568 -0.153286 0.002068 0.000000 -0.051072 -0.998695 255 255 255 1.000000
-0.183920 0.055407 -0.146299 -0.077451 0.693626 -0.716160 255 255 255 1.000000
-0.397992 -0.286998 -0.130368 -0.587451 0.538043 -0.604492 255 255 255 1.000000
-0.106806 0.745461 -0.315039 -0.083288 -0.874372 -0.478056 255 255 255 1.000000
-0.303720 0.051812 -0.144009 0.755681 0.078979 -0.650161 255 255 255 1.000000
-0.344199 -0.105810 0.435545 -0.277502 -0.832211 0.480018 255 255 255 1.000000
0.190683 -0.041093 -0.147038 -0.171266 0.984475 0.038424 255 255 255 1.000000
-0.051304 -0.100272 0.462931 -0.018365 -0.048135 0.998672 255 255 255 1.000000
-0.365115 0.662365 -0.234996 -0.751985 0.346411 0.560819 255 255 255 1.000000
0.012674 -0.166658 0.052460 0.000000 0.539293 -0.842118 255 255 255 1.000000
0.218931 -0.034068 0.152927 0.118198 -0.992701 0.023974 255 255 255 1.000000
-0.350525 0.646942 -0.226623 0.952316 -0.095444 -0.289800 255 255 255 1.000000
0.011801 0.685198 -0.275469 -0.013788 0.258582 0.965891 255 255 255 1.000000
0.412464 -0.551935 -0.281103 -0.691137 -0.306392 0.654563 255 255 255 1.000000
-0.188493 -0.086109 0.457415 0.086513 -0.011734 -0.996182 255 255 255 1.000000
0.076671 0.521287 -0.244890 0.079919 -0.198891 -0.976757 255 255 255 1.000000
0.223464 0.259316 -0.144023 -0.287332 0.211463 0.934197 255 255 255 1.000000
0.234579 -0.117445 0.010707 0.786504 -0.597462 -0.156366 255 255 255 1.000000
-0.094917 -0.050863 0.426018 0.043263 0.956639 0.288045 255 255 255 1.000000
0.337767 -0.307369 0.282138 -0.785571 -0.441748 -0.433286 255 255 255 1.000000
-0.387333 -0.466179 -0.227589 -0.991300 0.013372 0.130939 255 255 255 1.000000
-0.245098 -0.144574 0.055133 0.000000 -0.273351 -0.961914 255 255 255 1.000000
0.115894 -0.052306 -0.117151 0.105693 -0.994374 -0.007011 255 255 255 1.000000
-0.094466 0.501765 -0.238913 0.114940 0.219933 0.968720 255 255 255 1.000000
0.296824 -0.750588 0.532245 0.997760 0.059166 0.031213 255 255 255 1.000000
-0.320910 0.691467 -0.267252 -0.245466 -0.336337 -0.909189 255 255 255 1.000000
-0.322323 -0.316614 0.271207 -0.956772 -0.216316 -0.194410 255 255 255 1.000000
0.314471 0.628946 -0.245658 -0.228454 0.271845 0.934831 255 255 255 1.000000
0.313438 0.670220 -0.259775 -0.235162 0.315639 0.919277 255 255 255 1.000000
0.139774 0.740459 -0.297245 -0.100503 0.783870 0.612738 255 255 255 1.000000
0.309869 0.330203 -0.133575 0.032746 0.149136 0.988274 255 255 255 1.000000
0.043837 -0.052346 0.034748 0.050271 -0.998355 0.027567 255 255 255 1.000000
-0.187915 -0.053875 -0.174770 0.044269 -0.507145 0.860723 255 255 255 1.000000
-0.456558 -0.724722 -0.277229 0.999516 0.028340 -0.012791 255 255 255 1.000000
0.260819 0.142385 -0.121153 -0.298058 0.910471 -0.286711 255 255 255 1.000000
0.370541 -0.267943 -0.069228 -0.605273 -0.529499 0.594370 255 255 255 1.000000
-0.309331 -0.019733 0.194880 -0.004150 0.265308 -0.964155 255 255 255 1.000000
0.241142 0.237988 -0.152419 -0.883773 0.258311 0.390154 255 255 255 1.000000
-0.038630 0.072303 -0.170755 0.103338 -0.357415 0.928211 255 255 255 1.000000
0.009984 -0.056903 -0.045710 0.043374 -0.998188 0.041697 255 255 255 1.000000
0.261853 0.222762 -0.182614 0.236374 -0.025641 -0.971324 255 255 255 1.000000
-0.381163 -0.029856 0.379815 0.825253 -0.526191 -0.205137 255 255 255 1.000000
0.262078 -0.029192 -0.110420 0.203086 -0.977876 -0.050152 255 255 255 1.000000
-0.011331 0.730570 -0.298766 -0.001081 0.711890 0.702290 255 255 255 1.000000
-0.306858 -0.123134 0.018057 -0.955533 0.294881 0.001442 255 255 255 1.000000
-0.058084 -0.042148 0.386474 0.027747 0.987345 0.156138 255 255 255 1.000000
0.365798 -0.052284 0.005450 0.995883 -0.067124 -0.060914 255 255 255 1.000000
-0.312314 -0.012157 -0.189846 -0.993453 0.020613 0.112371 255 255 255 1.000000
0.248579 -0.083553 -0.120542 -0.794457 -0.607073 0.017342 255 255 255 1.000000
-0.236755 -0.138177 -0.043273 -0.789280 0.580027 0.201510 255 255 255 1.000000
-0.029600 0.308923 -0.193443 0.050515 0.217609 0.974728 255 255 255 1.000000
0.326110 -0.199816 0.144131 0.707625 -0.588019 -0.391791 255 255 255 1.000000
-0.101144 0.160673 -0.157258 0.035108 0.799614 0.599487 255 255 255 1.000000
0.113500 -0.065804 -0.184429 0.032958 0.543350 -0.838859 255 255 255 1.000000
-0.176923 -0.046247 -0.032997 0.115142 0.993242 -0.014576 255 255 255 1.000000
-0.346142 -0.126273 0.021618 0.000000 -0.956908 0.290391 255 255 255 1.000000
-0.080936 -0.116010 0.463467 -0.038057 -0.222247 0.974247 255 255 255 1.000000
0.018918 -0.156204 0.002850 0.000000 0.160512 0.987034 255 255 255 1.000000
0.292310 -0.022425 0.176847 -0.412901 -0.878393 0.240703 255 255 255 1.000000
0.260415 0.305478 -0.189504 -0.214124 0.109602 0.970638 255 255 255 1.000000
-0.121485 -0.047149 0.070167 -0.359580 0.767453 -0.530772 255 255 255 1.000000
-0.096301 0.131883 -0.158323 0.173256 -0.980277 0.095074 255 255 255 1.000000
0.391798 -0.200885 -0.006229 -0.604656 0.511380 -0.610641 255 255 255 1.000000
-0.362741 0.463324 -0.190694 -0.984387 -0.036526 0.172187 255 255 255 1.000000
0.229240 0.117863 -0.148359 0.014050 0.126347 -0.991887 255 255 255 1.000000
0.393540 -0.218150 -0.056975 -0.610507 -0.572398 0.547396 255 255 255 1.000000
-0.322512 -0.371518 0.315991 0.971757 -0.151244 -0.181144 255 255 255 1.000000
0.013369 0.612840 -0.260254 -0.020794 0.205501 0.978436 255 255 255 1.000000
0.319185 -0.574089 0.476362 0.839247 -0.270463 -0.471714 255 255 255 1.000000
-0.336048 0.702491 -0.236313 -0.026923 -0.432384 -0.901288 255 255 255 1.000000
0.158232 -0.046552 -0.130433 0.141780 -0.989612 -0.023794 255 255 255 1.000000
-0.217411 -0.033965 0.179054 -0.064316 -0.988158 0.139311 255 255 255 1.000000
0.289261 0.675888 -0.234707 0.196260 -0.285677 -0.938014 255 255 255 1.000000
-0.207552 -0.029824 0.280505 -0.095535 -0.994128 0.050827 255 255 255 1.000000
0.257036 0.101878 -0.150582 -0.019023 -0.122293 0.992312 255 255 255 1.000000
0.355487 -0.731146 0.500735 -0.017419 0.484106 0.874836 255 255 255 1.000000
-0.190965 0.294423 -0.162261 0.245443 0.228486 0.942100 255 255 255 1.000000
-0.115706 0.239558 -0.167245 0.178385 0.200587 0.963298 255 255 255 1.000000
0.277046 0.284041 -0.132167 0.289040 -0.196787 -0.936873 255 255 255 1.000000
0.332599 -0.125150 0.032977 0.000000 0.991138 0.132839 255 255 255 1.000000
-0.364178 -0.036425 -0.119892 -0.941589 0.332962 -0.050457 255 255 255 1.000000
-0.423595 -0.449383 -0.201551 -0.660230 -0.354128 0.662336 255 255 255 1.000000
-0.083796 -0.089345 -0.191595 0.071794 0.196216 0.977929 255 255 255 1.000000
0.140341 -0.131945 0.448012 -0.091957 0.878465 -0.468875 255 255 255 1.000000
0.208264 0.607652 -0.237366 -0.218035 0.198759 0.955487 255 255 255 1.000000
0.369746 -0.068529 0.087518 -0.977846 0.201984 0.054954 255 255 255 1.000000
0.249441 0.094421 -0.197520 0.108674 0.102738 -0.988754 255 255 255 1.000000
-0.264335 -0.175922 0.015721 0.000000 0.869185 0.494487 255 255 255 1.000000
-0.079417 0.283621 -0.182600 0.122077 0.213311 0.969327 255 255 255 1.000000
0.308577 0.610023 -0.209535 -0.318016 0.268259 0.909342 255 255 255 1.000000
-0.118453 0.104668 -0.156133 -0.185704 0.938423 -0.291337 255 255 255 1.000000
0.052639 -0.038798 0.297564 0.038058 -0.999268 0.003845 255 255 255 1.000000
-0.351189 -0.337751 0.310941 -0.998114 -0.042139 -0.044651 255 255 255 1.000000
0.366118 -0.013860 0.358616 0.489156 0.859526 0.148126 255 255 255 1.000000
-0.088149 -0.051456 0.025548 0.609437 -0.330685 0.720579 255 255 255 1.000000
-0.208325 -0.126555 0.444395 0.122541 0.875281 -0.467833 255 255 255 1.000000
0.097094 0.740161 -0.304881 0.067917 -0.839725 -0.538748 255 255 255 1.000000
0.338178 -0.016598 -0.049595 0.226157 0.974087 0.002524 255 255 255 1.000000
-0.322471 -0.024498 0.405078 0.120021 0.959312 0.255567 255 255 255 1.000000
0.327619 0.596186 -0.226660 0.452237 -0.236849 -0.859874 255 255 255 1.000000
-0.188646 -0.043022 0.420144 0.076939 0.954843 0.286975 255 255 255 1.000000
0.109771 -0.049776 0.034093 -0.074208 0.996642 -0.034600 255 255 255 1.000000
0.340398 -0.253208 0.159262 0.333346 -0.756874 -0.562159 255 255 255 1.000000
-0.375617 -0.044398 0.058655 0.998520 0.016728 0.051752 255 255 255 1.000000
0.075166 -0.059201 0.445957 0.008355 -0.664361 -0.747365 255 255 255 1.000000
-0.245865 0.439999 -0.185175 -0.338340 -0.265836 -0.902694 255 255 255 1.000000
0.234822 -0.123080 -0.131516 0.710699 0.645721 0.279196 255 255 255 1.000000
0.148392 -0.050675 -0.168947 0.037325 -0.822834 0.567055 255 255 255 1.000000
0.349990 -0.564978 0.441863 0.560189 -0.422052 -0.712783 255 255 255 1.000000
0.129353 0.160449 -0.149925 0.265346 -0.185596 -0.946121 255 255 255 1.000000
-0.313097 -0.142498 0.020837 -0.969384 0.213687 -0.120968 255 255 255 1.000000
0.296784 -0.029579 -0.153727 0.007737 -0.670641 0.741742 255 255 255 1.000000
0.149418 -0.047259 -0.021243 0.102127 -0.994432 0.025974 255 255 255 1.000000
-0.100428 -0.129006 0.014438 0.000000 -0.837127 0.547008 255 255 255 1.000000
0.236503 -0.092353 -0.093621 -0.989410 -0.022073 0.143462 255 255 255 1.000000
0.310657 0.390957 -0.188584 0.524573 -0.183676 -0.831316 255 255 255 1.000000
-0.341126 0.392681 -0.165773 0.992605 0.063238 -0.103615 255 255 255 1.000000
-0.302812 -0.024885 -0.171591 0.399253 -0.102571 -0.911085 255 255 255 1.000000
-0.050862 0.037641 -0.172455 -0.113238 0.277050 -0.954160 255 255 255 1.000000
-0.220276 0.144857 -0.129030 -0.266663 -0.936052 0.229558 255 255 255 1.000000
-0.246880 0.020744 -0.161868 0.044992 -0.100960 0.993873 255 255 255 1.000000
0.086351 0.434947 -0.221113 -0.102495 0.228292 0.968183 255 255 255 1.000000
-0.161860 -0.035647 0.388814 -0.067237 -0.977058 -0.202080 255 255 255 1.000000
0.066562 0.321483 -0.193140 0.098763 -0.230313 -0.968092 255 255 255 1.000000
-0.121341 0.067568 -0.158896 -0.231000 0.785448 -0.574205 255 255 255 1.000000
0.177623 -0.178521 0.033376 0.000000 0.988997 -0.147933 255 255 255 1.000000
-0.178521 -0.029622 0.340961 -0.092879 -0.995515 -0.017956 255 255 255 1.000000
0.445440 -0.680853 -0.275841 -0.014185 -0.999007 0.042238 255 255 255 1.000000
-0.377660 -0.703444 -0.255704 -0.999841 -0.017751 0.001633 255 255 255 1.000000
0.120758 0.580602 -0.249094 -0.120271 0.187709 0.974834 255 255 255 1.000000
-0.305294 0.322143 -0.178161 -0.517276 -0.132711 -0.845466 255 255 255 1.000000
-0.204942 0.746574 -0.295737 -0.135441 -0.827623 -0.544697 255 255 255 1.000000
0.033571 -0.043269 0.217753 -0.033216 0.999427 -0.006558 255 255 255 1.000000
-0.167375 -0.032015 0.305365 0.080972 0.996424 -0.024153 255 255 255 1.000000
0.073902 -0.055296 -0.060245 -0.063738 0.997463 -0.031686 255 255 255 1.000000
-0.196491 -0.042585 -0.120490 0.178590 0.283581 0.942171 255 255 255 1.000000
-0.392377 -0.680777 -0.272796 0.024136 -0.999537 0.018528 255 255 255 1.000000
0.366655 -0.027439 0.105726 0.839397 0.542385 -0.035075 255 255 255 1.000000
0.310712 -0.017185 0.222263 0.678627 0.656899 -0.328556 255 255 255 1.000000
-0.065848 -0.043479 0.206019 0.317342 -0.873674 0.368765 255 255 255 1.000000
0.116157 -0.041946 0.398804 0.049936 -0.974427 -0.219087 255 255 255 1.000000
-0.354735 -0.034404 0.430941 0.202724 -0.489491 -0.848116 255 255 255 1.000000
-0.334868 -0.246805 0.207082 0.813538 0.463194 0.351579 255 255 255 1.000000
-0.035221 -0.138051 0.453503 0.021943 0.815095 -0.578912 255 255 255 1.000000
0.356743 -0.578685 0.463214 -0.971675 0.123499 0.201484 255 255 255 1.000000
0.010542 0.587181 -0.256862 0.016306 -0.197896 -0.980087 255 255 255 1.000000
0.299213 -0.048065 -0.159222 -0.217102 0.349686 0.911365 255 255 255 1.000000
-0.360984 -0.224834 0.161290 -0.936161 0.280489 0.211962 255 255 255 1.000000
-0.126858 -0.049359 0.015791 0.418566 -0.669435 0.613726 255 255 255 1.000000
0.190907 0.080222 -0.141433 0.339648 -0.873065 -0.349852 255 255 255 1.000000
-0.225796 -0.039105 0.012156 -0.130790 -0.990750 -0.036183 255 255 255 1.000000
0.147058 -0.042146 0.133704 0.079095 -0.996250 0.035084 255 255 255 1.000000
-0.292872 0.419538 -0.158510 -0.364787 -0.244743 -0.898349 255 255 255 1.000000
-0.296067 -0.111359 -0.169207 0.408528 0.849144 -0.334753 255 255 255 1.000000
0.386823 -0.173923 0.021740 0.569024 -0.543243 0.617332 255 255 255 1.000000
0.343385 0.583322 -0.211455 0.972499 0.051460 0.227151 255 255 255 1.000000
0.279820 0.403632 -0.179627 -0.820128 0.221156 0.527712 255 255 255 1.000000
-0.263189 0.597539 -0.222630 0.292946 0.243585 0.924580 255 255 255 1.000000
-0.007654 -0.179360 0.030248 0.000000 0.999516 -0.031117 255 255 255 1.000000
-0.174732 0.071533 -0.146686 -0.066466 0.797644 -0.599455 255 255 255 1.000000
-0.259413 0.629963 -0.233376 -0.253264 -0.260290 -0.931722 255 255 255 1.000000
0.160355 0.726852 -0.283674 -0.162184 0.565687 0.808514 255 255 255 1.000000
-0.282276 0.122805 -0.147672 0.036500 -0.103780 0.993930 255 255 255 1.000000
0.359881 0.530954 -0.191022 -0.852121 -0.139440 -0.504428 255 255 255 1.000000
-0.439608 -0.736927 -0.231453 -0.035243 -0.138126 0.989788 255 255 255 1.000000
0.360284 0.432903 -0.179596 0.873280 -0.002036 0.487214 255 255 255 1.000000
0.394639 -0.346405 -0.122510 -0.282452 0.554298 -0.782927 255 255 255 1.000000
0.350015 -0.399436 0.358140 -0.696249 -0.446409 -0.562100 255 255 255 1.000000
-0.376368 -0.314980 -0.134361 -0.875906 -0.228446 0.424971 255 255 255 1.000000
-0.130086 -0.051756 -0.056401 -0.087250 -0.995804 0.027601 255 255 255 1.000000
-0.388003 -0.442979 -0.196562 -0.803528 0.347703 -0.483162 255 255 255 1.000000
0.109461 0.074304 -0.159442 -0.169045 -0.122030 0.978025 255 255 255 1.000000
-0.288577 0.216536 -0.175678 -0.421756 -0.005852 -0.906691 255 255 255 1.000000
0.355479 -0.704426 0.502063 -0.089013 0.373318 -0.923423 255 255 255 1.000000
0.344428 -0.273620 0.186320 0.339552 -0.739271 -0.581535 255 255 255 1.000000
0.384746 -0.338747 -0.142575 0.993197 0.116023 0.009914 255 255 255 1.000000
-0.276542 -0.053423 -0.212912 0.853092 -0.214811 0.475490 255 255 255 1.000000
0.136044 -0.033979 0.370542 0.061043 -0.991381 -0.115919 255 255 255 1.000000
-0.398713 -0.405016 -0.208556 -0.379239 -0.457626 0.804212 255 255 255 1.000000
-0.207683 0.553833 -0.230400 0.260763 0.233304 0.936788 255 255 255 1.000000
-0.131451 -0.051044 -0.135109 0.126972 0.980676 0.148838 255 255 255 1.000000
0.377644 -0.310609 -0.112212 -0.989352 -0.127512 -0.070161 255 255 255 1.000000
-0.402303 -0.499545 -0.258283 -0.409632 -0.378781 0.829895 255 255 255 1.000000
-0.377222 -0.715485 -0.298265 -0.997148 -0.063927 0.040121 255 255 255 1.000000
0.317495 0.661818 -0.224233 0.232407 -0.285048 -0.929911 255 255 255 1.000000
0.297667 0.220542 -0.119681 0.183122 0.093750 0.978610 255 255 255 1.000000
0.187532 0.425237 -0.199199 0.261267 -0.253579 -0.931363 255 255 255 1.000000
0.123909 -0.105617 0.461292 -0.045904 0.192917 -0.980141 255 255 255 1.000000
0.138312 -0.038378 0.220786 0.076425 -0.996810 0.023004 255 255 255 1.000000
0.067010 -0.040299 0.262670 -0.046937 0.998858 -0.008929 255 255 255 1.000000
-0.300556 -0.023715 0.145129 -0.160257 -0.941169 -0.297519 255 255 255 1.000000
0.086835 -0.055387 -0.089091 -0.072415 0.997352 -0.006643 255 255 255 1.000000
-0.310808 -0.102600 -0.103823 -0.280109 0.056187 0.958323 255 255 255 1.000000
0.271158 0.329420 -0.190567 0.200581 -0.132751 -0.970641 255 255 255 1.000000
-0.254258 -0.095380 -0.190568 -0.763558 0.583547 0.276501 255 255 255 1.000000
0.285731 0.138594 -0.145476 0.007603 0.131593 -0.991275 255 255 255 1.000000
-0.267857 0.277284 -0.185109 0.241601 0.090015 0.966192 255 255 255 1.000000
0.173303 -0.039461 0.142333 -0.092810 0.995150 -0.032596 255 255 255 1.000000
-0.271414 0.168675 -0.183013 -0.273967 0.083728 -0.958088 255 255 255 1.000000
-0.003588 0.740454 -0.311667 0.009642 0.834988 0.550184 255 255 255 1.000000
-0.245279 0.282866 -0.143050 0.285635 0.208620 0.935356 255 255 255 1.000000
0.329388 -0.582936 0.447070 0.791498 -0.311457 -0.525856 255 255 255 1.000000
0.094532 0.209726 -0.165241 -0.168971 0.183450 0.968398 255 255 255 1.000000
-0.089393 -0.048973 0.076430 0.558562 -0.495195 0.665425 255 255 255 1.000000
-0.275777 -0.094769 -0.071575 0.052922 -0.970273 -0.236154 255 255 255 1.000000
0.308435 -0.156898 0.055750 0.000000 -0.186740 0.982409 255 255 255 1.000000
0.258719 -0.157934 0.006496 0.239561 -0.970844 -0.008509 255 255 255 1.000000
-0.231087 -0.131567 0.001240 -0.981262 0.179390 0.070315 255 255 255 1.000000
-0.209317 0.439933 -0.197888 -0.287280 -0.254988 -0.923283 255 255 255 1.000000
0.225240 0.054027 -0.167528 -0.978588 0.108642 0.174822 255 255 255 1.000000
0.403931 -0.271197 -0.085821 -0.989958 -0.136015 0.038522 255 255 255 1.000000
-0.089815 0.721305 -0.287195 0.068414 0.582518 0.809933 255 255 255 1.000000
0.083304 0.329513 -0.192725 -0.121333 0.237034 0.963895 255 255 255 1.000000
-0.258204 0.226174 -0.185802 -0.193202 -0.009307 -0.981115 255 255 255 1.000000
-0.312170 -0.043321 -0.200631 -0.769907 -0.161410 -0.617406 255 255 255 1.000000
-0.167834 0.003718 -0.155063 0.209125 -0.327724 0.921338 255 255 255 1.000000
0.354231 -0.020736 0.080617 0.539137 0.842007 -0.018855 255 255 255 1.000000
-0.313857 0.605094 -0.237920 -0.181211 -0.257064 -0.949253 255 255 255 1.000000
-0.167558 -0.141021 0.004605 0.000000 0.401519 -0.915851 255 255 255 1.000000
-0.427118 -0.677318 -0.290155 0.006576 -0.901047 0.433671 255 255 255 1.000000
0.108060 0.317869 -0.187011 -0.161991 0.237419 0.957806 255 255 255 1.000000
0.205728 0.485531 -0.212428 0.280736 -0.251588 -0.926224 255 255 255 1.000000
0.295784 -0.704263 0.531514 0.999263 -0.019454 0.033097 255 255 255 1.000000
0.026892 0.228370 -0.176886 -0.056507 0.186938 0.980745 255 255 255 1.000000
-0.223234 -0.076979 0.454558 -0.117380 0.067742 0.990774 255 255 255 1.000000
-0.016911 0.292237 -0.189809 -0.036185 -0.210114 -0.977007 255 255 255 1.000000
0.260965 0.128127 -0.146931 0.010858 0.128946 -0.991592 255 255 255 1.000000
0.297906 -0.682205 0.548895 -0.182136 0.674004 0.715922 255 255 255 1.000000
-0.367177 -0.017536 0.166261 0.544309 -0.838885 0.000003 255 255 255 1.000000
-0.081181 -0.016281 -0.173474 0.146981 -0.208687 0.966874 255 255 255 1.000000
0.153330 -0.039702 0.170647 -0.082987 0.996111 -0.029613 255 255 255 1.000000
0.170152 0.319729 -0.173401 -0.243081 0.236003 0.940858 255 255 255 1.000000
-0.289745 0.476793 -0.175481 -0.378363 -0.268389 -0.885894 255 255 255 1.000000
0.229801 -0.102464 -0.077523 0.890303 -0.426626 -0.159221 255 255 255 1.000000
-0.349928 -0.241226 0.145418 0.731237 0.551688 0.401164 255 255 255 1.000000
0.046128 0.169305 -0.165934 -0.077912 0.088387 0.993034 255 255 255 1.000000
-0.405192 -0.623180 -0.271420 0.393394 -0.344900 0.852224 255 255 255 1.000000
-0.192351 0.260792 -0.153619 0.244553 0.212836 0.945989 255 255 255 1.000000
-0.194384 0.401562 -0.190564 0.270217 0.258972 0.927317 255 255 255 1.000000
0.234594 -0.026216 0.371322 -0.100010 0.985213 0.139119 255 255 255 1.000000
-0.424973 -0.579801 -0.255179 -0.798915 -0.189253 0.570892 255 255 255 1.000000
0.029890 -0.046370 0.158557 0.034815 -0.999336 0.010702 255 255 255 1.000000
-0.177105 -0.132720 0.428583 0.089237 0.995757 -0.022454 255 255 255 1.000000
-0.377240 -0.166379 0.052739 0.000000 0.527435 -0.849595 255 255 255 1.000000
-0.272144 -0.019062 0.331091 -0.130467 -0.991292 -0.017833 255 255 255 1.000000
0.341425 0.510165 -0.180303 -0.965629 -0.022565 -0.258944 255 255 255 1.000000
-0.324715 -0.273689 0.227733 0.841941 0.424369 0.333235 255 255 255 1.000000
0.434105 -0.695425 -0.226400 0.023862 0.737700 -0.674707 255 255 255 1.000000
-0.232072 -0.064041 -0.178932 0.982390 0.168746 0.080222 255 255 255 1.000000
-0.400592 -0.325185 -0.158468 -0.601856 0.506322 -0.617581 255 255 255 1.000000
-0.230492 0.754804 -0.305041 -0.106040 -0.920125 -0.376996 255 255 255 1.000000
0.040086 -0.038597 0.370595 0.018813 -0.994525 -0.102787 255 255 255 1.000000
-0.321845 -0.292220 0.231652 0.998758 -0.046655 -0.017507 255 255 255 1.000000
0.376187 -0.385313 -0.164082 0.866229 0.306372 -0.394693 255 255 255 1.000000
-0.148970 0.633057 -0.256794 0.122244 0.232327 0.964925 255 255 255 1.000000
0.377002 -0.044305 0.343342 -0.994561 0.057284 0.086986 255 255 255 1.000000
0.197245 0.036114 -0.144734 0.005467 0.518456 -0.855087 255 255 255 1.000000
0.338757 0.368931 -0.148620 0.669568 0.019034 0.742506 255 255 255 1.000000
-0.381857 -0.747755 -0.288309 -0.039227 0.751234 0.658870 255 255 255 1.000000
-0.151154 0.526578 -0.238214 -0.176690 -0.217170 -0.960009 255 255 255 1.000000
0.274082 -0.023348 0.220547 0.011190 -0.995642 0.092586 255 255 255 1.000000
0.229734 -0.036205 -0.092018 -0.179094 0.983018 0.040001 255 255 255 1.000000
0.406030 -0.636458 -0.311949 -0.019918 0.331055 -0.943401 255 255 255 1.000000
0.217131 -0.026079 0.343447 0.109999 -0.992796 -0.047496 255 255 255 1.000000
-0.246522 -0.139570 0.004994 0.000000 -0.450671 0.892690 255 255 255 1.000000
0.083085 0.669452 -0.266475 -0.083241 0.244544 0.966059 255 255 255 1.000000
0.293227 0.002519 -0.204002 -0.352215 -0.117578 0.928504 255 255 255 1.000000
0.188904 -0.103865 0.458387 -0.073961 0.202479 -0.976490 255 255 255 1.000000
-0.029769 0.495095 -0.241671 0.040860 0.215739 0.975596 255 255 255 1.000000
-0.009409 -0.060313 -0.173061 0.017292 0.979749 -0.199482 255 255 255 1.000000
0.114230 -0.154234 0.002322 0.000000 0.086339 0.996266 255 255 255 1.000000
0.235777 -0.137226 -0.073321 -0.791787 -0.565128 -0.231743 255 255 255 1.000000
-0.290426 0.721176 -0.254328 -0.230371 -0.331341 -0.914955 255 255 255 1.000000
-0.053640 0.364449 -0.204639 -0.074755 -0.243256 -0.967077 255 255 255 1.000000
0.081183 -0.051516 0.038273 -0.066123 0.997413 -0.028180 255 255 255 1.000000
-0.201508 0.466069 -0.207707 0.274268 0.248407 0.929016 255 255 255 1.000000
0.350123 -0.192980 0.075686 -0.489711 0.730074 0.476628 255 255 255 1.000000
-0.245054 -0.044601 0.433618 0.044170 0.784203 0.618930 255 255 255 1.000000
0.183292 -0.035864 0.396443 -0.075601 0.971670 0.223923 255 255 255 1.000000
0.055594 -0.043446 0.402702 -0.023614 0.973783 0.226248 255 255 255 1.000000
-0.380689 -0.684212 0.528130 -0.995659 0.069282 -0.062149 255 255 255 1.000000
-0.116541 -0.041021 0.206965 0.121688 -0.965802 0.228953 255 255 255 1.000000
0.421734 -0.514557 -0.233168 0.707226 -0.304591 0.638010 255 255 255 1.000000
0.226236 0.179107 -0.161196 -0.985613 0.168384 0.014597 255 255 255 1.000000
-0.357805 -0.021775 0.405916 0.040207 -0.971894 -0.231960 255 255 255 1.000000
-0.080961 0.631081 -0.260639 -0.065608 -0.200813 -0.977430 255 255 255 1.000000
0.103992 0.544656 -0.245549 -0.109004 0.197192 0.974286 255 255 255 1.000000
-0.365713 -0.148636 0.002565 0.000000 0.120360 -0.992730 255 255 255 1.000000
-0.376756 -0.261755 -0.064585 0.955220 -0.266341 0.128910 255 255 255 1.000000
-0.302426 0.080052 -0.186572 0.271185 -0.189134 0.943762 255 255 255 1.000000
0.232606 -0.036633 0.068886 0.123615 -0.991783 0.032951 255 255 255 1.000000
-0.075240 -0.130024 0.013419 0.000000 -0.807496 0.589873 255 255 255 1.000000
-0.456044 -0.698892 -0.247526 0.999682 -0.025070 0.002690 255 255 255 1.000000
0.339741 -0.642096 0.480350 -0.785466 0.301696 0.540392 255 255 255 1.000000
-0.058335 -0.058007 -0.166715 0.439879 0.898000 0.010078 255 255 255 1.000000
-0.065747 0.716169 -0.284556 -0.046215 -0.597361 -0.800640 255 255 255 1.000000
0.146130 -0.041583 0.406636 0.062328 -0.965120 -0.254281 255 255 255 1.000000
0.183190 -0.030281 0.362504 0.087096 -0.991367 -0.098010 255 255 255 1.000000
0.349978 -0.216714 0.166421 -0.656906 -0.609244 -0.444180 255 255 255 1.000000
-0.268001 0.102557 -0.150488 0.081489 -0.061418 0.994780 255 255 255 1.000000
-0.063253 0.218751 -0.171970 -0.107512 -0.179918 -0.977789 255 255 255 1.000000
-0.362584 -0.355390 0.301960 -0.959643 0.189253 0.208011 255 255 255 1.000000
-0.117264 -0.030108 -0.167603 0.149492 -0.122003 0.981207 255 255 255 1.000000
0.342061 0.480978 -0.179112 0.982520 -0.007523 0.186002 255 255 255 1.000000
0.305859 -0.135212 -0.007077 -0.904925 -0.318929 0.281771 255 255 255 1.000000
-0.017578 -0.091275 0.462681 -0.002737 0.051405 0.998674 255 255 255 1.000000
0.241748 -0.028506 0.207866 0.130493 -0.991111 0.025897 255 255 255 1.000000
-0.106420 -0.067938 -0.187242 -0.046833 0.368252 -0.928546 255 255 255 1.000000
-0.335161 0.514020 -0.168084 0.038137 0.315636 0.948114 255 255 255 1.000000
-0.277621 -0.168429 0.050689 0.000000 0.613469 -0.789719 255 255 255 1.000000
-0.298586 0.087290 -0.133515 0.645550 0.091634 -0.758201 255 255 255 1.000000
0.289817 -0.137628 0.005814 0.000000 -0.517500 0.855684 255 255 255 1.000000
-0.076705 -0.039487 0.277735 -0.108399 0.982987 -0.148277 255 255 255 1.000000
-0.075319 -0.127222 0.040708 0.000000 -0.908965 -0.416872 255 255 255 1.000000
0.269357 -0.018383 0.336632 0.122290 -0.991591 -0.042346 255 255 255 1.000000
0.334574 -0.151843 0.068898 0.219726 0.839263 0.497351 255 255 255 1.000000
-0.268026 -0.122859 0.052718 -0.195234 -0.957202 -0.213655 255 255 255 1.000000
-0.292216 0.466107 -0.209817 0.905412 0.027968 -0.423611 255 255 255 1.000000
0.334408 -0.332825 0.252211 0.654031 -0.562576 -0.505719 255 255 255 1.000000
0.377717 -0.198472 0.005789 0.426239 -0.598802 0.678054 255 255 255 1.000000
0.356365 -0.014264 0.187545 -0.435951 -0.899903 -0.011023 255 255 255 1.000000
0.250013 0.535781 -0.212227 0.322019 -0.253732 -0.912098 255 255 255 1.000000
-0.258615 0.650669 -0.238820 0.231455 0.275253 0.933094 255 255 255 1.000000
-0.332525 0.314272 -0.140202 -0.699866 -0.018050 0.714047 255 255 255 1.000000
-0.408683 -0.706265 -0.311025 -0.027528 -0.933832 -0.356652 255 255 255 1.000000
-0.048084 -0.045568 0.176306 -0.417556 0.783188 -0.460720 255 255 255 1.000000
0.370789 -0.736965 -0.277335 -0.998355 -0.056411 0.010211 255 255 255 1.000000
-0.392961 -0.347936 -0.173902 0.440121 0.478514 -0.759815 255 255 255 1.000000
-0.361940 -0.504485 0.433779 -0.918713 0.211823 0.333313 255 255 255 1.000000
-0.267447 -0.032967 -0.013073 0.166149 0.984283 0.059840 255 255 255 1.000000
-0.366251 0.567610 -0.203218 0.878830 -0.131699 -0.458600 255 255 255 1.000000
-0.088421 -0.052684 -0.000867 0.623264 -0.260949 0.737189 255 255 255 1.000000
0.110547 0.287821 -0.179310 0.170867 -0.222393 -0.959868 255 255 255 1.000000
-0.298661 -0.160771 0.021837 -0.783453 -0.581899 -0.218162 255 255 255 1.000000
0.201145 -0.041195 -0.092892 -0.157905 0.987009 0.029663 255 255 255 1.000000
0.362169 -0.027814 0.020500 0.809218 0.585675 -0.046369 255 255 255 1.000000
-0.258814 -0.129131 -0.121299 -0.665079 0.344840 0.662386 255 255 255 1.000000
0.354638 -0.601934 0.469451 0.853297 -0.256350 -0.454058 255 255 255 1.000000
0.354023 -0.092888 0.000344 -0.087076 -0.983036 -0.161428 255 255 255 1.000000
-0.395005 -0.526682 -0.236361 -0.441494 0.393570 -0.806341 255 255 255 1.000000
0.243112 -0.046623 -0.171406 0.928397 -0.294738 0.226294 255 255 255 1.000000
0.347420 -0.401945 0.326180 -0.819257 0.371659 0.436677 255 255 255 1.000000
0.322572 -0.369501 0.295541 -0.570731 -0.562298 -0.598404 255 255 255 1.000000
0.359639 -0.060065 0.433204 0.794111 0.294323 0.531754 255 255 255 1.000000
0.065346 0.701229 -0.276798 -0.049555 0.279014 0.959008 255 255 255 1.000000
-0.305223 -0.013955 -0.154616 0.813314 0.073900 -0.577113 255 255 255 1.000000
0.431450 -0.725930 -0.229814 -0.048051 0.131103 -0.990204 255 255 255 1.000000
-0.382082 -0.287870 -0.088865 0.955061 -0.267562 0.127554 255 255 255 1.000000
-0.115518 0.124996 -0.154620 -0.129558 0.979327 -0.155350 255 255 255 1.000000
-0.201175 0.333359 -0.169177 0.274834 0.241446 0.930682 255 255 255 1.000000
0.332881 0.385355 -0.158496 0.985174 -0.072171 0.155641 255 255 255 1.000000
-0.286676 -0.087286 -0.197293 0.938011 0.170587 0.301722 255 255 255 1.000000
0.255935 -0.091646 -0.084672 0.618938 0.785346 0.012162 255 255 255 1.000000
0.255725 -0.024165 0.257286 -0.136952 0.989922 -0.036023 255 255 255 1.000000
-0.349741 -0.388308 0.310003 -0.869454 -0.295955 -0.395551 255 255 255 1.000000
-0.159738 0.679417 -0.265818 -0.123000 -0.267490 -0.955678 255 255 255 1.000000
-0.020309 0.092483 -0.170805 0.071529 -0.316455 0.945907 255 255 255 1.000000
0.205353 -0.168123 0.050996 0.000000 0.600821 -0.799384 255 255 255 1.000000
-0.006899 0.446387 -0.228148 -0.018928 -0.218118 -0.975739 255 255 255 1.000000
0.355993 -0.515019 0.421479 -0.913735 0.216373 0.343904 255 255 255 1.000000
0.055401 -0.048652 0.104212 -0.050037 0.998570 -0.018822 255 255 255 1.000000
-0.117839 0.631595 -0.258666 0.095696 0.218569 0.971118 255 255 255 1.000000
0.237666 0.313511 -0.152220 -0.299094 0.224166 0.927519 255 255 255 1.000000
0.225529 -0.059088 -0.179778 0.970607 -0.185152 -0.153753 255 255 255 1.000000
-0.378373 -0.053751 0.121569 0.992945 0.109446 0.045617 255 255 255 1.000000
-0.054709 0.621403 -0.261300 0.040967 0.197401 0.979466 255 255 255 1.000000
-0.055701 0.344853 -0.199736 -0.080409 -0.235889 -0.968448 255 255 255 1.000000
-0.348516 -0.476513 0.427714 0.981656 0.111141 0.154919 255 255 255 1.000000
-0.383201 -0.166310 -0.016375 -0.552322 0.635395 -0.539642 255 255 255 1.000000
0.348477 -0.131604 0.046946 0.000000 0.756213 0.654325 255 255 255 1.000000
-0.323194 -0.376599 0.332536 0.924414 0.241557 0.295142 255 255 255 1.000000
0.311011 0.218577 -0.151481 -0.993739 0.107522 -0.030363 255 255 255 1.000000
-0.258991 0.176453 -0.119568 -0.396720 -0.546457 0.737562 255 255 255 1.000000
-0.154681 -0.048580 -0.108606 -0.127385 -0.989283 -0.071357 255 255 255 1.000000
0.273334 0.373288 -0.153752 0.322421 -0.231012 -0.917975 255 255 255 1.000000
0.427055 -0.577721 -0.265060 0.980225 0.128829 -0.150205 255 255 255 1.000000
0.448246 -0.743307 -0.274695 0.996307 -0.085350 0.009411 255 255 255 1.000000
-0.294994 -0.025111 -0.077991 -0.227070 -0.947044 -0.227039 255 255 255 1.000000
0.296738 0.130493 -0.129796 0.724384 -0.123310 0.678279 255 255 255 1.000000
-0.302074 -0.033690 0.425528 -0.056478 -0.773760 -0.630956 255 255 255 1.000000
-0.332682 -0.344374 0.267419 0.686465 -0.533509 -0.494099 255 255 255 1.000000
-0.155018 0.043085 -0.154314 -0.234991 0.618335 -0.749961 255 255 255 1.000000
-0.258113 0.514604 -0.202516 0.355345 0.258882 0.898171 255 255 255 1.000000
-0.376759 -0.075286 0.094465 -0.960078 -0.273721 -0.057677 255 255 255 1.000000
-0.006094 -0.055288 -0.008388 0.034035 -0.998717 0.037501 255 255 255 1.000000
0.296711 -0.022470 -0.087816 -0.209186 0.976556 0.050789 255 255 255 1.000000
0.032806 0.045131 -0.173218 0.450826 -0.728459 0.515851 255 255 255 1.000000
-0.401605 -0.422541 -0.172418 -0.346983 -0.412552 0.842261 255 255 255 1.000000
-0.367517 -0.126496 0.020785 0.000000 -0.947077 0.321005 255 255 255 1.000000
0.026515 0.638479 -0.263616 0.033954 -0.216854 -0.975613 255 255 255 1.000000
0.305961 0.095499 -0.168693 -0.996437 0.031991 -0.078039 255 255 255 1.000000
0.326335 -0.025510 0.413736 0.114807 -0.956140 -0.269475 255 255 255 1.000000
0.111921 0.134640 -0.153937 0.326541 -0.911069 -0.251643 255 255 255 1.000000
-0.418751 -0.417812 -0.210730 0.797528 -0.345877 0.494286 255 255 255 1.000000
0.361000 -0.068352 -0.064023 -0.951246 0.288965 0.107844 255 255 255 1.000000
0.405713 -0.448825 -0.192025 0.181855 -0.430735 0.883966 255 255 255 1.000000
0.097062 -0.038744 0.278533 0.059987 -0.998114 0.013018 255 255 255 1.000000
-0.270610 0.095529 -0.195500 -0.209475 0.116774 -0.970816 255 255 255 1.000000
0.226057 -0.016666 -0.182774 -0.957606 0.162440 0.237917 255 255 255 1.000000
0.347340 -0.014073 0.377922 0.116715 -0.972958 -0.199326 255 255 255 1.000000
0.191465 0.270737 -0.156543 0.271103 -0.219222 -0.937254 255 255 255 1.000000
0.073126 -0.049025 0.090011 -0.059390 0.997972 -0.022924 255 255 255 1.000000
0.289800 0.005175 -0.165139 -0.224086 0.172549 -0.959173 255 255 255 1.000000
-0.030421 -0.159254 0.055119 0.000000 -0.275299 0.961359 255 255 255 1.000000
0.328753 -0.520161 0.409707 0.998142 0.054167 0.027889 255 255 255 1.000000
0.380060 -0.448317 -0.210763 0.975316 0.150778 -0.161323 255 255 255 1.000000
-0.209831 0.367995 -0.176792 0.291046 0.253076 0.922629 255 255 255 1.000000
-0.098412 0.704994 -0.278150 -0.075644 -0.291831 -0.953474 255 255 255 1.000000
-0.178800 0.701307 -0.269734 -0.147169 -0.299343 -0.942727 255 255 255 1.000000
-0.038411 0.392169 -0.213156 -0.054978 -0.235667 -0.970277 255 255 255 1.000000
0.030978 0.711461 -0.281917 -0.035815 0.621245 0.782798 255 255 255 1.000000
-0.125020 -0.043982 0.132334 -0.209363 0.908990 -0.360424 255 255 255 1.000000
-0.149330 -0.053637 -0.176149 0.001858 -0.780190 0.625540 255 255 255 1.000000
0.318124 -0.369279 0.329233 -0.892457 0.305386 0.332055 255 255 255 1.000000
-0.151720 -0.150683 0.002017 0.000000 -0.043997 0.999032 255 255 255 1.000000
-0.269032 -0.105385 -0.024043 -0.090036 0.980066 0.177098 255 255 255 1.000000
0.317509 -0.479294 0.418645 0.864293 -0.278760 -0.418676 255 255 255 1.000000
0.364212 0.631076 -0.226855 0.799169 0.220768 0.559097 255 255 255 1.000000
-0.287983 -0.082916 -0.125925 0.246028 0.888339 0.387717 255 255 255 1.000000
0.336764 -0.015921 0.140424 -0.223710 -0.963230 0.148799 255 255 255 1.000000
0.026136 -0.044514 0.406452 -0.010889 0.971514 0.236732 255 255 255 1.000000
0.244055 -0.021900 0.335761 -0.118248 0.992461 0.032235 255 255 255 1.000000
0.262234 -0.141858 -0.065385 -0.148006 0.881034 -0.449302 255 255 255 1.000000
-0.046894 -0.036969 0.347843 0.018128 0.999717 0.015408 255 255 255 1.000000
0.136567 0.527046 -0.239725 -0.157174 0.212408 0.964458 255 255 255 1.000000
-0.215383 0.073797 -0.137654 0.114472 0.777917 -0.617852 255 255 255 1.000000
-0.234041 -0.027506 -0.201239 -0.901334 0.042600 0.431025 255 255 255 1.000000
-0.380650 -0.751709 0.542629 0.134078 0.930977 -0.339566 255 255 255 1.000000
0.002041 0.484468 -0.238692 0.007590 0.209141 0.977856 255 255 255 1.000000
-0.332079 -0.488152 0.390134 0.622642 -0.442833 -0.645149 255 255 255 1.000000
0.313717 -0.591027 0.470349 -0.992732 -0.077723 -0.091882 255 255 255 1.000000
-0.327096 -0.021984 0.013830 -0.204118 -0.977028 -0.061250 255 255 255 1.000000
-0.316172 0.505972 -0.171830 -0.402730 -0.268833 -0.874950 255 255 255 1.000000
0.234260 -0.149022 -0.013739 -0.949126 -0.287273 -0.128977 255 255 255 1.000000
0.353529 -0.208171 0.106281 0.731284 -0.567480 -0.378404 255 255 255 1.000000
-0.397301 -0.271576 -0.067476 0.455800 0.549582 -0.700147 255 255 255 1.000000
0.331785 0.516799 -0.205972 -0.595251 0.220714 0.772633 255 255 255 1.000000
0.033579 0.122205 -0.167088 0.433544 -0.885600 0.166593 255 255 255 1.000000
-0.398474 -0.383076 -0.150993 -0.930715 -0.138208 0.338628 255 255 255 1.000000
0.340220 -0.464475 0.369729 0.695081 0.486229 0.529570 255 255 255 1.000000
-0.383371 -0.031121 0.296856 0.999528 0.024610 0.018386 255 255 255 1.000000
0.283193 0.306013 -0.134462 0.296858 -0.201223 -0.933480 255 255 255 1.000000
-0.396208 -0.145013 0.003536 0.000000 0.256968 -0.966420 255 255 255 1.000000
-0.154356 0.365732 -0.190652 -0.214183 -0.254825 -0.942969 255 255 255 1.000000
0.246434 -0.125108 0.032818 0.000000 0.991922 0.126846 255 255 255 1.000000
0.380121 -0.286141 -0.126320 0.485797 -0.508981 0.710591 255 255 255 1.000000
-0.131871 0.487320 -0.230974 0.160659 0.222397 0.961628 255 255 255 1.000000
0.090469 0.043476 -0.165946 -0.136107 -0.179665 0.974267 255 255 255 1.000000
-0.352600 -0.280958 0.196620 -0.661025 -0.581522 -0.474213 255 255 255 1.000000
0.034736 -0.057958 -0.104591 0.794851 -0.606326 0.024095 255 255 255 1.000000
-0.298216 0.237933 -0.122121 0.087620 -0.111628 -0.989880 255 255 255 1.000000
-0.290413 -0.179470 0.028950 0.000000 0.999871 0.016074 255 255 255 1.000000
-0.070514 -0.050923 0.056149 -0.629343 0.319676 -0.708332 255 255 255 1.000000
-0.300981 -0.055648 -0.156077 -0.118785 -0.160092 -0.979929 255 255 255 1.000000
0.229869 -0.088937 -0.138336 0.983195 -0.103544 -0.150352 255 255 255 1.000000
0.058826 0.645370 -0.263367 0.062027 -0.219253 -0.973694 255 255 255 1.000000
-0.383347 -0.027910 0.345300 0.933174 -0.355805 -0.050891 255 255 255 1.000000
-0.213317 -0.036163 0.143514 0.048981 0.984402 -0.168977 255 255 255 1.000000
0.376419 -0.065837 0.324486 0.956399 -0.260212 -0.132628 255 255 255 1.000000
-0.178732 -0.033382 0.260590 -0.074131 -0.995492 0.059168 255 255 255 1.000000
-0.313821 -0.096705 0.449278 0.365384 0.187079 -0.911864 255 255 255 1.000000
-0.382828 -0.382798 -0.165420 0.918250 -0.243492 0.312294 255 255 255 1.000000
0.391329 -0.178590 -0.010379 0.993406 0.113259 0.017783 255 255 255 1.000000
0.201269 -0.139517 0.053778 0.000000 0.452436 0.891797 255 255 255 1.000000
0.314796 0.725577 -0.279079 0.269612 -0.333604 -0.903337 255 255 255 1.000000
-0.102582 -0.068499 0.453353 -0.001216 -0.654638 -0.755942 255 255 255 1.000000
-0.170220 -0.046182 -0.009386 0.136202 0.990442 0.021769 255 255 255 1.000000
-0.025416 0.613550 -0.260447 0.011835 0.191473 0.981427 255 255 255 1.000000
-0.139176 -0.050406 -0.041954 -0.089657 -0.995687 0.023840 255 255 255 1.000000
0.132712 0.029796 -0.158905 -0.184732 -0.085739 0.979042 255 255 255 1.000000
0.043883 0.438905 -0.226117 0.045529 -0.215572 -0.975426 255 255 255 1.000000
-0.243492 0.041878 -0.137137 -0.138982 -0.550994 0.822855 255 255 255 1.000000
0.324090 0.500919 -0.207299 0.535935 -0.219683 -0.815177 255 255 255 1.000000
-0.370631 -0.701315 0.575387 0.259298 -0.897611 -0.356453 255 255 255 1.000000
0.391280 -0.174374 0.044743 0.000000 -0.825887 0.563836 255 255 255 1.000000
-0.304536 0.533438 -0.222147 0.117933 0.204759 0.971682 255 255 255 1.000000
0.045940 0.014752 -0.174640 -0.036773 0.321910 -0.946056 255 255 255 1.000000
-0.072666 0.741394 -0.312259 0.053180 0.841914 0.536984 255 255 255 1.000000
0.319471 -0.195303 0.082464 0.938439 0.292647 0.183550 255 255 255 1.000000
0.234286 -0.160819 0.054699 0.000000 0.332852 -0.942979 255 255 255 1.000000
0.303451 0.015433 -0.190827 -0.742802 0.028724 0.668895 255 255 255 1.000000
-0.434515 -0.631703 -0.294595 -0.767697 0.249437 -0.590274 255 255 255 1.000000
0.368679 -0.082426 0.097410 -0.902245 0.427822 0.054060 255 255 255 1.000000
0.183139 0.204848 -0.143670 0.260328 -0.201625 -0.944233 255 255 255 1.000000
-0.302756 -0.737347 0.534458 -0.999606 0.012278 0.025241 255 255 255 1.000000
-0.346511 0.474067 -0.188007 0.649878 0.213932 0.729309 255 255 255 1.000000
0.102068 -0.053908 -0.058513 -0.073316 0.996951 -0.026714 255 255 255 1.000000
-0.077325 0.669286 -0.268444 0.054877 0.231163 0.971366 255 255 255 1.000000
-0.100769 0.008425 -0.167676 0.181156 -0.374070 0.909535 255 255 255 1.000000
-0.380643 -0.186334 0.019127 0.389226 0.618162 -0.682920 255 255 255 1.000000
-0.271286 -0.027846 0.150556 0.238516 0.745928 0.621853 255 255 255 1.000000
-0.143097 0.696187 -0.273429 -0.107454 -0.284287 -0.952698 255 255 255 1.000000
0.356653 -0.682156 0.567171 0.026829 0.772426 0.634538 255 255 255 1.000000
-0.263108 0.736339 -0.268180 -0.003496 -0.586385 -0.810025 255 255 255 1.000000
-0.293357 0.250110 -0.169840 0.497452 0.067632 0.864851 255 255 255 1.000000
0.267891 -0.114485 0.016162 -0.105741 0.979294 0.172632 255 255 255 1.000000
-0.383857 -0.032172 0.324216 -0.998511 -0.051975 -0.016542 255 255 255 1.000000
0.291854 0.162126 -0.173870 -0.430890 -0.113036 0.895297 255 255 255 1.000000
0.318202 -0.018694 -0.143256 -0.076774 0.842079 -0.533863 255 255 255 1.000000
-0.294415 0.126177 -0.125308 0.531314 0.100762 -0.841161 255 255 255 1.000000
-0.191381 -0.125674 0.023855 0.000000 0.978413 -0.206658 255 255 255 1.000000
0.070642 0.443655 -0.224991 -0.080738 0.221369 0.971842 255 255 255 1.000000
-0.240669 -0.175228 0.043889 0.000000 -0.849472 0.527634 255 255 255 1.000000
0.303297 0.309895 -0.131256 -0.009559 0.145054 0.989378 255 255 255 1.000000
-0.133935 0.012128 -0.160950 -0.201640 0.394467 -0.896514 255 255 255 1.000000
-0.064452 -0.097108 -0.191186 -0.065381 -0.261595 -0.962961 255 255 255 1.000000
0.276496 -0.024727 -0.140980 0.119627 -0.937780 0.325972 255 255 255 1.000000
0.327408 -0.108394 0.420902 -0.146266 0.989206 -0.008802 255 255 255 1.000000
-0.303376 0.691617 -0.252609 0.815548 0.183338 0.548879 255 255 255 1.000000
0.299656 0.055866 -0.187377 -0.996960 0.066922 -0.039891 255 255 255 1.000000
-0.237180 0.089798 -0.157234 0.550079 -0.042386 0.834036 255 255 255 1.000000
0.212893 0.642765 -0.243189 0.190389 -0.205874 -0.959879 255 255 255 1.000000
0.420907 -0.606916 -0.297939 -0.781582 -0.263388 0.565470 255 255 255 1.000000
-0.119963 -0.051860 -0.164240 -0.149004 -0.843816 -0.515531 255 255 255 1.000000
0.344020 -0.019605 0.031982 0.350263 0.936481 -0.017833 255 255 255 1.000000
0.360711 -0.009193 0.288325 -0.397361 -0.917017 -0.034407 255 255 255 1.000000
0.083646 -0.039694 0.384480 0.035263 -0.986524 -0.159769 255 255 255 1.000000
-0.345319 0.423648 -0.161354 -0.976434 -0.060327 0.207214 255 255 255 1.000000
-0.303199 0.173512 -0.148310 0.840210 -0.512788 -0.176340 255 255 255 1.000000
-0.321667 -0.686707 0.569651 -0.027735 0.861500 0.507000 255 255 255 1.000000
-0.186018 -0.038095 0.158970 -0.048143 -0.989715 0.134713 255 255 255 1.000000
-0.243717 0.002587 -0.166279 -0.908063 -0.167479 -0.383892 255 255 255 1.000000
-0.291730 -0.081230 0.450939 0.175381 0.055223 -0.982951 255 255 255 1.000000
-0.248267 -0.079586 -0.201849 -0.861609 0.369586 0.347903 255 255 255 1.000000
0.304555 0.138247 -0.167773 0.995815 -0.088321 0.023510 255 255 255 1.000000
-0.138175 -0.038470 0.230757 -0.040432 -0.996354 0.075130 255 255 255 1.000000
-0.255484 0.099726 -0.128378 -0.240471 -0.572788 0.783637 255 255 255 1.000000
0.417858 -0.659487 -0.314478 0.424644 0.019841 -0.905143 255 255 255 1.000000
0.257410 0.677080 -0.241341 0.185218 -0.280947 -0.941681 255 255 255 1.000000
-0.255380 -0.157024 0.002267 0.402424 0.915350 0.013760 255 255 255 1.000000
-0.109070 0.218864 -0.164582 -0.170681 -0.189138 -0.967003 255 255 255 1.000000
0.373038 -0.284649 -0.096272 0.989680 0.107512 0.094730 255 255 255 1.000000
-0.365776 -0.017814 0.149339 -0.510271 0.860009 -0.002718 255 255 255 1.000000
-0.278958 0.573902 -0.209724 0.331478 0.254245 0.908561 255 255 255 1.000000
0.411499 -0.428190 -0.186931 -0.557234 0.412179 -0.720832 255 255 255 1.000000
0.143161 0.437283 -0.214266 -0.187930 0.236685 0.953238 255 255 255 1.000000
0.170434 -0.099943 0.459239 0.058970 -0.149976 0.986929 255 255 255 1.000000
-0.326110 -0.040543 0.435565 0.034784 0.710325 0.703014 255 255 255 1.000000
0.237885 -0.029789 -0.169718 0.960427 -0.264479 0.087351 255 255 255 1.000000
-0.329249 -0.403981 0.364239 -0.585015 -0.507421 -0.632678 255 255 255 1.000000
-0.001521 -0.059984 -0.148829 0.999319 -0.028040 0.023987 255 255 255 1.000000
0.232471 0.008305 -0.203667 -0.764018 0.015440 -0.645010 255 255 255 1.000000
0.367016 -0.067399 0.021765 0.984926 -0.161035 -0.063148 255 255 255 1.000000
0.124947 0.464745 -0.225387 0.153542 -0.227135 -0.961683 255 255 255 1.000000
0.375904 -0.049482 0.401832 0.035157 0.197337 0.979705 255 255 255 1.000000
0.291885 0.453312 -0.209540 -0.131008 0.170599 0.976592 255 255 255 1.000000
-0.342617 -0.346636 0.322537 0.858569 0.353043 0.371780 255 255 255 1.000000
0.120582 -0.050728 -0.028191 0.089604 -0.995541 0.029478 255 255 255 1.000000
-0.051971 0.655746 -0.266145 -0.030707 -0.192384 -0.980839 255 255 255 1.000000
-0.274301 -0.023375 0.231616 -0.094715 -0.966785 0.237394 255 255 255 1.000000
-0.111356 0.594893 -0.253024 0.106973 0.211161 0.971580 255 255 255 1.000000
0.323462 -0.275603 0.192453 -0.707387 -0.549413 -0.444690 255 255 255 1.000000
0.391281 -0.569361 -0.280732 -0.732785 0.217240 -0.644851 255 255 255 1.000000
-0.074203 -0.048954 0.092596 -0.583387 0.467744 -0.663984 255 255 255 1.000000
0.060701 -0.057675 -0.159977 0.278815 -0.960341 0.002687 255 255 255 1.000000
-0.354267 -0.257862 0.171554 0.772632 0.502431 0.388077 255 255 255 1.000000
0.119820 0.051814 -0.159348 0.184249 0.079573 -0.979653 255 255 255 1.000000
-0.254879 0.290379 -0.176654 0.980287 0.191887 -0.047091 255 255 255 1.000000
0.142322 0.065909 -0.153831 -0.192336 -0.082104 0.977888 255 255 255 1.000000
0.069478 0.052163 -0.169652 -0.309753 0.917312 -0.250183 255 255 255 1.000000
0.328794 -0.455086 0.411939 -0.981974 -0.117738 -0.147865 255 255 255 1.000000
0.312886 -0.019446 0.384342 0.107579 -0.972026 -0.208786 255 255 255 1.000000
-0.301147 0.594905 -0.207606 -0.319875 -0.269046 -0.908457 255 255 255 1.000000
-0.310980 0.532883 -0.183465 0.385602 0.269104 0.882550 255 255 255 1.000000
0.044165 0.152524 -0.165234 0.287236 -0.448001 -0.846635 255 255 255 1.000000
-0.100438 -0.053152 -0.035096 0.559451 0.626620 0.542552 255 255 255 1.000000
-0.268226 -0.136827 -0.087609 -0.247128 -0.701857 0.668075 255 255 255 1.000000
0.013488 -0.046128 0.168538 -0.027536 0.999566 -0.010475 255 255 255 1.000000
0.233182 0.614449 -0.233901 0.233077 -0.211967 -0.949076 255 255 255 1.000000
0.307123 0.237168 -0.153895 -0.649426 0.019841 0.760166 255 255 255 1.000000
0.072536 0.613323 -0.257913 0.071324 -0.203991 -0.976371 255 255 255 1.000000
-0.317028 0.746449 -0.260279 0.056270 -0.666298 -0.743559 255 255 255 1.000000
-0.277362 0.036143 -0.132297 -0.145519 -0.215339 0.965636 255 255 255 1.000000
-0.295952 -0.020044 0.229665 0.118734 0.966937 -0.225688 255 255 255 1.000000
-0.226500 0.574200 -0.230294 0.276112 0.234161 0.932164 255 255 255 1.000000
-0.230069 -0.031146 0.390963 0.088464 0.967414 0.237244 255 255 255 1.000000
0.340786 0.650321 -0.236107 -0.746304 0.198667 0.635265 255 255 255 1.000000
-0.290920 -0.027030 0.109374 -0.166111 -0.958970 -0.229746 255 255 255 1.000000
0.238845 -0.163558 0.034458 -0.588900 0.790730 0.167160 255 255 255 1.000000
-0.015625 0.426360 -0.222607 -0.029166 -0.223882 -0.974180 255 255 255 1.000000
0.353716 -0.543246 0.458600 0.791847 0.302022 0.530812 255 255 255 1.000000
-0.257826 -0.023528 0.278879 -0.118367 -0.990531 0.069549 255 255 255 1.000000
-0.079748 -0.056779 -0.138533 0.083128 0.996536 -0.002428 255 255 255 1.000000
-0.143994 0.749408 -0.317688 -0.102087 -0.910918 -0.399759 255 255 255 1.000000
-0.226098 -0.037873 -0.104720 0.228203 0.525384 0.819692 255 255 255 1.000000
0.229866 0.568973 -0.226247 0.262959 -0.214602 -0.940637 255 255 255 1.000000
0.232888 -0.025660 0.285113 0.127038 -0.991675 0.021029 255 255 255 1.000000
-0.045016 -0.056865 -0.066128 0.429143 -0.819043 0.380795 255 255 255 1.000000
0.378418 -0.370497 -0.145882 0.678088 0.449225 -0.581716 255 255 255 1.000000
-0.402358 -0.217478 -0.053691 -0.615880 0.567898 -0.546062 255 255 255 1.000000
0.019525 0.720468 -0.290424 -0.022533 0.628651 0.777361 255 255 255 1.000000
-0.324495 -0.189199 0.093790 -0.885756 -0.385567 -0.258407 255 255 255 1.000000
-0.292154 0.202308 -0.117347 0.118595 -0.103699 -0.987513 255 255 255 1.000000
0.111410 0.225143 -0.165038 -0.185859 0.191315 0.963771 255 255 255 1.000000
-0.231319 0.025888 -0.189239 -0.989933 0.031336 0.138024 255 255 255 1.000000
-0.138574 0.232530 -0.161251 0.204103 0.200975 0.958098 255 255 255 1.000000
-0.260654 -0.114463 -0.165367 0.328912 -0.611265 -0.719842 255 255 255 1.000000
0.367840 0.724293 -0.274869 0.911489 0.182913 0.368417 255 255 255 1.000000
-0.049894 0.589020 -0.256948 0.043346 0.202824 0.978255 255 255 255 1.000000
0.314343 -0.713369 0.573271 -0.049829 0.229893 -0.971940 255 255 255 1.000000
0.365779 -0.010166 0.320390 0.530878 0.846680 0.036074 255 255 255 1.000000
0.059354 0.563533 -0.252405 0.055794 -0.197376 -0.978739 255 255 255 1.000000
0.369370 -0.032691 0.412819 -0.726714 -0.512651 -0.457248 255 255 255 1.000000
-0.263922 -0.026940 0.391010 0.098671 0.965768 0.239909 255 255 255 1.000000
-0.233240 -0.106520 -0.162670 -0.882685 0.392615 0.258305 255 255 255 1.000000
0.027026 -0.086264 0.461550 -0.004555 -0.330800 -0.943690 255 255 255 1.000000
0.077986 0.075631 -0.166020 0.338555 -0.940635 0.024208 255 255 255 1.000000
-0.294519 0.140028 -0.179833 -0.401461 0.115434 -0.908573 255 255 255 1.000000
-0.175606 0.111724 -0.142150 0.056495 0.950326 -0.306086 255 255 255 1.000000
0.084489 -0.168121 0.050998 0.000000 0.600733 -0.799450 255 255 255 1.000000
0.318486 -0.022408 0.064900 -0.161075 0.986941 0.001740 255 255 255 1.000000
0.233320 0.155780 -0.143085 0.002259 0.135934 -0.990715 255 255 255 1.000000
0.175031 0.023479 -0.150777 -0.159321 -0.189351 0.968898 255 255 255 1.000000
-0.287913 -0.105233 -0.025219 0.267739 0.929573 0.253397 255 255 255 1.000000
-0.058750 0.132464 -0.163859 0.169787 -0.913392 0.369982 255 255 255 1.000000
-0.144918 -0.136412 0.440004 -0.082001 -0.981192 0.174749 255 255 255 1.000000
0.101488 0.608837 -0.254824 -0.096086 0.188282 0.977403 255 255 255 1.000000
-0.278928 -0.029935 -0.056080 -0.211851 -0.970210 -0.117525 255 255 255 1.000000
0.188680 -0.159176 0.003646 0.000000 0.272405 0.962183 255 255 255 1.000000
-0.081836 0.580894 -0.253087 0.082315 0.204914 0.975313 255 255 255 1.000000
0.433557 -0.751702 -0.249901 -0.171066 0.893112 -0.416037 255 255 255 1.000000
0.424007 -0.600307 -0.270891 -0.829076 0.143551 -0.540395 255 255 255 1.000000
-0.327695 0.423317 -0.148353 0.102862 -0.181042 -0.978081 255 255 255 1.000000
0.281000 -0.148356 -0.035926 0.103923 0.969110 -0.223664 255 255 255 1.000000
-0.256658 0.117061 -0.194371 -0.122313 0.096002 -0.987838 255 255 255 1.000000
0.259242 0.591065 -0.222276 -0.278520 0.227230 0.933163 255 255 255 1.000000
0.363625 0.658087 -0.236383 0.786765 0.266687 0.556668 255 255 255 1.000000
0.325536 -0.541473 0.426553 0.977321 -0.093448 -0.190029 255 255 255 1.000000
-0.334815 -0.579811 0.447032 -0.517296 0.433675 0.737788 255 255 255 1.000000
0.026059 0.409835 -0.218079 0.025144 -0.225484 -0.973922 255 255 255 1.000000
-0.322335 -0.599432 0.486900 -0.944509 -0.152843 -0.290762 255 255 255 1.000000
-0.216650 0.298379 -0.156464 -0.281490 -0.225706 -0.932642 255 255 255 1.000000
0.196409 0.729809 -0.281042 -0.175788 0.579315 0.795923 255 255 255 1.000000
-0.209562 0.535324 -0.225831 0.284823 0.241116 0.927760 255 255 255 1.000000
0.224060 0.136270 -0.155424 0.998749 -0.016526 -0.047200 255 255 255 1.000000
-0.038697 -0.058132 -0.102749 0.764122 0.645020 0.008221 255 255 255 1.000000
-0.192230 0.165118 -0.135274 -0.320813 -0.814963 -0.482612 255 255 255 1.000000
-0.323914 -0.672729 0.535926 -0.006287 -0.999965 0.005539 255 255 255 1.000000
0.255366 0.693477 -0.247834 0.174053 -0.290765 -0.940830 255 255 255 1.000000
0.247557 -0.111231 0.001126 -0.190715 -0.969513 -0.153859 255 255 255 1.000000
-0.391355 -0.193250 -0.040519 0.586641 -0.605512 0.537781 255 255 255 1.000000
-0.405219 -0.481563 -0.207326 -0.273366 0.437355 -0.856733 255 255 255 1.000000
-0.400170 -0.228423 -0.031886 0.592839 0.505866 -0.626611 255 255 255 1.000000
-0.397101 -0.756867 -0.258707 -0.202235 0.896066 -0.395180 255 255 255 1.000000
0.414583 -0.708790 -0.220216 -0.021285 -0.400521 0.916040 255 255 255 1.000000
-0.327758 -0.017436 0.383836 0.119694 0.967450 0.222964 255 255 255 1.000000
-0.012106 -0.138226 0.005354 0.000000 -0.494108 0.869401 255 255 255 1.000000
0.080292 0.018951 -0.170073 0.128478 0.178149 -0.975580 255 255 255 1.000000
0.261642 -0.032874 0.049636 0.142321 -0.989639 0.018961 255 255 255 1.000000
0.279030 0.333594 -0.141836 0.305655 -0.212278 -0.928177 255 255 255 1.000000
-0.394538 -0.694867 -0.295026 0.046306 0.375669 -0.925596 255 255 255 1.000000
0.381517 -0.713561 -0.220294 0.000741 -0.740583 0.671965 255 255 255 1.000000
-0.300575 0.375465 -0.144244 -0.350998 -0.223460 -0.909322 255 255 255 1.000000
0.000125 0.546206 -0.251292 0.000643 0.198090 0.980184 255 255 255 1.000000
0.399892 -0.250916 -0.061246 -0.694001 0.433114 -0.575130 255 255 255 1.000000
0.282667 0.188348 -0.117235 -0.788743 0.096204 0.607149 255 255 255 1.000000
-0.036145 -0.049557 0.100034 -0.355607 0.848773 -0.391316 255 255 255 1.000000
0.227792 -0.123327 -0.098335 -0.841376 -0.489572 -0.228923 255 255 255 1.000000
0.394701 -0.367394 -0.138082 0.125876 -0.575869 0.807793 255 255 255 1.000000
0.356157 -0.311402 0.259290 -0.994725 -0.065450 -0.078984 255 255 255 1.000000
-0.013058 0.477538 -0.236787 -0.023968 -0.214373 -0.976458 255 255 255 1.000000
-0.408946 -0.149396 0.056425 0.000000 0.091806 0.995777 255 255 255 1.000000
-0.363113 -0.030651 -0.101483 0.944677 -0.323850 0.052026 255 255 255 1.000000
-0.328936 -0.497959 0.436865 0.534052 0.468457 0.703801 255 255 255 1.000000
0.375038 -0.702209 0.524363 -0.998987 -0.022604 0.038918 255 255 255 1.000000
-0.394139 -0.247826 -0.043957 0.483159 0.552120 -0.679500 255 255 255 1.000000
0.316868 -0.018185 -0.081192 0.218562 -0.974337 -0.053840 255 255 255 1.000000
0.363387 -0.084084 0.176443 0.526503 -0.850022 -0.016019 255 255 255 1.000000
0.295786 0.326938 -0.181140 -0.475349 0.139340 0.868693 255 255 255 1.000000
-0.278648 0.350693 -0.147099 -0.329793 -0.222047 -0.917568 255 255 255 1.000000
0.357478 -0.036033 -0.112022 0.942227 0.331109 -0.050744 255 255 255 1.000000
0.129116 -0.048115 0.038853 -0.078854 0.996144 -0.038459 255 255 255 1.000000
-0.003706 0.093563 -0.172156 0.037424 -0.317956 0.947367 255 255 255 1.000000
0.238754 0.256977 -0.137756 0.287778 -0.203592 -0.935807 255 255 255 1.000000
0.395172 -0.463492 -0.242641 -0.367236 0.418308 -0.830757 255 255 255 1.000000
-0.224629 -0.126558 0.020554 0.000000 -0.944177 0.329438 255 255 255 1.000000
-0.192502 -0.045421 -0.060981 0.135144 0.990723 -0.014262 255 255 255 1.000000
0.225622 -0.149830 0.045612 0.897770 0.428396 0.102400 255 255 255 1.000000
0.193955 0.618605 -0.242194 0.195962 -0.193166 -0.961398 255 255 255 1.000000
-0.136026 -0.035049 0.299600 -0.062298 -0.997824 0.021609 255 255 255 1.000000
0.043873 -0.139978 0.449782 0.021462 -0.933335 0.358365 255 255 255 1.000000
0.129151 0.596571 -0.250575 -0.126508 0.183734 0.974801 255 255 255 1.000000
-0.071666 -0.055747 -0.064619 -0.465019 -0.832620 -0.300835 255 255 255 1.000000
-0.206022 -0.042337 -0.010435 0.127731 0.991793 0.005630 255 255 255 1.000000
0.355069 -0.014854 0.170791 -0.427877 -0.903802 -0.007903 255 255 255 1.000000
0.370337 -0.235725 -0.077632 0.947865 -0.090853 0.305448 255 255 255 1.000000
-0.337407 -0.375633 0.345619 -0.670087 -0.500626 -0.548048 255 255 255 1.000000
0.347794 -0.076365 -0.096914 -0.087076 -0.983036 -0.161428 255 255 255 1.000000
-0.240209 0.215529 -0.169314 -0.985574 -0.162155 0.048463 255 255 255 1.000000
-0.417107 -0.360577 -0.167558 0.758993 -0.408028 0.507388 255 255 255 1.000000
-0.053993 0.172926 -0.163524 -0.107596 -0.092110 -0.989919 255 255 255 1.000000
-0.304443 -0.731072 0.501161 0.067336 -0.513803 -0.855261 255 255 255 1.000000
0.154810 0.265222 -0.164097 -0.232241 0.210498 0.949608 255 255 255 1.000000
-0.429905 -0.559676 -0.252332 0.684804 0.302198 -0.663113 255 255 255 1.000000
0.241061 0.191938 -0.187217 -0.116649 -0.044850 0.992160 255 255 255 1.000000
-0.360361 -0.085890 0.440224 0.478357 0.108229 -0.871471 255 255 255 1.000000
0.171413 -0.125371 0.024987 0.000000 -0.986479 0.163887 255 255 255 1.000000
-0.354386 -0.059183 0.440870 0.375647 -0.068894 -0.924199 255 255 255 1.000000
0.381137 -0.354925 -0.173518 0.577057 -0.420782 0.699963 255 255 255 1.000000
0.335223 -0.235076 0.196669 0.421504 0.722660 0.547811 255 255 255 1.000000
0.424277 -0.627063 -0.277759 -0.826423 0.165897 -0.538055 255 255 255 1.000000
0.416403 -0.674917 -0.282148 0.011136 0.933154 -0.359305 255 255 255 1.000000
-0.070927 -0.036373 0.348746 -0.034913 -0.999161 -0.021395 255 255 255 1.000000
-0.273409 -0.161217 0.021563 -0.186561 -0.978091 -0.092377 255 255 255 1.000000
-0.281593 -0.130606 -0.115665 -0.201128 0.665299 -0.718975 255 255 255 1.000000
-0.312966 0.347031 -0.179798 0.558846 0.148060 0.815947 255 255 255 1.000000
0.292414 0.645930 -0.243192 0.817072 -0.179547 -0.547866 255 255 255 1.000000
0.253854 0.634306 -0.233046 0.232902 -0.227309 -0.945562 255 255 255 1.000000
-0.282340 -0.027381 0.398352 0.106617 0.962700 0.248681 255 255 255 1.000000
-0.127714 -0.139685 0.053823 0.000000 0.446875 0.894596 255 255 255 1.000000
-0.033691 -0.052934 0.031565 0.366313 -0.837054 0.406393 255 255 255 1.000000
0.281140 0.063437 -0.129257 0.632964 0.157391 0.758013 255 255 255 1.000000
-0.331879 -0.549979 0.431426 0.394368 -0.476605 -0.785699 255 255 255 1.000000
0.277329 0.647469 -0.229652 -0.235672 0.248607 0.939496 255 255 255 1.000000
-0.123252 -0.051899 -0.099188 0.098379 0.995147 0.002035 255 255 255 1.000000
-0.222434 -0.030381 0.241999 -0.090494 -0.992244 0.085219 255 255 255 1.000000
0.191393 0.177136 -0.136946 -0.252038 0.112995 0.961098 255 255 255 1.000000
-0.230834 0.605735 -0.235736 -0.256195 -0.229295 -0.939036 255 255 255 1.000000
-0.419658 -0.504746 -0.257068 0.796912 -0.292545 0.528534 255 255 255 1.000000
-0.289236 0.519661 -0.189174 -0.379903 -0.263654 -0.886657 255 255 255 1.000000
0.324661 0.277739 -0.137149 -0.716540 0.039446 -0.696429 255 255 255 1.000000
0.050740 0.468761 -0.233780 -0.051795 0.208164 0.976721 255 255 255 1.000000
-0.117857 -0.048152 0.053994 -0.414871 0.697189 -0.584645 255 255 255 1.000000
0.216531 -0.032811 0.183997 -0.117673 0.992848 -0.020127 255 255 255 1.000000
-0.427432 -0.472045 -0.220940 -0.963596 0.162469 -0.212337 255 255 255 1.000000
0.400314 -0.416078 -0.196237 0.979255 0.165292 -0.117214 255 255 255 1.000000
-0.125657 -0.012003 -0.164509 0.171916 -0.229301 0.958053 255 255 255 1.000000
0.317244 -0.423520 0.372497 -0.862693 0.311398 0.398488 255 255 255 1.000000
0.302243 -0.013796 0.336999 0.127016 -0.990218 -0.057749 255 255 255 1.000000
0.116863 -0.123754 0.460195 -0.058004 0.485855 -0.872113 255 255 255 1.000000
-0.391731 -0.339078 -0.142394 0.993363 -0.114244 -0.013342 255 255 255 1.000000
-0.091652 0.082494 -0.163439 0.214001 -0.865995 0.451948 255 255 255 1.000000
-0.312348 -0.112878 0.421795 0.227652 -0.847891 0.478807 255 255 255 1.000000
-0.326447 0.731789 -0.249457 0.106546 0.455908 0.883627 255 255 255 1.000000
0.267807 0.615829 -0.225203 0.261385 -0.237142 -0.935650 255 255 255 1.000000
0.192404 0.455905 -0.207076 0.265286 -0.252680 -0.930471 255 255 255 1.000000
-0.136250 0.369861 -0.196613 -0.185185 -0.248118 -0.950865 255 255 255 1.000000
0.221467 -0.161563 0.004286 0.000000 -0.359603 -0.933105 255 255 255 1.000000
0.342309 -0.591850 0.493035 -0.494812 -0.405304 -0.768694 255 255 255 1.000000
-0.365560 0.591587 -0.209473 -0.848689 0.161722 0.503561 255 255 255 1.000000
0.273476 0.209243 -0.179911 -0.334375 -0.004272 0.942431 255 255 255 1.000000
0.338957 0.638888 -0.210890 0.134314 0.362855 0.922115 255 255 255 1.000000
-0.346241 -0.204537 0.083295 -0.304142 0.789887 0.532519 255 255 255 1.000000
-0.097973 0.419206 -0.214718 0.132846 0.238269 0.962070 255 255 255 1.000000
0.106610 0.007634 -0.165830 0.174533 0.083707 -0.981087 255 255 255 1.000000
-0.271328 -0.025491 0.200036 0.108029 -0.386688 0.915861 255 255 255 1.000000
0.251872 -0.003842 -0.165287 -0.051889 -0.095362 0.994089 255 255 255 1.000000
0.090281 -0.048281 0.093994 -0.066609 0.997447 -0.025735 255 255 255 1.000000
0.290265 0.115228 -0.125798 -0.675114 0.135875 -0.725093 255 255 255 1.000000
-0.269058 0.757890 -0.295880 0.078388 0.919405 0.385422 255 255 255 1.000000
0.224703 -0.125959 -0.039094 -0.957861 -0.255616 -0.131006 255 255 255 1.000000
-0.319349 0.642562 -0.217307 0.280934 0.302514 0.910803 255 255 255 1.000000
-0.362008 -0.391089 0.337017 -0.916542 0.252487 0.310162 255 255 255 1.000000
-0.349116 0.361029 -0.165178 0.949477 0.095730 -0.298879 255 255 255 1.000000
0.283863 -0.115862 0.022735 0.322854 -0.920624 -0.219582 255 255 255 1.000000
-0.303128 0.662350 -0.243340 0.821650 0.179681 0.540931 255 255 255 1.000000
-0.012015 0.124966 -0.168937 -0.068895 0.386146 -0.919861 255 255 255 1.000000
-0.234491 -0.106008 -0.073706 -0.881072 -0.445706 -0.158297 255 255 255 1.000000
0.338438 -0.614900 0.505407 0.444673 0.400878 0.800976 255 255 255 1.000000
0.134503 0.653686 -0.259092 -0.130296 0.207721 0.969471 255 255 255 1.000000
-0.336315 -0.301653 0.220611 0.332768 -0.717452 -0.611987 255 255 255 1.000000
-0.114756 -0.051126 -0.004711 -0.519346 0.499972 -0.693042 255 255 255 1.000000
0.290359 -0.155560 -0.003124 0.107912 0.993743 -0.028815 255 255 255 1.000000
0.396154 -0.324028 -0.154787 -0.611387 -0.502079 0.611655 255 255 255 1.000000
0.177354 0.552798 -0.235359 0.200398 -0.210307 -0.956876 255 255 255 1.000000
-0.375417 -0.094026 0.386112 0.798182 -0.171528 0.577480 255 255 255 1.000000
0.374938 -0.721856 0.515413 -0.999083 -0.005576 0.042451 255 255 255 1.000000
0.331089 -0.700423 0.492104 -0.071369 -0.792550 0.605617 255 255 255 1.000000
0.371963 -0.041687 0.136129 -0.998628 0.033446 0.040290 255 255 255 1.000000
0.109491 -0.052475 -0.158855 -0.118221 0.992887 0.014132 255 255 255 1.000000
-0.134049 0.206823 -0.157581 -0.200713 -0.187931 -0.961455 255 255 255 1.000000
0.125139 -0.046990 0.067818 0.076552 -0.996438 0.035363 255 255 255 1.000000
-0.236707 0.189760 -0.146059 -0.925553 -0.242266 -0.290964 255 255 255 1.000000
-0.322082 0.315276 -0.161648 0.677715 0.113026 0.726586 255 255 255 1.000000
-0.075955 -0.131239 0.457263 -0.045776 -0.642000 0.765337 255 255 255 1.000000
-0.383335 -0.291596 -0.112895 0.992057 -0.071259 -0.103659 255 255 255 1.000000
-0.326746 0.758183 -0.274243 -0.068435 0.912235 0.403910 255 255 255 1.000000
0.385822 -0.247798 -0.097033 0.581229 0.574148 -0.576652 255 255 255 1.000000
-0.026078 0.008610 -0.176951 0.044731 -0.165202 0.985245 255 255 255 1.000000
-0.237982 0.038550 -0.199423 -0.828484 -0.032061 0.559094 255 255 255 1.000000
-0.345207 0.566956 -0.188611 0.226952 -0.306489 -0.924423 255 255 255 1.000000
-0.286685 -0.049177 -0.161930 -0.116634 0.229745 -0.966237 255 255 255 1.000000
-0.373520 -0.087993 0.344039 -0.815988 -0.397450 -0.419758 255 255 255 1.000000
-0.231680 0.092478 -0.174195 0.986033 0.065702 0.153040 255 255 255 1.000000
0.107189 0.404511 -0.210043 0.139393 -0.237462 -0.961343 255 255 255 1.000000
-0.275772 -0.127068 0.018652 0.000000 0.917768 -0.397118 255 255 255 1.000000
0.082996 -0.036763 0.325431 -0.051218 0.998663 -0.006966 255 255 255 1.000000
0.372721 -0.021328 0.262489 0.905602 0.424128 0.000396 255 255 255 1.000000
0.301328 0.476342 -0.212227 0.265740 -0.191942 -0.944744 255 255 255 1.000000
-0.281304 0.233335 -0.122788 0.280065 0.188021 0.941388 255 255 255 1.000000
-0.351503 -0.652368 0.484828 -0.996593 -0.028655 -0.077333 255 255 255 1.000000
0.315053 -0.032318 0.426056 -0.036117 0.699031 0.714178 255 255 255 1.000000
-0.255432 -0.013980 -0.212591 -0.043885 0.134850 -0.989894 255 255 255 1.000000
-0.033733 0.211843 -0.174324 -0.063249 -0.174578 -0.982610 255 255 255 1.000000
0.017462 -0.040110 0.285663 0.021669 -0.999764 -0.001302 255 255 255 1.000000
-0.186274 -0.159626 0.003767 0.000000 0.289116 0.957294 255 255 255 1.000000
-0.005375 -0.041031 0.380754 -0.000769 -0.990673 -0.136256 255 255 255 1.000000
0.240819 -0.072341 -0.207193 -0.909427 -0.237842 -0.341136 255 255 255 1.000000
-0.244110 0.081381 -0.199411 -0.028781 0.099803 -0.994591 255 255 255 1.000000
-0.306257 0.448815 -0.160557 0.381453 0.251422 0.889540 255 255 255 1.000000
0.356453 -0.365476 0.318604 0.983073 0.128541 0.130553 255 255 255 1.000000
0.229280 0.099849 -0.191211 -0.374341 0.121378 -0.919313 255 255 255 1.000000
-0.237629 0.537235 -0.219277 -0.337523 -0.252410 -0.906845 255 255 255 1.000000
0.277011 -0.035460 -0.214719 -0.211975 -0.015827 0.977147 255 255 255 1.000000
0.152701 0.508732 -0.233008 -0.188211 0.225305 0.955936 255 255 255 1.000000
0.168853 -0.037162 0.193750 -0.091922 0.995449 -0.025110 255 255 255 1.000000
-0.315436 -0.174147 0.044970 0.000000 0.819289 -0.573380 255 255 255 1.000000
0.425423 -0.683443 -0.310441 0.720610 -0.031428 -0.692628 255 255 255 1.000000
0.093514 -0.049607 0.062044 -0.068862 0.997208 -0.028899 255 255 255 1.000000
0.287965 0.636329 -0.223510 -0.260290 0.255942 0.930990 255 255 255 1.000000
-0.333050 -0.165121 0.086544 -0.313978 -0.806754 -0.500566 255 255 255 1.000000
-0.132276 -0.141238 0.004547 0.000000 -0.393970 0.919123 255 255 255 1.000000
-0.310272 0.722253 -0.249565 -0.235230 -0.335483 -0.912205 255 255 255 1.000000
-0.299808 0.289861 -0.129168 -0.040364 -0.142099 -0.989029 255 255 255 1.000000
-0.377114 -0.725550 -0.285299 0.999577 -0.026751 0.011388 255 255 255 1.000000
0.181252 -0.169253 0.049865 0.000000 0.646896 -0.762578 255 255 255 1.000000
-0.303799 0.288916 -0.170158 0.567597 0.103320 0.816798 255 255 255 1.000000
-0.327462 -0.372189 0.300362 0.737248 -0.470349 -0.485012 255 255 255 1.000000
-0.322578 -0.269840 0.209641 -0.995757 -0.066575 -0.063524 255 255 255 1.000000
0.364019 -0.047528 -0.020482 -0.997063 0.044197 0.062541 255 255 255 1.000000
0.345965 -0.017598 -0.106417 -0.271349 -0.962371 -0.014549 255 255 255 1.000000
0.318339 -0.173106 0.057224 0.997282 0.059207 0.043854 255 255 255 1.000000
-0.372459 -0.037918 0.023006 -0.931214 0.360738 -0.052036 255 255 255 1.000000
-0.361516 -0.265831 0.191428 0.889718 0.351815 0.290909 255 255 255 1.000000
-0.229071 0.718433 -0.265004 -0.144274 -0.484448 -0.862842 255 255 255 1.000000
0.390635 -0.749952 -0.288068 -0.011785 0.764898 0.644044 255 255 255 1.000000
-0.295516 -0.021491 -0.140815 -0.247765 -0.588572 -0.769542 255 255 255 1.000000
0.293136 -0.015488 0.318158 0.159620 0.972686 -0.168531 255 255 255 1.000000
0.343275 -0.441579 0.354992 0.719565 -0.426844 -0.547750 255 255 255 1.000000
0.365392 -0.212022 -0.055713 0.939010 -0.118477 0.322835 255 255 255 1.000000
0.222990 0.095519 -0.133363 -0.321908 0.935839 -0.143457 255 255 255 1.000000
-0.379709 -0.049433 0.155564 0.994150 0.100185 0.040365 255 255 255 1.000000
-0.311233 -0.097139 -0.144323 0.288259 0.101924 -0.952112 255 255 255 1.000000
0.318755 -0.338492 0.274158 0.667684 0.534620 0.518053 255 255 255 1.000000
0.052425 -0.056898 -0.079438 0.515670 -0.856570 0.019288 255 255 255 1.000000
0.383272 -0.677507 -0.290955 -0.008058 0.814327 -0.580350 255 255 255 1.000000
-0.137957 -0.036615 0.266638 0.053733 0.997495 -0.046003 255 255 255 1.000000
-0.220911 -0.041979 0.424129 -0.089593 -0.952564 -0.290853 255 255 255 1.000000
0.403748 -0.308963 -0.134107 -0.659650 -0.490095 0.569798 255 255 255 1.000000
0.288935 -0.113118 0.420914 -0.127564 0.990710 0.047127 255 255 255 1.000000
0.197362 0.637516 -0.245155 0.181822 -0.197418 -0.963310 255 255 255 1.000000
0.060930 -0.036861 0.345061 -0.036692 0.999079 0.022255 255 255 255 1.000000
0.133558 -0.141475 0.054302 0.000000 0.385715 0.922618 255 255 255 1.000000
-0.286095 0.058166 -0.130423 -0.261639 -0.115342 0.958249 255 255 255 1.000000
0.087402 -0.136220 0.007223 0.000000 0.577149 -0.816639 255 255 255 1.000000
-0.255902 0.340708 -0.153268 0.318191 0.227369 0.920357 255 255 255 1.000000
0.024602 -0.052200 0.425739 -0.016592 0.958289 0.285318 255 255 255 1.000000
0.274412 0.380874 -0.198390 -0.108456 0.150364 0.982664 255 255 255 1.000000
-0.383948 -0.057181 0.378791 -0.618452 -0.014759 -0.785684 255 255 255 1.000000
0.064395 -0.070695 -0.189298 -0.019561 -0.615859 0.787613 255 255 255 1.000000
0.150483 -0.175904 0.015656 0.000000 -0.868021 -0.496528 255 255 255 1.000000
-0.168359 -0.031281 0.357134 0.082461 0.993502 0.078448 255 255 255 1.000000
0.272406 -0.124237 -0.143759 -0.098260 -0.298049 0.949480 255 255 255 1.000000
-0.101939 -0.035225 0.345478 -0.054129 -0.998417 -0.015258 255 255 255 1.000000
0.156581 -0.045354 0.002890 -0.101198 0.994577 -0.023998 255 255 255 1.000000
0.359003 -0.012757 0.226058 -0.445708 -0.894984 -0.018651 255 255 255 1.000000
-0.195509 0.750558 -0.309973 -0.133011 -0.899198 -0.416835 255 255 255 1.000000
-0.392139 -0.495700 -0.221476 -0.556569 0.395887 -0.730414 255 255 255 1.000000
-0.414730 -0.530606 -0.275523 0.619276 -0.337751 0.708816 255 255 255 1.000000
0.129154 -0.050336 -0.138399 -0.124094 0.992144 0.015858 255 255 255 1.000000
0.151584 -0.037183 0.388294 0.068196 -0.980162 -0.186098 255 255 255 1.000000
-0.323611 -0.653988 0.500449 -0.851347 0.249006 0.461740 255 255 255 1.000000
-0.253067 -0.133087 -0.103568 0.822391 -0.336777 -0.458534 255 255 255 1.000000
0.169039 -0.076252 0.456366 -0.018726 -0.348714 -0.937042 255 255 255 1.000000
0.268286 -0.014146 -0.211746 0.168978 0.162679 -0.972102 255 255 255 1.000000
0.071220 -0.100843 -0.188909 0.072698 -0.248249 -0.965965 255 255 255 1.000000
0.168386 -0.055781 0.442687 -0.015412 0.616817 0.786955 255 255 255 1.000000
0.305691 -0.032855 -0.197233 -0.991274 -0.038286 -0.126133 255 255 255 1.000000
-0.175069 -0.177186 0.020435 0.000000 0.942638 0.333818 255 255 255 1.000000
0.141717 0.123456 -0.148555 -0.194260 -0.087585 0.977032 255 255 255 1.000000
-0.234759 0.364349 -0.167860 0.317779 0.245607 0.915802 255 255 255 1.000000
0.207001 -0.128342 0.443696 -0.141164 0.888641 -0.436336 255 255 255 1.000000
-0.141069 -0.032561 0.338523 -0.076269 -0.997072 -0.005496 255 255 255 1.000000
0.338143 -0.679307 0.509358 0.002293 0.817880 -0.575385 255 255 255 1.000000
0.256866 0.570832 -0.217562 0.300986 -0.233324 -0.924644 255 255 255 1.000000
0.358060 -0.064814 -0.103453 -0.917860 0.369575 0.144733 255 255 255 1.000000
0.123818 0.556258 -0.245249 0.131658 -0.197922 -0.971336 255 255 255 1.000000
-0.371864 -0.274698 -0.088980 0.995452 -0.095098 0.005563 255 255 255 1.000000
0.016263 -0.130617 0.012826 0.000000 0.788983 -0.614414 255 255 255 1.000000
-0.248782 0.055595 -0.157020 0.060899 -0.084838 0.994532 255 255 255 1.000000
-0.204118 -0.028139 0.318211 -0.104520 -0.994264 0.022703 255 255 255 1.000000
0.210933 0.271152 -0.151625 0.288948 -0.221425 -0.931386 255 255 255 1.000000
0.275701 -0.075465 -0.203178 -0.940627 0.033162 0.337818 255 255 255 1.000000
-0.349168 -0.249285 0.214451 0.832770 -0.444195 -0.330431 255 255 255 1.000000
-0.356958 -0.500250 0.406779 0.916916 0.228510 0.327181 255 255 255 1.000000
-0.240469 -0.119378 0.013382 -0.785517 -0.598902 -0.155820 255 255 255 1.000000
-0.313968 -0.021984 -0.056569 0.223422 0.964991 0.137386 255 255 255 1.000000
0.103214 -0.107634 -0.181468 0.292506 -0.953304 -0.075183 255 255 255 1.000000
0.170687 -0.150928 0.056835 0.000000 -0.034966 -0.999389 255 255 255 1.000000
0.413648 -0.381905 -0.171926 0.939850 0.221363 -0.260155 255 255 255 1.000000
-0.116914 0.539825 -0.244063 -0.132962 -0.212018 -0.968178 255 255 255 1.000000
-0.352023 0.636913 -0.213908 0.386193 -0.348826 -0.853918 255 255 255 1.000000
-0.064350 0.507903 -0.243719 -0.078869 -0.218840 -0.972568 255 255 255 1.000000
0.240738 0.369592 -0.164954 -0.319233 0.244544 0.915581 255 255 255 1.000000
-0.310329 -0.108381 -0.066155 -0.042950 0.294028 -0.954831 255 255 255 1.000000
-0.189455 -0.141464 0.004487 0.000000 -0.386093 0.922460 255 255 255 1.000000
-0.248864 -0.035927 -0.042074 -0.167600 -0.985627 -0.021218 255 255 255 1.000000
-0.317079 0.266403 -0.149602 0.710853 0.076763 0.699139 255 255 255 1.000000
-0.130395 0.602648 -0.253230 0.119057 0.221095 0.967958 255 255 255 1.000000
0.408650 -0.672608 -0.268062 0.017980 0.974561 -0.223399 255 255 255 1.000000
-0.270201 0.338224 -0.193990 -0.945110 -0.162247 0.283626 255 255 255 1.000000
-0.132384 0.663582 -0.263642 0.097060 0.240517 0.965780 255 255 255 1.000000
-0.262290 0.060944 -0.201904 0.127723 -0.121394 0.984353 255 255 255 1.000000
0.399143 -0.151846 0.001705 0.000000 0.001534 -0.999999 255 255 255 1.000000
-0.004788 0.193282 -0.171416 -0.004623 -0.169043 -0.985598 255 255 255 1.000000
0.320029 -0.439945 0.389930 -0.935684 0.205818 0.286592 255 255 255 1.000000
0.129505 0.262074 -0.169900 0.200708 -0.210276 -0.956818 255 255 255 1.000000
0.193754 -0.126602 0.038396 0.000000 -0.942083 -0.335380 255 255 255 1.000000
-0.159505 -0.152070 0.057044 0.000000 -0.006580 0.999978 255 255 255 1.000000
0.150181 0.580912 -0.245500 0.158447 -0.194785 -0.967964 255 255 255 1.000000
0.152684 -0.103518 0.460282 -0.052909 0.186347 -0.981058 255 255 255 1.000000
0.140711 0.405853 -0.205570 0.190701 -0.242412 -0.951246 255 255 255 1.000000
0.170282 0.426278 -0.203996 0.235280 -0.250209 -0.939169 255 255 255 1.000000
-0.145544 -0.046924 0.041253 -0.241470 0.857187 -0.454888 255 255 255 1.000000
-0.325767 -0.231361 0.177147 0.833151 0.444010 0.329718 255 255 255 1.000000
0.223319 0.390333 -0.179340 -0.306925 0.246228 0.919331 255 255 255 1.000000
0.241058 0.249088 -0.182057 -0.982143 0.155435 -0.106001 255 255 255 1.000000
0.309382 0.248871 -0.129355 0.750147 -0.088443 0.655330 255 255 255 1.000000
-0.083008 -0.040172 0.260135 -0.148247 0.968894 -0.198162 255 255 255 1.000000
0.042782 0.205500 -0.173026 0.101510 -0.177141 -0.978937 255 255 255 1.000000
0.074117 -0.134684 0.452956 0.038840 -0.841410 0.538999 255 255 255 1.000000
0.359811 -0.039912 -0.082280 -0.997625 0.014047 0.067438 255 255 255 1.000000
0.300572 0.086146 -0.139409 -0.765070 0.095808 -0.636780 255 255 255 1.000000
-0.036464 -0.051605 0.423315 -0.013686 -0.961834 -0.273292 255 255 255 1.000000
-0.006982 -0.047837 0.412964 -0.000926 -0.968994 -0.247081 255 255 255 1.000000
0.128278 -0.043749 0.409479 0.055500 -0.963687 -0.261203 255 255 255 1.000000
0.369370 -0.052753 0.075995 0.995161 -0.083542 -0.051720 255 255 255 1.000000
-0.336813 0.553846 -0.181596 0.005925 0.321251 0.946976 255 255 255 1.000000
0.244661 -0.079936 -0.136582 0.849801 0.525541 -0.040550 255 255 255 1.000000
0.247803 0.067989 -0.132504 0.082396 0.926239 -0.367821 255 255 255 1.000000
-0.308233 0.191644 -0.165302 -0.505468 0.079018 -0.859220 255 255 255 1.000000
0.197273 -0.046411 0.431922 -0.080507 0.946366 0.312906 255 255 255 1.000000
-0.273606 0.019007 -0.162109 0.183021 0.302903 -0.935282 255 255 255 1.000000
0.221939 -0.056483 0.447092 0.004268 -0.522838 -0.852421 255 255 255 1.000000
-0.309095 0.558132 -0.226627 -0.149385 -0.218475 -0.964341 255 255 255 1.000000
0.195160 0.239946 -0.148706 -0.274043 0.212505 0.937946 255 255 255 1.000000
0.173344 0.660591 -0.254728 0.163197 -0.229127 -0.959619 255 255 255 1.000000
-0.054536 -0.135505 0.455884 0.032782 0.725209 -0.687748 255 255 255 1.000000
-0.360271 -0.006588 0.330876 0.086956 -0.992233 -0.088948 255 255 255 1.000000
-0.072978 -0.046220 0.147329 -0.474113 0.690513 -0.546268 255 255 255 1.000000
0.094192 0.192551 -0.162263 -0.174256 0.177572 0.968557 255 255 255 1.000000
0.051235 -0.041955 0.236508 -0.040740 0.999136 -0.008184 255 255 255 1.000000
-0.347834 0.439096 -0.172021 0.989006 0.046590 -0.140343 255 255 255 1.000000
0.206455 0.705140 -0.261314 -0.145601 0.291111 0.945545 255 255 255 1.000000
0.407778 -0.696503 -0.307438 -0.021622 0.990427 -0.136330 255 255 255 1.000000
-0.334735 -0.189313 0.066302 -0.423966 0.758398 0.495061 255 255 255 1.000000
-0.360971 0.555025 -0.191548 0.667035 -0.224403 -0.710428 255 255 255 1.000000
-0.344590 -0.387861 0.358485 0.906765 0.284007 0.311637 255 255 255 1.000000
-0.282838 0.285425 -0.131825 -0.296391 -0.196911 -0.934547 255 255 255 1.000000
-0.105383 -0.163870 0.053882 0.000000 -0.439567 0.898210 255 255 255 1.000000
-0.129395 0.519186 -0.240003 0.152288 0.215507 0.964554 255 255 255 1.000000
-0.093101 0.471156 -0.230211 0.118489 0.226788 0.966710 255 255 255 1.000000
-0.312788 0.044991 -0.179588 -0.995351 -0.005087 0.096176 255 255 255 1.000000
0.395478 -0.530685 -0.269695 -0.471722 0.331009 -0.817259 255 255 255 1.000000
-0.327121 -0.330538 0.297280 0.731778 0.479327 0.484506 255 255 255 1.000000
-0.275388 0.371764 -0.192244 -0.962570 -0.152081 0.224346 255 255 255 1.000000
-0.067836 0.151921 -0.161664 0.172035 -0.974287 -0.145497 255 255 255 1.000000
-0.093590 0.100297 -0.161620 0.209891 -0.926857 0.311259 255 255 255 1.000000
-0.012521 0.586247 -0.256748 -0.004622 -0.193476 -0.981094 255 255 255 1.000000
-0.398672 -0.528371 -0.266224 -0.647724 -0.278851 0.709010 255 255 255 1.000000
0.428656 -0.653577 -0.297802 0.999027 0.034503 -0.027485 255 255 255 1.000000
-0.036561 -0.041649 0.261095 -0.186011 0.962148 -0.199174 255 255 255 1.000000
-0.320289 -0.018737 -0.089837 0.239110 0.926199 0.291517 255 255 255 1.000000
-0.122405 -0.178523 0.025418 0.000000 -0.989040 -0.147651 255 255 255 1.000000
-0.209358 -0.056656 -0.173579 0.074314 -0.378823 0.922481 255 255 255 1.000000
-0.291617 -0.050481 0.443761 0.017887 0.641555 0.766868 255 255 255 1.000000
0.255776 0.038628 -0.134944 -0.607974 -0.767534 -0.203123 255 255 255 1.000000
-0.437119 -0.705252 -0.299424 -0.024407 0.202924 -0.978890 255 255 255 1.000000
0.322713 -0.422794 0.342330 0.537572 0.547300 0.641466 255 255 255 1.000000
0.257699 0.261160 -0.133180 -0.284907 0.197244 0.938042 255 255 255 1.000000
0.164491 -0.031609 0.307401 -0.092856 0.995646 -0.008202 255 255 255 1.000000
-0.419657 -0.424389 -0.186034 -0.599433 -0.395326 0.695986 255 255 255 1.000000
-0.312445 0.242432 -0.155009 -0.650310 -0.032943 -0.758955 255 255 255 1.000000
-0.046130 -0.056270 -0.041235 -0.573488 0.511266 -0.640093 255 255 255 1.000000
0.163431 0.348284 -0.182481 0.230174 -0.249026 -0.940747 255 255 255 1.000000
-0.233493 0.191104 -0.128110 0.259284 0.185832 0.947754 255 255 255 1.000000
-0.395140 -0.692733 -0.238189 0.022496 0.684947 0.728245 255 255 255 1.000000
-0.149653 -0.045734 0.420011 -0.062473 -0.955353 -0.288786 255 255 255 1.000000
0.030263 -0.059049 -0.168192 0.805385 -0.592504 0.017164 255 255 255 1.000000
-0.345170 -0.175241 0.043876 0.000000 -0.849828 0.527060 255 255 255 1.000000
0.218359 -0.079581 0.455607 -0.095906 -0.039866 0.994592 255 255 255 1.000000
-0.392734 -0.165636 0.005377 0.000000 -0.496881 -0.867819 255 255 255 1.000000
-0.339330 -0.546056 0.469003 0.382579 0.469562 0.795704 255 255 255 1.000000
0.386503 -0.590306 -0.275685 -0.966600 0.054665 -0.250394 255 255 255 1.000000
-0.413488 -0.457560 -0.211013 0.990908 -0.125212 0.049220 255 255 255 1.000000
0.304932 -0.101917 -0.142312 0.104239 0.458782 -0.882414 255 255 255 1.000000
-0.333622 -0.193413 0.132559 -0.471587 -0.733523 -0.489439 255 255 255 1.000000
-0.374202 -0.079322 0.227162 -0.611738 -0.790835 -0.018873 255 255 255 1.000000
0.378467 -0.693011 -0.294578 0.103763 -0.468099 0.877563 255 255 255 1.000000
0.391265 -0.415503 -0.214265 0.405538 -0.443509 0.799273 255 255 255 1.000000
0.198084 0.211381 -0.141538 0.276083 -0.206074 -0.938782 255 255 255 1.000000
0.247193 -0.031743 -0.116632 0.196125 -0.979425 -0.047549 255 255 255 1.000000
-0.300625 0.010872 -0.201865 0.337144 -0.120780 0.933673 255 255 255 1.000000
0.397347 -0.513082 -0.224836 -0.227894 -0.419010 0.878917 255 255 255 1.000000
0.071714 -0.037855 0.371791 -0.030806 0.993446 0.110069 255 255 255 1.000000
0.206049 -0.037033 0.123237 -0.110226 0.993433 -0.030665 255 255 255 1.000000
0.321331 -0.632054 0.507666 0.862448 -0.230868 -0.450425 255 255 255 1.000000
-0.117563 0.451907 -0.222188 -0.150062 -0.230595 -0.961409 255 255 255 1.000000
-0.376702 -0.075297 0.291450 -0.708392 -0.703879 -0.052298 255 255 255 1.000000
-0.350020 -0.325531 0.299645 0.991863 0.092332 0.087645 255 255 255 1.000000
0.250014 -0.125689 -0.136459 -0.615758 -0.539284 -0.574470 255 255 255 1.000000
0.305655 -0.131224 0.046567 0.000000 0.769095 0.639135 255 255 255 1.000000
-0.411626 -0.279384 -0.092279 0.987792 -0.144485 0.058229 255 255 255 1.000000
0.350279 -0.248640 0.204106 -0.680449 -0.573339 -0.456368 255 255 255 1.000000
-0.242085 -0.155491 0.012389 -0.989969 -0.140955 0.009600 255 255 255 1.000000
-0.057230 0.604046 -0.258620 0.048040 0.200676 0.978479 255 255 255 1.000000
0.340741 -0.498273 0.439990 -0.376322 -0.509419 -0.773869 255 255 255 1.000000
-0.065907 -0.049593 0.418674 0.030683 0.964985 0.260504 255 255 255 1.000000
0.188065 -0.044453 -0.047691 0.125227 -0.991828 0.024390 255 255 255 1.000000
-0.363985 -0.091988 0.067535 0.487825 0.872745 0.018492 255 255 255 1.000000
-0.301963 0.143302 -0.144821 0.013436 -0.125293 0.992029 255 255 255 1.000000
-0.232565 -0.038894 -0.021172 0.144056 0.988633 0.043041 255 255 255 1.000000
0.347418 -0.302010 0.270527 0.505671 0.623073 0.596722 255 255 255 1.000000
0.373261 -0.150666 -0.000437 0.539086 0.648099 -0.537916 255 255 255 1.000000
-0.206690 -0.049904 0.438973 0.029268 0.769067 0.638497 255 255 255 1.000000
0.380859 -0.302989 -0.138900 0.501647 -0.489920 0.712972 255 255 255 1.000000
0.398260 -0.168927 0.008595 0.000000 0.633793 0.773503 255 255 255 1.000000
-0.321466 -0.016493 0.220166 -0.144636 -0.949827 0.277326 255 255 255 1.000000
-0.056029 -0.135178 0.050522 0.000000 0.620336 0.784337 255 255 255 1.000000
-0.236445 -0.115335 -0.140471 0.822243 -0.504155 -0.264092 255 255 255 1.000000
-0.346417 -0.148792 0.002523 0.000000 -0.114466 0.993427 255 255 255 1.000000
0.145209 0.150551 -0.145718 -0.274811 0.221203 0.935707 255 255 255 1.000000
0.163762 -0.043944 0.418062 0.067644 -0.956344 -0.284309 255 255 255 1.000000
-0.390775 -0.363822 -0.181469 0.511317 0.443905 -0.735869 255 255 255 1.000000
0.260181 0.342356 -0.184104 -0.974617 0.197303 -0.105795 255 255 255 1.000000
0.230127 -0.122268 0.429243 -0.123348 0.988202 -0.090787 255 255 255 1.000000
-0.178442 -0.041873 0.099730 0.026435 0.984067 -0.175822 255 255 255 1.000000
-0.315286 -0.171039 0.010708 0.000000 -0.715782 -0.698324 255 255 255 1.000000
0.336421 0.409000 -0.165431 -0.988369 0.059985 -0.139744 255 255 255 1.000000
-0.184770 0.517366 -0.227345 0.245943 0.234703 0.940440 255 255 255 1.000000
0.366857 0.676284 -0.250572 -0.845344 -0.259347 -0.467048 255 255 255 1.000000
-0.289111 -0.043668 -0.214469 0.495219 -0.119683 0.860485 255 255 255 1.000000
-0.222417 -0.037034 0.408510 -0.087312 -0.959214 -0.268861 255 255 255 1.000000
-0.262786 -0.064565 0.449837 -0.007430 0.462819 0.886422 255 255 255 1.000000
-0.360825 -0.008059 0.296770 -0.122873 0.991672 0.038592 255 255 255 1.000000
0.364308 -0.672087 0.522875 -0.025923 -0.987045 0.158338 255 255 255 1.000000
-0.380917 -0.073131 0.419349 0.394213 -0.007900 -0.918985 255 255 255 1.000000
-0.164268 0.749862 -0.315087 -0.116039 -0.906875 -0.405108 255 255 255 1.000000
-0.154393 0.557594 -0.242850 0.166633 0.221740 0.960763 255 255 255 1.000000
-0.110880 0.269479 -0.174624 -0.167496 -0.213436 -0.962492 255 255 255 1.000000
0.257605 -0.176262 0.041798 0.000000 0.891187 -0.453636 255 255 255 1.000000
0.028263 -0.044690 0.192079 -0.032058 0.999457 -0.007573 255 255 255 1.000000
-0.304992 0.721324 -0.282664 0.223866 0.343890 0.911934 255 255 255 1.000000
0.066979 0.117103 -0.164528 0.330192 -0.401698 -0.854173 255 255 255 1.000000
-0.305097 -0.129260 -0.085703 -0.672239 -0.590936 0.445970 255 255 255 1.000000
-0.379080 -0.243209 -0.086459 0.649775 0.448728 -0.613543 255 255 255 1.000000
-0.285880 0.317794 -0.137721 -0.309427 -0.204551 -0.928662 255 255 255 1.000000
0.306501 0.170097 -0.153798 -0.996611 0.066778 -0.048036 255 255 255 1.000000
0.006300 -0.058943 -0.108891 0.990173 -0.138045 0.022391 255 255 255 1.000000
-0.265738 0.076225 -0.129448 0.202548 0.405810 -0.891231 255 255 255 1.000000
0.376239 -0.063079 0.308487 -0.944571 0.320797 0.069817 255 255 255 1.000000
-0.369601 -0.230938 -0.042878 -0.986370 0.164109 0.011957 255 255 255 1.000000
0.034965 -0.050544 0.073548 -0.043655 0.998791 -0.022618 255 255 255 1.000000
0.339162 -0.299601 0.217202 0.348602 -0.715183 -0.605797 255 255 255 1.000000
-0.299232 -0.126645 -0.123167 -0.661490 0.426869 -0.616615 255 255 255 1.000000
-0.287689 0.421027 -0.201982 0.932587 0.087457 -0.350191 255 255 255 1.000000
-0.315886 0.198423 -0.139963 0.991907 0.083882 -0.095308 255 255 255 1.000000
-0.231832 0.391999 -0.177372 -0.320297 -0.257474 -0.911656 255 255 255 1.000000
-0.046742 -0.068421 0.453706 -0.001550 -0.650516 -0.759491 255 255 255 1.000000
-0.343216 -0.015373 -0.110317 0.192216 -0.981204 -0.017076 255 255 255 1.000000
0.321889 -0.219405 0.117726 -0.872896 -0.404226 -0.273230 255 255 255 1.000000
-0.090961 -0.058531 -0.182273 0.019282 0.867399 -0.497240 255 255 255 1.000000
0.305964 0.501162 -0.215436 0.275616 -0.205147 -0.939122 255 255 255 1.000000
0.323519 0.458988 -0.197230 -0.559933 0.212899 0.800718 255 255 255 1.000000
-0.093940 -0.047103 0.109708 -0.484557 0.642387 -0.593753 255 255 255 1.000000
0.226137 -0.179517 0.029126 0.000000 0.999953 0.009675 255 255 255 1.000000
-0.441503 -0.684313 -0.236433 -0.000069 -0.977711 -0.209954 255 255 255 1.000000
0.261997 0.103733 -0.194550 0.202600 0.112454 -0.972783 255 255 255 1.000000
0.312765 -0.021499 0.111309 0.055413 0.994355 -0.090485 255 255 255 1.000000
0.243813 0.013828 -0.139931 0.840845 0.540640 -0.026243 255 255 255 1.000000
0.375235 -0.055926 0.248788 -0.963001 0.266606 0.039382 255 255 255 1.000000
0.206489 -0.038342 0.095714 -0.109746 0.993364 -0.034407 255 255 255 1.000000
0.422461 -0.570821 -0.278628 0.833082 0.256948 -0.489849 255 255 255 1.000000
-0.083859 0.489370 -0.236402 0.104689 0.222839 0.969218 255 255 255 1.000000
0.339079 -0.284128 0.253643 0.814894 0.433583 0.384647 255 255 255 1.000000
-0.199563 0.705571 -0.268217 -0.172429 -0.305627 -0.936408 255 255 255 1.000000
-0.326059 0.410541 -0.187474 0.566173 0.193967 0.801139 255 255 255 1.000000
0.259402 -0.017380 -0.141411 0.809554 -0.019640 0.586717 255 255 255 1.000000
-0.179712 0.679115 -0.262574 0.144195 0.273806 0.950914 255 255 255 1.000000
0.271673 -0.122474 0.051412 -0.291243 0.934289 0.205624 255 255 255 1.000000
0.287895 0.361921 -0.145546 0.316666 -0.219322 -0.922833 255 255 255 1.000000
-0.298657 -0.119003 0.031012 0.557669 0.801141 0.217207 255 255 255 1.000000
-0.348696 0.743932 -0.254343 -0.224243 0.584573 0.779737 255 255 255 1.000000
-0.359199 0.466434 -0.172124 0.922767 0.021084 -0.384782 255 255 255 1.000000
0.268430 0.078428 -0.153844 -0.026319 -0.116337 0.992861 255 255 255 1.000000
0.080906 0.091759 -0.164107 0.376200 -0.851580 -0.365082 255 255 255 1.000000
0.223391 -0.028743 0.248945 -0.122617 0.992354 -0.014109 255 255 255 1.000000
0.078733 -0.110721 0.462929 0.035851 -0.224877 0.973727 255 255 255 1.000000
-0.020839 -0.042501 0.250207 -0.034327 0.998973 -0.029587 255 255 255 1.000000
0.321290 0.473820 -0.202555 -0.530926 0.215509 0.819557 255 255 255 1.000000
-0.382590 -0.055878 0.267119 0.959518 0.279358 0.035829 255 255 255 1.000000
-0.220717 -0.072715 -0.171725 -0.204459 -0.362021 -0.909471 255 255 255 1.000000
0.341060 0.441106 -0.177356 -0.675954 0.202048 0.708705 255 255 255 1.000000
0.221970 0.528409 -0.219610 -0.286853 0.240615 0.927264 255 255 255 1.000000
0.261959 0.476459 -0.187992 -0.343506 0.256751 0.903373 255 255 255 1.000000
0.331867 0.512103 -0.167793 -0.085907 0.315348 0.945080 255 255 255 1.000000
-0.044957 -0.038014 0.327359 -0.022103 0.999361 -0.028078 255 255 255 1.000000
-0.017933 0.262221 -0.183362 -0.035239 -0.197304 -0.979709 255 255 255 1.000000
-0.282678 0.411476 -0.189964 -0.849342 -0.246268 -0.466873 255 255 255 1.000000
0.222568 -0.026149 0.359968 0.103190 -0.989732 -0.098909 255 255 255 1.000000
0.099904 -0.167193 0.006861 0.000000 -0.561936 -0.827180 255 255 255 1.000000
0.323855 0.410392 -0.183344 -0.601158 0.189768 0.776271 255 255 255 1.000000
-0.341052 -0.709584 0.580062 0.297274 -0.939518 -0.170101 255 255 255 1.000000
-0.377475 -0.328096 -0.143554 0.853788 0.245197 -0.459265 255 255 255 1.000000
0.258922 -0.021171 0.307402 -0.138657 0.989576 -0.038894 255 255 255 1.000000
0.250932 -0.059512 -0.166510 0.216550 -0.327631 -0.919654 255 255 255 1.000000
-0.248944 0.157350 -0.142867 0.003307 -0.134698 0.990881 255 255 255 1.000000
0.076792 -0.056368 -0.103775 0.107406 -0.994188 0.007318 255 255 255 1.000000
-0.320332 -0.133250 0.010193 0.000000 0.696568 -0.717490 255 255 255 1.000000
-0.024975 -0.058708 -0.111038 0.933380 0.358547 0.015654 255 255 255 1.000000
0.084929 0.263123 -0.177378 0.141050 -0.208019 -0.967901 255 255 255 1.000000
-0.325464 -0.222760 0.162843 0.880396 0.383086 0.279551 255 255 255 1.000000
0.230784 0.006485 -0.169767 -0.890524 0.056658 0.451395 255 255 255 1.000000
0.353408 -0.279387 0.205992 0.952866 -0.234643 -0.192323 255 255 255 1.000000
-0.348557 -0.650690 0.525341 0.705996 -0.315914 -0.633852 255 255 255 1.000000
0.224465 0.108200 -0.162142 0.993962 -0.047935 -0.098696 255 255 255 1.000000
-0.374280 -0.054917 0.026899 0.995318 0.076356 0.059255 255 255 255 1.000000
0.250382 0.110526 -0.126757 0.207547 -0.879874 0.427488 255 255 255 1.000000
0.409739 -0.544273 -0.238253 0.134804 -0.383164 0.913791 255 255 255 1.000000
-0.238386 0.096459 -0.131759 0.247718 0.794986 -0.553745 255 255 255 1.000000
0.091399 0.376595 -0.203806 0.121348 -0.241487 -0.962787 255 255 255 1.000000
-0.321894 -0.555146 0.444190 -0.904959 0.217780 0.365542 255 255 255 1.000000
-0.357785 -0.403505 0.359832 -0.935081 0.227272 0.271977 255 255 255 1.000000
-0.002978 -0.043630 0.223626 -0.016600 0.999855 -0.003728 255 255 255 1.000000
0.085757 -0.047282 0.119102 -0.063895 0.997694 -0.022906 255 255 255 1.000000
-0.022457 -0.066375 0.452876 -0.003445 -0.659521 -0.751678 255 255 255 1.000000
0.188602 -0.081336 -0.173690 -0.257262 0.951455 0.168963 255 255 255 1.000000
-0.347626 -0.016248 0.115180 -0.219413 -0.966771 -0.131196 255 255 255 1.000000
-0.380501 -0.062649 0.201159 -0.960048 -0.276326 -0.044167 255 255 255 1.000000
0.309621 -0.018073 0.206527 -0.632746 -0.708553 0.312386 255 255 255 1.000000
-0.292683 -0.028064 -0.034290 -0.197481 -0.979887 -0.028686 255 255 255 1.000000
0.097099 0.454442 -0.225472 0.114953 -0.225295 -0.967485 255 255 255 1.000000
0.422719 -0.544856 -0.262761 -0.984768 -0.138293 0.105390 255 255 255 1.000000
0.316363 -0.518018 0.445281 0.831618 -0.296240 -0.469738 255 255 255 1.000000
-0.396649 -0.387302 -0.197793 0.405694 0.462323 -0.788460 255 255 255 1.000000
0.339825 -0.394807 0.312894 -0.989846 -0.078762 -0.118331 255 255 255 1.000000
-0.360502 -0.470507 0.410962 -0.855384 0.293448 0.426855 255 255 255 1.000000
0.229067 -0.060487 -0.202330 0.929333 0.142836 0.340496 255 255 255 1.000000
0.298467 0.523906 -0.220642 -0.105306 0.199138 0.974297 255 255 255 1.000000
-0.405878 -0.650278 -0.282344 0.432760 -0.330886 0.838590 255 255 255 1.000000
-0.240474 -0.023928 0.333596 -0.120506 -0.992652 -0.010956 255 255 255 1.000000
0.375224 -0.733913 0.544999 -0.999784 0.010817 0.017742 255 255 255 1.000000
0.068387 -0.178517 0.033390 0.000000 -0.988921 0.148442 255 255 255 1.000000
-0.162418 -0.053257 0.440377 0.027056 0.782323 0.622285 255 255 255 1.000000
0.128712 0.235670 -0.163771 0.204195 -0.197675 -0.958764 255 255 255 1.000000
-0.265830 -0.021278 0.297719 -0.127847 -0.990996 0.039772 255 255 255 1.000000
0.323550 -0.696649 0.576721 -0.116437 -0.876378 -0.467337 255 255 255 1.000000
-0.252098 -0.120060 0.039842 0.004571 0.976955 0.213399 255 255 255 1.000000
0.358738 -0.127437 0.017274 0.000000 -0.896017 0.444019 255 255 255 1.000000
0.307297 0.711865 -0.276920 -0.245949 0.337268 0.908713 255 255 255 1.000000
-0.274541 0.020582 -0.206963 0.182954 -0.150749 0.971495 255 255 255 1.000000
0.305960 0.613103 -0.240605 0.180267 -0.266678 -0.946777 255 255 255 1.000000
-0.304323 -0.708816 0.574081 0.134459 0.659708 0.739396 255 255 255 1.000000
0.149731 -0.145574 0.003386 0.000000 0.235935 -0.971769 255 255 255 1.000000
0.044711 0.736970 -0.303849 -0.034537 0.806489 0.590240 255 255 255 1.000000
0.280388 0.030427 -0.132954 -0.651608 -0.049266 -0.756954 255 255 255 1.000000
0.342328 0.538199 -0.187097 -0.961459 -0.050666 -0.270239 255 255 255 1.000000
-0.144953 -0.048513 0.006572 -0.347749 0.742282 -0.572789 255 255 255 1.000000
0.307629 -0.024948 0.031966 -0.185347 0.982585 0.013119 255 255 255 1.000000
-0.334594 0.619472 -0.204988 0.058610 0.331197 0.941740 255 255 255 1.000000
-0.255040 -0.125514 0.024451 0.000000 -0.982900 0.184140 255 255 255 1.000000
-0.338185 0.553972 -0.215937 -0.569743 -0.227315 -0.789760 255 255 255 1.000000
0.270738 0.044325 -0.158588 0.036925 0.107655 -0.993502 255 255 255 1.000000
0.244681 0.128317 -0.192894 0.098356 0.088625 -0.991197 255 255 255 1.000000
-0.240202 0.104730 -0.150186 -0.026217 0.115185 -0.992998 255 255 255 1.000000
0.049746 -0.170276 0.009944 0.000000 -0.687032 -0.726627 255 255 255 1.000000
0.293081 0.154102 -0.143318 -0.002781 -0.135511 0.990772 255 255 255 1.000000
0.308947 -0.699040 0.503156 0.057044 0.359798 -0.931285 255 255 255 1.000000
-0.381904 -0.054235 0.235832 0.970793 0.236955 0.037594 255 255 255 1.000000
0.357567 0.512932 -0.182172 -0.878415 -0.116559 -0.463467 255 255 255 1.000000
-0.220545 0.180634 -0.129833 -0.352029 -0.279605 -0.893251 255 255 255 1.000000
-0.321279 -0.464555 0.386566 -0.935904 0.208074 0.284234 255 255 255 1.000000
-0.242271 0.518120 -0.211251 -0.342340 -0.255897 -0.904058 255 255 255 1.000000
-0.379763 -0.686023 -0.280584 -0.969998 -0.212739 0.117667 255 255 255 1.000000
0.243420 0.267295 -0.172927 0.981494 -0.189540 0.027278 255 255 255 1.000000
0.066275 -0.042092 0.227972 0.048491 -0.998758 0.011405 255 255 255 1.000000
-0.261895 -0.119501 0.437852 0.180600 0.887775 -0.423367 255 255 255 1.000000
-0.350481 0.621372 -0.223073 0.965270 -0.070513 -0.251558 255 255 255 1.000000
0.347558 -0.194247 0.131695 0.517598 0.709411 0.478359 255 255 255 1.000000
0.422227 -0.494410 -0.225797 0.738946 -0.291218 0.607578 255 255 255 1.000000
-0.286970 0.639438 -0.226310 -0.257927 -0.283359 -0.923678 255 255 255 1.000000
0.113030 0.707252 -0.275440 -0.084350 0.285689 0.954603 255 255 255 1.000000
-0.455200 -0.742154 -0.245612 -0.996896 -0.077505 0.013854 255 255 255 1.000000
0.242323 -0.099540 -0.050443 0.530303 0.845526 0.062170 255 255 255 1.000000
0.171508 -0.066869 -0.179788 -0.090027 -0.284575 0.954417 255 255 255 1.000000
-0.235033 -0.032669 0.154393 0.026959 0.966559 -0.255022 255 255 255 1.000000
-0.058275 0.060404 -0.169865 0.151104 -0.517343 0.842332 255 255 255 1.000000
-0.282567 -0.027063 -0.089261 -0.241843 -0.892179 -0.381483 255 255 255 1.000000
-0.324166 -0.724427 0.581847 -0.161153 0.164038 -0.973202 255 255 255 1.000000
0.237275 -0.023460 0.316874 -0.129167 0.991322 -0.024441 255 255 255 1.000000
0.014980 -0.137466 0.052809 0.000000 0.524428 0.851455 255 255 255 1.000000
0.207079 -0.039940 0.061993 0.109183 -0.993257 0.038981 255 255 255 1.000000
-0.252853 -0.032460 0.403703 0.097281 0.960861 0.259388 255 255 255 1.000000
0.294890 0.691330 -0.239246 0.187880 -0.296955 -0.936226 255 255 255 1.000000
-0.361922 0.606812 -0.208266 0.679123 -0.244410 -0.692138 255 255 255 1.000000
0.055601 0.367488 -0.205316 0.068836 -0.239377 -0.968484 255 255 255 1.000000
-0.101781 -0.146928 0.003023 0.000000 -0.184879 0.982761 255 255 255 1.000000
-0.383585 -0.061309 0.349210 -0.848861 -0.190733 -0.493008 255 255 255 1.000000
0.223968 0.169690 -0.174300 -0.986299 0.104520 -0.127631 255 255 255 1.000000
0.261958 -0.093337 0.453489 -0.140637 -0.333658 0.932145 255 255 255 1.000000
0.089986 -0.042719 0.401104 0.038565 -0.973700 -0.224544 255 255 255 1.000000
0.418462 -0.675098 -0.245942 -0.023897 0.763747 0.645073 255 255 255 1.000000
-0.343897 -0.434611 0.397504 0.895212 0.271132 0.353671 255 255 255 1.000000
-0.130275 0.551604 -0.244887 0.141960 0.214885 0.966267 255 255 255 1.000000
0.356345 -0.610894 0.482214 0.971398 -0.119159 -0.205393 255 255 255 1.000000
-0.362708 -0.314972 0.251243 0.761302 0.473207 0.443276 255 255 255 1.000000
-0.186895 -0.152195 0.057011 0.000000 0.011102 -0.999938 255 255 255 1.000000
-0.284695 0.177250 -0.116102 -0.363061 -0.237308 0.901039 255 255 255 1.000000
0.218156 0.353823 -0.169761 0.300393 -0.243527 -0.922203 255 255 255 1.000000
-0.327324 0.344379 -0.166173 -0.672903 -0.133886 -0.727514 255 255 255 1.000000
0.062355 0.196630 -0.168405 -0.130936 0.174627 0.975890 255 255 255 1.000000
0.265400 -0.032365 -0.006700 0.165172 -0.986265 0.000177 255 255 255 1.000000
0.008970 -0.037062 -0.181904 0.045656 0.081757 -0.995606 255 255 255 1.000000
-0.379233 -0.040698 0.142578 -0.998859 -0.027491 -0.039046 255 255 255 1.000000
-0.189688 0.561097 -0.236375 0.217100 0.222660 0.950416 255 255 255 1.000000
-0.280404 -0.027949 0.120937 -0.191978 -0.921920 -0.336465 255 255 255 1.000000
-0.065281 0.445858 -0.226025 -0.086436 -0.230813 -0.969151 255 255 255 1.000000
0.223571 -0.025615 0.309178 -0.123057 0.992285 -0.015091 255 255 255 1.000000
0.322493 -0.014464 0.364873 -0.118540 0.981906 0.147680 255 255 255 1.000000
-0.132753 -0.051068 -0.113652 -0.109075 -0.994014 -0.006172 255 255 255 1.000000
-0.078397 0.038189 -0.169598 0.194811 -0.601726 0.774580 255 255 255 1.000000
-0.096375 -0.049747 0.050256 -0.551855 0.484977 -0.678420 255 255 255 1.000000
-0.385917 -0.312473 -0.120958 -0.992946 0.082310 0.085343 255 255 255 1.000000
-0.282594 -0.135284 -0.095000 0.216158 -0.803483 0.554699 255 255 255 1.000000
0.133517 -0.035286 0.287964 0.075797 -0.997037 0.013155 255 255 255 1.000000
-0.309662 -0.013303 0.328559 0.142021 0.989475 0.027745 255 255 255 1.000000
-0.271765 0.437679 -0.172724 0.356344 0.260352 0.897349 255 255 255 1.000000
-0.127945 0.345288 -0.190453 -0.178492 -0.253193 -0.950807 255 255 255 1.000000
0.194493 0.498230 -0.219098 0.259683 -0.244583 -0.934208 255 255 255 1.000000
0.043996 -0.047598 0.129206 -0.043141 0.998957 -0.014991 255 255 255 1.000000
-0.113465 -0.051443 -0.023000 0.570918 0.606224 0.553666 255 255 255 1.000000
0.093576 -0.037493 0.307069 0.057344 -0.998303 0.010157 255 255 255 1.000000
0.345430 0.559477 -0.186619 -0.187849 -0.311499 -0.931494 255 255 255 1.000000
-0.273495 -0.012088 -0.138739 0.091312 0.181350 -0.979170 255 255 255 1.000000
-0.358766 0.531580 -0.183714 -0.632119 0.220725 0.742770 255 255 255 1.000000
0.225370 -0.112109 -0.113266 -0.952340 -0.259496 -0.160345 255 255 255 1.000000
0.269719 -0.085845 -0.110165 -0.374823 -0.785787 -0.491983 255 255 255 1.000000
-0.337014 0.456988 -0.158519 0.277687 -0.192209 -0.941247 255 255 255 1.000000
-0.281337 0.741787 -0.266854 -0.022945 0.630546 0.775813 255 255 255 1.000000
0.310418 0.758569 -0.274499 -0.182122 0.848189 0.497399 255 255 255 1.000000
-0.325482 0.722888 -0.277318 -0.270497 -0.339066 -0.901036 255 255 255 1.000000
0.295625 -0.715112 0.552580 0.999889 -0.005690 0.013741 255 255 255 1.000000
-0.351168 -0.596523 0.495625 -0.706212 0.335809 0.623295 255 255 255 1.000000
-0.277788 0.711340 -0.253929 0.232273 0.324774 0.916827 255 255 255 1.000000
-0.388742 -0.682508 -0.249320 0.113565 0.725095 0.679221 255 255 255 1.000000
0.117899 -0.045165 0.116006 0.072562 -0.996910 0.030076 255 255 255 1.000000
-0.060087 -0.048127 0.118051 -0.548090 0.568733 -0.613303 255 255 255 1.000000
0.203323 0.753129 -0.312653 0.117480 -0.931792 -0.343456 255 255 255 1.000000
-0.241499 -0.043867 -0.210259 -0.774637 0.072614 0.628223 255 255 255 1.000000
0.318625 -0.159446 0.003719 0.000000 -0.282436 -0.959286 255 255 255 1.000000
0.212831 -0.028628 0.277337 -0.118042 0.992977 -0.007872 255 255 255 1.000000
-0.146058 -0.064814 0.451377 -0.004684 -0.645770 -0.763518 255 255 255 1.000000
-0.295800 0.084881 -0.152947 0.180186 0.033405 0.983065 255 255 255 1.000000
-0.212296 0.661196 -0.252105 -0.179378 -0.262102 -0.948223 255 255 255 1.000000
0.094336 -0.040223 0.252432 0.060480 -0.998065 0.014431 255 255 255 1.000000
-0.404894 -0.598839 -0.261838 -0.344552 0.358361 -0.867676 255 255 255 1.000000
-0.356143 -0.623877 0.503793 0.848953 -0.244302 -0.468609 255 255 255 1.000000
-0.361386 0.446411 -0.183562 0.979246 0.044691 -0.197687 255 255 255 1.000000
-0.339535 -0.359103 0.278780 -0.872803 0.351813 0.338293 255 255 255 1.000000
0.316398 -0.232806 0.152044 0.954225 0.245829 0.170364 255 255 255 1.000000
-0.425824 -0.560142 -0.277625 -0.789221 0.276725 -0.548227 255 255 255 1.000000
0.354187 -0.006453 0.342365 0.171360 0.979185 0.108779 255 255 255 1.000000
-0.201866 0.125241 -0.134617 0.184555 0.953805 -0.237057 255 255 255 1.000000
-0.331037 -0.079888 0.447578 -0.303205 -0.055717 0.951295 255 255 255 1.000000
-0.403706 -0.676658 -0.289723 -0.001830 -0.850752 0.525564 255 255 255 1.000000
-0.022838 -0.090388 -0.193550 0.010459 0.183766 0.982914 255 255 255 1.000000
-0.198884 -0.044159 -0.044931 0.133784 0.990999 -0.004669 255 255 255 1.000000
-0.257192 -0.021511 0.319541 -0.128854 -0.991436 0.021253 255 255 255 1.000000
-0.134994 0.743913 -0.306225 -0.106921 -0.831747 -0.544761 255 255 255 1.000000
0.276925 -0.028273 -0.066812 -0.199487 0.978739 0.047697 255 255 255 1.000000
-0.269266 0.143748 -0.144759 0.013062 -0.125641 0.991990 255 255 255 1.000000
-0.279823 -0.033756 0.416987 0.108778 0.954935 0.276163 255 255 255 1.000000
-0.371896 -0.043225 -0.006706 0.998173 0.009063 0.059735 255 255 255 1.000000
-0.130121 -0.099480 0.461179 -0.048729 -0.074985 0.995993 255 255 255 1.000000
0.021124 -0.068924 0.454623 0.001998 0.569538 0.821962 255 255 255 1.000000
0.247391 0.278630 -0.182833 0.977281 -0.178910 0.113632 255 255 255 1.000000
-0.041218 0.129504 -0.165776 -0.138217 0.749907 -0.646944 255 255 255 1.000000
0.263590 -0.029662 -0.094935 0.200180 -0.978547 -0.048728 255 255 255 1.000000
0.374717 -0.721880 0.498729 -0.998377 -0.009589 0.056138 255 255 255 1.000000
-0.287920 0.435667 -0.195365 -0.942953 -0.077101 0.323874 255 255 255 1.000000
0.159964 0.403162 -0.199799 0.223217 -0.250950 -0.941912 255 255 255 1.000000
-0.237623 -0.113259 -0.027032 0.833210 0.530027 0.157581 255 255 255 1.000000
0.314223 0.556928 -0.189503 0.373478 -0.269919 -0.887501 255 255 255 1.000000
-0.303625 0.106434 -0.138548 0.739105 0.079960 -0.668827 255 255 255 1.000000
0.053764 -0.056718 0.439625 -0.017629 0.897464 0.440735 255 255 255 1.000000
0.020096 -0.111981 0.463638 0.006453 -0.196041 0.980574 255 255 255 1.000000
0.030533 0.352510 -0.202684 -0.034808 0.237454 0.970775 255 255 255 1.000000
0.365316 -0.710876 0.491101 -0.275200 -0.927130 0.254354 255 255 255 1.000000
-0.084213 0.737607 -0.301597 0.059809 0.774226 0.630077 255 255 255 1.000000
0.061515 0.406541 -0.215625 -0.072088 0.230049 0.970506 255 255 255 1.000000
0.056859 0.494586 -0.240319 -0.057494 0.202055 0.977685 255 255 255 1.000000
0.093837 0.558472 -0.248575 -0.091386 0.189098 0.977696 255 255 255 1.000000
0.293523 0.395558 -0.151726 0.335303 -0.231210 -0.913298 255 255 255 1.000000
0.000123 0.213802 -0.174618 0.002333 -0.178622 -0.983915 255 255 255 1.000000
-0.275380 0.360530 -0.173836 -0.819496 -0.251588 -0.514908 255 255 255 1.000000
0.044532 0.593145 -0.257564 -0.045365 0.211858 0.976247 255 255 255 1.000000
0.360998 -0.091449 0.061603 -0.550810 0.834420 0.018738 255 255 255 1.000000
0.307716 0.188135 -0.150489 -0.993261 0.072981 -0.090032 255 255 255 1.000000
-0.263125 0.311045 -0.187852 0.959074 0.199672 -0.200770 255 255 255 1.000000
0.071452 -0.038717 0.291797 -0.047483 0.998844 -0.007507 255 255 255 1.000000
-0.006487 0.616768 -0.260826 -0.004411 0.199170 0.979955 255 255 255 1.000000
0.364691 -0.081631 0.212787 -0.526875 0.849808 0.015128 255 255 255 1.000000
0.340510 0.660203 -0.219149 -0.330635 -0.443606 -0.833003 255 255 255 1.000000
-0.357970 -0.629732 0.478546 0.981214 0.092164 0.169486 255 255 255 1.000000
0.145934 -0.074467 0.456459 0.012790 0.383096 0.923620 255 255 255 1.000000
0.078470 0.224988 -0.170386 0.142143 -0.188874 -0.971659 255 255 255 1.000000
0.348878 -0.383140 0.345931 -0.617976 -0.507522 -0.600439 255 255 255 1.000000
-0.323937 -0.538725 0.455936 0.793649 0.304173 0.526877 255 255 255 1.000000
0.408285 -0.476635 -0.247387 -0.670632 -0.360622 0.648232 255 255 255 1.000000
0.107494 0.171379 -0.153978 0.160809 -0.084672 -0.983347 255 255 255 1.000000
-0.361352 -0.187757 0.086821 -0.999818 -0.009216 -0.016690 255 255 255 1.000000
-0.384118 -0.059005 0.397902 -0.240005 -0.086852 -0.966879 255 255 255 1.000000
-0.382198 -0.695698 0.541974 0.999316 -0.025770 0.026531 255 255 255 1.000000
0.044581 0.238817 -0.178139 0.091742 -0.192505 -0.976998 255 255 255 1.000000
-0.212885 0.632413 -0.244870 -0.210157 -0.241065 -0.947482 255 255 255 1.000000
0.150115 0.098014 -0.149139 0.187924 0.106585 -0.976383 255 255 255 1.000000
-0.379706 -0.352228 -0.151062 0.994479 -0.084283 0.062512 255 255 255 1.000000
-0.354742 0.391141 -0.173023 -0.971365 -0.079049 0.224056 255 255 255 1.000000
-0.041878 -0.179233 0.030721 0.000000 -0.998823 0.048504 255 255 255 1.000000
0.143808 0.624039 -0.253099 -0.137500 0.176938 0.974570 255 255 255 1.000000
-0.103330 -0.036949 0.310554 -0.011265 0.998082 -0.060867 255 255 255 1.000000
-0.319767 -0.688107 0.502035 -0.008214 0.821571 -0.570047 255 255 255 1.000000
0.078921 0.192415 -0.164888 -0.154306 0.175079 0.972387 255 255 255 1.000000
0.365876 -0.083844 0.161150 0.608860 -0.793023 -0.020101 255 255 255 1.000000
-0.310598 -0.131105 -0.049124 0.576207 0.690611 -0.437084 255 255 255 1.000000
0.083460 0.700976 -0.275585 -0.063817 0.278661 0.958267 255 255 255 1.000000
-0.356864 -0.698043 0.493933 -0.087610 0.771186 -0.630553 255 255 255 1.000000
0.351039 0.431197 -0.165459 0.760263 0.040388 0.648358 255 255 255 1.000000
0.403019 -0.473493 -0.203523 -0.205702 0.411896 -0.887710 255 255 255 1.000000
-0.170180 -0.032999 0.282025 0.075732 0.996255 -0.041722 255 255 255 1.000000
0.207493 -0.037799 -0.148441 -0.181228 0.982530 0.042332 255 255 255 1.000000
-0.251916 -0.006452 -0.141179 -0.028700 -0.225597 0.973798 255 255 255 1.000000
-0.044524 0.023418 -0.174181 0.090121 -0.192687 0.977113 255 255 255 1.000000
0.341709 -0.050381 -0.143064 0.837802 -0.070724 -0.541374 255 255 255 1.000000
-0.179655 0.726017 -0.280836 -0.105756 -0.536405 -0.837308 255 255 255 1.000000
-0.450795 -0.680416 -0.268380 0.008398 0.999564 -0.028324 255 255 255 1.000000
-0.218599 -0.041194 -0.157216 -0.069005 0.409372 -0.909754 255 255 255 1.000000
0.341223 -0.416542 0.331563 0.790097 -0.385618 -0.476493 255 255 255 1.000000
-0.243038 -0.054050 0.445695 -0.014505 -0.658376 -0.752549 255 255 255 1.000000
0.371151 -0.682134 -0.263740 -0.988053 0.136284 -0.071964 255 255 255 1.000000
-0.359290 -0.020094 -0.069777 0.433616 -0.901087 0.004367 255 255 255 1.000000
-0.332079 0.524152 -0.211985 -0.518135 -0.224232 -0.825382 255 255 255 1.000000
-0.232037 0.329443 -0.159455 -0.305927 -0.232690 -0.923182 255 255 255 1.000000
0.289593 0.741775 -0.262981 0.212953 -0.622406 -0.753168 255 255 255 1.000000
-0.146862 0.245562 -0.161926 -0.210123 -0.205980 -0.955730 255 255 255 1.000000
-0.298266 0.451893 -0.209246 -0.118187 -0.169172 -0.978475 255 255 255 1.000000
0.412071 -0.359881 -0.147213 -0.989312 -0.126070 0.073271 255 255 255 1.000000
0.370974 -0.331696 -0.134686 0.992398 0.102890 -0.067521 255 255 255 1.000000
-0.369951 -0.258602 -0.078842 0.987521 0.035432 -0.153448 255 255 255 1.000000
-0.232493 0.035245 -0.172295 -0.969167 -0.129438 -0.209672 255 255 255 1.000000
-0.322215 -0.582426 0.475356 -0.964870 -0.118079 -0.234697 255 255 255 1.000000
-0.161291 -0.038701 0.188384 -0.043394 -0.993197 0.108058 255 255 255 1.000000
0.260848 0.263684 -0.183063 -0.253749 0.080027 0.963954 255 255 255 1.000000
-0.080283 -0.043283 0.200536 -0.320748 0.864720 -0.386497 255 255 255 1.000000
0.087590 -0.047422 0.417395 -0.040284 0.960245 0.276235 255 255 255 1.000000
-0.005220 -0.038988 0.316394 0.008985 -0.999932 -0.007501 255 255 255 1.000000
-0.159398 0.302408 -0.172571 -0.213163 -0.234664 -0.948417 255 255 255 1.000000
0.078381 0.474793 -0.232840 0.088100 -0.214078 -0.972836 255 255 255 1.000000
0.128778 -0.036542 0.271688 -0.072803 0.997219 -0.015924 255 255 255 1.000000
-0.446371 -0.717831 -0.229201 -0.078483 -0.114284 0.990343 255 255 255 1.000000
-0.268272 -0.082027 -0.128537 0.274949 -0.928001 -0.251431 255 255 255 1.000000
0.219689 0.415868 -0.187943 0.302332 -0.249006 -0.920104 255 255 255 1.000000
0.381748 -0.320592 -0.134243 0.992164 0.124935 -0.001622 255 255 255 1.000000
-0.335728 -0.129969 0.045311 0.000000 -0.809187 -0.587552 255 255 255 1.000000
-0.390395 -0.720447 -0.304574 -0.040629 0.059964 0.997373 255 255 255 1.000000
0.405680 -0.392682 -0.198535 -0.728620 -0.403843 0.553194 255 255 255 1.000000
-0.343955 0.715440 -0.240535 0.110785 -0.507762 -0.854345 255 255 255 1.000000
0.159477 -0.031877 0.354132 -0.079140 0.994531 0.068153 255 255 255 1.000000
-0.128215 0.725353 -0.285894 -0.080701 -0.579558 -0.810925 255 255 255 1.000000
0.119638 -0.040745 0.203637 -0.069050 0.997331 -0.023714 255 255 255 1.000000
0.275695 -0.101541 -0.040690 -0.008444 -0.943377 -0.331614 255 255 255 1.000000
-0.283653 0.126052 -0.186887 0.339677 -0.107754 0.934349 255 255 255 1.000000
-0.257047 -0.134138 0.049481 0.000000 -0.662176 -0.749348 255 255 255 1.000000
-0.036912 -0.043232 0.229574 0.271027 -0.917364 0.291528 255 255 255 1.000000
0.242670 -0.031882 -0.131493 -0.197168 0.979182 0.048234 255 255 255 1.000000
-0.191302 0.427962 -0.199134 -0.260876 -0.252103 -0.931873 255 255 255 1.000000
-0.104916 0.648611 -0.262170 -0.077384 -0.214372 -0.973682 255 255 255 1.000000
0.350389 -0.313048 0.238851 0.906150 -0.319037 -0.277682 255 255 255 1.000000
0.198497 -0.029804 0.369916 0.092281 -0.987848 -0.125061 255 255 255 1.000000
0.154104 -0.126614 0.452406 -0.098900 0.726303 -0.680223 255 255 255 1.000000
-0.344063 0.753902 -0.269204 0.364831 -0.850219 -0.379506 255 255 255 1.000000
0.113488 0.418179 -0.213262 0.146040 -0.235333 -0.960880 255 255 255 1.000000
0.019304 -0.058348 -0.099651 -0.939266 0.342404 -0.023214 255 255 255 1.000000
-0.259147 0.389285 -0.164633 0.337092 0.245867 0.908800 255 255 255 1.000000
-0.003799 -0.073020 -0.192311 0.017145 -0.494429 0.869049 255 255 255 1.000000
-0.368861 0.733760 -0.280355 0.995453 -0.015672 -0.093953 255 255 255 1.000000
0.229077 -0.037030 0.010481 -0.134412 0.990809 -0.015177 255 255 255 1.000000
-0.116235 0.298006 -0.180681 0.170143 0.228770 0.958496 255 255 255 1.000000
0.370869 -0.709217 -0.249527 -0.999788 -0.010721 0.017566 255 255 255 1.000000
0.268483 -0.023887 0.380361 -0.101566 0.978119 0.181569 255 255 255 1.000000
-0.310389 -0.120652 -0.097897 -0.373386 -0.606872 0.701634 255 255 255 1.000000
-0.398304 -0.174406 0.044711 0.000000 -0.826819 0.562468 255 255 255 1.000000
0.301248 -0.017150 0.255638 0.444663 0.856754 -0.261242 255 255 255 1.000000
-0.160217 -0.031624 0.324630 0.082643 0.996542 -0.008652 255 255 255 1.000000
0.272746 -0.166883 0.006551 0.000000 0.548844 0.835925 255 255 255 1.000000
-0.254670 -0.151655 -0.021460 0.560773 0.824729 -0.073186 255 255 255 1.000000
0.133313 0.006066 -0.160935 -0.181617 -0.089580 0.979281 255 255 255 1.000000
0.056631 -0.051419 0.049267 -0.054150 0.998232 -0.024519 255 255 255 1.000000
-0.236213 -0.030835 0.190755 -0.057265 -0.980650 0.187205 255 255 255 1.000000
-0.188188 -0.029961 0.309955 0.093556 0.995293 -0.025282 255 255 255 1.000000
0.046491 -0.167818 0.051300 0.000000 -0.588160 0.808745 255 255 255 1.000000
-0.132225 -0.040335 0.199556 0.037423 -0.985904 0.163075 255 255 255 1.000000
0.399876 -0.679510 -0.292575 -0.003638 0.855526 -0.517747 255 255 255 1.000000
-0.119899 0.708129 -0.278201 0.091508 0.297776 0.950240 255 255 255 1.000000
0.113432 -0.039291 0.242683 -0.065726 0.997650 -0.019353 255 255 255 1.000000
0.422848 -0.553050 -0.249632 -0.690467 0.301226 -0.657662 255 255 255 1.000000
-0.105041 -0.053821 -0.103800 -0.088199 -0.996102 0.001460 255 255 255 1.000000
-0.188694 -0.033536 0.241182 0.073863 0.994410 -0.075449 255 255 255 1.000000
-0.201864 0.644423 -0.249546 0.185073 0.245952 0.951449 255 255 255 1.000000
0.415983 -0.528444 -0.238359 0.831424 -0.141093 0.537427 255 255 255 1.000000
-0.335757 -0.610733 0.463477 -0.594958 0.395788 0.699555 255 255 255 1.000000
0.238650 0.720091 -0.260259 0.142500 -0.307727 -0.940743 255 255 255 1.000000
0.263604 0.016347 -0.162479 -0.048812 -0.097598 0.994028 255 255 255 1.000000
0.448227 -0.741728 -0.237848 0.997080 -0.074868 0.015061 255 255 255 1.000000
0.280300 -0.019380 0.281565 0.004124 -0.994796 0.101800 255 255 255 1.000000
-0.377550 -0.723211 -0.267231 -0.999455 0.029601 -0.014589 255 255 255 1.000000
0.058195 -0.047986 0.417109 -0.027851 0.962457 0.270000 255 255 255 1.000000
-0.247592 0.146995 -0.190294 -0.084787 0.081433 -0.993066 255 255 255 1.000000
0.332117 -0.675937 0.553038 -0.008560 -0.928620 -0.370933 255 255 255 1.000000
-0.277008 -0.025899 0.174894 -0.199936 -0.811662 -0.548845 255 255 255 1.000000
-0.030743 -0.039154 0.359742 -0.007441 -0.998374 -0.056519 255 255 255 1.000000
-0.321881 -0.400936 0.339486 -0.974560 0.135172 0.178779 255 255 255 1.000000
-0.190759 -0.042676 -0.150145 -0.112019 0.220467 -0.968941 255 255 255 1.000000
0.057296 0.687743 -0.273606 0.048724 -0.263446 -0.963443 255 255 255 1.000000
0.287656 0.547180 -0.220771 0.869695 0.070520 0.488526 255 255 255 1.000000
-0.260463 0.196501 -0.121804 0.265012 0.184141 0.946499 255 255 255 1.000000
0.118233 0.509531 -0.238660 -0.137809 0.214245 0.967010 255 255 255 1.000000
0.326537 -0.224425 0.179928 0.683866 -0.588379 -0.431437 255 255 255 1.000000
-0.001897 0.177755 -0.168996 0.008598 -0.162170 -0.986725 255 255 255 1.000000
-0.329529 -0.241738 0.150668 -0.628022 0.635880 0.448603 255 255 255 1.000000
-0.303538 -0.685995 0.552140 -0.178815 -0.673071 -0.717635 255 255 255 1.000000
-0.061676 -0.039805 0.281198 0.112535 -0.983709 0.140189 255 255 255 1.000000
0.375034 -0.037564 0.225611 -0.998329 0.051038 0.027110 255 255 255 1.000000
-0.218776 0.412589 -0.187337 -0.305736 -0.263472 -0.914936 255 255 255 1.000000
0.224281 -0.114497 -0.069858 -0.999706 -0.024173 -0.001915 255 255 255 1.000000
0.071220 0.148455 -0.161796 0.272431 -0.291294 -0.917022 255 255 255 1.000000
-0.056923 -0.042950 0.222237 -0.277736 0.906832 -0.317048 255 255 255 1.000000
-0.341424 -0.336684 0.256625 -0.680006 0.543348 0.492305 255 255 255 1.000000
-0.015271 -0.170993 0.010661 0.000000 -0.714069 -0.700075 255 255 255 1.000000
-0.393043 -0.580614 -0.274367 0.948839 0.078492 -0.305849 255 255 255 1.000000
0.192610 0.541818 -0.230031 0.226188 -0.219187 -0.949103 255 255 255 1.000000
-0.356348 -0.009545 0.266200 0.041356 -0.998356 -0.039692 255 255 255 1.000000
-0.308731 -0.022340 -0.200672 -0.714048 -0.040797 -0.698907 255 255 255 1.000000
-0.228396 0.731807 -0.274436 0.061622 0.578708 0.813203 255 255 255 1.000000
0.367684 -0.297536 -0.113470 0.997524 0.041804 0.056558 255 255 255 1.000000
-0.050770 0.284989 -0.187408 -0.082102 -0.207713 -0.974738 255 255 255 1.000000
-0.136124 0.294331 -0.176751 0.195518 0.230934 0.953122 255 255 255 1.000000
-0.198863 0.676193 -0.258663 -0.164176 -0.276252 -0.946959 255 255 255 1.000000
0.189713 0.051757 -0.144548 0.098222 -0.781470 0.616164 255 255 255 1.000000
-0.243037 0.176177 -0.187166 0.075498 -0.064069 0.995086 255 255 255 1.000000
0.027261 -0.035019 -0.180246 -0.076296 -0.087414 0.993246 255 255 255 1.000000
-0.007528 -0.138302 0.053452 0.000000 0.491707 0.870760 255 255 255 1.000000
0.251511 0.032823 -0.205969 0.088562 0.124823 -0.988219 255 255 255 1.000000
-0.411836 -0.452333 -0.237637 -0.622244 0.397538 -0.674371 255 255 255 1.000000
-0.411278 -0.589618 -0.296230 -0.115506 -0.355346 0.927571 255 255 255 1.000000
-0.231591 -0.121242 -0.054275 -0.978831 0.182766 0.092122 255 255 255 1.000000
-0.150020 -0.176451 0.041093 0.000000 -0.902790 0.430081 255 255 255 1.000000
0.382172 -0.493984 -0.240163 0.978746 -0.024034 0.203664 255 255 255 1.000000
0.295828 -0.738284 0.561508 0.999831 0.017431 -0.005905 255 255 255 1.000000
-0.168300 0.711267 -0.274594 -0.138124 -0.306698 -0.941731 255 255 255 1.000000
0.449772 -0.710470 -0.286379 0.998926 0.039175 -0.024736 255 255 255 1.000000
0.091300 -0.042188 0.216354 -0.061231 0.997986 -0.016567 255 255 255 1.000000
-0.230844 0.150313 -0.158392 0.999154 0.001158 0.041105 255 255 255 1.000000
-0.346304 -0.228906 0.189898 0.268134 0.771992 0.576309 255 255 255 1.000000
-0.249337 -0.098331 0.454966 0.134488 0.187250 -0.973062 255 255 255 1.000000
0.100689 0.054901 -0.162860 0.161490 0.127246 -0.978637 255 255 255 1.000000
-0.013571 -0.054191 0.012799 0.084827 -0.991930 0.094234 255 255 255 1.000000
0.236178 -0.035869 0.037052 -0.132645 0.990970 -0.019572 255 255 255 1.000000
-0.384139 -0.265475 -0.106535 0.954058 0.065155 -0.292452 255 255 255 1.000000
-0.195535 -0.039838 0.110110 -0.038806 -0.984333 0.171995 255 255 255 1.000000
-0.367998 -0.679067 0.556260 0.029896 -0.879235 -0.475449 255 255 255 1.000000
0.095278 -0.080754 0.459315 -0.009396 -0.354930 -0.934846 255 255 255 1.000000
-0.014926 -0.040541 0.289109 0.006613 -0.999966 -0.004854 255 255 255 1.000000
-0.292527 0.483393 -0.211542 -0.901001 -0.007710 0.433748 255 255 255 1.000000
-0.233320 -0.022501 -0.179935 0.936782 0.191665 0.292753 255 255 255 1.000000
-0.350154 0.505798 -0.190495 -0.986752 0.004598 0.162169 255 255 255 1.000000
0.196357 0.300025 -0.161978 -0.277101 0.227248 0.933581 255 255 255 1.000000
-0.283647 -0.137896 0.005546 0.000000 0.506081 -0.862486 255 255 255 1.000000
0.124362 -0.051254 -0.083604 0.097767 -0.995204 -0.003213 255 255 255 1.000000
0.060001 0.027158 -0.172476 -0.063364 0.471547 -0.879562 255 255 255 1.000000
0.038345 0.303302 -0.192129 -0.059874 0.217837 0.974147 255 255 255 1.000000
0.034884 0.270472 -0.185107 0.063966 -0.204658 -0.976741 255 255 255 1.000000
-0.164789 0.481048 -0.221750 0.210124 0.231751 0.949810 255 255 255 1.000000
-0.355575 -0.574075 0.446345 0.999958 0.005718 0.007211 255 255 255 1.000000
0.360682 0.557321 -0.198969 -0.808770 -0.171236 -0.562645 255 255 255 1.000000
0.258989 -0.120054 0.436008 0.150938 -0.941575 0.301089 255 255 255 1.000000
0.398134 -0.140893 0.054146 0.000000 0.405934 0.913902 255 255 255 1.000000
0.405450 -0.291588 -0.116877 0.986533 0.150305 -0.064506 255 255 255 1.000000
-0.052318 0.684145 -0.273907 0.039092 0.254230 0.966353 255 255 255 1.000000
0.321543 0.585726 -0.195788 0.371557 -0.273722 -0.887142 255 255 255 1.000000
-0.071710 -0.056815 -0.097781 0.157470 0.987499 -0.006957 255 255 255 1.000000
0.254119 0.045538 -0.158419 0.036548 0.107964 -0.993483 255 255 255 1.000000
0.268830 -0.026006 0.183439 -0.037596 0.996205 -0.078496 255 255 255 1.000000
-0.344932 -0.276930 0.248132 0.922045 0.301796 0.242388 255 255 255 1.000000
0.273569 0.071670 -0.196880 0.271902 0.131310 -0.953324 255 255 255 1.000000
0.245090 -0.111275 -0.171711 -0.425242 -0.762867 -0.487035 255 255 255 1.000000
-0.008839 -0.052768 0.042838 -0.028836 0.999125 -0.030304 255 255 255 1.000000
0.002081 0.267991 -0.184588 -0.001515 0.201365 0.979515 255 255 255 1.000000
-0.255501 0.013581 -0.138503 0.099547 0.349393 -0.931673 255 255 255 1.000000
-0.255765 0.050831 -0.134279 0.192886 0.530143 -0.825677 255 255 255 1.000000
-0.063310 -0.164222 0.004998 0.000000 0.451271 0.892387 255 255 255 1.000000
-0.329839 0.706026 -0.270168 0.273800 0.336614 0.900958 255 255 255 1.000000
0.074361 -0.056824 -0.135326 0.103735 -0.994603 0.001832 255 255 255 1.000000
0.236014 0.689057 -0.249960 0.170643 -0.284628 -0.943328 255 255 255 1.000000
-0.299341 -0.100812 -0.051712 -0.564376 -0.756429 -0.330597 255 255 255 1.000000
0.100557 0.677784 -0.267585 -0.094575 0.254458 0.962448 255 255 255 1.000000
-0.376130 -0.230304 -0.073797 -0.710043 -0.415395 0.568583 255 255 255 1.000000
-0.420549 -0.504471 -0.231273 0.992055 -0.091858 -0.085960 255 255 255 1.000000
0.030240 0.491450 -0.240597 -0.022784 0.200319 0.979466 255 255 255 1.000000
-0.043621 0.520593 -0.247550 -0.052715 -0.214724 -0.975251 255 255 255 1.000000
0.031882 0.611988 -0.260093 -0.036288 0.212060 0.976583 255 255 255 1.000000
0.248176 0.217666 -0.186789 -0.174538 -0.008980 0.984609 255 255 255 1.000000
0.116126 -0.042527 0.172532 0.069569 -0.997255 0.025340 255 255 255 1.000000
-0.112850 0.036670 -0.163046 -0.212718 0.582130 -0.784777 255 255 255 1.000000
-0.076862 -0.037465 0.317520 -0.017647 0.998732 -0.047153 255 255 255 1.000000
-0.332156 -0.500855 0.398569 -0.551713 0.461766 0.694540 255 255 255 1.000000
-0.312139 -0.142718 0.045832 0.944669 -0.325403 -0.041387 255 255 255 1.000000
-0.330159 -0.017892 -0.063418 -0.235054 -0.952312 -0.194553 255 255 255 1.000000
-0.161559 -0.009973 -0.157388 0.190610 -0.236816 0.952673 255 255 255 1.000000
-0.286307 -0.026210 0.140588 -0.169688 -0.944916 -0.279893 255 255 255 1.000000
0.261160 -0.032893 0.023593 0.147306 -0.989032 0.010797 255 255 255 1.000000
-0.295649 -0.072970 -0.203015 -0.798913 -0.086324 -0.595219 255 255 255 1.000000
-0.175119 0.228423 -0.151045 0.232404 0.200391 0.951752 255 255 255 1.000000
0.163325 -0.046187 -0.029552 -0.110234 0.993584 -0.025300 255 255 255 1.000000
-0.241146 0.159477 -0.123608 0.299594 0.785643 -0.541303 255 255 255 1.000000
-0.304510 0.163554 -0.134187 0.739565 0.078477 -0.668494 255 255 255 1.000000
-0.399535 -0.191287 -0.000452 0.990596 -0.136757 0.004009 255 255 255 1.000000
-0.249354 -0.029587 0.178474 -0.014833 -0.939713 0.341641 255 255 255 1.000000
-0.164122 0.245946 -0.157449 -0.223873 -0.205863 -0.952629 255 255 255 1.000000
-0.405621 -0.253138 -0.090712 0.620416 -0.544942 0.564024 255 255 255 1.000000
-0.212246 0.499709 -0.214941 0.294586 0.248227 0.922823 255 255 255 1.000000
-0.404693 -0.650171 -0.314284 0.600822 0.238962 -0.762830 255 255 255 1.000000
-0.323806 -0.634809 0.487358 0.811920 -0.280584 -0.511916 255 255 255 1.000000
-0.348731 0.695548 -0.250774 -0.872833 -0.149420 -0.464581 255 255 255 1.000000
0.145950 0.220060 -0.156122 -0.222169 0.197497 0.954796 255 255 255 1.000000
-0.341931 0.655795 -0.217458 -0.090498 0.390880 0.915982 255 255 255 1.000000
0.127585 0.719621 -0.281056 0.111791 -0.587396 -0.801542 255 255 255 1.000000
-0.411299 -0.551081 -0.239642 -0.199183 -0.370520 0.907216 255 255 255 1.000000
-0.028798 0.553000 -0.252087 0.029547 0.204448 0.978431 255 255 255 1.000000
-0.262822 -0.102107 -0.038675 -0.214183 0.962517 0.166393 255 255 255 1.000000
0.384084 -0.755398 -0.270109 0.066537 -0.919424 -0.387597 255 255 255 1.000000
-0.363785 -0.062027 -0.120656 -0.908841 -0.386446 -0.157056 255 255 255 1.000000
0.256912 -0.032526 0.089050 -0.080047 0.995401 -0.052624 255 255 255 1.000000
-0.355496 -0.156140 0.063541 -0.834279 0.476234 0.277813 255 255 255 1.000000
0.173216 0.304698 -0.168898 -0.249740 0.227965 0.941096 255 255 255 1.000000
-0.008642 -0.059002 -0.099977 -0.998255 -0.055742 -0.019476 255 255 255 1.000000
0.292471 0.487208 -0.176604 0.370252 -0.260760 -0.891582 255 255 255 1.000000
0.343223 0.516969 -0.196103 0.987507 0.003724 0.157534 255 255 255 1.000000
0.140818 0.667510 -0.261709 -0.139090 0.236418 0.961645 255 255 255 1.000000
-0.295969 0.391290 -0.199557 -0.273493 -0.153997 -0.949466 255 255 255 1.000000
-0.448611 -0.689115 -0.291161 -0.137586 0.519681 -0.843209 255 255 255 1.000000
0.139934 0.420257 -0.210046 -0.186272 0.238988 0.952989 255 255 255 1.000000
-0.175264 -0.108771 0.459532 0.081055 0.221828 -0.971711 255 255 255 1.000000
0.141264 0.173136 -0.147378 0.201224 -0.076526 -0.976551 255 255 255 1.000000
0.304834 0.113849 -0.153999 -0.497756 0.054145 -0.865625 255 255 255 1.000000
0.051051 0.718564 -0.286397 -0.049283 0.615629 0.786493 255 255 255 1.000000
0.291642 0.599153 -0.212307 0.313108 -0.253290 -0.915318 255 255 255 1.000000
-0.363282 -0.519852 0.433017 -0.991634 -0.074864 -0.105153 255 255 255 1.000000
-0.015734 0.528860 -0.248825 0.021419 0.205801 0.978360 255 255 255 1.000000
0.280687 0.701755 -0.246000 0.176959 -0.300172 -0.937327 255 255 255 1.000000
0.105230 -0.042125 0.197169 0.065716 -0.997616 0.021063 255 255 255 1.000000
-0.287459 0.556320 -0.202029 0.355983 0.263400 0.896603 255 255 255 1.000000
-0.385406 -0.753273 -0.269139 0.342674 -0.893203 0.291140 255 255 255 1.000000
0.314798 0.406692 -0.145612 -0.120791 0.194779 0.973381 255 255 255 1.000000
0.148663 0.747520 -0.312350 0.091258 -0.902776 -0.420319 255 255 255 1.000000
0.363337 -0.058706 -0.031999 -0.990365 0.121148 0.067089 255 255 255 1.000000
-0.422260 -0.398033 -0.180249 -0.961611 0.185014 -0.202666 255 255 255 1.000000
-0.428708 -0.525550 -0.237494 -0.695073 -0.308129 0.649562 255 255 255 1.000000
0.295351 0.277231 -0.127299 0.031536 -0.136312 -0.990164 255 255 255 1.000000
0.149604 0.564716 -0.243151 0.162520 -0.200825 -0.966052 255 255 255 1.000000
0.376420 -0.043920 0.305518 0.987105 -0.158879 -0.019514 255 255 255 1.000000
-0.305892 -0.094048 -0.181917 0.628631 0.039586 0.776695 255 255 255 1.000000
-0.100155 0.662558 -0.265285 0.071171 0.225321 0.971682 255 255 255 1.000000
0.420355 -0.470655 -0.220943 0.959953 0.169058 -0.223405 255 255 255 1.000000
0.410135 -0.342775 -0.143421 0.955276 0.207780 -0.210418 255 255 255 1.000000
0.400151 -0.244718 -0.076898 -0.992380 -0.123218 -0.000377 255 255 255 1.000000
-0.266602 -0.033364 0.018499 0.148334 0.984107 0.097623 255 255 255 1.000000
-0.223134 -0.039586 -0.063852 -0.164818 -0.982253 -0.089525 255 255 255 1.000000
0.353473 -0.671923 0.535168 -0.020719 -0.996945 -0.075307 255 255 255 1.000000
-0.201668 -0.035781 0.400017 -0.078077 -0.963448 -0.256264 255 255 255 1.000000
-0.366895 -0.068100 -0.078936 -0.932441 -0.338552 -0.126241 255 255 255 1.000000
-0.235645 0.056642 -0.192614 0.889136 0.040084 -0.455885 255 255 255 1.000000
-0.276327 -0.112819 0.008892 -0.120248 -0.973658 -0.193726 255 255 255 1.000000
0.371827 -0.143545 0.054857 0.000000 -0.311360 -0.950292 255 255 255 1.000000
-0.380210 -0.033036 0.191752 -0.930662 0.363937 -0.037660 255 255 255 1.000000
-0.241481 -0.018686 -0.143978 -0.039731 0.159903 -0.986333 255 255 255 1.000000
-0.366227 -0.023119 0.072155 0.650169 -0.759289 0.027562 255 255 255 1.000000
0.059709 -0.140711 0.441269 -0.039552 0.988281 -0.147430 255 255 255 1.000000
0.091714 -0.144909 0.055222 0.000000 -0.260845 -0.965381 255 255 255 1.000000
-0.269344 -0.144261 -0.054756 0.104500 0.927587 -0.358694 255 255 255 1.000000
0.242961 -0.171380 0.047738 0.000000 0.728229 -0.685334 255 255 255 1.000000
0.361630 -0.045667 -0.055865 0.996875 -0.043228 -0.066123 255 255 255 1.000000
0.173327 0.520193 -0.230372 0.213990 -0.226994 -0.950096 255 255 255 1.000000
0.293222 0.123904 -0.147519 -0.012172 -0.127877 0.991715 255 255 255 1.000000
0.013858 0.052215 -0.174366 -0.098581 0.355368 -0.929513 255 255 255 1.000000
0.294327 -0.027243 0.011598 -0.183255 0.982992 0.011985 255 255 255 1.000000
0.049165 0.538039 -0.249881 0.044854 -0.195672 -0.979643 255 255 255 1.000000
-0.086934 0.113767 -0.161818 0.200081 -0.957030 0.209908 255 255 255 1.000000
0.035794 0.665864 -0.268853 0.040625 -0.237435 -0.970554 255 255 255 1.000000
-0.396746 -0.609819 -0.289320 -0.876065 -0.131712 0.463856 255 255 255 1.000000
-0.119396 -0.069953 0.454030 0.000083 0.613521 0.789679 255 255 255 1.000000
0.242418 -0.029580 0.398313 -0.085952 0.965823 0.244539 255 255 255 1.000000
0.276988 -0.129988 -0.118491 0.228532 0.666155 -0.709937 255 255 255 1.000000
0.123109 -0.037698 0.382967 -0.054046 0.985557 0.160486 255 255 255 1.000000
-0.095134 -0.137634 0.447694 -0.055306 -0.916507 0.396178 255 255 255 1.000000
-0.333395 0.341500 -0.148733 0.983347 0.091568 -0.156986 255 255 255 1.000000
0.161499 -0.041135 0.129695 -0.086158 0.995657 -0.035274 255 255 255 1.000000
0.261569 -0.032700 -0.033232 0.177321 -0.984116 -0.008497 255 255 255 1.000000
0.068382 0.305877 -0.189520 -0.106446 0.224573 0.968626 255 255 255 1.000000
-0.280173 0.300156 -0.185627 -0.231137 -0.113483 -0.966280 255 255 255 1.000000
0.250534 -0.023386 0.366606 -0.105005 0.986084 0.128890 255 255 255 1.000000
0.274983 -0.030991 0.016395 0.160154 -0.987084 0.003884 255 255 255 1.000000
-0.273364 -0.158427 0.003446 0.000000 0.244390 0.969677 255 255 255 1.000000
-0.265119 -0.031422 0.091224 -0.282433 -0.709498 -0.645634 255 255 255 1.000000
-0.348412 -0.010733 0.242558 0.147548 0.985616 -0.082404 255 255 255 1.000000
0.328992 0.358698 -0.153825 -0.986006 0.082823 -0.144683 255 255 255 1.000000
-0.004372 0.637288 -0.263539 -0.007877 0.205206 0.978687 255 255 255 1.000000
-0.137136 -0.163182 0.054066 0.000000 0.416256 -0.909248 255 255 255 1.000000
0.064844 0.249998 -0.177382 -0.116429 0.199757 0.972903 255 255 255 1.000000
-0.320121 -0.752949 0.522712 0.066547 0.994504 0.080827 255 255 255 1.000000
0.406790 -0.376011 -0.183899 0.731838 0.413127 -0.541977 255 255 255 1.000000
0.323462 0.424694 -0.187863 0.576660 -0.203031 -0.791355 255 255 255 1.000000
-0.303235 0.026154 -0.197426 -0.387257 0.147981 -0.910018 255 255 255 1.000000
-0.368647 -0.719530 0.496156 0.023157 -0.324046 0.945758 255 255 255 1.000000
0.139977 0.492663 -0.231524 0.170520 -0.223367 -0.959703 255 255 255 1.000000
-0.197574 0.247493 -0.149065 0.250023 0.206367 0.945992 255 255 255 1.000000
-0.288571 0.385822 -0.150750 -0.354943 -0.233035 -0.905379 255 255 255 1.000000
-0.327508 -0.013805 0.253405 0.153627 0.983988 -0.090370 255 255 255 1.000000
0.218281 0.749744 -0.295870 0.142637 -0.843473 -0.517888 255 255 255 1.000000
0.004423 -0.177488 0.021562 0.000000 0.956244 0.292572 255 255 255 1.000000
0.191736 -0.054802 0.443045 0.013153 -0.598999 -0.800642 255 255 255 1.000000
0.286654 -0.028002 0.069265 0.132752 -0.990950 0.019884 255 255 255 1.000000
0.029315 -0.049124 0.103703 -0.039001 0.999065 -0.018678 255 255 255 1.000000
0.028638 -0.056320 -0.039909 0.050265 -0.997955 0.039476 255 255 255 1.000000
0.064885 -0.120980 0.463330 -0.026886 0.336264 -0.941384 255 255 255 1.000000
-0.388733 -0.480936 -0.229771 0.998094 -0.048791 -0.037782 255 255 255 1.000000
-0.299174 0.360759 -0.141748 0.340920 0.217670 0.914545 255 255 255 1.000000
-0.361015 -0.229786 0.147151 0.953954 0.248062 0.168635 255 255 255 1.000000
0.224321 0.054460 -0.137880 -0.012892 0.663118 -0.748404 255 255 255 1.000000
0.292692 0.619093 -0.233952 -0.824251 0.175762 0.538254 255 255 255 1.000000
0.319837 -0.021814 0.007336 -0.206886 0.977982 0.027393 255 255 255 1.000000
-0.265264 0.262604 -0.183660 0.244383 0.074091 0.966844 255 255 255 1.000000
0.417338 -0.570860 -0.251622 -0.784115 0.202953 -0.586493 255 255 255 1.000000
0.239783 0.660590 -0.241627 0.198821 -0.247227 -0.948340 255 255 255 1.000000
0.295361 0.673892 -0.248237 0.817286 -0.181596 -0.546870 255 255 255 1.000000
-0.295179 -0.028084 -0.009158 -0.187514 -0.980509 -0.058651 255 255 255 1.000000
-0.177159 -0.125523 0.034369 0.000000 0.982659 0.185421 255 255 255 1.000000
-0.263487 -0.087066 -0.105458 0.389413 -0.905012 -0.171205 255 255 255 1.000000
-0.075550 0.433952 -0.221475 -0.101344 -0.233863 -0.966973 255 255 255 1.000000
0.081880 0.125740 -0.161177 -0.333105 0.490369 0.805344 255 255 255 1.000000
-0.374803 -0.080550 0.195498 0.667107 0.744610 0.022909 255 255 255 1.000000
0.041268 -0.042831 0.398449 0.017239 -0.977949 -0.208132 255 255 255 1.000000
-0.333867 -0.019538 0.105452 0.186537 0.970020 0.155770 255 255 255 1.000000
0.105915 0.581458 -0.250706 -0.100400 0.183421 0.977894 255 255 255 1.000000
0.350244 -0.181248 0.104048 0.876628 0.397289 0.271450 255 255 255 1.000000
-0.246967 -0.174098 0.013767 0.000000 0.817840 0.575446 255 255 255 1.000000
0.343307 0.571099 -0.202401 -0.966970 -0.060858 -0.247517 255 255 255 1.000000
-0.004944 -0.047067 0.155547 -0.021306 0.999679 -0.013720 255 255 255 1.000000
-0.057899 -0.061941 -0.184981 -0.003670 -0.810149 0.586213 255 255 255 1.000000
-0.141129 -0.013100 -0.161601 -0.177822 0.219974 -0.959161 255 255 255 1.000000
0.377101 -0.168693 0.008361 0.000000 -0.624280 -0.781200 255 255 255 1.000000
-0.115066 -0.127502 0.017031 0.000000 0.891978 -0.452078 255 255 255 1.000000
-0.081575 -0.056899 -0.168725 -0.093964 -0.995573 -0.002126 255 255 255 1.000000
0.118045 -0.162828 0.054161 0.000000 0.404090 -0.914719 255 255 255 1.000000
-0.211286 -0.033740 0.199906 0.073990 0.991136 -0.110342 255 255 255 1.000000
-0.344092 0.327883 -0.164137 0.963286 0.121975 -0.239170 255 255 255 1.000000
0.093662 -0.036252 0.335879 0.054829 -0.998496 -0.000530 255 255 255 1.000000
0.338014 -0.225565 0.118600 -0.364330 0.765725 0.530027 255 255 255 1.000000
-0.213462 -0.129264 0.427483 -0.125047 -0.988259 0.087790 255 255 255 1.000000
0.213543 -0.031389 0.219795 0.116942 -0.993014 0.015738 255 255 255 1.000000
0.312284 -0.017377 -0.113473 -0.218490 0.974346 0.053962 255 255 255 1.000000
-0.293256 0.756913 -0.281554 0.073421 0.896313 0.437301 255 255 255 1.000000
0.195542 -0.135981 0.007462 0.000000 -0.587154 0.809475 255 255 255 1.000000
-0.358671 -0.263844 0.217885 -0.886563 0.359238 0.291469 255 255 255 1.000000
-0.252450 0.014018 -0.208781 -0.040809 0.123328 -0.991527 255 255 255 1.000000
-0.359278 -0.175903 0.015653 0.000000 -0.867955 -0.496643 255 255 255 1.000000
-0.249186 -0.141328 -0.066947 -0.970487 -0.020307 0.240297 255 255 255 1.000000
-0.198167 0.008053 -0.148110 0.145717 -0.347502 0.926288 255 255 255 1.000000
0.104373 0.647776 -0.259868 -0.101946 0.199242 0.974633 255 255 255 1.000000
-0.371876 -0.041781 0.422564 -0.649421 0.518896 0.555877 255 255 255 1.000000
0.370426 -0.066534 0.424020 -0.700523 -0.053260 -0.711639 255 255 255 1.000000
0.329508 -0.240156 0.139913 0.684043 0.590299 0.428523 255 255 255 1.000000
0.093615 0.469076 -0.229832 0.108937 -0.219948 -0.969410 255 255 255 1.000000
-0.029840 0.243228 -0.179302 0.051971 0.188701 0.980658 255 255 255 1.000000
0.340603 -0.253286 0.215936 -0.847819 -0.421560 -0.321698 255 255 255 1.000000
0.304921 0.520230 -0.181479 -0.375939 0.265067 0.887924 255 255 255 1.000000
0.183634 0.383557 -0.187738 0.256267 -0.250187 -0.933667 255 255 255 1.000000
-0.378287 -0.072804 0.141925 -0.951333 -0.303545 -0.053160 255 255 255 1.000000
-0.311223 -0.015108 0.277967 -0.145278 -0.988140 0.049742 255 255 255 1.000000
0.166865 0.504737 -0.228164 -0.212646 0.232080 0.949168 255 255 255 1.000000
-0.275917 -0.031450 0.047855 -0.143882 -0.982983 -0.114203 255 255 255 1.000000
0.255460 -0.032514 -0.067952 -0.188614 0.981085 0.043559 255 255 255 1.000000
0.336754 -0.013573 0.196404 -0.583502 -0.760793 0.284112 255 255 255 1.000000
0.391593 -0.654505 -0.297410 -0.996530 0.032937 -0.076440 255 255 255 1.000000
-0.275503 0.679450 -0.242560 0.249013 0.310574 0.917353 255 255 255 1.000000
-0.105952 -0.044822 0.141224 0.335866 -0.823536 0.457146 255 255 255 1.000000
0.237556 -0.105683 0.455884 0.102991 -0.238944 0.965556 255 255 255 1.000000
-0.133300 -0.129019 0.014425 0.000000 -0.836758 0.547573 255 255 255 1.000000
0.390861 -0.684312 -0.245442 -0.050782 0.698300 0.714002 255 255 255 1.000000
-0.122890 -0.052907 0.436246 0.036679 0.838808 0.543190 255 255 255 1.000000
0.262500 0.442809 -0.177120 -0.343095 0.254337 0.904212 255 255 255 1.000000
0.061653 -0.159644 0.055014 0.000000 0.289759 -0.957099 255 255 255 1.000000
-0.237084 -0.110951 0.454821 0.131688 0.380548 -0.915337 255 255 255 1.000000
-0.160244 -0.044680 0.068231 0.094179 -0.947650 0.305105 255 255 255 1.000000
0.012764 -0.072061 -0.191449 -0.008927 0.553870 -0.832555 255 255 255 1.000000
0.183844 -0.042144 0.016227 -0.111639 0.993476 -0.023284 255 255 255 1.000000
0.026566 0.323227 -0.196397 0.030668 -0.224923 -0.973894 255 255 255 1.000000
-0.200887 -0.167690 0.007357 0.000000 -0.582798 -0.812617 255 255 255 1.000000
0.065560 -0.046495 0.142327 0.052856 -0.998445 0.017705 255 255 255 1.000000
-0.061765 -0.053973 0.000440 0.654948 -0.199914 0.728751 255 255 255 1.000000
-0.322593 -0.478725 0.414872 -0.939599 -0.200281 -0.277562 255 255 255 1.000000
0.333171 -0.569560 0.440300 0.687531 -0.371506 -0.623926 255 255 255 1.000000
-0.310332 0.650097 -0.253069 -0.184241 -0.310184 -0.932653 255 255 255 1.000000
0.141298 -0.060815 -0.180472 0.034970 0.550506 -0.834099 255 255 255 1.000000
0.291242 0.089202 -0.152346 -0.050658 -0.092579 0.994416 255 255 255 1.000000
0.051186 -0.039481 0.380945 0.021113 -0.989640 -0.142012 255 255 255 1.000000
-0.128500 -0.127514 0.041799 0.000000 -0.891226 -0.453561 255 255 255 1.000000
0.174107 -0.132201 0.011243 0.000000 0.735263 -0.677782 255 255 255 1.000000
-0.150035 0.712194 -0.277234 -0.110089 -0.540163 -0.834329 255 255 255 1.000000
0.408216 -0.659406 -0.276566 -0.108354 0.019627 0.993919 255 255 255 1.000000
0.062847 0.739117 -0.308611 -0.042511 0.836048 0.547007 255 255 255 1.000000
0.356349 -0.435318 0.372441 -0.997450 -0.054777 -0.045743 255 255 255 1.000000
0.300071 0.101190 -0.137248 0.760665 -0.100969 0.641244 255 255 255 1.000000
0.209067 0.517448 -0.220588 -0.275662 0.243441 0.929918 255 255 255 1.000000
-0.097857 -0.039832 0.257220 0.142900 -0.968155 0.205563 255 255 255 1.000000
0.150582 -0.159905 0.054944 0.000000 0.299410 -0.954124 255 255 255 1.000000
-0.415036 -0.319391 -0.127773 0.971612 -0.183504 0.149318 255 255 255 1.000000
-0.339241 -0.015384 0.177557 0.199968 0.715076 0.669836 255 255 255 1.000000
-0.384236 -0.034618 0.358518 0.937339 0.067576 0.341803 255 255 255 1.000000
0.112211 -0.139762 0.004943 0.000000 0.444321 -0.895867 255 255 255 1.000000
-0.430895 -0.673996 -0.275914 -0.018517 0.961687 -0.273525 255 255 255 1.000000
0.012727 0.456696 -0.230991 0.003316 -0.211882 -0.977290 255 255 255 1.000000
0.193806 -0.031341 0.264213 -0.107218 0.994153 -0.012828 255 255 255 1.000000
-0.092341 0.523206 -0.243985 -0.108253 -0.215517 -0.970481 255 255 255 1.000000
-0.336980 -0.011045 0.277562 0.157353 0.986701 -0.040748 255 255 255 1.000000
-0.430595 -0.609090 -0.272870 -0.789434 -0.198391 0.580892 255 255 255 1.000000
-0.236164 -0.095819 -0.110271 0.953442 0.267455 0.139342 255 255 255 1.000000
-0.305609 0.264426 -0.125203 -0.141042 0.113467 0.983480 255 255 255 1.000000
0.149700 -0.038334 0.202851 -0.081980 0.996321 -0.024978 255 255 255 1.000000
-0.051317 -0.041583 0.252833 -0.195729 0.955091 -0.222466 255 255 255 1.000000
0.114131 0.332387 -0.189378 0.166447 -0.244338 -0.955298 255 255 255 1.000000
-0.370967 -0.179578 0.029353 0.000000 0.999999 0.001463 255 255 255 1.000000
0.111653 0.026599 -0.163165 0.178535 0.081801 -0.980527 255 255 255 1.000000
0.288204 -0.024042 0.156945 0.335347 0.918081 -0.211352 255 255 255 1.000000
0.233809 0.083492 -0.153140 0.024744 0.117624 -0.992750 255 255 255 1.000000
0.233886 -0.132232 0.011212 0.000000 -0.734151 0.678986 255 255 255 1.000000
-0.117759 -0.045172 0.117272 -0.294260 0.847025 -0.442674 255 255 255 1.000000
-0.308926 -0.045727 -0.181433 0.612209 -0.258475 -0.747255 255 255 255 1.000000
-0.187655 -0.032083 0.375364 -0.082759 -0.983991 -0.157836 255 255 255 1.000000
0.256010 0.499653 -0.198187 -0.338920 0.257803 0.904804 255 255 255 1.000000
-0.358652 -0.083096 -0.058152 0.082680 -0.983424 -0.161375 255 255 255 1.000000
0.066023 0.353928 -0.200247 -0.087640 0.242894 0.966086 255 255 255 1.000000
-0.024739 -0.058136 -0.080121 -0.939557 -0.342137 -0.013241 255 255 255 1.000000
0.261363 -0.135373 -0.094049 0.278264 -0.617238 0.735925 255 255 255 1.000000
0.169772 0.101161 -0.144258 0.112483 0.331505 -0.936724 255 255 255 1.000000
0.322046 0.658618 -0.252299 0.344029 -0.300187 -0.889681 255 255 255 1.000000
0.340361 0.695514 -0.257442 -0.904675 0.139897 0.402483 255 255 255 1.000000
0.288226 -0.159365 0.013956 0.042857 0.997327 0.059186 255 255 255 1.000000
-0.189634 0.608843 -0.244521 -0.194297 -0.229787 -0.953649 255 255 255 1.000000
0.274497 -0.044422 -0.163113 0.074993 0.411376 -0.908375 255 255 255 1.000000
0.212927 0.249029 -0.145382 -0.284613 0.212651 0.934759 255 255 255 1.000000
-0.342575 -0.671799 0.535249 0.007800 -0.999258 -0.037725 255 255 255 1.000000
-0.043794 0.304862 -0.192605 -0.069711 -0.215533 -0.974005 255 255 255 1.000000
0.298524 -0.021689 0.387706 -0.103114 0.970762 0.216769 255 255 255 1.000000
-0.416388 -0.481720 -0.217545 -0.990267 0.137825 0.019392 255 255 255 1.000000
-0.330083 -0.453290 0.368397 -0.799265 0.366359 0.476400 255 255 255 1.000000
0.174406 0.077617 -0.145527 -0.110291 -0.334100 0.936063 255 255 255 1.000000
0.325560 -0.463232 0.371179 0.809837 0.377844 0.448774 255 255 255 1.000000
0.396786 -0.625772 -0.304861 -0.599196 0.247860 -0.761268 255 255 255 1.000000
-0.367797 -0.026203 0.013839 -0.758511 0.650640 -0.036455 255 255 255 1.000000
0.212714 0.327041 -0.164149 0.294936 -0.236878 -0.925690 255 255 255 1.000000
0.087098 -0.139190 0.440211 0.059088 -0.985932 0.156355 255 255 255 1.000000
-0.233683 -0.117809 -0.117176 0.863383 -0.446195 -0.235543 255 255 255 1.000000
-0.231242 0.069835 -0.135842 0.171929 0.738247 -0.652251 255 255 255 1.000000
0.304256 0.639851 -0.249593 -0.183890 0.297276 0.936916 255 255 255 1.000000
0.230370 -0.090079 -0.183097 -0.894467 -0.324443 -0.307679 255 255 255 1.000000
0.324560 -0.314831 0.285788 0.997454 -0.041926 -0.057682 255 255 255 1.000000
-0.230715 0.152634 -0.173584 -0.998530 0.014789 -0.052145 255 255 255 1.000000
-0.293102 -0.002529 -0.165105 -0.141447 -0.266181 0.953489 255 255 255 1.000000
-0.393016 -0.360363 -0.135723 -0.430844 0.545672 -0.718760 255 255 255 1.000000
0.283038 -0.101898 -0.186885 0.935608 -0.193408 -0.295348 255 255 255 1.000000
-0.240852 -0.037229 0.005865 -0.139460 -0.988401 -0.060125 255 255 255 1.000000
0.350371 -0.450984 0.401751 0.695396 0.421762 0.581843 255 255 255 1.000000
-0.080416 -0.158399 0.003438 0.000000 -0.243353 -0.969938 255 255 255 1.000000
0.403743 -0.271817 -0.100562 0.991305 0.130317 -0.018237 255 255 255 1.000000
-0.342472 -0.107220 0.419884 0.412887 -0.672977 0.613699 255 255 255 1.000000
0.325292 -0.287108 0.203978 0.663985 0.574733 0.478337 255 255 255 1.000000
-0.252344 -0.164149 0.034059 -0.403408 -0.904261 -0.139906 255 255 255 1.000000
-0.090606 -0.061901 0.447813 -0.012185 -0.755942 -0.654525 255 255 255 1.000000
-0.220351 0.749458 -0.295756 0.124040 0.861740 0.491953 255 255 255 1.000000
0.291655 0.740789 -0.278130 -0.027220 0.915724 -0.400885 255 255 255 1.000000
0.269615 -0.019187 0.319270 -0.143426 0.988579 -0.046263 255 255 255 1.000000
-0.353782 -0.696869 0.575137 0.164711 -0.873567 -0.457985 255 255 255 1.000000
-0.119278 -0.057346 -0.180783 0.016208 0.839324 -0.543390 255 255 255 1.000000
-0.268321 0.331149 -0.168843 -0.827501 -0.266832 -0.494007 255 255 255 1.000000
0.295108 -0.042877 0.435800 -0.018531 0.632035 0.774718 255 255 255 1.000000
-0.006221 0.361402 -0.204701 0.012324 0.241671 0.970280 255 255 255 1.000000
0.247286 -0.103960 -0.184314 0.621792 0.737162 0.264514 255 255 255 1.000000
-0.271962 0.017005 -0.135568 -0.135673 -0.265167 0.954610 255 255 255 1.000000
0.176838 -0.127029 0.039988 0.000000 0.919957 0.392020 255 255 255 1.000000
-0.365663 0.544667 -0.215139 0.997870 0.038834 0.052424 255 255 255 1.000000
-0.351025 -0.017322 -0.081721 0.268427 -0.963280 -0.006231 255 255 255 1.000000
0.230139 0.036304 -0.197102 0.844912 -0.029169 0.534110 255 255 255 1.000000
0.387342 -0.243906 -0.040600 0.490363 -0.550652 0.675519 255 255 255 1.000000
0.328760 0.528214 -0.174328 -0.139587 0.316730 0.938188 255 255 255 1.000000
-0.027902 -0.130600 0.045942 0.000000 -0.789549 -0.613687 255 255 255 1.000000
-0.378482 -0.024907 0.220239 -0.866704 0.498634 -0.013732 255 255 255 1.000000
0.326907 -0.355529 0.275886 0.952030 -0.282740 -0.117033 255 255 255 1.000000
-0.310028 0.112684 -0.174245 -0.996135 -0.084139 0.025219 255 255 255 1.000000
0.377098 -0.084148 0.402041 0.875347 0.010697 -0.483377 255 255 255 1.000000
-0.076402 0.259843 -0.177870 -0.121262 -0.201846 -0.971882 255 255 255 1.000000
0.222247 0.631788 -0.239303 -0.208255 0.209021 0.955479 255 255 255 1.000000
0.132538 -0.124451 0.030368 0.000000 -0.999369 -0.035509 255 255 255 1.000000
-0.362111 -0.367720 0.316439 -0.930778 0.241200 0.274728 255 255 255 1.000000
0.256614 -0.150648 0.056760 0.000000 0.045287 0.998974 255 255 255 1.000000
-0.324934 -0.161648 0.048786 0.966993 0.221956 0.125143 255 255 255 1.000000
0.286795 0.469074 -0.195931 0.820518 -0.199558 -0.535655 255 255 255 1.000000
0.213948 -0.037755 -0.124118 0.178973 -0.982999 -0.040999 255 255 255 1.000000
-0.406562 -0.515645 -0.224987 0.183733 -0.416158 0.890536 255 255 255 1.000000
0.004643 0.301193 -0.191691 -0.004421 -0.214595 -0.976693 255 255 255 1.000000
-0.273097 0.232607 -0.181333 -0.267609 -0.044323 -0.962508 255 255 255 1.000000
0.271849 -0.059427 0.447943 -0.007597 -0.448984 -0.893507 255 255 255 1.000000
0.245801 0.451627 -0.187989 0.328715 -0.253128 -0.909875 255 255 255 1.000000
0.351586 -0.474964 0.389387 0.878536 -0.282475 -0.385205 255 255 255 1.000000
0.106295 -0.077832 -0.190441 -0.064719 -0.290875 0.954570 255 255 255 1.000000
-0.020093 0.684473 -0.275467 0.013135 0.246757 0.968988 255 255 255 1.000000
0.229468 0.197110 -0.172098 0.984746 -0.133222 0.111925 255 255 255 1.000000
0.369258 0.571692 -0.220396 -0.897818 -0.131719 -0.420205 255 255 255 1.000000
-0.256858 0.462782 -0.186973 -0.349647 -0.264898 -0.898652 255 255 255 1.000000
0.392457 -0.396690 -0.157740 -0.388630 0.417053 -0.821604 255 255 255 1.000000
-0.334204 -0.272300 0.184385 -0.327877 0.743091 0.583364 255 255 255 1.000000
-0.384046 -0.326085 -0.112506 -0.626377 0.493513 -0.603404 255 255 255 1.000000
0.175316 0.122993 -0.140794 0.103899 -0.804327 0.585033 255 255 255 1.000000
-0.170119 0.261736 -0.159739 0.226743 0.213795 0.950200 255 255 255 1.000000
0.286933 -0.165604 0.042044 0.034950 -0.981310 -0.189234 255 255 255 1.000000
-0.009834 0.036610 -0.176138 -0.023890 0.215801 -0.976145 255 255 255 1.000000
-0.409046 -0.433741 -0.196777 0.992124 -0.120965 0.032524 255 255 255 1.000000
-0.233737 -0.042538 -0.161471 0.051205 -0.486424 0.872221 255 255 255 1.000000
-0.020695 0.346457 -0.201516 -0.033495 -0.234812 -0.971464 255 255 255 1.000000
-0.261408 0.300805 -0.141961 -0.297084 -0.208619 -0.931783 255 255 255 1.000000
0.029619 0.506760 -0.244840 0.022777 -0.197756 -0.979987 255 255 255 1.000000
0.333776 0.327869 -0.143447 -0.673229 0.011222 -0.739349 255 255 255 1.000000
0.373807 -0.035005 0.187705 -0.955853 -0.290808 0.042139 255 255 255 1.000000
-0.309983 0.211083 -0.126035 -0.621548 -0.016140 0.783210 255 255 255 1.000000
0.192042 -0.178773 0.026353 0.000000 0.993665 0.112385 255 255 255 1.000000
-0.419910 -0.382455 -0.161045 0.707821 0.359087 -0.608314 255 255 255 1.000000
0.428945 -0.676546 -0.289568 -0.944477 0.017442 -0.328114 255 255 255 1.000000
-0.405511 -0.232213 -0.066110 0.992808 -0.119618 -0.004844 255 255 255 1.000000
-0.227279 0.257873 -0.143121 0.270677 0.206966 0.940159 255 255 255 1.000000
-0.365231 -0.175789 0.043328 0.000000 0.863863 -0.503726 255 255 255 1.000000
-0.180540 0.097234 -0.142571 -0.036446 -0.908462 0.416376 255 255 255 1.000000
0.121986 -0.043394 0.145996 0.072239 -0.996975 0.028661 255 255 255 1.000000
0.129183 -0.034217 0.357595 0.063104 -0.995232 -0.074373 255 255 255 1.000000
0.301880 -0.018064 0.234467 -0.497953 -0.822154 0.275872 255 255 255 1.000000
0.418416 -0.436637 -0.210211 0.930862 0.220019 -0.291699 255 255 255 1.000000
0.260959 -0.127600 0.016666 0.000000 0.885797 -0.464072 255 255 255 1.000000
-0.276580 0.105471 -0.123997 -0.209278 -0.287536 0.934626 255 255 255 1.000000
0.317053 0.289484 -0.149918 -0.725767 0.092522 0.681690 255 255 255 1.000000
0.281368 0.621646 -0.222435 -0.267756 0.248982 0.930760 255 255 255 1.000000
-0.395138 -0.475724 -0.241867 -0.615266 -0.334263 0.713944 255 255 255 1.000000
-0.371685 -0.018055 0.199092 -0.678240 0.734838 0.002002 255 255 255 1.000000
-0.425055 -0.433757 -0.214221 -0.883130 0.270096 -0.383575 255 255 255 1.000000
-0.086436 -0.046931 0.123860 0.511952 -0.612934 0.601844 255 255 255 1.000000
0.264476 -0.028836 0.404042 -0.089590 0.959881 0.265711 255 255 255 1.000000
0.275783 -0.027388 0.130731 -0.165102 -0.975019 0.148588 255 255 255 1.000000
-0.104503 0.306066 -0.184114 0.153026 0.229763 0.961141 255 255 255 1.000000
-0.202153 -0.040777 0.076600 -0.023969 -0.976865 0.212509 255 255 255 1.000000
-0.089085 -0.174786 0.014455 0.000000 -0.837528 -0.546395 255 255 255 1.000000
-0.126768 -0.091899 -0.187380 0.175828 0.416099 0.892158 255 255 255 1.000000
-0.265687 -0.120873 -0.152050 -0.334938 0.396832 0.854600 255 255 255 1.000000
-0.166244 0.382023 -0.192284 0.229904 0.254863 0.939249 255 255 255 1.000000
0.042046 -0.126801 0.039137 0.000000 -0.932182 -0.361991 255 255 255 1.000000
-0.295111 -0.016749 0.348149 0.126978 0.987597 0.092347 255 255 255 1.000000
-0.397360 -0.739733 -0.232552 -0.057143 -0.835052 0.547195 255 255 255 1.000000
-0.338538 -0.150399 0.064534 0.232180 0.836033 0.497133 255 255 255 1.000000
0.321634 -0.144360 0.055075 0.000000 0.281317 0.959615 255 255 255 1.000000
-0.029443 -0.044553 0.205076 0.173329 -0.967399 0.184653 255 255 255 1.000000
0.170057 0.637526 -0.250377 0.158327 -0.183678 -0.970152 255 255 255 1.000000
-0.177091 0.349482 -0.179994 -0.245615 -0.251538 -0.936164 255 255 255 1.000000
0.230428 -0.028501 0.236135 -0.125657 0.991898 -0.018670 255 255 255 1.000000
0.351972 -0.035236 0.430449 0.711013 0.461697 0.530374 255 255 255 1.000000
0.356509 -0.750899 0.552117 -0.028738 0.894157 -0.446830 255 255 255 1.000000
0.119880 -0.178845 0.032166 0.000000 0.994751 -0.102325 255 255 255 1.000000
0.143662 0.334566 -0.184013 0.206021 -0.246128 -0.947088 255 255 255 1.000000
0.068306 -0.089001 0.461988 -0.012585 -0.287034 -0.957838 255 255 255 1.000000
-0.284299 -0.098971 -0.053216 0.176838 0.946187 0.271033 255 255 255 1.000000
0.164151 -0.147844 0.002777 0.000000 0.150226 -0.988652 255 255 255 1.000000
-0.005073 -0.045071 0.195492 0.018039 -0.999806 0.007952 255 255 255 1.000000
0.295973 -0.080232 0.450239 0.612501 0.523551 -0.592230 255 255 255 1.000000
-0.247503 0.751919 -0.289294 0.107778 0.875972 0.470167 255 255 255 1.000000
0.321931 0.224822 -0.144057 -0.880699 0.118965 -0.458494 255 255 255 1.000000
-0.022016 -0.057519 0.439824 -0.003204 -0.858748 -0.512388 255 255 255 1.000000
0.309278 -0.755134 0.543631 -0.051277 -0.971375 0.231950 255 255 255 1.000000
0.186648 -0.130128 0.443452 -0.127729 0.907671 -0.399774 255 255 255 1.000000
0.330222 0.708166 -0.238856 -0.003683 0.343174 0.939265 255 255 255 1.000000
0.058654 -0.091142 -0.192674 -0.068500 0.181414 0.981018 255 255 255 1.000000
-0.294899 -0.021657 0.201896 0.015943 0.632138 -0.774692 255 255 255 1.000000
-0.306134 0.426437 -0.154542 0.375154 0.242368 0.894716 255 255 255 1.000000
0.252327 0.004074 -0.209919 -0.078191 -0.134888 0.987771 255 255 255 1.000000
0.385639 -0.559861 -0.271050 -0.904726 0.121633 -0.408260 255 255 255 1.000000
0.450029 -0.723380 -0.295038 -0.999949 0.010117 0.000633 255 255 255 1.000000
-0.302288 -0.043312 0.436855 -0.033804 -0.724481 -0.688465 255 255 255 1.000000
0.343263 0.546877 -0.198790 -0.976585 -0.037673 -0.211809 255 255 255 1.000000
0.022179 0.624373 -0.261759 -0.029150 0.211676 0.976905 255 255 255 1.000000
-0.117389 0.327148 -0.187430 0.166999 0.243300 0.955467 255 255 255 1.000000
-0.145568 0.601690 -0.252131 -0.132313 -0.227812 -0.964673 255 255 255 1.000000
-0.320099 -0.017019 -0.121016 -0.249294 -0.856233 -0.452458 255 255 255 1.000000
0.117129 -0.103268 -0.181623 -0.294007 0.951193 0.093764 255 255 255 1.000000
0.227667 -0.044909 -0.166434 -0.020020 -0.604468 0.796378 255 255 255 1.000000
0.165668 -0.030584 0.335296 0.091448 -0.995738 -0.011952 255 255 255 1.000000
-0.076877 -0.088373 0.462906 0.009170 -0.346730 -0.937920 255 255 255 1.000000
0.297193 -0.705618 0.570996 -0.140802 0.661717 0.736414 255 255 255 1.000000
0.276090 0.412140 -0.193397 -0.956556 0.109009 -0.270404 255 255 255 1.000000
-0.115790 0.159352 -0.153417 0.066646 0.882460 0.465643 255 255 255 1.000000
0.112054 0.747923 -0.319902 -0.060036 0.913873 0.401537 255 255 255 1.000000
-0.025120 0.642111 -0.264232 -0.009183 -0.198728 -0.980012 255 255 255 1.000000
-0.257528 0.172557 -0.186481 0.159539 -0.071963 0.984565 255 255 255 1.000000
-0.147952 0.014796 -0.158017 0.211452 -0.411118 0.886719 255 255 255 1.000000
0.295869 0.490660 -0.215345 -0.096839 0.184016 0.978141 255 255 255 1.000000
0.080012 0.631596 -0.259707 -0.079314 0.205086 0.975525 255 255 255 1.000000
0.339458 -0.018629 0.064252 -0.171246 0.985149 0.012462 255 255 255 1.000000
0.348272 -0.020954 0.000734 0.424712 0.905170 -0.016943 255 255 255 1.000000
-0.185469 -0.029782 -0.154361 0.178630 -0.115801 0.977078 255 255 255 1.000000
0.094197 0.522348 -0.243288 -0.102802 0.203224 0.973721 255 255 255 1.000000
0.176020 -0.046328 -0.058913 -0.121386 0.992251 -0.026525 255 255 255 1.000000
0.264137 0.384366 -0.159893 0.328154 -0.240051 -0.913614 255 255 255 1.000000
-0.052398 0.229684 -0.175617 0.091588 0.182814 0.978872 255 255 255 1.000000
-0.354096 -0.018232 -0.053623 0.287837 -0.957679 0.001129 255 255 255 1.000000
-0.005271 -0.125213 0.033210 0.000000 0.989923 0.141609 255 255 255 1.000000
0.327995 -0.071369 0.447249 -0.859777 -0.502785 0.089390 255 255 255 1.000000
-0.139935 -0.049565 -0.148472 -0.161726 -0.807282 -0.567575 255 255 255 1.000000
0.175678 0.691722 -0.262598 -0.147424 0.275940 0.949802 255 255 255 1.000000
0.340232 -0.168263 0.050855 0.000000 -0.606633 0.794982 255 255 255 1.000000
-0.322732 -0.569323 0.449823 -0.849893 0.264118 0.455987 255 255 255 1.000000
0.122392 -0.083682 -0.186424 0.135278 -0.232466 -0.963151 255 255 255 1.000000
-0.358293 -0.190155 0.115670 -0.839053 0.453760 0.300153 255 255 255 1.000000
-0.321112 0.290558 -0.131229 0.440623 -0.045632 -0.896532 255 255 255 1.000000
-0.124367 0.566155 -0.247597 0.130593 0.213877 0.968092 255 255 255 1.000000
0.268840 0.090594 -0.126371 0.061951 0.991712 0.112558 255 255 255 1.000000
-0.208412 0.382859 -0.181437 -0.290985 -0.258948 -0.921018 255 255 255 1.000000
0.383198 -0.275025 -0.068292 -0.147199 0.622889 -0.768337 255 255 255 1.000000
0.174992 0.748483 -0.309594 0.110308 -0.894327 -0.433603 255 255 255 1.000000
-0.391251 -0.698907 -0.221646 -0.008467 -0.971147 -0.238332 255 255 255 1.000000
-0.017168 0.378951 -0.209514 -0.028185 -0.237002 -0.971100 255 255 255 1.000000
0.142218 0.711433 -0.274744 -0.105363 0.290161 0.951160 255 255 255 1.000000
0.248131 0.026762 -0.161031 0.042384 0.103176 -0.993760 255 255 255 1.000000
-0.015148 -0.046111 0.177856 -0.015482 0.999817 -0.011249 255 255 255 1.000000
-0.397322 -0.126800 0.019650 0.000000 0.932195 -0.361957 255 255 255 1.000000
0.250102 -0.176555 0.018082 0.000000 -0.908970 -0.416863 255 255 255 1.000000
0.306305 0.650566 -0.223028 0.248864 -0.273597 -0.929092 255 255 255 1.000000
-0.264882 0.086154 -0.152770 0.168780 0.022310 0.985401 255 255 255 1.000000
-0.037871 0.694275 -0.277478 -0.030390 -0.270890 -0.962131 255 255 255 1.000000
0.303099 -0.068271 -0.167936 0.601990 -0.446735 0.661843 255 255 255 1.000000
-0.316405 0.322972 -0.133296 -0.179815 0.119115 0.976462 255 255 255 1.000000
0.266411 0.337871 -0.147591 -0.305741 0.219592 0.926446 255 255 255 1.000000
-0.361417 0.496767 -0.178702 -0.943196 -0.005669 0.332189 255 255 255 1.000000
0.082013 0.725968 -0.291072 -0.077710 0.605025 0.792405 255 255 255 1.000000
-0.294087 0.297636 -0.178980 -0.427123 -0.120041 -0.896190 255 255 255 1.000000
0.309642 0.721429 -0.247783 -0.173938 0.316594 0.932477 255 255 255 1.000000
0.427998 -0.622415 -0.296562 0.880285 0.214448 -0.423214 255 255 255 1.000000
0.405188 -0.446818 -0.209044 -0.985891 -0.144373 0.084708 255 255 255 1.000000
-0.083786 -0.138464 0.053496 0.000000 0.486585 0.873633 255 255 255 1.000000
0.279551 -0.026376 -0.089186 0.204409 -0.977623 -0.049708 255 255 255 1.000000
-0.043645 0.484733 -0.238814 0.056065 0.221115 0.973635 255 255 255 1.000000
-0.212461 -0.026461 -0.148921 0.159189 -0.128654 0.978829 255 255 255 1.000000
0.053185 0.123450 -0.165218 0.393608 -0.531304 -0.750192 255 255 255 1.000000
0.160066 -0.047339 -0.083327 0.123905 -0.992202 -0.013510 255 255 255 1.000000
-0.376161 -0.734223 0.566450 -0.116358 -0.575241 0.809666 255 255 255 1.000000
0.067186 -0.141141 0.004573 0.000000 0.397342 -0.917671 255 255 255 1.000000
-0.023547 0.062955 -0.172864 -0.064794 0.263987 -0.962348 255 255 255 1.000000
-0.127350 0.412762 -0.209898 -0.167868 -0.238985 -0.956403 255 255 255 1.000000
-0.304442 0.380831 -0.193278 0.390668 0.168525 0.904974 255 255 255 1.000000
-0.232753 0.209888 -0.132127 -0.262196 -0.192176 -0.945686 255 255 255 1.000000
-0.278980 -0.118778 0.035180 0.239291 0.949627 0.202355 255 255 255 1.000000
0.035554 -0.056911 -0.066909 0.052220 -0.997864 0.039256 255 255 255 1.000000
0.383579 -0.329336 -0.159926 0.463629 -0.485491 0.741179 255 255 255 1.000000
0.284318 -0.019789 0.259196 -0.099093 -0.985324 0.138989 255 255 255 1.000000
0.297097 -0.694978 0.517904 -0.996286 0.056568 -0.064919 255 255 255 1.000000
0.163896 -0.176217 0.041965 0.000000 0.888381 -0.459106 255 255 255 1.000000
0.028364 0.736627 -0.303106 -0.023426 0.798074 0.602103 255 255 255 1.000000
0.328459 -0.020938 0.037676 0.204702 -0.978471 -0.026314 255 255 255 1.000000
-0.286332 0.607595 -0.217640 -0.293369 -0.262871 -0.919148 255 255 255 1.000000
0.364536 -0.680659 0.539197 0.065136 0.995920 -0.062448 255 255 255 1.000000
-0.213175 0.219567 -0.139466 0.260230 0.197918 0.945044 255 255 255 1.000000
0.211735 -0.038833 0.028721 0.122547 -0.992219 0.021988 255 255 255 1.000000
0.300202 -0.133634 -0.056366 -0.540723 0.695954 -0.472511 255 255 255 1.000000
-0.260207 0.562235 -0.215192 -0.329102 -0.251654 -0.910144 255 255 255 1.000000
-0.038730 0.364586 -0.205528 -0.054833 -0.242161 -0.968685 255 255 255 1.000000
0.214024 -0.067531 -0.172956 0.207022 -0.306125 -0.929209 255 255 255 1.000000
0.226273 0.583425 -0.229510 0.251537 -0.207027 -0.945446 255 255 255 1.000000
0.142943 -0.048548 -0.134401 -0.132398 0.991003 0.019569 255 255 255 1.000000
-0.170433 0.332189 -0.176995 -0.232976 -0.246017 -0.940850 255 255 255 1.000000
-0.174452 -0.075072 0.456425 -0.003931 0.461501 0.887131 255 255 255 1.000000
-0.155192 -0.138714 0.053563 0.000000 -0.478589 -0.878039 255 255 255 1.000000
0.385258 -0.296267 -0.085999 -0.105158 0.615369 -0.781193 255 255 255 1.000000
-0.003236 -0.093943 0.463069 0.000525 0.027932 0.999610 255 255 255 1.000000
0.333587 -0.378197 0.299021 -0.999221 0.038454 -0.008834 255 255 255 1.000000
-0.151058 -0.048857 -0.081690 -0.110561 -0.993852 -0.005938 255 255 255 1.000000
-0.234158 0.183762 -0.160810 -0.984375 -0.174079 -0.026506 255 255 255 1.000000
-0.241978 -0.123986 0.433864 0.155844 0.939419 -0.305294 255 255 255 1.000000
-0.101089 -0.086773 -0.191019 0.096990 0.215212 0.971739 255 255 255 1.000000
-0.312331 -0.072976 -0.182005 0.771712 0.098058 -0.628367 255 255 255 1.000000
0.039663 0.060978 -0.171359 -0.561764 0.819565 0.112848 255 255 255 1.000000
0.286909 0.446047 -0.166598 -0.362350 0.255778 0.896259 255 255 255 1.000000
0.001552 0.663556 -0.268342 -0.012254 0.222526 0.974850 255 255 255 1.000000
-0.238852 0.314237 -0.153229 -0.299766 -0.223771 -0.927398 255 255 255 1.000000
0.281167 0.756354 -0.281704 0.174704 -0.846195 -0.503422 255 255 255 1.000000
-0.169884 -0.041241 0.125887 -0.029543 -0.987441 0.155198 255 255 255 1.000000
0.417954 -0.695792 -0.225544 -0.010718 -0.956945 0.290073 255 255 255 1.000000
-0.314351 -0.025355 0.063415 -0.162563 -0.975498 -0.148248 255 255 255 1.000000
0.240382 0.602148 -0.230175 0.250111 -0.213700 -0.944339 255 255 255 1.000000
-0.261118 -0.028624 -0.214373 -0.071959 0.147570 -0.986430 255 255 255 1.000000
0.225530 0.340318 -0.163399 0.303650 -0.239185 -0.922273 255 255 255 1.000000
-0.370559 -0.022487 0.121013 -0.741461 0.670705 -0.019765 255 255 255 1.000000
-0.313373 0.383695 -0.141813 -0.077404 -0.176631 -0.981229 255 255 255 1.000000
-0.049031 -0.052513 0.034850 0.570497 -0.522911 0.633322 255 255 255 1.000000
0.223448 0.201211 -0.131513 0.268912 -0.191940 -0.943846 255 255 255 1.000000
-0.150900 -0.095528 -0.178553 -0.240520 -0.670438 -0.701900 255 255 255 1.000000
-0.378000 -0.298349 -0.099156 0.811337 -0.406310 0.420291 255 255 255 1.000000
-0.417651 -0.350022 -0.154722 -0.952080 0.212764 -0.219715 255 255 255 1.000000
0.352350 -0.016027 0.136577 -0.409322 -0.912389 -0.001605 255 255 255 1.000000
0.271984 -0.108799 -0.175280 0.876245 0.040239 0.480183 255 255 255 1.000000
-0.305545 -0.026567 0.026943 -0.176217 -0.979032 -0.102190 255 255 255 1.000000
0.356247 -0.413100 0.349807 -0.987112 0.088293 0.133466 255 255 255 1.000000
-0.050097 -0.124823 0.027029 0.000000 0.996209 -0.086991 255 255 255 1.000000
-0.288107 0.149678 -0.120100 -0.392062 -0.163296 0.905329 255 255 255 1.000000
0.034222 -0.053034 0.024015 -0.047340 0.998433 -0.029832 255 255 255 1.000000
0.192530 0.368985 -0.181036 -0.267709 0.247887 0.931066 255 255 255 1.000000
0.406062 -0.389502 -0.157067 0.527580 -0.449606 0.720773 255 255 255 1.000000
-0.368046 -0.089554 0.093211 -0.532087 -0.846511 -0.017382 255 255 255 1.000000
-0.129103 -0.035487 0.369779 -0.063323 -0.991460 -0.114004 255 255 255 1.000000
-0.000153 -0.175593 0.043524 0.000000 0.858944 -0.512070 255 255 255 1.000000
0.161155 -0.047754 -0.056331 0.112361 -0.993302 0.026951 255 255 255 1.000000
-0.352956 -0.009737 0.357917 0.135718 0.979218 0.150706 255 255 255 1.000000
-0.284864 -0.152309 -0.018211 0.030936 -0.992631 0.117158 255 255 255 1.000000
-0.363471 -0.422901 0.352634 0.991233 0.058083 0.118672 255 255 255 1.000000
0.324780 -0.538840 0.464327 0.763730 -0.322245 -0.559352 255 255 255 1.000000
-0.252825 0.689225 -0.252682 -0.227956 -0.305316 -0.924564 255 255 255 1.000000
0.225164 -0.100638 -0.150824 0.994996 0.076361 0.064442 255 255 255 1.000000
-0.044452 -0.049989 0.088267 0.489364 -0.684368 0.540521 255 255 255 1.000000
0.119594 -0.034562 0.324791 -0.069427 0.997551 -0.008488 255 255 255 1.000000
0.374897 -0.735436 0.520856 0.999271 -0.011106 -0.036538 255 255 255 1.000000
0.193126 -0.078569 0.456400 -0.025254 -0.307940 -0.951071 255 255 255 1.000000
0.374260 -0.063889 0.228607 -0.947528 0.316530 0.044711 255 255 255 1.000000
-0.133921 -0.034038 0.322284 0.067725 0.997693 -0.004709 255 255 255 1.000000
0.167293 -0.134933 0.050276 0.000000 0.630352 0.776309 255 255 255 1.000000
-0.126426 -0.170428 0.010096 0.000000 -0.692837 -0.721094 255 255 255 1.000000
-0.337206 0.377710 -0.166817 -0.693764 -0.156602 -0.702970 255 255 255 1.000000
0.110184 -0.038064 0.272638 -0.063557 0.997844 -0.016338 255 255 255 1.000000
0.334280 -0.484122 0.433193 0.902496 0.246220 0.353380 255 255 255 1.000000
-0.152872 0.430444 -0.210048 0.200403 0.239536 0.949980 255 255 255 1.000000
0.284877 -0.145326 -0.049453 0.180338 0.937825 -0.296584 255 255 255 1.000000
-0.070543 -0.057037 -0.117609 0.190328 0.981715 -0.003393 255 255 255 1.000000
0.065233 -0.002531 -0.174485 -0.097505 -0.203873 0.974130 255 255 255 1.000000
0.269820 0.419287 -0.166368 -0.347312 0.252342 0.903160 255 255 255 1.000000
0.232356 -0.032769 -0.146925 -0.116289 0.943952 -0.308919 255 255 255 1.000000
-0.161373 -0.081537 0.459111 -0.016675 0.370005 0.928880 255 255 255 1.000000
-0.152368 0.667319 -0.263297 0.113818 0.248876 0.961824 255 255 255 1.000000
0.064438 -0.020334 -0.176010 0.129178 0.129775 -0.983093 255 255 255 1.000000
0.365786 -0.070957 0.003008 0.979544 -0.190033 -0.066183 255 255 255 1.000000
-0.233853 0.134808 -0.147834 -0.993826 0.109748 0.016315 255 255 255 1.000000
-0.280180 -0.123601 -0.146607 -0.143815 0.290331 -0.946058 255 255 255 1.000000
-0.432803 -0.580215 -0.276966 0.892991 -0.216257 0.394715 255 255 255 1.000000
0.274353 0.052780 -0.199857 0.263240 0.140022 -0.954515 255 255 255 1.000000
-0.113211 -0.049810 0.025343 0.489734 -0.573875 0.656374 255 255 255 1.000000
0.022376 -0.041519 0.256246 -0.025671 0.999669 -0.001748 255 255 255 1.000000
0.236846 0.539744 -0.218072 0.300574 -0.238835 -0.923370 255 255 255 1.000000
0.207945 -0.027101 0.319236 -0.116186 0.993216 -0.004700 255 255 255 1.000000
0.356082 -0.299066 0.243104 0.998613 0.026956 0.045233 255 255 255 1.000000
0.143840 0.298897 -0.175191 0.212735 -0.227872 -0.950168 255 255 255 1.000000
-0.366949 -0.721490 0.582227 -0.463404 0.879506 -0.108290 255 255 255 1.000000
0.177243 0.351663 -0.179864 -0.248039 0.247942 0.936484 255 255 255 1.000000
-0.155108 -0.035999 0.249956 0.058178 0.996388 -0.061851 255 255 255 1.000000
-0.357256 -0.670727 0.528275 -0.016657 0.997429 -0.069701 255 255 255 1.000000
-0.130283 -0.042182 0.163118 -0.113112 0.960359 -0.254788 255 255 255 1.000000
0.142100 -0.047326 0.006936 -0.093293 0.995192 -0.029812 255 255 255 1.000000
0.344845 -0.105744 0.420201 0.150768 -0.988538 -0.007907 255 255 255 1.000000
0.318238 0.635131 -0.214435 -0.286850 0.280643 0.915946 255 255 255 1.000000
-0.413749 -0.430621 -0.222484 0.695506 -0.387702 0.604946 255 255 255 1.000000
0.283006 0.077609 -0.127985 -0.650999 -0.051555 -0.757326 255 255 255 1.000000
-0.322295 -0.309863 0.252928 0.999748 -0.022390 0.001400 255 255 255 1.000000
-0.349144 0.679376 -0.228614 0.274732 -0.443799 -0.852974 255 255 255 1.000000
-0.137789 0.046898 -0.157384 0.233004 -0.649634 0.723661 255 255 255 1.000000
0.348461 -0.036705 -0.134039 0.847034 -0.081375 -0.525273 255 255 255 1.000000
-0.322237 -0.345317 0.296917 -0.997534 -0.046910 -0.052202 255 255 255 1.000000
0.371501 -0.726714 -0.232222 -0.998643 -0.048454 0.019074 255 255 255 1.000000
0.017119 -0.003126 -0.178456 -0.039176 0.194927 -0.980035 255 255 255 1.000000
0.029742 -0.093461 -0.194264 -0.040509 0.188596 0.981219 255 255 255 1.000000
0.226906 -0.037470 -0.069633 -0.167826 0.985249 0.033443 255 255 255 1.000000
-0.163178 0.204395 -0.149409 -0.222922 -0.191680 -0.955806 255 255 255 1.000000
0.146842 -0.053166 0.440139 0.017919 -0.678975 -0.733943 255 255 255 1.000000
-0.276847 -0.088391 -0.100431 0.031351 -0.957486 -0.286772 255 255 255 1.000000
-0.359146 -0.616379 0.473423 -0.978931 -0.102551 -0.176572 255 255 255 1.000000
-0.305526 0.477814 -0.213863 -0.230264 -0.186133 -0.955161 255 255 255 1.000000
0.390396 -0.361881 -0.165070 0.982558 0.161983 -0.091336 255 255 255 1.000000
-0.382258 -0.025149 0.309840 0.917825 -0.396945 -0.005664 255 255 255 1.000000
0.011081 -0.054228 0.430043 -0.012333 0.955871 0.293528 255 255 255 1.000000
-0.338446 -0.014778 0.195948 0.066624 0.659609 -0.748651 255 255 255 1.000000
-0.071483 0.011673 -0.172636 0.155855 -0.344952 0.925590 255 255 255 1.000000
0.319243 -0.355380 0.319414 0.922248 -0.272180 -0.274547 255 255 255 1.000000
0.162463 -0.045510 -0.146980 -0.151496 0.988026 0.029223 255 255 255 1.000000
0.395014 -0.395143 -0.174671 -0.992834 -0.118606 0.014611 255 255 255 1.000000
0.353088 -0.236523 0.176939 0.938717 0.276212 0.206199 255 255 255 1.000000
-0.044820 0.243345 -0.179229 0.079740 0.187465 0.979029 255 255 255 1.000000
0.441011 -0.685747 -0.246318 0.112575 0.724733 0.679771 255 255 255 1.000000
-0.264108 -0.022149 0.361741 0.111297 0.985241 0.130049 255 255 255 1.000000
-0.238155 -0.095057 -0.180649 0.853786 -0.413781 -0.315965 255 255 255 1.000000
-0.131653 0.186029 -0.154294 0.198941 0.177242 0.963850 255 255 255 1.000000
0.355733 0.722634 -0.252961 0.722498 0.424822 0.545456 255 255 255 1.000000
0.263881 -0.074849 -0.149997 -0.530377 -0.641778 -0.553914 255 255 255 1.000000
-0.319888 -0.729148 0.499651 -0.019869 0.485606 0.873952 255 255 255 1.000000
-0.387485 -0.341707 -0.123078 0.557052 -0.514563 0.651857 255 255 255 1.000000
-0.046837 0.271351 -0.185042 0.078577 0.200645 0.976508 255 255 255 1.000000
0.303754 -0.015262 -0.179634 0.995938 -0.002633 0.090008 255 255 255 1.000000
-0.239064 -0.027665 0.375390 -0.098643 -0.979173 -0.177453 255 255 255 1.000000
0.275062 0.387427 -0.178134 0.819556 -0.235332 -0.522443 255 255 255 1.000000
-0.117793 -0.052787 -0.131214 -0.105127 -0.994445 -0.005190 255 255 255 1.000000
0.392451 -0.512278 -0.260913 0.575586 -0.321774 0.751773 255 255 255 1.000000
-0.289760 -0.016338 0.319728 0.139982 0.990065 -0.013297 255 255 255 1.000000
-0.093392 0.172409 -0.159856 0.165732 0.149648 0.974750 255 255 255 1.000000
0.339135 -0.190977 0.066752 0.388346 -0.770563 -0.505391 255 255 255 1.000000
-0.371962 -0.022988 0.404290 -0.547881 0.758498 0.352856 255 255 255 1.000000
-0.044322 -0.162839 0.054158 0.000000 0.404461 -0.914555 255 255 255 1.000000
-0.017580 -0.176693 0.040188 0.000000 -0.916912 0.399090 255 255 255 1.000000
-0.323807 -0.022382 0.087914 0.170645 0.972917 0.155925 255 255 255 1.000000
-0.111232 0.730351 -0.291880 0.072632 0.664234 0.743988 255 255 255 1.000000
-0.334002 -0.288026 0.256045 0.658319 0.554896 0.508632 255 255 255 1.000000
-0.097935 0.691359 -0.273877 0.074255 0.274072 0.958838 255 255 255 1.000000
-0.341809 0.395951 -0.148383 0.525536 -0.086973 -0.846314 255 255 255 1.000000
0.253969 -0.131481 -0.110983 -0.661155 -0.086117 -0.745290 255 255 255 1.000000
-0.437956 -0.673128 -0.247182 0.019092 0.731937 0.681105 255 255 255 1.000000
-0.336810 -0.270334 0.236233 0.803343 0.456061 0.382947 255 255 255 1.000000
0.347948 0.675660 -0.228172 -0.654407 -0.424681 -0.625618 255 255 255 1.000000
-0.250777 0.253558 -0.188712 -0.975979 -0.150056 0.157947 255 255 255 1.000000
0.324450 -0.019588 0.392729 -0.105131 0.964600 0.241857 255 255 255 1.000000
0.125150 -0.049330 -0.000994 0.086717 -0.995768 0.030429 255 255 255 1.000000
0.316458 -0.175214 0.014883 0.000000 0.849104 0.528225 255 255 255 1.000000
-0.209205 0.311083 -0.161562 -0.276646 -0.231740 -0.932611 255 255 255 1.000000
0.222950 0.444780 -0.195746 -0.306452 0.251242 0.918131 255 255 255 1.000000
-0.378111 -0.738086 -0.251744 0.998102 -0.060036 0.013725 255 255 255 1.000000
0.376976 -0.059721 0.358179 0.976558 -0.062133 -0.206093 255 255 255 1.000000
0.205795 -0.040796 -0.013858 0.127662 -0.991623 0.019651 255 255 255 1.000000
-0.333378 0.409441 -0.146402 -0.248468 0.151703 0.956687 255 255 255 1.000000
0.039117 0.459254 -0.231725 -0.037398 0.209655 0.977060 255 255 255 1.000000
0.036637 -0.079457 -0.194369 0.020569 0.308294 -0.951069 255 255 255 1.000000
0.144329 -0.032919 0.315525 0.082348 -0.996569 0.008284 255 255 255 1.000000
-0.033682 0.730352 -0.298671 -0.015154 -0.701596 -0.712414 255 255 255 1.000000
-0.032162 -0.053739 0.015588 -0.353666 0.848776 -0.393063 255 255 255 1.000000
0.385743 -0.225264 -0.023063 -0.493831 0.557677 -0.667179 255 255 255 1.000000
-0.239449 0.237584 -0.135852 -0.268295 -0.200057 -0.942335 255 255 255 1.000000
-0.342009 0.646647 -0.241150 0.507614 0.274648 0.816637 255 255 255 1.000000
0.158339 0.467430 -0.219293 0.206601 -0.236557 -0.949398 255 255 255 1.000000
0.069412 0.281694 -0.184142 0.115647 -0.215260 -0.969685 255 255 255 1.000000
0.031374 -0.051809 0.049393 -0.044179 0.998675 -0.026376 255 255 255 1.000000
0.181045 -0.045000 -0.072473 -0.134722 0.990728 0.017562 255 255 255 1.000000
-0.339865 0.407346 -0.174560 0.669853 0.178418 0.720739 255 255 255 1.000000
0.253120 0.235937 -0.185155 -0.207823 0.027037 0.977793 255 255 255 1.000000
0.268205 0.367406 -0.193714 -0.955744 0.148589 -0.253918 255 255 255 1.000000
0.285955 -0.132550 -0.107020 0.321580 0.748044 -0.580531 255 255 255 1.000000
-0.267240 0.541202 -0.206932 0.354403 0.260070 0.898199 255 255 255 1.000000
0.159790 0.592960 -0.245273 0.166819 -0.191979 -0.967117 255 255 255 1.000000
-0.270387 0.197319 -0.182715 0.257209 -0.025827 0.966011 255 255 255 1.000000
-0.371881 -0.071477 -0.011762 -0.977291 -0.200616 -0.068230 255 255 255 1.000000
0.096359 0.068483 -0.162691 0.118572 0.243529 -0.962618 255 255 255 1.000000
-0.226737 0.635497 -0.243507 -0.222610 -0.248330 -0.942750 255 255 255 1.000000
-0.146685 0.577535 -0.247792 0.145607 0.224423 0.963552 255 255 255 1.000000
0.410196 -0.629858 -0.268969 -0.052795 -0.346330 0.936626 255 255 255 1.000000
0.282841 -0.096969 -0.060825 0.098378 -0.828383 -0.551455 255 255 255 1.000000
0.162134 0.204469 -0.148764 0.239236 -0.196964 -0.950774 255 255 255 1.000000
-0.290676 -0.111882 0.442727 0.215293 0.769217 -0.601626 255 255 255 1.000000
0.284707 -0.029248 -0.169043 0.132785 -0.228487 0.964449 255 255 255 1.000000
0.318487 -0.309787 0.271341 -0.892868 0.325809 0.310863 255 255 255 1.000000
0.045637 -0.040196 0.273007 0.036019 -0.999341 0.004485 255 255 255 1.000000
-0.330221 -0.712161 0.489007 0.179042 -0.957562 0.225874 255 255 255 1.000000
0.313846 -0.090242 0.448761 0.922031 0.331662 -0.199648 255 255 255 1.000000
0.376627 -0.064455 0.395508 -0.725832 0.064527 0.684839 255 255 255 1.000000
-0.277148 -0.178131 0.023959 0.000000 -0.979221 -0.202795 255 255 255 1.000000
0.051572 0.616676 -0.260163 -0.053381 0.215273 0.975094 255 255 255 1.000000
-0.184162 0.745681 -0.301503 -0.139463 -0.830734 -0.538916 255 255 255 1.000000
-0.161092 0.275945 -0.165621 -0.217794 -0.221199 -0.950598 255 255 255 1.000000
-0.407459 -0.572136 -0.288116 -0.307254 -0.340176 0.888749 255 255 255 1.000000
0.191906 -0.038557 0.125655 -0.102387 0.994193 -0.033136 255 255 255 1.000000
-0.253065 -0.026971 0.224278 -0.070389 -0.972238 0.223158 255 255 255 1.000000
-0.368971 -0.041827 -0.050155 -0.997815 -0.014271 -0.064514 255 255 255 1.000000
0.360453 -0.238057 -0.061227 0.967406 -0.102488 0.231565 255 255 255 1.000000
-0.196481 -0.097868 0.458014 -0.090437 -0.121971 0.988405 255 255 255 1.000000
-0.237253 0.201857 -0.178983 0.990596 0.118445 -0.068488 255 255 255 1.000000
-0.299895 0.505482 -0.217473 0.077746 0.190492 0.978605 255 255 255 1.000000
-0.035503 -0.055024 -0.011952 0.424752 -0.771678 0.473392 255 255 255 1.000000
-0.207063 -0.041565 0.044715 0.005751 -0.960024 0.279859 255 255 255 1.000000
0.285522 0.209485 -0.118300 -0.056604 -0.118174 -0.991378 255 255 255 1.000000
0.295963 -0.721732 0.514482 -0.999050 0.005845 -0.043186 255 255 255 1.000000
-0.308958 -0.076440 -0.160649 0.589297 -0.204151 -0.781697 255 255 255 1.000000
-0.205088 0.724870 -0.274252 -0.139759 -0.503221 -0.852781 255 255 255 1.000000
-0.404152 -0.247285 -0.054033 -0.646593 -0.466072 0.603900 255 255 255 1.000000
0.133415 -0.048932 -0.020215 0.094308 -0.995163 0.027493 255 255 255 1.000000
-0.039966 0.461184 -0.232283 0.053304 0.224219 0.973080 255 255 255 1.000000
0.081143 0.166499 -0.159250 -0.155700 0.124681 0.979904 255 255 255 1.000000
-0.144074 0.341854 -0.186398 -0.200650 -0.253633 -0.946261 255 255 255 1.000000
0.388250 -0.748113 -0.244789 -0.094768 -0.880677 0.464141 255 255 255 1.000000
-0.312595 -0.013653 0.301742 0.146960 0.988899 -0.021960 255 255 255 1.000000
-0.246263 0.234695 -0.187865 0.983092 0.132619 -0.126264 255 255 255 1.000000
0.367681 -0.158286 0.055378 0.000000 -0.239093 0.970997 255 255 255 1.000000
0.293670 -0.136031 -0.076251 0.922510 -0.176476 -0.343266 255 255 255 1.000000
0.280290 -0.153465 -0.012915 0.033504 0.995414 -0.089605 255 255 255 1.000000
-0.253892 0.271597 -0.137806 -0.283181 -0.202264 -0.937495 255 255 255 1.000000
-0.380570 -0.707178 0.503565 -0.996008 0.048716 -0.074801 255 255 255 1.000000
-0.349297 0.714689 -0.256034 0.910104 0.127620 0.394239 255 255 255 1.000000
0.013516 0.422460 -0.221548 -0.007613 0.222310 0.974946 255 255 255 1.000000
-0.394626 -0.179008 0.027228 0.000000 0.996829 0.079579 255 255 255 1.000000
-0.071294 0.648004 -0.263947 0.049990 0.198063 0.978914 255 255 255 1.000000
-0.250029 0.363536 -0.160949 -0.327281 -0.239392 -0.914100 255 255 255 1.000000
0.311473 0.747162 -0.260766 0.217713 -0.668047 -0.711557 255 255 255 1.000000
0.373348 -0.356190 -0.148695 0.960934 0.185405 -0.205501 255 255 255 1.000000
0.010081 0.339834 -0.200004 0.006105 -0.231880 -0.972725 255 255 255 1.000000
-0.294116 0.115070 -0.148748 -0.049742 0.091366 -0.994574 255 255 255 1.000000
0.088565 -0.055289 -0.113812 0.084151 -0.996452 0.001533 255 255 255 1.000000
-0.368099 0.706921 -0.267996 -0.999858 -0.008702 0.014431 255 255 255 1.000000
-0.271912 0.655609 -0.235826 -0.238989 -0.287358 -0.927529 255 255 255 1.000000
0.148911 -0.043625 0.100695 -0.081045 0.995985 -0.038027 255 255 255 1.000000
-0.361188 -0.277477 0.224303 -0.937455 0.251551 0.240625 255 255 255 1.000000
0.095610 0.107507 -0.159722 -0.181515 0.867940 -0.462312 255 255 255 1.000000
0.290431 -0.025766 0.106237 0.034970 0.995349 -0.089765 255 255 255 1.000000
0.245686 -0.038530 -0.214240 0.582292 -0.121841 0.803798 255 255 255 1.000000
-0.241801 0.214095 -0.150477 0.925656 0.245393 0.287999 255 255 255 1.000000
0.257927 -0.031463 0.107649 -0.090135 0.994645 -0.050571 255 255 255 1.000000
-0.095483 0.448670 -0.223478 0.125025 0.231762 0.964705 255 255 255 1.000000
0.284106 0.146175 -0.120212 -0.566222 -0.384334 -0.729164 255 255 255 1.000000
0.002744 -0.067151 0.453538 -0.003227 -0.620633 -0.784095 255 255 255 1.000000
-0.322626 0.244555 -0.134737 0.810125 0.069273 -0.582151 255 255 255 1.000000
-0.313213 0.673741 -0.261236 -0.206626 -0.329309 -0.921337 255 255 255 1.000000
0.299583 -0.043484 -0.178867 0.553172 0.218189 0.803987 255 255 255 1.000000
0.120385 0.495531 -0.234600 -0.141973 0.219023 0.965335 255 255 255 1.000000
0.093063 -0.054341 -0.045888 0.070560 -0.997096 0.028660 255 255 255 1.000000
0.341496 0.723784 -0.263874 0.943516 -0.110272 -0.312439 255 255 255 1.000000
0.118541 0.370722 -0.198971 -0.163634 0.245155 0.955575 255 255 255 1.000000
0.104376 -0.036353 0.370789 -0.045680 0.992676 0.111836 255 255 255 1.000000
-0.255411 0.067003 -0.132372 0.209383 0.548734 -0.809352 255 255 255 1.000000
0.330591 -0.212333 0.095224 -0.272155 0.792408 0.545914 255 255 255 1.000000
-0.181264 0.379576 -0.187585 -0.253713 -0.260022 -0.931675 255 255 255 1.000000
0.065957 0.379297 -0.207529 -0.082098 0.238207 0.967738 255 255 255 1.000000
-0.291597 0.584420 -0.207399 -0.328403 -0.259042 -0.908322 255 255 255 1.000000
0.370024 -0.016080 0.296445 0.781065 0.624175 0.018504 255 255 255 1.000000
0.055554 0.144257 -0.163370 -0.374140 0.522409 0.766230 255 255 255 1.000000
-0.331162 -0.694879 0.494928 0.021434 -0.752868 0.657822 255 255 255 1.000000
0.022158 0.152209 -0.166595 -0.295406 0.863522 -0.408736 255 255 255 1.000000
0.261201 -0.049018 -0.212604 -0.823289 -0.180223 0.538252 255 255 255 1.000000
-0.313019 0.602386 -0.205876 -0.316826 -0.279622 -0.906329 255 255 255 1.000000
-0.456655 -0.708200 -0.287040 0.997621 -0.059187 0.035346 255 255 255 1.000000
0.307511 0.566821 -0.227885 0.167446 -0.219861 -0.961053 255 255 255 1.000000
-0.356398 0.484174 -0.169553 -0.829559 0.048068 0.556346 255 255 255 1.000000
0.352903 -0.634759 0.483343 -0.703024 0.341296 0.623919 255 255 255 1.000000
-0.368388 0.649558 -0.239978 0.999792 0.002421 -0.020255 255 255 255 1.000000
0.069017 0.669342 -0.267744 0.066379 -0.242422 -0.967898 255 255 255 1.000000
0.039056 -0.131625 0.011819 0.000000 0.755484 -0.655167 255 255 255 1.000000
-0.294275 -0.149952 -0.028514 -0.156755 0.973405 -0.167065 255 255 255 1.000000
0.355467 -0.447734 0.388895 0.955512 0.179892 0.233743 255 255 255 1.000000
0.215046 -0.033172 0.401835 0.078548 -0.964609 -0.251715 255 255 255 1.000000
0.278820 0.029886 -0.201855 -0.268122 -0.155851 0.950695 255 255 255 1.000000
0.325526 -0.681591 0.564169 0.016734 0.864262 0.502763 255 255 255 1.000000
-0.455755 -0.716500 -0.242244 -0.999420 -0.027731 0.019773 255 255 255 1.000000
-0.263309 -0.032230 -0.072766 -0.236051 -0.913057 -0.332576 255 255 255 1.000000
0.296442 -0.737213 0.515091 0.998753 0.025102 0.043163 255 255 255 1.000000
0.348115 -0.511919 0.409720 0.612534 -0.428631 -0.664137 255 255 255 1.000000
-0.110353 -0.035429 0.334153 -0.051313 -0.998679 -0.002512 255 255 255 1.000000
-0.041002 -0.175937 0.015778 0.000000 0.870208 0.492685 255 255 255 1.000000
-0.350366 0.584503 -0.211223 0.971448 -0.053791 -0.231075 255 255 255 1.000000
0.260655 -0.025021 0.228405 -0.138950 0.989534 -0.038931 255 255 255 1.000000
-0.285672 0.652795 -0.230660 -0.253415 -0.293753 -0.921678 255 255 255 1.000000
0.293780 -0.080985 -0.198089 -0.802187 0.199976 0.562589 255 255 255 1.000000
-0.099628 -0.112811 0.462654 0.045015 0.202196 -0.978310 255 255 255 1.000000
-0.143036 0.545864 -0.243127 0.155411 0.219799 0.963086 255 255 255 1.000000
-0.349216 -0.016248 0.098058 -0.044875 0.998758 -0.021658 255 255 255 1.000000
-0.303600 -0.023863 -0.065938 0.221851 0.961826 0.160227 255 255 255 1.000000
-0.340150 -0.421387 0.337052 -0.595540 -0.514475 -0.616966 255 255 255 1.000000
0.369095 0.700414 -0.267554 0.921142 0.154872 0.357090 255 255 255 1.000000
0.324010 -0.374062 0.341115 0.996094 -0.068676 -0.055494 255 255 255 1.000000
-0.199123 0.524635 -0.225781 0.272037 0.239665 0.931964 255 255 255 1.000000
0.291104 0.280869 -0.171779 -0.514740 0.101369 0.851333 255 255 255 1.000000
0.310157 0.204327 -0.128069 0.729609 -0.062851 0.680970 255 255 255 1.000000
-0.251996 0.255598 -0.155278 -0.877025 -0.261799 -0.402851 255 255 255 1.000000
0.316973 0.733528 -0.251444 0.568565 0.514045 0.642255 255 255 255 1.000000
-0.043088 0.434860 -0.224992 0.057876 0.229540 0.971577 255 255 255 1.000000
0.229432 -0.137123 -0.046266 -0.796933 -0.569257 -0.202102 255 255 255 1.000000
-0.419070 -0.483464 -0.231372 -0.981699 0.152518 -0.114041 255 255 255 1.000000
-0.324943 -0.108663 0.437476 -0.254432 -0.830303 0.495844 255 255 255 1.000000
0.274997 0.550106 -0.206019 -0.343307 0.264907 0.901091 255 255 255 1.000000
0.333765 0.565681 -0.217371 -0.592212 0.227596 0.772972 255 255 255 1.000000
0.150363 -0.130307 0.045649 0.000000 0.798785 0.601617 255 255 255 1.000000
0.256237 -0.135136 0.050480 0.000000 0.622052 0.782976 255 255 255 1.000000
-0.216373 -0.091301 0.456256 0.109129 0.075321 -0.991170 255 255 255 1.000000
-0.079196 -0.152507 0.056927 0.000000 -0.022448 0.999748 255 255 255 1.000000
0.319712 0.675980 -0.228607 -0.205358 0.292372 0.933995 255 255 255 1.000000
-0.369670 -0.084800 0.167021 -0.519320 -0.854443 -0.015310 255 255 255 1.000000
0.060601 -0.057289 -0.125079 -0.335093 0.942118 -0.011218 255 255 255 1.000000
-0.044883 0.739584 -0.309844 -0.033569 -0.821647 -0.569008 255 255 255 1.000000
-0.374678 -0.083416 0.036764 0.956563 0.284080 0.065465 255 255 255 1.000000
0.283493 -0.115832 0.435076 -0.157106 0.957113 -0.243419 255 255 255 1.000000
0.305641 0.505914 -0.176261 -0.380418 0.263627 0.886444 255 255 255 1.000000
-0.117024 0.742136 -0.305607 0.090675 0.819389 0.566021 255 255 255 1.000000
-0.381564 -0.026010 0.280418 0.907914 -0.419131 0.004718 255 255 255 1.000000
-0.183897 -0.036235 0.197835 0.058497 0.992642 -0.106017 255 255 255 1.000000
0.064607 -0.056340 -0.070759 0.313275 -0.949531 0.015814 255 255 255 1.000000
0.312428 -0.750477 0.512467 -0.110894 0.973558 0.199716 255 255 255 1.000000
0.035540 -0.041589 0.249753 -0.032408 0.999465 -0.004496 255 255 255 1.000000
-0.297928 0.675450 -0.235221 -0.257335 -0.312986 -0.914231 255 255 255 1.000000
0.121799 0.320463 -0.185466 0.179907 -0.239671 -0.954040 255 255 255 1.000000
0.261668 -0.119225 -0.155668 -0.205614 -0.283326 -0.936723 255 255 255 1.000000
-0.052503 -0.057872 -0.120358 -0.508560 -0.861019 -0.003551 255 255 255 1.000000
0.015629 -0.054572 -0.000895 -0.042005 0.998511 -0.034809 255 255 255 1.000000
0.274378 -0.026581 0.152356 -0.101382 -0.986612 0.127741 255 255 255 1.000000
0.103668 -0.176301 0.017136 0.000000 0.893672 0.448721 255 255 255 1.000000
-0.358576 -0.426677 0.377725 0.914178 -0.246452 -0.321778 255 255 255 1.000000
-0.327235 -0.204441 0.093126 0.495287 -0.724025 -0.480081 255 255 255 1.000000
-0.279365 -0.029509 0.090110 0.201568 0.919899 0.336386 255 255 255 1.000000
-0.330562 0.474851 -0.162742 0.159105 -0.220646 -0.962289 255 255 255 1.000000
-0.325831 -0.199129 0.122359 -0.818014 -0.470597 -0.330744 255 255 255 1.000000
0.289000 0.112090 -0.183208 -0.374045 -0.134530 0.917601 255 255 255 1.000000
-0.290645 -0.013644 -0.210417 -0.057699 0.229284 -0.971648 255 255 255 1.000000
0.234752 0.223467 -0.171044 -0.985052 0.160909 -0.061489 255 255 255 1.000000
0.253691 -0.146448 -0.044741 0.439972 -0.855225 0.273889 255 255 255 1.000000
0.165888 -0.175735 0.015405 0.000000 0.862540 0.505989 255 255 255 1.000000
-0.392026 -0.162340 0.054292 0.000000 -0.387123 0.922028 255 255 255 1.000000
0.039047 0.694886 -0.276718 0.031555 -0.271696 -0.961866 255 255 255 1.000000
-0.303427 -0.046151 -0.212193 -0.605691 0.064214 -0.793105 255 255 255 1.000000
-0.291914 0.173997 -0.176673 0.441362 -0.079286 0.893819 255 255 255 1.000000
-0.302668 -0.695982 0.540908 0.999297 0.025681 -0.027301 255 255 255 1.000000
-0.006469 -0.158687 0.003515 0.000000 0.254156 0.967163 255 255 255 1.000000
0.075210 -0.037178 0.358213 0.037512 -0.997055 -0.066894 255 255 255 1.000000
0.313283 -0.043107 0.437253 -0.014791 0.603077 0.797546 255 255 255 1.000000
0.043973 0.638357 -0.263555 0.048603 -0.223151 -0.973571 255 255 255 1.000000
0.158728 -0.036213 0.228624 -0.087532 0.995951 -0.020494 255 255 255 1.000000
0.378791 -0.270130 -0.113380 -0.488596 0.517193 -0.702699 255 255 255 1.000000
-0.298355 -0.142558 -0.058275 -0.832466 -0.051098 -0.551715 255 255 255 1.000000
0.303096 -0.024308 0.086188 0.066948 -0.996833 0.042915 255 255 255 1.000000
0.319758 0.348504 -0.168369 -0.661993 0.137351 0.736817 255 255 255 1.000000
0.017451 -0.052112 0.047695 -0.038821 0.998863 -0.027654 255 255 255 1.000000
-0.247474 -0.083066 -0.122914 -0.637735 0.765005 0.089789 255 255 255 1.000000
0.130180 -0.037884 0.243663 0.072746 -0.997149 0.020072 255 255 255 1.000000
-0.111982 -0.040703 0.400757 0.044904 0.972422 0.228866 255 255 255 1.000000
-0.130474 -0.113500 0.461424 -0.061763 -0.236609 0.969640 255 255 255 1.000000
0.017113 -0.038279 0.321530 -0.019525 0.999801 0.004052 255 255 255 1.000000
0.308467 -0.133935 0.009508 0.000000 -0.670171 0.742207 255 255 255 1.000000
-0.101016 -0.042850 0.189935 0.271327 -0.890395 0.365485 255 255 255 1.000000
0.347283 0.691589 -0.233996 -0.697832 -0.451390 -0.556128 255 255 255 1.000000
0.225665 -0.096168 -0.168893 -0.947379 -0.244395 -0.206745 255 255 255 1.000000
-0.368289 -0.056028 -0.062767 0.990979 0.114114 0.070271 255 255 255 1.000000
0.153166 -0.047381 0.017589 -0.085846 0.995276 -0.045342 255 255 255 1.000000
0.337053 -0.416973 0.381766 -0.798889 -0.379857 -0.466354 255 255 255 1.000000
0.301234 -0.016167 -0.151193 0.777477 -0.078380 0.624008 255 255 255 1.000000
-0.300327 0.676658 -0.251981 -0.812112 -0.183020 -0.554056 255 255 255 1.000000
0.341124 -0.558252 0.475311 0.444655 0.445516 0.777044 255 255 255 1.000000
0.262115 0.280608 -0.135480 0.292154 -0.201578 -0.934886 255 255 255 1.000000
-0.343411 0.609297 -0.226028 -0.573798 -0.237224 -0.783889 255 255 255 1.000000
0.027777 0.016294 -0.175994 0.118347 -0.329972 0.936543 255 255 255 1.000000
-0.336772 0.364026 -0.155440 0.986803 0.079886 -0.140847 255 255 255 1.000000
0.202679 -0.101474 0.457590 -0.079067 0.179036 -0.980660 255 255 255 1.000000
-0.220438 0.427395 -0.191261 -0.306525 -0.260976 -0.915387 255 255 255 1.000000
0.448072 -0.697541 -0.295519 0.975015 0.193527 -0.109054 255 255 255 1.000000
-0.405028 -0.259844 -0.066099 0.646174 0.460624 -0.608510 255 255 255 1.000000
-0.429234 -0.613352 -0.299474 0.796562 -0.256237 0.547569 255 255 255 1.000000
0.239879 0.426412 -0.182906 -0.322844 0.250595 0.912674 255 255 255 1.000000
-0.314178 0.177151 -0.140432 -0.722650 -0.129474 0.678979 255 255 255 1.000000
-0.051806 0.714872 -0.284385 0.034067 0.605942 0.794779 255 255 255 1.000000
0.360412 -0.021095 0.404566 0.294217 0.908887 0.295569 255 255 255 1.000000
0.264536 0.359811 -0.179567 -0.917023 0.250621 0.310255 255 255 255 1.000000
-0.340699 -0.378888 0.299481 -0.990177 0.106131 0.091027 255 255 255 1.000000
-0.315762 -0.028406 -0.154414 0.119573 -0.219812 0.968186 255 255 255 1.000000
0.018879 0.741700 -0.314415 0.003771 -0.854352 -0.519680 255 255 255 1.000000
0.354533 -0.351110 0.296106 0.992270 -0.086563 -0.088925 255 255 255 1.000000
0.243930 0.562954 -0.220648 0.290026 -0.227542 -0.929575 255 255 255 1.000000
0.065853 0.463906 -0.231020 0.072424 -0.213905 -0.974166 255 255 255 1.000000
0.249196 -0.031421 0.132788 -0.133333 0.990622 -0.029843 255 255 255 1.000000
0.316331 -0.401472 0.351478 -0.863156 0.320096 0.390513 255 255 255 1.000000
-0.331104 -0.474630 0.382433 -0.729678 0.398190 0.555890 255 255 255 1.000000
0.326902 0.626042 -0.237671 0.430422 -0.265551 -0.862682 255 255 255 1.000000
0.042482 0.340026 -0.199985 0.055796 -0.232531 -0.970987 255 255 255 1.000000
0.327714 0.251354 -0.146825 0.862000 -0.098670 0.497213 255 255 255 1.000000
-0.055650 0.396750 -0.213434 0.075769 0.238049 0.968293 255 255 255 1.000000
-0.432816 -0.639530 -0.306863 0.819072 -0.238658 0.521693 255 255 255 1.000000
-0.060617 -0.057737 -0.147204 0.381230 0.924464 0.005377 255 255 255 1.000000
0.218401 -0.138336 0.053461 0.000000 0.490636 0.871365 255 255 255 1.000000
0.196081 -0.010898 -0.150510 0.246247 0.244661 -0.937818 255 255 255 1.000000
-0.036481 0.336895 -0.199495 -0.055597 -0.230274 -0.971536 255 255 255 1.000000
-0.187278 0.466422 -0.211511 0.248709 0.242520 0.937725 255 255 255 1.000000
0.223965 -0.124172 -0.022759 -0.998071 -0.061643 -0.007414 255 255 255 1.000000
-0.036439 -0.006047 -0.177216 0.059392 -0.138705 0.988551 255 255 255 1.000000
-0.259357 0.314938 -0.146252 -0.303585 -0.215069 -0.928214 255 255 255 1.000000
-0.263043 0.475485 -0.187949 -0.355976 -0.264367 -0.896321 255 255 255 1.000000
-0.262034 0.045795 -0.204015 -0.117962 0.125774 -0.985021 255 255 255 1.000000
-0.111709 -0.129982 0.454837 -0.065762 -0.702817 0.708324 255 255 255 1.000000
-0.405215 -0.292993 -0.089461 -0.592285 -0.476732 0.649557 255 255 255 1.000000
0.053983 -0.037912 0.314320 -0.037786 0.999282 -0.002820 255 255 255 1.000000
-0.243516 0.126172 -0.127248 0.273082 0.747460 -0.605583 255 255 255 1.000000
0.266446 0.089728 -0.195729 0.228020 0.120516 -0.966169 255 255 255 1.000000
-0.253121 -0.031649 -0.148946 -0.138426 0.106781 -0.984599 255 255 255 1.000000
0.321485 -0.173940 0.043627 0.934289 0.303610 0.186881 255 255 255 1.000000
-0.269264 -0.032544 -0.026898 0.174942 0.983614 0.043577 255 255 255 1.000000
-0.278146 0.048298 -0.158035 0.404498 0.489400 -0.772573 255 255 255 1.000000
0.002986 0.724736 -0.296199 -0.016544 0.636369 0.771208 255 255 255 1.000000
-0.158030 -0.108717 0.460225 0.072031 0.206360 -0.975821 255 255 255 1.000000
-0.288503 -0.086040 -0.111868 0.261234 0.890942 0.371455 255 255 255 1.000000
-0.048447 0.103836 -0.167210 0.146763 -0.682276 0.716212 255 255 255 1.000000
-0.337275 -0.314314 0.235922 -0.399150 0.688759 0.605220 255 255 255 1.000000
-0.284440 0.347349 -0.192640 -0.139771 -0.127098 -0.981993 255 255 255 1.000000
-0.179750 0.633800 -0.250753 0.167683 0.233295 0.957839 255 255 255 1.000000
0.303880 -0.151202 0.043874 -0.754693 0.647612 0.105054 255 255 255 1.000000
-0.084010 -0.053931 -0.021742 0.648200 -0.140348 0.748424 255 255 255 1.000000
0.190003 -0.052195 -0.173603 -0.038686 -0.560056 0.827551 255 255 255 1.000000
-0.304677 -0.686684 0.520973 -0.994176 -0.077816 0.074558 255 255 255 1.000000
0.127512 -0.035123 0.300990 -0.072968 0.997267 -0.011574 255 255 255 1.000000
0.313310 0.482118 -0.165657 0.382577 -0.258740 -0.886955 255 255 255 1.000000
0.274671 0.173015 -0.116085 0.491829 -0.852720 0.175994 255 255 255 1.000000
0.282526 0.423731 -0.204222 0.000576 -0.151092 -0.988519 255 255 255 1.000000
-0.247978 -0.050001 -0.170516 0.428421 -0.565680 -0.704600 255 255 255 1.000000
0.123593 -0.087535 0.459897 0.034812 0.034539 0.998797 255 255 255 1.000000
-0.031830 -0.059009 -0.144628 -0.863359 -0.504313 -0.016722 255 255 255 1.000000
0.322856 0.698940 -0.267392 -0.290219 0.328832 0.898690 255 255 255 1.000000
0.382922 -0.335176 -0.121523 -0.966294 -0.242330 0.086908 255 255 255 1.000000
0.026505 -0.177742 0.036280 0.000000 -0.966290 0.257458 255 255 255 1.000000
-0.367052 -0.156707 0.055801 0.000000 -0.179524 0.983754 255 255 255 1.000000
-0.211699 0.037747 -0.142078 0.012003 -0.551368 0.834176 255 255 255 1.000000
-0.088043 0.378533 -0.204491 0.121702 0.244361 0.962017 255 255 255 1.000000
-0.062826 -0.138512 0.432472 0.011017 0.999630 0.024855 255 255 255 1.000000
-0.365102 0.694041 -0.247888 -0.700230 0.440167 0.562077 255 255 255 1.000000
-0.359240 -0.203736 0.136473 -0.833401 0.453829 0.315408 255 255 255 1.000000
-0.382404 -0.035281 0.245789 0.998873 0.040014 0.025530 255 255 255 1.000000
-0.332674 -0.636917 0.512606 0.418715 0.384768 0.822576 255 255 255 1.000000
0.222677 0.511881 -0.215872 0.302643 -0.252460 -0.919060 255 255 255 1.000000
-0.417845 -0.689091 -0.231357 -0.008253 -0.938143 -0.346148 255 255 255 1.000000
0.169146 0.719020 -0.275205 0.183322 -0.563822 -0.805294 255 255 255 1.000000
0.101386 -0.053903 -0.147637 -0.107825 0.994132 0.008671 255 255 255 1.000000
0.125831 0.737115 -0.294582 0.094605 -0.738603 -0.667469 255 255 255 1.000000
-0.381761 -0.733843 0.515505 0.999086 0.010939 0.041331 255 255 255 1.000000
-0.363658 -0.456407 0.380001 0.951723 0.159968 0.261981 255 255 255 1.000000
0.181835 -0.115811 0.457549 -0.088703 0.392632 -0.915408 255 255 255 1.000000
-0.077436 0.526589 -0.245835 0.090050 0.215073 0.972437 255 255 255 1.000000
0.148352 0.654621 -0.258257 0.142784 -0.208057 -0.967639 255 255 255 1.000000
-0.021022 -0.048490 0.127225 0.108713 -0.987236 0.116386 255 255 255 1.000000
-0.351316 -0.317089 0.239825 -0.677790 -0.541009 -0.497906 255 255 255 1.000000
0.215578 0.550412 -0.225957 -0.256369 0.222298 0.940669 255 255 255 1.000000
-0.094577 -0.054755 -0.061396 0.229836 0.964496 0.130084 255 255 255 1.000000
0.001115 0.498850 -0.242678 -0.007880 -0.206900 -0.978330 255 255 255 1.000000
0.210423 0.434489 -0.195955 0.290564 -0.251823 -0.923124 255 255 255 1.000000
-0.350085 -0.094801 0.443073 -0.442585 -0.347108 0.826822 255 255 255 1.000000
0.239782 0.149288 -0.189975 0.081203 0.080422 -0.993448 255 255 255 1.000000
0.181186 -0.043714 0.046524 0.094293 -0.994469 0.046265 255 255 255 1.000000
0.034205 0.385363 -0.211337 0.038068 -0.232452 -0.971863 255 255 255 1.000000
0.231079 -0.001015 -0.143790 0.825634 0.386746 -0.410799 255 255 255 1.000000
0.326629 0.305009 -0.136383 -0.636350 0.008151 -0.771358 255 255 255 1.000000
-0.045128 -0.086867 0.462229 0.005759 -0.349757 -0.936823 255 255 255 1.000000
0.305633 -0.062588 -0.191915 -0.919178 0.068265 -0.387880 255 255 255 1.000000
-0.268406 -0.023613 0.245011 -0.104972 -0.981354 0.161011 255 255 255 1.000000
0.360618 -0.077614 -0.051188 -0.883548 0.451834 0.123246 255 255 255 1.000000
0.443722 -0.712394 -0.229200 -0.094172 0.105538 -0.989946 255 255 255 1.000000
0.241628 0.341610 -0.157735 0.304936 -0.232277 -0.923613 255 255 255 1.000000
0.345015 -0.010108 0.243250 0.795701 0.493003 -0.351865 255 255 255 1.000000
-0.191597 -0.067562 -0.178238 0.133396 0.160080 0.978049 255 255 255 1.000000
0.271790 0.104785 -0.150178 0.018119 0.123031 -0.992237 255 255 255 1.000000
-0.240061 -0.011901 -0.207020 0.736317 0.000537 -0.676637 255 255 255 1.000000
0.251225 0.296941 -0.167211 0.948297 -0.247051 -0.199243 255 255 255 1.000000
0.018161 0.373507 -0.208050 -0.018335 0.236980 0.971342 255 255 255 1.000000
0.372112 -0.251456 -0.092793 0.679794 -0.427705 0.595775 255 255 255 1.000000
0.220722 0.679439 -0.249312 -0.171717 0.276312 0.945603 255 255 255 1.000000
0.020164 -0.044244 0.203948 -0.027479 0.999608 -0.005291 255 255 255 1.000000
0.370095 -0.076246 0.110361 0.952913 -0.297685 -0.057801 255 255 255 1.000000
0.310426 -0.672188 0.517689 0.015659 -0.908866 0.416795 255 255 255 1.000000
0.231555 -0.094354 -0.106423 0.969487 -0.190255 -0.154590 255 255 255 1.000000
-0.352949 -0.019132 0.027223 0.209558 -0.977704 0.013441 255 255 255 1.000000
0.165898 0.533912 -0.234939 -0.191772 0.215400 0.957511 255 255 255 1.000000
-0.060724 -0.053239 0.015867 -0.650047 0.234848 -0.722693 255 255 255 1.000000
-0.127442 0.685589 -0.270773 -0.095281 -0.269173 -0.958367 255 255 255 1.000000
0.260949 -0.032807 0.065953 0.136621 -0.990293 0.025565 255 255 255 1.000000
0.316232 -0.640276 0.493933 0.999970 0.007614 -0.001462 255 255 255 1.000000
0.029054 0.209377 -0.173926 0.069368 -0.178346 -0.981520 255 255 255 1.000000
-0.297002 0.538640 -0.211738 -0.835325 -0.175107 -0.521124 255 255 255 1.000000
0.231323 0.470131 -0.200835 -0.316487 0.252834 0.914282 255 255 255 1.000000
-0.208984 -0.030473 0.265810 0.092049 0.993833 -0.061833 255 255 255 1.000000
-0.072782 -0.070543 -0.190848 -0.027687 0.477566 -0.878160 255 255 255 1.000000
-0.234498 -0.037800 0.041108 -0.311552 0.276643 -0.909068 255 255 255 1.000000
-0.227721 0.342921 -0.164554 -0.309909 -0.239965 -0.919985 255 255 255 1.000000
0.326265 -0.015845 0.187642 -0.529959 -0.804150 0.269233 255 255 255 1.000000
0.108072 -0.175178 0.043939 0.000000 0.848150 -0.529756 255 255 255 1.000000
0.353389 0.385656 -0.170583 0.862073 -0.030171 0.505885 255 255 255 1.000000
0.198303 -0.039908 0.083281 -0.104843 0.993772 -0.037762 255 255 255 1.000000
0.334772 0.279541 -0.152688 -0.864818 0.089584 -0.494028 255 255 255 1.000000
0.292003 0.377434 -0.195118 -0.333708 0.157771 0.929380 255 255 255 1.000000
0.308155 0.062971 -0.154986 0.876874 -0.060443 0.476906 255 255 255 1.000000
0.364901 -0.044573 -0.006982 -0.997982 0.020639 0.060058 255 255 255 1.000000
0.302092 0.046151 -0.164220 0.510279 0.055675 0.858205 255 255 255 1.000000
-0.088984 0.408842 -0.212856 0.121350 0.239373 0.963315 255 255 255 1.000000
-0.232203 -0.113258 -0.104184 0.960602 -0.237799 -0.143857 255 255 255 1.000000
0.133670 -0.050319 -0.106704 0.114361 -0.993387 -0.010217 255 255 255 1.000000
0.007023 0.390592 -0.212751 -0.002202 0.232361 0.972627 255 255 255 1.000000
0.429820 -0.700176 -0.297047 -0.029406 -0.277083 0.960396 255 255 255 1.000000
-0.303294 -0.749630 0.540816 0.998734 -0.045202 -0.022087 255 255 255 1.000000
-0.010277 0.059295 -0.174303 0.035361 -0.257009 0.965762 255 255 255 1.000000
0.298155 0.029653 -0.195707 -0.996913 0.073429 -0.027803 255 255 255 1.000000
-0.073100 0.311341 -0.189662 0.109367 0.224555 0.968305 255 255 255 1.000000
0.232110 0.208980 -0.163536 0.982828 -0.183059 -0.023191 255 255 255 1.000000
-0.377401 -0.015508 0.346838 -0.721917 0.685215 0.096524 255 255 255 1.000000
-0.165713 -0.132120 0.445290 0.095221 0.923493 -0.371610 255 255 255 1.000000
0.268942 0.190724 -0.181430 -0.303966 -0.040460 0.951823 255 255 255 1.000000
0.279933 0.006168 -0.205201 -0.229623 -0.174653 0.957481 255 255 255 1.000000
-0.210259 0.585248 -0.236368 -0.235837 -0.226306 -0.945075 255 255 255 1.000000
-0.325534 0.353549 -0.138298 0.295518 -0.099446 -0.950147 255 255 255 1.000000
0.343452 0.621306 -0.216951 -0.954974 -0.088059 -0.283321 255 255 255 1.000000
0.315021 -0.060820 0.446794 0.025723 0.349202 0.936694 255 255 255 1.000000
0.285024 -0.028618 -0.017010 -0.190641 0.981505 0.017458 255 255 255 1.000000
-0.117452 0.392048 -0.204913 0.159908 0.243828 0.956545 255 255 255 1.000000
-0.259767 0.025718 -0.161176 0.217655 0.061787 0.974068 255 255 255 1.000000
0.336129 -0.014930 0.166786 0.397672 0.891726 -0.216059 255 255 255 1.000000
-0.256098 -0.024866 0.372882 -0.103895 -0.979459 -0.172820 255 255 255 1.000000
-0.409547 -0.174626 0.014295 0.000000 -0.833052 -0.553194 255 255 255 1.000000
0.315717 -0.125653 0.034853 0.000000 -0.979031 -0.203710 255 255 255 1.000000
0.313678 -0.563013 0.455169 -0.985878 -0.101411 -0.133268 255 255 255 1.000000
-0.430684 -0.552370 -0.267280 -0.980292 0.146542 -0.132489 255 255 255 1.000000
0.099858 0.241245 -0.169671 0.165015 -0.197934 -0.966226 255 255 255 1.000000
0.082145 0.389660 -0.208650 0.104529 -0.237916 -0.965645 255 255 255 1.000000
0.120319 -0.133267 0.048610 0.000000 -0.695908 -0.718131 255 255 255 1.000000
-0.153981 0.185009 -0.148189 -0.215987 -0.180551 -0.959558 255 255 255 1.000000
-0.308395 -0.703185 0.501884 0.019217 0.325857 -0.945224 255 255 255 1.000000
0.356741 -0.151494 0.001800 0.000000 -0.014313 0.999898 255 255 255 1.000000
-0.187996 0.279412 -0.159347 -0.238825 -0.222419 -0.945247 255 255 255 1.000000
0.175624 -0.035129 0.221555 0.096327 -0.995139 0.020464 255 255 255 1.000000
-0.199166 0.495784 -0.217172 0.271111 0.243517 0.931235 255 255 255 1.000000
0.343495 -0.489932 0.388702 0.985162 0.111176 -0.130752 255 255 255 1.000000
0.411631 -0.360950 -0.162727 0.942935 0.223444 -0.246873 255 255 255 1.000000
-0.156213 -0.048128 -0.163202 0.050531 -0.591299 0.804867 255 255 255 1.000000
-0.122589 0.091268 -0.156621 0.215851 -0.895022 0.390312 255 255 255 1.000000
-0.149531 0.396253 -0.200893 0.201226 0.246298 0.948075 255 255 255 1.000000
-0.123573 -0.135790 0.446178 -0.071240 -0.929656 0.361475 255 255 255 1.000000
-0.267110 0.528014 -0.202467 0.361782 0.259317 0.895471 255 255 255 1.000000
0.080167 -0.059539 -0.181913 -0.005443 0.783096 -0.621877 255 255 255 1.000000
-0.130152 -0.075711 -0.185773 -0.087763 0.121272 -0.988732 255 255 255 1.000000
0.328497 0.375260 -0.167942 0.684330 -0.155471 -0.712405 255 255 255 1.000000
-0.400953 -0.621151 -0.301241 0.701835 0.211370 -0.680257 255 255 255 1.000000
-0.325507 0.227228 -0.151253 -0.962018 -0.151352 0.227188 255 255 255 1.000000
-0.102329 0.575719 -0.250469 -0.107491 -0.205644 -0.972706 255 255 255 1.000000
-0.297698 0.234283 -0.168074 -0.545864 -0.033110 -0.837219 255 255 255 1.000000
-0.177501 -0.056523 0.446998 -0.012177 -0.708852 -0.705252 255 255 255 1.000000
-0.099568 -0.036786 0.358978 0.054301 0.996568 0.062472 255 255 255 1.000000
0.297969 -0.062803 0.448052 0.023202 0.359381 0.932903 255 255 255 1.000000
0.275648 0.676266 -0.237516 -0.191697 0.283424 0.939640 255 255 255 1.000000
0.171662 -0.045035 -0.118486 -0.146593 0.988869 0.025458 255 255 255 1.000000
0.140204 0.610818 -0.251538 -0.136755 0.181111 0.973908 255 255 255 1.000000
-0.261726 -0.031438 -0.169126 0.140742 -0.015038 0.989932 255 255 255 1.000000
-0.140803 -0.125065 0.026129 0.000000 0.992678 -0.120791 255 255 255 1.000000
0.257533 -0.032953 -0.169337 0.144485 0.011661 -0.989438 255 255 255 1.000000
-0.416321 -0.464913 -0.224900 -0.974508 0.170747 -0.145533 255 255 255 1.000000
-0.273435 -0.027013 -0.121101 0.250639 0.648701 0.718586 255 255 255 1.000000
0.023465 0.082597 -0.171112 0.246210 -0.608510 0.754385 255 255 255 1.000000
-0.105299 -0.178820 0.026525 0.000000 -0.994375 -0.105921 255 255 255 1.000000
0.363031 -0.693286 0.562134 0.134570 0.659699 0.739384 255 255 255 1.000000
-0.313663 0.588531 -0.233148 0.175006 0.240455 0.954754 255 255 255 1.000000
-0.068016 0.421917 -0.219004 0.091550 0.235124 0.967644 255 255 255 1.000000
-0.324792 -0.176765 0.018866 0.000000 -0.920919 -0.389753 255 255 255 1.000000
-0.300486 0.625457 -0.245660 0.134752 0.298477 0.944856 255 255 255 1.000000
-0.197105 -0.009654 -0.150265 0.184624 -0.231856 0.955069 255 255 255 1.000000
0.280094 -0.127499 0.041743 0.000000 -0.892166 -0.451708 255 255 255 1.000000
-0.213869 -0.163817 0.004890 0.000000 -0.437780 -0.899082 255 255 255 1.000000
-0.012933 -0.057896 -0.063012 -0.122829 0.982591 -0.139381 255 255 255 1.000000
0.304181 -0.091213 -0.160002 -0.047289 0.499683 -0.864916 255 255 255 1.000000
-0.187832 0.204737 -0.143071 -0.241863 -0.193523 -0.950816 255 255 255 1.000000
-0.045004 0.643407 -0.264455 0.025790 0.191608 0.981133 255 255 255 1.000000
0.150765 -0.031901 0.337467 -0.082770 0.996444 0.015744 255 255 255 1.000000
-0.257462 0.045015 -0.158492 0.192103 0.039293 0.980588 255 255 255 1.000000
0.132971 -0.036178 -0.164816 0.175675 0.096117 -0.979745 255 255 255 1.000000
-0.404694 -0.412292 -0.181671 -0.994341 0.106140 0.004600 255 255 255 1.000000
0.228993 0.668655 -0.245387 -0.186287 0.259541 0.947595 255 255 255 1.000000
-0.376251 -0.047348 0.073049 0.997769 0.043518 0.050630 255 255 255 1.000000
-0.425256 -0.648596 -0.277303 -0.383616 -0.285399 0.878286 255 255 255 1.000000
0.325844 -0.012001 0.277786 -0.804657 -0.467615 0.365874 255 255 255 1.000000
-0.119267 0.259162 -0.171091 -0.180418 -0.210460 -0.960810 255 255 255 1.000000
-0.237577 0.380189 -0.171346 -0.322069 -0.250680 -0.912925 255 255 255 1.000000
0.317255 -0.399478 0.329118 -0.627985 -0.517154 -0.581539 255 255 255 1.000000
0.247794 0.138953 -0.123944 0.371012 -0.927760 -0.040146 255 255 255 1.000000
-0.268209 -0.073320 -0.205359 -0.996119 0.081121 -0.034155 255 255 255 1.000000
0.292066 0.058798 -0.156575 -0.432747 0.285895 0.854982 255 255 255 1.000000
0.285325 -0.049760 -0.213929 -0.677728 -0.155678 0.718644 255 255 255 1.000000
0.351672 -0.591437 0.456656 -0.623325 0.387552 0.679168 255 255 255 1.000000
0.341439 -0.518599 0.451776 0.408722 0.486559 0.772145 255 255 255 1.000000
-0.343619 -0.016751 -0.035489 0.127987 -0.991761 -0.005427 255 255 255 1.000000
0.317595 -0.618450 0.477100 0.987616 0.081819 0.133864 255 255 255 1.000000
-0.354379 0.400077 -0.162587 0.898964 0.057751 -0.434199 255 255 255 1.000000
-0.084474 -0.055769 -0.087178 -0.069691 -0.997533 0.008400 255 255 255 1.000000
0.290022 0.190517 -0.172142 0.485879 0.055639 -0.872253 255 255 255 1.000000
0.279593 0.350799 -0.193385 -0.181790 0.130389 0.974654 255 255 255 1.000000
0.076315 -0.165316 0.005292 0.000000 -0.486769 -0.873531 255 255 255 1.000000
0.414006 -0.502677 -0.233067 0.984715 0.159328 -0.070359 255 255 255 1.000000
0.356823 -0.064069 -0.117115 -0.895757 0.415216 0.158792 255 255 255 1.000000
0.348306 -0.007308 0.295741 0.898782 0.222830 -0.377543 255 255 255 1.000000
-0.330722 0.478956 -0.202447 0.555968 0.215858 0.802686 255 255 255 1.000000
0.033726 -0.113749 0.463522 0.012924 -0.227919 0.973594 255 255 255 1.000000
-0.312921 0.163975 -0.163389 0.995327 0.096542 -0.001956 255 255 255 1.000000
-0.185882 0.367530 -0.182895 -0.259474 -0.256976 -0.930933 255 255 255 1.000000
-0.339311 -0.035288 0.430809 -0.042326 -0.718154 -0.694596 255 255 255 1.000000
-0.175046 -0.042958 0.084007 0.012150 0.980707 -0.195104 255 255 255 1.000000
-0.403536 -0.673026 -0.270849 -0.011329 0.957297 -0.288884 255 255 255 1.000000
0.331271 -0.328528 0.304583 -0.947807 -0.224780 -0.226134 255 255 255 1.000000
-0.272028 0.367444 -0.152906 0.339535 0.232168 0.911490 255 255 255 1.000000
-0.336134 -0.454831 0.411632 0.638854 0.451328 0.623032 255 255 255 1.000000
-0.327269 -0.014969 -0.136385 -0.253715 -0.787499 -0.561671 255 255 255 1.000000
-0.059249 -0.047462 0.131726 0.520459 -0.624053 0.582820 255 255 255 1.000000
0.091456 -0.178377 0.024875 0.000000 0.985759 0.168166 255 255 255 1.000000
0.255836 -0.027295 0.393223 0.091583 -0.969304 -0.228173 255 255 255 1.000000
-0.361248 -0.174504 0.068098 0.996361 -0.077236 -0.036046 255 255 255 1.000000
-0.237997 0.112663 -0.195058 -0.010120 0.087922 -0.996076 255 255 255 1.000000
0.406933 -0.523219 -0.270688 -0.284741 -0.393148 0.874275 255 255 255 1.000000
-0.255961 -0.034635 0.028138 0.140277 0.986598 0.083351 255 255 255 1.000000
-0.072519 0.747154 -0.325307 0.054542 0.915328 0.398999 255 255 255 1.000000
0.193365 0.109063 -0.137988 -0.324835 0.479684 0.815099 255 255 255 1.000000
-0.288478 -0.159152 0.012765 0.015622 0.998437 0.053667 255 255 255 1.000000
0.192395 -0.028745 0.343189 0.101217 -0.994024 -0.040889 255 255 255 1.000000
0.233562 -0.155214 0.017153 0.995887 0.074722 0.051249 255 255 255 1.000000
-0.403798 -0.311426 -0.143924 -0.612391 0.509632 -0.604361 255 255 255 1.000000
0.189831 0.684303 -0.257235 -0.158897 0.273187 0.948747 255 255 255 1.000000
0.005871 0.646309 -0.264708 -0.017237 0.211292 0.977271 255 255 255 1.000000
-0.277758 -0.149668 0.056497 0.000000 0.081647 0.996661 255 255 255 1.000000
-0.056533 -0.050995 0.063392 -0.621257 0.374020 -0.688585 255 255 255 1.000000
0.160424 0.374117 -0.191009 0.226261 -0.251682 -0.940990 255 255 255 1.000000
-0.323123 0.451402 -0.155574 0.016198 -0.211736 -0.977193 255 255 255 1.000000
-0.448282 -0.730127 -0.301392 0.067100 0.348026 0.935080 255 255 255 1.000000
-0.269108 -0.026515 0.186064 -0.216299 -0.221043 -0.950976 255 255 255 1.000000
0.360022 0.452891 -0.179394 0.851098 0.018628 0.524676 255 255 255 1.000000
0.243357 -0.103124 -0.034656 -0.435613 -0.895416 -0.092038 255 255 255 1.000000
-0.270510 -0.165205 0.039440 0.246388 0.953568 0.173207 255 255 255 1.000000
-0.136680 -0.048227 0.026034 0.333172 -0.771841 0.541533 255 255 255 1.000000
0.305777 0.128449 -0.156000 -0.997963 0.054419 -0.033294 255 255 255 1.000000
0.370519 -0.040198 0.102618 0.998966 -0.009431 -0.044477 255 255 255 1.000000
-0.283045 -0.020133 0.267271 0.128371 0.988424 -0.080863 255 255 255 1.000000
-0.373590 -0.072285 0.013620 0.978098 0.197584 0.065455 255 255 255 1.000000
0.197858 -0.034249 0.198810 -0.107638 0.993952 -0.021774 255 255 255 1.000000
0.320534 0.209103 -0.148891 -0.930243 0.156851 -0.331730 255 255 255 1.000000
0.024833 -0.058738 -0.128085 0.903187 -0.428450 0.026159 255 255 255 1.000000
0.292279 0.600566 -0.228180 -0.831841 0.172167 0.527635 255 255 255 1.000000
-0.253164 0.574193 -0.220972 0.311267 0.244826 0.918245 255 255 255 1.000000
-0.007940 0.332706 -0.198515 0.018647 0.228638 0.973333 255 255 255 1.000000
-0.079573 -0.039686 0.373770 -0.042223 -0.992716 -0.112834 255 255 255 1.000000
-0.414712 -0.444258 -0.189847 0.165230 0.436505 -0.884400 255 255 255 1.000000
-0.132031 -0.074631 0.456333 -0.003877 0.530463 0.847699 255 255 255 1.000000
0.214636 -0.175216 0.043901 0.000000 -0.849165 0.528127 255 255 255 1.000000
-0.185031 -0.039693 0.130243 -0.039078 -0.987097 0.155280 255 255 255 1.000000
0.186925 -0.038117 0.145643 0.100157 -0.994482 0.031209 255 255 255 1.000000
-0.212772 -0.040686 0.019293 0.122775 0.992314 0.015452 255 255 255 1.000000
0.217531 0.166233 -0.129960 0.344992 -0.422202 -0.838287 255 255 255 1.000000
-0.335768 -0.401345 0.319119 0.856008 -0.332916 -0.395497 255 255 255 1.000000
-0.037386 0.035820 -0.173816 -0.081078 0.215152 -0.973209 255 255 255 1.000000
0.153259 0.361649 -0.189157 0.216964 -0.251220 -0.943300 255 255 255 1.000000
-0.027486 0.199836 -0.172444 0.052912 0.169938 0.984033 255 255 255 1.000000
-0.217674 0.563770 -0.230149 0.269888 0.234098 0.934002 255 255 255 1.000000
-0.047527 -0.139354 0.444804 -0.026906 -0.973097 0.228821 255 255 255 1.000000
0.305559 -0.012728 0.323132 -0.130455 0.990813 0.035638 255 255 255 1.000000
0.082064 -0.039194 0.278357 0.053357 -0.998522 0.010336 255 255 255 1.000000
0.106510 0.735767 -0.295774 -0.082051 0.740641 0.666873 255 255 255 1.000000
-0.015986 -0.153296 0.056716 0.000000 0.051455 -0.998675 255 255 255 1.000000
-0.315944 0.546634 -0.223910 -0.228780 -0.217478 -0.948875 255 255 255 1.000000
0.292048 -0.132037 0.047380 0.000000 -0.741076 -0.671421 255 255 255 1.000000
0.188465 -0.029007 0.317762 -0.105904 0.994363 -0.005076 255 255 255 1.000000
0.247084 0.067510 -0.155363 0.029715 0.113560 -0.993087 255 255 255 1.000000
-0.296663 -0.107744 -0.014507 -0.440212 -0.853562 -0.278650 255 255 255 1.000000
-0.314920 -0.020551 0.162154 -0.145052 -0.900938 -0.408988 255 255 255 1.000000
-0.043488 0.162445 -0.164210 -0.067543 0.633767 0.770570 255 255 255 1.000000
-0.227091 0.690034 -0.259047 -0.199213 -0.295237 -0.934424 255 255 255 1.000000
0.052526 -0.027442 -0.177565 -0.114027 -0.107872 0.987604 255 255 255 1.000000
0.340302 -0.012210 0.213542 -0.675555 -0.666761 0.314729 255 255 255 1.000000
-0.241788 0.490053 -0.202738 0.339412 0.259180 0.904226 255 255 255 1.000000
0.162779 -0.046036 0.030564 0.087675 -0.995066 0.046442 255 255 255 1.000000
-0.229776 0.044441 -0.138798 0.088397 0.582487 -0.808019 255 255 255 1.000000
0.324990 -0.671994 0.529333 -0.001900 0.991744 -0.128216 255 255 255 1.000000
-0.070680 0.183348 -0.164955 0.121767 0.165841 0.978606 255 255 255 1.000000
0.324120 -0.014807 0.221644 -0.708373 -0.622775 0.332203 255 255 255 1.000000
-0.094331 -0.043729 0.406506 -0.039424 -0.970494 -0.237882 255 255 255 1.000000
0.072908 0.540194 -0.248015 0.069206 -0.190487 -0.979247 255 255 255 1.000000
0.112141 0.659323 -0.261881 -0.111587 0.222982 0.968415 255 255 255 1.000000
-0.350200 0.535342 -0.193920 -0.976709 0.035845 0.211555 255 255 255 1.000000
-0.038920 -0.051517 0.058833 0.428369 -0.769237 0.474104 255 255 255 1.000000
0.288742 0.573551 -0.224558 0.825477 -0.172055 -0.537572 255 255 255 1.000000
0.057414 0.438184 -0.224728 -0.063613 0.219331 0.973574 255 255 255 1.000000
0.364510 -0.091995 0.430944 0.859100 -0.132711 0.494303 255 255 255 1.000000
0.219982 0.618524 -0.237203 0.218243 -0.206063 -0.953891 255 255 255 1.000000
0.315645 -0.492200 0.422572 -0.924838 0.206347 0.319523 255 255 255 1.000000
0.316217 -0.218831 0.130091 0.967654 0.210610 0.138884 255 255 255 1.000000
0.374165 -0.032990 0.208477 0.954503 0.296192 -0.034561 255 255 255 1.000000
-0.359291 -0.560568 0.468741 -0.839894 0.275062 0.467888 255 255 255 1.000000
0.264203 -0.155095 -0.006119 -0.155316 0.986032 -0.060148 255 255 255 1.000000
0.266224 0.227332 -0.124919 0.267152 -0.183260 -0.946068 255 255 255 1.000000
0.288687 -0.021550 0.207535 0.277855 0.939967 -0.198139 255 255 255 1.000000
0.346226 -0.205154 0.091877 -0.455805 0.741014 0.493092 255 255 255 1.000000
-0.264345 -0.030414 0.115482 0.293168 0.563287 0.772502 255 255 255 1.000000
0.243284 -0.121990 0.435005 -0.142869 0.952732 -0.268123 255 255 255 1.000000
-0.366096 0.734658 -0.266605 0.696029 -0.527723 -0.486880 255 255 255 1.000000
-0.292418 -0.023636 -0.110142 -0.250907 -0.821864 -0.511455 255 255 255 1.000000
-0.377632 -0.035791 0.126448 -0.931122 0.361744 -0.046411 255 255 255 1.000000
0.018679 0.440993 -0.226666 0.012565 -0.216379 -0.976229 255 255 255 1.000000
0.106887 -0.035289 0.332835 0.062593 -0.998018 0.006497 255 255 255 1.000000
-0.067148 -0.178243 0.024376 0.000000 -0.982353 -0.187037 255 255 255 1.000000
0.317436 0.350419 -0.136711 0.132946 0.136561 0.981670 255 255 255 1.000000
0.262766 -0.036200 0.421780 0.097151 -0.951050 -0.293369 255 255 255 1.000000
0.201034 0.575351 -0.233708 -0.222992 0.205894 0.952829 255 255 255 1.000000
-0.058720 -0.037580 0.354619 -0.026720 -0.998794 -0.041199 255 255 255 1.000000
0.216336 -0.038166 0.015101 -0.127541 0.991703 -0.016058 255 255 255 1.000000
-0.374902 -0.018875 0.373167 -0.649935 0.728066 0.217955 255 255 255 1.000000
-0.253167 -0.034271 0.065084 -0.338176 -0.152750 -0.928604 255 255 255 1.000000
-0.412215 -0.474986 -0.249436 -0.608470 0.384481 -0.694218 255 255 255 1.000000
0.267417 0.506196 -0.194726 0.349037 -0.259526 -0.900455 255 255 255 1.000000
-0.419082 -0.697289 -0.308215 -0.020290 -0.987843 0.154126 255 255 255 1.000000
0.334843 0.352711 -0.143114 -0.621976 -0.017213 -0.782847 255 255 255 1.000000
0.338890 -0.016174 0.125184 0.127958 0.985650 -0.110093 255 255 255 1.000000
-0.223156 0.534572 -0.222324 -0.312583 -0.247321 -0.917128 255 255 255 1.000000
0.367746 -0.078455 0.038407 -0.968357 0.241411 0.063296 255 255 255 1.000000
-0.321900 -0.519470 0.433760 0.997971 0.018208 0.061019 255 255 255 1.000000
-0.294327 0.328176 -0.186604 -0.366581 -0.140376 -0.919735 255 255 255 1.000000
0.343088 0.493888 -0.184524 0.985845 0.005151 0.167582 255 255 255 1.000000
-0.006560 -0.059701 -0.133881 0.999192 0.033511 0.022188 255 255 255 1.000000
0.042429 0.515287 -0.247189 -0.036767 0.192722 0.980564 255 255 255 1.000000
-0.120405 -0.051885 -0.069054 -0.086907 -0.996213 0.002745 255 255 255 1.000000
-0.024654 -0.139667 0.443597 -0.009365 -0.979297 0.202212 255 255 255 1.000000
0.140554 -0.049694 -0.051819 0.100064 -0.994596 0.027680 255 255 255 1.000000
-0.165749 -0.047671 -0.042434 -0.109668 -0.993802 0.018165 255 255 255 1.000000
0.289560 -0.103258 0.447858 -0.156983 0.628045 -0.762178 255 255 255 1.000000
-0.271991 0.250625 -0.128672 0.282438 0.193633 0.939540 255 255 255 1.000000
-0.412860 -0.588272 -0.254230 -0.119934 0.367859 -0.922115 255 255 255 1.000000
-0.366165 -0.035231 -0.074783 0.944835 -0.323406 0.051907 255 255 255 1.000000
0.339294 0.444460 -0.164324 -0.971722 0.043335 -0.232115 255 255 255 1.000000
0.181084 -0.031413 0.283791 0.101012 -0.994828 0.010695 255 255 255 1.000000
-0.267189 0.143422 -0.121018 0.260970 0.442633 -0.857887 255 255 255 1.000000
0.395656 -0.702554 -0.310749 -0.032297 0.964791 0.261029 255 255 255 1.000000
0.315065 -0.242088 0.165181 -0.979944 -0.168003 -0.107168 255 255 255 1.000000
0.178474 -0.043665 -0.012329 0.114391 -0.993186 0.022271 255 255 255 1.000000
0.313733 0.357892 -0.176649 -0.606266 0.150824 0.780829 255 255 255 1.000000
-0.313020 0.076716 -0.173687 0.996038 0.019839 -0.086688 255 255 255 1.000000
0.241332 0.284867 -0.143734 -0.293573 0.212326 0.932058 255 255 255 1.000000
0.317583 -0.467308 0.408914 0.867944 -0.281539 -0.409156 255 255 255 1.000000
0.292319 0.304995 -0.177504 0.478588 -0.122418 -0.869464 255 255 255 1.000000
-0.028382 0.120339 -0.167759 -0.104210 0.544402 -0.832326 255 255 255 1.000000
-0.401962 -0.405566 -0.169930 -0.978739 0.201295 -0.039382 255 255 255 1.000000
0.385284 -0.541362 -0.261486 -0.943440 0.085506 -0.320328 255 255 255 1.000000
0.030056 -0.061232 0.447919 -0.004446 0.680835 0.732423 255 255 255 1.000000
0.314485 -0.050006 -0.155979 0.207712 -0.320560 -0.924174 255 255 255 1.000000
-0.309299 -0.017991 0.228441 -0.133543 -0.966649 0.218531 255 255 255 1.000000
-0.096761 -0.054795 -0.115702 0.086709 0.996232 -0.001704 255 255 255 1.000000
0.209840 0.040284 -0.141942 -0.009838 0.521228 -0.853361 255 255 255 1.000000
-0.361401 -0.585336 0.460284 0.968091 0.135250 0.210967 255 255 255 1.000000
-0.105618 -0.043148 0.177187 -0.262559 0.891598 -0.368938 255 255 255 1.000000
0.403241 -0.379120 -0.147432 0.481885 -0.473715 0.737144 255 255 255 1.000000
0.377182 -0.059405 0.372780 -0.969164 -0.011712 0.246138 255 255 255 1.000000
0.384729 -0.388254 -0.195144 0.520394 -0.424184 0.741120 255 255 255 1.000000
-0.276160 0.119448 -0.122369 -0.222360 -0.304969 0.926040 255 255 255 1.000000
0.225301 -0.045323 -0.193209 0.996875 -0.043369 0.066027 255 255 255 1.000000
-0.001733 -0.044285 0.210151 -0.018177 0.999819 -0.005585 255 255 255 1.000000
-0.333583 -0.013618 0.372032 -0.122339 -0.973242 -0.194506 255 255 255 1.000000
0.224768 0.086965 -0.163504 0.989397 -0.071734 -0.126287 255 255 255 1.000000
-0.365782 -0.028787 -0.040908 0.933859 -0.353785 0.052368 255 255 255 1.000000
0.374037 -0.284340 -0.081678 -0.604134 -0.522370 0.601791 255 255 255 1.000000
0.243509 -0.057606 0.448185 -0.000998 -0.485134 -0.874439 255 255 255 1.000000
0.272892 0.298741 -0.185438 0.234757 -0.113454 -0.965410 255 255 255 1.000000
-0.280903 -0.100763 -0.188280 -0.973688 0.079962 -0.213396 255 255 255 1.000000
-0.088738 -0.037405 0.311016 0.021880 -0.997884 0.061231 255 255 255 1.000000
0.186062 0.308154 -0.166372 0.265652 -0.228374 -0.936629 255 255 255 1.000000
0.049194 -0.052389 0.427636 -0.027547 0.955199 0.294679 255 255 255 1.000000
-0.164165 0.458170 -0.215197 -0.213209 -0.236808 -0.947873 255 255 255 1.000000
0.069572 0.100990 -0.165639 0.344818 -0.480919 -0.806112 255 255 255 1.000000
-0.243246 -0.032164 0.140727 -0.020287 0.919789 -0.391887 255 255 255 1.000000
-0.139833 -0.043051 0.411085 -0.057197 -0.962677 -0.264539 255 255 255 1.000000
-0.363736 0.486842 -0.194813 -0.982701 -0.021997 0.183888 255 255 255 1.000000
-0.316781 0.743373 -0.273460 -0.027220 -0.915724 0.400885 255 255 255 1.000000
0.370382 -0.748239 0.511929 -0.098597 0.531487 0.841308 255 255 255 1.000000
0.310178 -0.729064 0.571372 0.051066 0.416468 -0.907715 255 255 255 1.000000
-0.401371 -0.204153 -0.015960 0.990777 -0.135367 0.006049 255 255 255 1.000000
-0.415262 -0.362420 -0.143357 0.658426 0.403253 -0.635501 255 255 255 1.000000
-0.309290 -0.102493 -0.169190 -0.159767 0.296359 -0.941619 255 255 255 1.000000
0.384834 -0.680729 -0.275683 0.019907 0.999578 -0.021174 255 255 255 1.000000
0.356424 -0.642243 0.502621 -0.986320 0.079421 0.144446 255 255 255 1.000000
-0.329704 -0.041068 -0.154465 -0.130338 0.187646 -0.973551 255 255 255 1.000000
0.065721 -0.045110 0.169303 0.051450 -0.998552 0.015710 255 255 255 1.000000
0.115311 0.614987 -0.254455 0.108560 -0.182921 -0.977116 255 255 255 1.000000
-0.294857 0.403604 -0.153299 -0.361649 -0.237469 -0.901565 255 255 255 1.000000
-0.351013 -0.519451 0.411696 0.995440 0.072051 0.062510 255 255 255 1.000000
-0.368788 -0.082545 -0.028988 -0.897384 -0.421456 -0.130680 255 255 255 1.000000
0.304099 -0.156635 0.002965 0.000000 0.176795 0.984248 255 255 255 1.000000
0.220046 0.316141 -0.159425 0.298509 -0.233169 -0.925486 255 255 255 1.000000
-0.330262 -0.016926 -0.080888 0.241324 0.932119 0.270031 255 255 255 1.000000
-0.212045 -0.031934 0.232971 -0.084124 -0.992701 0.086417 255 255 255 1.000000
-0.340835 -0.569197 0.483165 -0.379829 -0.450671 -0.807853 255 255 255 1.000000
0.065362 -0.036764 0.332291 0.042307 -0.999099 0.003425 255 255 255 1.000000
-0.234850 -0.037278 0.054611 -0.129675 0.798022 -0.588512 255 255 255 1.000000
-0.261528 0.703660 -0.255281 -0.231990 -0.318441 -0.919117 255 255 255 1.000000
-0.262016 -0.094095 -0.073916 0.373385 -0.917507 -0.136983 255 255 255 1.000000
0.233665 -0.042069 0.428977 -0.091688 0.947725 0.305632 255 255 255 1.000000
-0.257930 0.211897 -0.185989 0.182158 -0.011510 0.983202 255 255 255 1.000000
0.119909 -0.047984 0.055398 -0.075797 0.996503 -0.035176 255 255 255 1.000000
0.205179 -0.041148 -0.073620 0.153054 -0.987865 -0.026400 255 255 255 1.000000
0.264826 -0.027915 -0.147905 0.088528 -0.886491 0.454199 255 255 255 1.000000
0.086346 -0.125577 0.034571 0.000000 0.981187 0.193058 255 255 255 1.000000
0.122230 0.104663 -0.154297 0.177900 0.121469 -0.976523 255 255 255 1.000000
0.185516 -0.042021 0.070581 -0.097355 0.994360 -0.042063 255 255 255 1.000000
0.260973 0.308302 -0.142260 0.299482 -0.211613 -0.930339 255 255 255 1.000000
-0.204534 -0.178591 0.025673 0.000000 0.990433 0.137992 255 255 255 1.000000
-0.204960 0.197431 -0.137218 -0.254942 -0.191565 -0.947791 255 255 255 1.000000
0.161239 -0.048447 -0.165439 0.051585 -0.848693 0.526363 255 255 255 1.000000
-0.147339 0.089855 -0.151047 0.122209 -0.892822 0.433513 255 255 255 1.000000
-0.366794 -0.680878 0.537875 -0.041168 0.998009 -0.047790 255 255 255 1.000000
0.271541 -0.127199 -0.130618 -0.086191 -0.444587 0.891579 255 255 255 1.000000
-0.396252 -0.734540 -0.298534 -0.008863 0.419853 0.907549 255 255 255 1.000000
-0.360825 -0.013379 0.177907 -0.246493 0.969054 0.013274 255 255 255 1.000000
-0.084457 0.357388 -0.199003 0.117887 0.247563 0.961673 255 255 255 1.000000
-0.322071 -0.250016 0.179806 -0.992378 0.100913 0.070732 255 255 255 1.000000
0.127090 0.691367 -0.269573 -0.110653 0.270227 0.956417 255 255 255 1.000000
-0.148400 -0.036549 0.389225 -0.062464 -0.978137 -0.198361 255 255 255 1.000000
0.292961 0.009221 -0.141336 0.712960 -0.096929 0.694473 255 255 255 1.000000
0.306035 0.553588 -0.225698 -0.149001 0.213152 0.965590 255 255 255 1.000000
-0.190066 0.584697 -0.240320 0.206449 0.226199 0.951952 255 255 255 1.000000
0.162980 -0.038385 0.179982 -0.088398 0.995704 -0.027574 255 255 255 1.000000
-0.338496 -0.018324 -0.016437 0.217191 0.975264 0.041094 255 255 255 1.000000
0.331983 -0.532254 0.417055 -0.965483 0.112497 0.234918 255 255 255 1.000000
0.197048 -0.032596 0.234155 -0.108112 0.993993 -0.017016 255 255 255 1.000000
-0.194209 -0.030731 0.285350 -0.089719 -0.994975 0.044450 255 255 255 1.000000
-0.171924 0.538530 -0.235792 0.205342 0.222332 0.953102 255 255 255 1.000000
-0.285034 0.036024 -0.201381 0.273780 -0.150717 0.949910 255 255 255 1.000000
-0.233759 -0.145681 0.002812 -0.831294 0.532768 0.158453 255 255 255 1.000000
-0.190347 -0.044902 -0.034522 -0.125611 -0.992009 0.011866 255 255 255 1.000000
-0.309394 0.122647 -0.150909 -0.413823 -0.136007 0.900140 255 255 255 1.000000
-0.308265 -0.015487 0.354704 -0.126385 -0.984553 -0.121172 255 255 255 1.000000
0.300354 0.405044 -0.197177 0.381673 -0.178279 -0.906941 255 255 255 1.000000
-0.407716 -0.469765 -0.200367 -0.239145 -0.407921 0.881141 255 255 255 1.000000
0.095761 -0.054319 -0.160550 0.109009 -0.993992 -0.009884 255 255 255 1.000000
-0.025156 0.389417 -0.212392 0.039574 0.234116 0.971403 255 255 255 1.000000
-0.002877 -0.040808 0.279978 0.012124 -0.999917 -0.004369 255 255 255 1.000000
-0.252433 0.114694 -0.148800 -0.050483 0.090671 -0.994601 255 255 255 1.000000
-0.059841 -0.050032 0.080641 -0.608209 0.414246 -0.677114 255 255 255 1.000000
0.340116 -0.170010 0.097281 -0.286040 -0.813243 -0.506772 255 255 255 1.000000
-0.303022 -0.024958 0.397967 -0.113824 -0.962559 -0.246018 255 255 255 1.000000
0.347746 -0.018170 -0.091869 0.273002 0.961932 0.012547 255 255 255 1.000000
-0.218924 -0.039499 -0.091996 -0.215336 -0.801724 -0.557557 255 255 255 1.000000
-0.231280 0.106471 -0.176619 -0.996240 -0.024171 -0.083192 255 255 255 1.000000
0.341141 -0.176083 0.016323 0.000000 0.879814 0.475317 255 255 255 1.000000
0.332134 -0.009085 0.316690 0.828137 0.417091 -0.374466 255 255 255 1.000000
-0.330898 0.293807 -0.140631 0.782746 0.046998 -0.620564 255 255 255 1.000000
-0.081101 0.554420 -0.249422 0.087737 0.209859 0.973787 255 255 255 1.000000
-0.402522 -0.385126 -0.184225 0.968842 -0.190313 0.158514 255 255 255 1.000000
0.141659 0.238290 -0.161176 -0.217430 0.201223 0.955109 255 255 255 1.000000
0.312182 0.445581 -0.200407 -0.445138 0.206675 0.871285 255 255 255 1.000000
-0.245613 0.068132 -0.201254 0.030347 -0.104380 0.994074 255 255 255 1.000000
-0.250077 0.038987 -0.205308 -0.040545 0.114911 -0.992548 255 255 255 1.000000
-0.061366 -0.055767 -0.040077 0.665524 -0.160135 0.728996 255 255 255 1.000000
-0.152672 -0.091764 0.460022 -0.054937 -0.006872 0.998466 255 255 255 1.000000
0.375163 -0.696926 0.536739 -0.999215 -0.025497 0.030333 255 255 255 1.000000
-0.236258 0.650143 -0.245678 -0.218097 -0.262603 -0.939933 255 255 255 1.000000
0.324758 -0.168681 0.090233 0.778072 -0.537070 -0.325822 255 255 255 1.000000
-0.082682 0.328872 -0.192350 0.119777 0.235240 0.964529 255 255 255 1.000000
-0.329815 0.577934 -0.224721 -0.399230 -0.234012 -0.886484 255 255 255 1.000000
0.402121 -0.539419 -0.277474 0.137202 -0.378181 0.915508 255 255 255 1.000000
0.328625 0.484788 -0.199954 0.584199 -0.216433 -0.782220 255 255 255 1.000000
-0.363510 0.512641 -0.188817 -0.889515 0.113602 0.442557 255 255 255 1.000000
0.051019 0.087461 -0.168261 0.438424 -0.567975 -0.696555 255 255 255 1.000000
-0.012730 0.149442 -0.166844 0.081420 -0.542478 0.836115 255 255 255 1.000000
0.387464 -0.624953 -0.284572 0.985548 -0.019118 0.168312 255 255 255 1.000000
0.349378 0.347373 -0.165697 0.868880 -0.060209 0.491347 255 255 255 1.000000
-0.396665 -0.709774 -0.227418 0.068138 -0.120049 0.990427 255 255 255 1.000000
-0.301687 0.689368 -0.239464 0.250809 0.319729 0.913711 255 255 255 1.000000
0.178125 -0.043232 -0.151321 0.164448 -0.985744 -0.035568 255 255 255 1.000000
0.240876 -0.004905 -0.209702 0.489119 -0.140855 0.860769 255 255 255 1.000000
0.341096 -0.164321 0.005025 0.000000 0.454554 0.890719 255 255 255 1.000000
-0.450950 -0.749382 -0.257833 -0.301373 -0.896974 0.323439 255 255 255 1.000000
-0.268841 0.126315 -0.190779 -0.219536 0.102384 -0.970217 255 255 255 1.000000
0.099537 -0.052893 -0.026163 0.079193 -0.996364 0.031411 255 255 255 1.000000
-0.371356 -0.210182 -0.053893 -0.797413 -0.355007 0.487957 255 255 255 1.000000
-0.114749 0.206618 -0.161500 0.179306 0.184246 0.966386 255 255 255 1.000000
-0.333590 -0.179493 0.052164 -0.433607 0.757707 0.487713 255 255 255 1.000000
-0.061500 -0.051760 0.045472 0.642478 -0.277467 0.714307 255 255 255 1.000000
-0.211689 -0.117949 0.454143 -0.116455 -0.553794 0.824470 255 255 255 1.000000
0.366657 -0.018963 0.209184 0.734127 0.679011 -0.000928 255 255 255 1.000000
0.318025 -0.019088 0.145994 0.262472 0.949587 -0.171446 255 255 255 1.000000
-0.312270 0.096812 -0.160240 0.998246 0.043829 -0.039797 255 255 255 1.000000
-0.249094 0.667350 -0.246699 0.217117 0.283026 0.934214 255 255 255 1.000000
0.014524 0.172264 -0.169860 -0.005404 0.057639 0.998323 255 255 255 1.000000
0.162225 -0.034959 0.246909 0.089919 -0.995795 0.017501 255 255 255 1.000000
0.357870 -0.743603 0.507291 0.051630 -0.504650 -0.861779 255 255 255 1.000000
0.364040 -0.728775 0.570665 0.073793 -0.442643 0.893656 255 255 255 1.000000
0.315539 -0.198004 0.112345 -0.983283 0.154081 0.097026 255 255 255 1.000000
0.305583 0.079999 -0.169744 -0.996479 0.028976 -0.078677 255 255 255 1.000000
0.366932 -0.175164 0.014834 0.000000 0.847791 0.530330 255 255 255 1.000000
0.253917 0.231375 -0.128873 -0.272827 0.189397 0.943236 255 255 255 1.000000
-0.005105 0.418334 -0.220390 -0.016243 -0.224462 -0.974347 255 255 255 1.000000
0.219353 0.283794 -0.151638 -0.292008 0.222043 0.930284 255 255 255 1.000000
0.336860 -0.319016 0.294530 0.807338 0.416432 0.418079 255 255 255 1.000000
0.116607 0.389827 -0.204712 -0.156711 0.241223 0.957733 255 255 255 1.000000
-0.258076 0.501796 -0.198543 -0.354168 -0.260414 -0.898192 255 255 255 1.000000
-0.265650 0.331003 -0.147770 -0.313777 -0.218955 -0.923906 255 255 255 1.000000
-0.037194 -0.056908 -0.051210 -0.474227 0.702824 -0.530232 255 255 255 1.000000
0.210084 -0.015959 -0.148954 -0.525666 -0.222802 0.820996 255 255 255 1.000000
-0.201771 0.156374 -0.131777 0.263983 0.964503 0.006801 255 255 255 1.000000
0.171063 -0.034282 0.381341 -0.078233 0.983457 0.163378 255 255 255 1.000000
0.001237 -0.053647 0.022116 -0.034478 0.998875 -0.032552 255 255 255 1.000000
-0.118579 -0.168902 0.050216 0.000000 -0.632753 0.774354 255 255 255 1.000000
0.315009 0.375021 -0.139303 0.023764 -0.169545 -0.985236 255 255 255 1.000000
0.331719 0.730673 -0.247374 -0.209187 -0.450995 -0.867666 255 255 255 1.000000
0.298766 -0.114653 -0.015213 0.867147 0.361245 -0.342867 255 255 255 1.000000
0.387170 -0.129721 0.013723 0.000000 0.816607 -0.577193 255 255 255 1.000000
0.169894 0.175536 -0.141751 0.228100 -0.060956 -0.971728 255 255 255 1.000000
0.288212 -0.127443 0.017253 0.000000 0.895659 -0.444741 255 255 255 1.000000
0.202855 0.118996 -0.134793 -0.289998 0.288422 0.912531 255 255 255 1.000000
0.160200 0.075099 -0.149079 -0.176058 -0.142634 0.973991 255 255 255 1.000000
-0.138896 -0.042361 0.147272 -0.087029 0.965965 -0.243592 255 255 255 1.000000
-0.217543 -0.176946 0.039245 0.000000 0.930633 -0.365953 255 255 255 1.000000
-0.234996 -0.177063 0.019977 0.000000 -0.936622 -0.350342 255 255 255 1.000000
0.129329 -0.051367 -0.065167 0.089453 -0.995661 0.025656 255 255 255 1.000000
0.003738 -0.139701 0.449846 0.000308 0.919684 -0.392660 255 255 255 1.000000
-0.311703 -0.102975 -0.130379 -0.109207 -0.187899 0.976098 255 255 255 1.000000
0.416201 -0.439340 -0.197114 0.661824 -0.356615 0.659405 255 255 255 1.000000
-0.377055 -0.077555 0.107652 0.949348 0.308869 0.057778 255 255 255 1.000000
0.336073 -0.010841 0.264461 0.848224 0.378887 -0.370081 255 255 255 1.000000
0.320926 -0.281632 0.241830 0.942353 -0.254262 -0.217533 255 255 255 1.000000
0.008792 0.713970 -0.285771 -0.016487 0.630351 0.776136 255 255 255 1.000000
-0.376575 -0.068024 0.078774 0.980180 0.190229 0.055320 255 255 255 1.000000
0.232405 0.055210 -0.198599 -0.457400 0.098973 -0.883736 255 255 255 1.000000
0.031280 -0.054939 -0.013128 -0.049160 0.998163 -0.035414 255 255 255 1.000000
0.179541 0.233598 -0.151023 0.257431 -0.207869 -0.943674 255 255 255 1.000000
-0.411169 -0.610598 -0.262973 -0.233838 0.357232 -0.904271 255 255 255 1.000000
-0.384269 -0.391026 -0.189634 0.687100 0.343278 -0.640355 255 255 255 1.000000
0.346870 -0.469815 0.421090 -0.458068 -0.512889 -0.726030 255 255 255 1.000000
-0.403320 -0.636877 -0.278785 0.450534 -0.335436 0.827346 255 255 255 1.000000
-0.306474 0.301410 -0.130194 -0.037085 0.137153 0.989855 255 255 255 1.000000
-0.392711 -0.548323 -0.262238 -0.959506 -0.065964 0.273856 255 255 255 1.000000
0.150676 -0.045943 0.050694 -0.083735 0.995592 -0.042255 255 255 255 1.000000
0.262716 -0.106502 0.451288 0.136546 -0.473202 0.870307 255 255 255 1.000000
0.224131 -0.097889 -0.128925 0.971717 -0.206101 -0.115279 255 255 255 1.000000
0.269954 0.040489 -0.132490 -0.588664 -0.534021 -0.606874 255 255 255 1.000000
0.337935 -0.015658 -0.121603 0.249287 0.968316 0.014798 255 255 255 1.000000
0.343424 -0.350734 0.272873 0.768081 -0.466723 -0.438429 255 255 255 1.000000
0.332083 -0.260854 0.166405 -0.254967 0.766473 0.589501 255 255 255 1.000000
0.386197 -0.701092 -0.221407 0.006474 -0.993662 -0.112222 255 255 255 1.000000
0.310763 -0.724651 0.497251 0.015790 0.483108 0.875418 255 255 255 1.000000
-0.355061 -0.133970 0.049312 0.000000 0.668808 0.743435 255 255 255 1.000000
0.208884 0.066842 -0.139163 0.199170 -0.844867 0.496519 255 255 255 1.000000
0.317193 0.643178 -0.249351 -0.269215 0.285904 0.919664 255 255 255 1.000000
0.381887 -0.360854 -0.137314 0.559421 0.505407 -0.656972 255 255 255 1.000000
-0.455949 -0.738040 -0.276410 0.998072 0.061237 -0.010158 255 255 255 1.000000
0.437978 -0.680601 -0.264766 0.026925 -0.999495 0.016892 255 255 255 1.000000
-0.371609 -0.101604 0.418160 -0.533889 0.476578 -0.698453 255 255 255 1.000000
-0.361562 -0.343273 0.282858 0.663606 0.534889 0.522993 255 255 255 1.000000
0.042170 -0.110864 -0.184416 -0.008147 -0.990427 0.137799 255 255 255 1.000000
-0.094286 -0.016142 -0.170923 -0.153178 0.207665 -0.966132 255 255 255 1.000000
0.024092 -0.139823 0.434749 -0.029763 0.999441 -0.015252 255 255 255 1.000000
0.396538 -0.368410 -0.188585 0.990196 0.063094 0.124621 255 255 255 1.000000
-0.236323 -0.037098 -0.070140 0.195311 0.956833 0.215230 255 255 255 1.000000
0.315124 -0.338800 0.286996 0.964979 -0.181986 -0.188938 255 255 255 1.000000
-0.283957 0.464268 -0.174568 -0.371523 -0.266418 -0.889377 255 255 255 1.000000
-0.251049 0.144433 -0.123711 0.284638 0.662398 -0.692972 255 255 255 1.000000
0.396990 -0.607631 -0.265840 0.384781 0.351966 -0.853266 255 255 255 1.000000
0.008848 0.143094 -0.167683 -0.107111 0.497076 -0.861070 255 255 255 1.000000
-0.211673 -0.041395 -0.070468 0.163761 0.975678 0.145722 255 255 255 1.000000
0.104728 0.275963 -0.177350 -0.165248 0.215972 0.962314 255 255 255 1.000000
0.404943 -0.458565 -0.202723 -0.986468 -0.163945 0.001597 255 255 255 1.000000
0.152518 0.049478 -0.153392 -0.192851 -0.086825 0.977379 255 255 255 1.000000
0.268305 -0.138897 0.005174 0.000000 -0.472708 0.881219 255 255 255 1.000000
-0.310934 -0.015981 0.262078 0.143774 0.986499 -0.078413 255 255 255 1.000000
0.345959 -0.079050 0.445557 -0.933930 -0.245355 -0.259952 255 255 255 1.000000
0.353128 -0.568171 0.475830 -0.705493 -0.339209 -0.622267 255 255 255 1.000000
-0.111362 0.367632 -0.198672 0.154514 0.248209 0.956304 255 255 255 1.000000
0.258588 -0.026750 0.200009 0.137872 -0.989754 0.037133 255 255 255 1.000000
0.051282 -0.055068 -0.021974 -0.057755 0.997710 -0.035205 255 255 255 1.000000
-0.363146 -0.498854 0.420144 0.981622 0.105164 0.159245 255 255 255 1.000000
-0.370537 -0.084932 -0.009895 -0.870426 -0.485510 -0.081477 255 255 255 1.000000
0.363730 0.616130 -0.220038 -0.790972 -0.202461 -0.577384 255 255 255 1.000000
-0.304399 0.307852 -0.174886 0.536157 0.120365 0.835493 255 255 255 1.000000
0.339303 -0.016570 -0.071802 -0.237384 -0.971393 -0.006663 255 255 255 1.000000
-0.198701 0.733224 -0.283169 0.119046 0.639971 0.759121 255 255 255 1.000000
0.367664 -0.254886 -0.069253 -0.988655 -0.144121 -0.042308 255 255 255 1.000000
-0.277463 -0.109748 -0.173418 0.739718 -0.098369 -0.665688 255 255 255 1.000000
0.257270 -0.028277 0.173677 0.137135 -0.989903 0.035868 255 255 255 1.000000
0.094318 -0.174468 0.044649 0.000000 -0.828584 0.559865 255 255 255 1.000000
-0.281348 0.272568 -0.180640 -0.313977 -0.106277 -0.943464 255 255 255 1.000000
-0.107897 -0.051264 0.428944 0.048610 0.952808 0.299655 255 255 255 1.000000
0.221440 -0.164184 0.053798 0.000000 -0.450019 0.893019 255 255 255 1.000000
0.087582 -0.036771 0.349542 0.046554 -0.998021 -0.042282 255 255 255 1.000000
-0.382229 -0.739541 0.547774 0.999755 0.016598 0.014661 255 255 255 1.000000
-0.385400 -0.414983 -0.190158 -0.887535 0.282725 -0.363796 255 255 255 1.000000
-0.419826 -0.500165 -0.217723 0.608400 0.352881 -0.710862 255 255 255 1.000000
0.372754 -0.035404 0.166192 0.949440 0.310814 -0.044256 255 255 255 1.000000
0.321346 -0.326878 0.257500 0.672764 0.539339 0.506460 255 255 255 1.000000
0.203867 0.691671 -0.257274 -0.158815 0.280005 0.946771 255 255 255 1.000000
-0.215926 0.099226 -0.134825 -0.184116 -0.883444 0.430847 255 255 255 1.000000
0.224277 -0.030684 0.208836 -0.122639 0.992336 -0.015131 255 255 255 1.000000
0.291092 -0.022991 -0.143670 0.094310 -0.889206 0.447681 255 255 255 1.000000
-0.360858 -0.651676 0.499377 -0.999728 0.007862 0.021964 255 255 255 1.000000
0.376705 -0.035448 0.316614 -0.997658 0.067655 0.010046 255 255 255 1.000000
0.127635 0.415247 -0.210779 -0.167986 0.237149 0.956839 255 255 255 1.000000
-0.191086 -0.044141 0.035694 0.014333 0.974500 -0.223928 255 255 255 1.000000
0.230062 0.701272 -0.255772 0.161208 -0.290368 -0.943238 255 255 255 1.000000
0.245313 -0.129183 -0.120812 0.729989 0.520777 0.442614 255 255 255 1.000000
-0.337844 -0.539520 0.423861 0.657823 -0.383817 -0.648038 255 255 255 1.000000
-0.291487 0.070286 -0.192280 -0.321731 0.147218 -0.935316 255 255 255 1.000000
0.334199 -0.610861 0.462772 -0.790938 0.305955 0.529914 255 255 255 1.000000
0.355348 -0.390075 0.330086 -0.955518 0.186125 0.228784 255 255 255 1.000000
-0.361370 0.720693 -0.255975 0.597614 -0.520591 -0.609789 255 255 255 1.000000
0.443847 -0.750877 -0.264024 0.332918 -0.894341 0.298863 255 255 255 1.000000
0.396350 -0.725020 -0.219122 0.008931 -0.027604 -0.999579 255 255 255 1.000000
-0.160117 -0.036242 0.237050 -0.057113 -0.995744 0.072339 255 255 255 1.000000
0.193313 -0.039832 0.096539 -0.102403 0.994058 -0.036907 255 255 255 1.000000
0.337150 -0.013385 0.368266 0.119541 -0.979200 -0.163940 255 255 255 1.000000
0.380142 -0.299301 -0.124502 -0.991163 -0.049069 -0.123237 255 255 255 1.000000
-0.296201 -0.028509 0.047256 0.154870 0.978260 0.137921 255 255 255 1.000000
0.237629 -0.135939 -0.086412 -0.838352 -0.489191 -0.240537 255 255 255 1.000000
-0.293514 0.129820 -0.146696 -0.027060 0.112602 -0.993272 255 255 255 1.000000
0.360608 -0.223992 -0.052510 -0.941911 0.164581 -0.292774 255 255 255 1.000000
0.369015 -0.124638 0.027722 0.000000 -0.998126 0.061197 255 255 255 1.000000
0.262968 0.645109 -0.232626 -0.230826 0.235997 0.943941 255 255 255 1.000000
-0.280574 0.152923 -0.143483 -0.006164 0.132048 -0.991224 255 255 255 1.000000
0.225216 -0.035210 0.115063 0.120709 -0.992293 0.027995 255 255 255 1.000000
-0.343727 -0.584224 0.491594 0.339888 0.446776 0.827567 255 255 255 1.000000
0.297688 0.027496 -0.163484 -0.385578 -0.025403 -0.922325 255 255 255 1.000000
0.248443 -0.021937 0.348704 -0.113032 0.990934 0.072615 255 255 255 1.000000
-0.048215 -0.048979 0.107685 -0.527130 0.619564 -0.581614 255 255 255 1.000000
-0.311252 0.430268 -0.200814 0.382308 0.190070 0.904276 255 255 255 1.000000
0.316819 0.530984 -0.179425 -0.382642 0.267447 0.884340 255 255 255 1.000000
-0.178202 -0.045925 -0.068207 0.123582 0.992282 0.010240 255 255 255 1.000000
0.255510 0.161869 -0.120312 0.395878 -0.896917 -0.197031 255 255 255 1.000000
0.365533 -0.033253 0.049226 -0.863712 -0.501677 0.048194 255 255 255 1.000000
0.192043 0.339438 -0.172496 0.267709 -0.243797 -0.932145 255 255 255 1.000000
-0.179733 0.483290 -0.218499 0.235654 0.237109 0.942469 255 255 255 1.000000
0.341658 -0.025819 0.421013 0.044285 -0.718897 -0.693704 255 255 255 1.000000
0.255080 0.046157 -0.203964 -0.118330 -0.125699 0.984986 255 255 255 1.000000
0.336026 -0.723174 0.582182 -0.395398 -0.676893 0.620868 255 255 255 1.000000
0.324488 0.572985 -0.190982 -0.220737 0.319418 0.921546 255 255 255 1.000000
0.330730 -0.018398 -0.019347 -0.217731 0.975448 0.033089 255 255 255 1.000000
0.025021 -0.124424 0.030264 0.000000 -0.999497 -0.031702 255 255 255 1.000000
0.095104 0.319829 -0.189105 0.142058 -0.235635 -0.961403 255 255 255 1.000000
-0.111653 0.421779 -0.214083 -0.148260 -0.237407 -0.960030 255 255 255 1.000000
0.293642 -0.022271 -0.103661 0.211220 -0.976061 -0.051869 255 255 255 1.000000
0.340101 -0.017047 0.388634 0.110198 -0.966455 -0.231994 255 255 255 1.000000
0.211631 -0.035619 0.138715 0.113751 -0.993131 0.027402 255 255 255 1.000000
0.062278 -0.126840 0.019502 0.000000 -0.930132 0.367226 255 255 255 1.000000
0.116954 -0.002709 -0.164813 0.175933 0.087507 -0.980505 255 255 255 1.000000
0.306959 0.191589 -0.126201 -0.709126 0.058851 -0.702621 255 255 255 1.000000
-0.254375 -0.175850 0.043267 0.000000 0.865395 -0.501091 255 255 255 1.000000
-0.066156 0.283391 -0.184637 -0.103703 -0.210369 -0.972106 255 255 255 1.000000
0.376223 -0.080490 0.352828 -0.932701 0.223615 0.282958 255 255 255 1.000000
0.016929 0.276550 -0.186414 0.027387 -0.205888 -0.978192 255 255 255 1.000000
-0.162192 -0.046906 0.018330 0.170955 -0.896469 0.408801 255 255 255 1.000000
0.350827 -0.020576 -0.049470 0.411624 0.911344 -0.004245 255 255 255 1.000000
-0.362589 -0.022749 -0.013633 -0.566095 0.824044 -0.022070 255 255 255 1.000000
0.137462 -0.040453 0.182406 -0.074867 0.996776 -0.028863 255 255 255 1.000000
-0.305955 -0.740429 0.562718 0.142745 -0.683343 0.716007 255 255 255 1.000000
-0.210819 0.599766 -0.238730 -0.229806 -0.228515 -0.946029 255 255 255 1.000000
0.305222 -0.028449 0.414207 -0.107296 0.954990 0.276552 255 255 255 1.000000
0.372835 -0.690338 0.513978 -0.993084 -0.081892 0.084128 255 255 255 1.000000
0.315094 -0.354899 0.301553 0.959715 -0.189337 -0.207603 255 255 255 1.000000
-0.173725 -0.172697 0.046420 0.000000 -0.773923 0.633280 255 255 255 1.000000
0.242552 0.645229 -0.237989 0.213436 -0.220874 -0.951662 255 255 255 1.000000
-0.378040 -0.706114 -0.240714 -0.999749 0.009508 -0.020308 255 255 255 1.000000
-0.016500 -0.056458 -0.034759 -0.152231 0.973429 -0.171062 255 255 255 1.000000
0.008495 -0.095226 -0.194107 0.018627 -0.201134 -0.979387 255 255 255 1.000000
-0.324748 0.691901 -0.234410 -0.255743 -0.325077 -0.910451 255 255 255 1.000000
0.315648 0.266727 -0.141403 0.989883 -0.112513 0.086438 255 255 255 1.000000
-0.257488 -0.021961 0.350275 0.116117 0.989612 0.084765 255 255 255 1.000000
-0.103529 -0.026714 -0.169989 -0.146874 0.142841 -0.978787 255 255 255 1.000000
0.317317 -0.561639 0.468131 0.862650 -0.257853 -0.435140 255 255 255 1.000000
0.107956 -0.130737 0.453330 0.064049 -0.776137 0.627303 255 255 255 1.000000
0.344882 0.483726 -0.165584 -0.502602 -0.143677 -0.852496 255 255 255 1.000000
-0.231995 -0.035035 -0.134711 -0.193172 -0.159481 -0.968117 255 255 255 1.000000
-0.456349 -0.700424 -0.260668 -0.999306 0.034691 -0.013531 255 255 255 1.000000
-0.312120 0.016917 -0.181612 0.995224 -0.000643 -0.097613 255 255 255 1.000000
0.273573 -0.107440 -0.014628 -0.017755 0.987068 0.159317 255 255 255 1.000000
-0.234931 0.587489 -0.231171 -0.278406 -0.232971 -0.931781 255 255 255 1.000000
-0.394140 -0.570701 -0.262457 0.998076 -0.025379 -0.056577 255 255 255 1.000000
-0.091581 -0.161721 0.054458 0.000000 0.365244 -0.930912 255 255 255 1.000000
0.124383 -0.163965 0.004930 0.000000 -0.442729 -0.896656 255 255 255 1.000000
0.273731 -0.011244 -0.166317 0.717355 -0.677028 0.164424 255 255 255 1.000000
0.372106 -0.058249 0.149693 -0.983232 0.176465 0.045994 255 255 255 1.000000
-0.320692 0.673985 -0.228745 0.264355 0.316540 0.910999 255 255 255 1.000000
0.348144 -0.543003 0.429208 -0.476923 0.457146 0.750708 255 255 255 1.000000
0.043549 -0.044742 0.185115 -0.039847 0.999148 -0.010720 255 255 255 1.000000
-0.399808 -0.446122 -0.191180 -0.429166 0.449864 -0.783223 255 255 255 1.000000
-0.063387 0.460214 -0.230265 0.083016 0.228197 0.970069 255 255 255 1.000000
0.328249 -0.013461 0.235858 -0.765766 -0.540181 0.349007 255 255 255 1.000000
0.197935 -0.041052 -0.113485 -0.163913 0.985904 0.033556 255 255 255 1.000000
0.369287 -0.069827 0.074371 0.978329 -0.199243 -0.056345 255 255 255 1.000000
-0.321500 -0.013783 0.355632 0.129176 0.983084 0.129843 255 255 255 1.000000
-0.232840 -0.036366 0.080505 0.061879 -0.893776 0.444224 255 255 255 1.000000
0.301242 0.162303 -0.132877 0.778404 -0.104956 0.618928 255 255 255 1.000000
-0.171878 0.587028 -0.244362 0.178447 0.226340 0.957563 255 255 255 1.000000
-0.058350 -0.056979 -0.073424 -0.385630 -0.922639 0.005199 255 255 255 1.000000
0.278795 0.055540 -0.157028 -0.051287 -0.093854 0.994264 255 255 255 1.000000
-0.356678 0.428643 -0.165887 0.899897 0.039282 -0.434331 255 255 255 1.000000
0.025110 0.463035 -0.232753 -0.018828 0.209296 0.977671 255 255 255 1.000000
-0.261278 -0.044928 -0.171133 0.750673 0.316131 -0.580130 255 255 255 1.000000
-0.227004 -0.062898 0.450172 0.006908 0.561895 0.827180 255 255 255 1.000000
-0.413339 -0.301353 -0.121038 -0.982317 0.162011 -0.093841 255 255 255 1.000000
0.129718 0.347336 -0.190923 -0.185295 0.250626 0.950185 255 255 255 1.000000
0.353307 -0.213463 0.137563 0.944322 0.270431 0.187412 255 255 255 1.000000
0.210041 -0.041070 -0.028062 -0.132193 0.991013 -0.020462 255 255 255 1.000000
0.025660 0.560654 -0.253309 0.026838 -0.196676 -0.980101 255 255 255 1.000000
-0.396848 -0.748174 -0.291301 0.003843 -0.722211 -0.691663 255 255 255 1.000000
0.381339 -0.675645 -0.248385 -0.045974 0.804470 0.592212 255 255 255 1.000000
-0.110412 0.074821 -0.160426 -0.225212 0.826455 -0.515996 255 255 255 1.000000
0.088584 0.498878 -0.238515 -0.099412 0.209571 0.972727 255 255 255 1.000000
-0.361968 -0.744650 0.561127 0.027989 0.703599 -0.710046 255 255 255 1.000000
0.171171 0.056978 -0.148336 0.152380 0.212866 -0.965126 255 255 255 1.000000
0.266701 -0.179079 0.031294 0.000000 0.997563 -0.069766 255 255 255 1.000000
0.302906 -0.001640 -0.174162 -0.603601 -0.177025 -0.777385 255 255 255 1.000000
0.325984 -0.599095 0.456534 -0.955207 0.156202 0.251359 255 255 255 1.000000
-0.178108 0.183618 -0.141537 -0.234333 -0.183920 -0.954600 255 255 255 1.000000
-0.371674 -0.032461 0.038620 -0.870930 0.489154 -0.047009 255 255 255 1.000000
-0.302136 -0.161714 0.043832 0.740102 0.661475 0.121241 255 255 255 1.000000
-0.204011 0.295665 -0.159127 -0.263493 -0.226824 -0.937615 255 255 255 1.000000
0.120370 -0.054538 0.441464 -0.015400 0.685939 0.727496 255 255 255 1.000000
-0.397013 -0.370418 -0.157476 -0.994398 0.102389 0.026252 255 255 255 1.000000
0.245766 0.095077 -0.151528 -0.021139 -0.120567 0.992480 255 255 255 1.000000
-0.311029 0.338479 -0.134931 -0.003202 0.152310 0.988328 255 255 255 1.000000
-0.321722 -0.751560 0.551054 0.024316 -0.910149 0.413566 255 255 255 1.000000
0.355574 -0.335602 0.293671 0.956866 0.208367 0.202463 255 255 255 1.000000
-0.370870 -0.048128 -0.022879 -0.996876 -0.047380 -0.063199 255 255 255 1.000000
-0.127936 -0.051049 -0.153756 -0.149133 -0.884543 -0.441976 255 255 255 1.000000
0.411955 -0.602813 -0.259544 0.206710 -0.346388 0.915034 255 255 255 1.000000
-0.274651 0.273761 -0.132105 -0.290307 -0.197048 -0.936426 255 255 255 1.000000
-0.324423 -0.223402 0.131948 -0.821115 0.469466 0.324611 255 255 255 1.000000
-0.344628 -0.018358 0.079909 -0.204787 -0.973084 -0.105689 255 255 255 1.000000
-0.390184 -0.504575 -0.241467 -0.991587 0.004976 0.129345 255 255 255 1.000000
-0.306827 -0.018194 0.377247 -0.113448 -0.971761 -0.206907 255 255 255 1.000000
-0.102088 0.356812 -0.196748 -0.142308 -0.249241 -0.957929 255 255 255 1.000000
-0.227668 0.487077 -0.207168 0.321339 0.255844 0.911748 255 255 255 1.000000
-0.303218 -0.705000 0.515437 -0.998350 -0.027910 0.050186 255 255 255 1.000000
0.296271 0.441144 -0.206960 0.269583 -0.176369 -0.946688 255 255 255 1.000000
0.196676 0.434846 -0.199674 -0.273004 0.253446 0.928027 255 255 255 1.000000
0.370603 -0.736198 -0.290499 -0.998504 -0.054018 0.008441 255 255 255 1.000000
0.349286 -0.019594 -0.062716 0.353877 0.935290 0.001867 255 255 255 1.000000
0.300821 0.559813 -0.196921 -0.361788 0.268786 0.892672 255 255 255 1.000000
-0.166079 -0.040152 0.152886 0.035483 0.990228 -0.134868 255 255 255 1.000000
0.228567 0.225738 -0.134532 -0.278244 0.197620 0.939961 255 255 255 1.000000
-0.304791 -0.123793 -0.110705 0.809524 0.410723 -0.419498 255 255 255 1.000000
0.305368 0.622223 -0.215295 0.289199 -0.268599 -0.918814 255 255 255 1.000000
-0.336065 -0.520142 0.452632 0.413411 0.484281 0.771079 255 255 255 1.000000
0.093295 -0.015421 -0.170423 0.167697 0.084505 -0.982210 255 255 255 1.000000
-0.267345 -0.027563 -0.133076 0.239882 0.496966 0.833955 255 255 255 1.000000
-0.357668 -0.212308 0.108665 -0.907473 -0.352228 -0.228971 255 255 255 1.000000
0.075053 -0.037973 0.304918 -0.048504 0.998797 -0.007141 255 255 255 1.000000
0.267386 0.122478 -0.122594 -0.187302 0.971447 -0.145630 255 255 255 1.000000
0.078481 -0.073158 -0.189994 -0.032946 -0.509978 0.859556 255 255 255 1.000000
0.016153 -0.057628 -0.062144 -0.047123 0.997937 -0.043609 255 255 255 1.000000
-0.362654 -0.068707 -0.107551 0.858822 0.479816 0.179448 255 255 255 1.000000
0.204904 -0.035454 0.157873 -0.110499 0.993534 -0.026072 255 255 255 1.000000
0.396730 -0.334568 -0.114617 -0.420150 0.523311 -0.741363 255 255 255 1.000000
0.235573 -0.031944 0.156547 0.127458 -0.991622 0.021001 255 255 255 1.000000
0.355130 -0.287818 0.233719 0.982598 0.137873 0.124464 255 255 255 1.000000
0.351397 -0.681083 0.507872 0.012077 0.807277 -0.590049 255 255 255 1.000000
0.368320 -0.752970 0.546695 0.105408 -0.931662 0.347699 255 255 255 1.000000
0.217687 -0.149098 0.002442 0.000000 -0.102992 0.994682 255 255 255 1.000000
-0.328912 -0.441802 0.360403 0.794443 -0.376367 -0.476663 255 255 255 1.000000
0.371217 -0.070569 0.138748 -0.959164 0.277783 0.053299 255 255 255 1.000000
-0.364023 -0.694453 0.506381 0.119247 0.385704 -0.914884 255 255 255 1.000000
-0.346068 -0.438288 0.351844 -0.551234 -0.538583 -0.637236 255 255 255 1.000000
-0.286411 -0.027392 -0.148248 -0.084119 0.308240 -0.947582 255 255 255 1.000000
0.285751 0.261071 -0.169979 -0.489404 0.087943 0.867611 255 255 255 1.000000
-0.178024 -0.047581 -0.164973 -0.058583 0.530474 -0.845675 255 255 255 1.000000
-0.419427 -0.442473 -0.225872 -0.772959 0.339271 -0.536125 255 255 255 1.000000
-0.236768 -0.033664 0.401991 -0.091275 -0.961683 -0.258523 255 255 255 1.000000
0.341722 -0.652574 0.520896 -0.345937 -0.387437 -0.854529 255 255 255 1.000000
-0.213259 -0.041633 -0.021386 -0.134112 -0.990815 -0.017323 255 255 255 1.000000
-0.308015 -0.025529 -0.007960 0.199314 0.978833 0.046473 255 255 255 1.000000
0.194253 -0.029731 0.294336 -0.108314 0.994083 -0.008243 255 255 255 1.000000
0.280895 0.033675 -0.160069 0.183566 -0.029797 -0.982556 255 255 255 1.000000
0.295356 0.715806 -0.280734 -0.212856 0.336913 0.917160 255 255 255 1.000000
-0.269909 -0.115986 0.022583 0.108084 0.973407 0.201982 255 255 255 1.000000
0.393443 -0.350006 -0.174955 0.985899 0.034637 0.163719 255 255 255 1.000000
-0.400523 -0.696526 -0.307036 -0.029352 -0.998790 -0.039456 255 255 255 1.000000
0.225209 -0.140968 0.015768 -0.927052 -0.357941 -0.111591 255 255 255 1.000000
0.038783 -0.039065 0.297747 -0.031336 0.999508 -0.001453 255 255 255 1.000000
0.040150 -0.086544 0.461545 0.006784 0.323733 0.946124 255 255 255 1.000000
-0.430323 -0.512686 -0.234312 -0.986982 0.116783 -0.110583 255 255 255 1.000000
0.377161 -0.029738 0.341854 -0.999760 -0.000861 0.021900 255 255 255 1.000000
-0.384690 -0.137425 0.052769 0.000000 0.526158 0.850387 255 255 255 1.000000
0.225469 0.126990 -0.179552 0.961561 -0.085206 0.261036 255 255 255 1.000000
0.376154 -0.039330 0.383252 0.373134 -0.203011 -0.905294 255 255 255 1.000000
-0.181266 0.660718 -0.256757 0.144411 0.250180 0.957369 255 255 255 1.000000
-0.428513 -0.543436 -0.257919 0.995856 -0.085831 -0.030058 255 255 255 1.000000
0.062218 0.657936 -0.265023 0.066461 -0.226730 -0.971687 255 255 255 1.000000
-0.351654 -0.410221 0.374047 -0.998979 -0.026947 -0.036270 255 255 255 1.000000
-0.105225 -0.053914 -0.161546 0.120187 0.974096 0.191551 255 255 255 1.000000
0.359509 0.500330 -0.179089 -0.791996 -0.066965 -0.606843 255 255 255 1.000000
0.299940 -0.100819 -0.174932 -0.415703 -0.140801 0.898536 255 255 255 1.000000
-0.296902 0.118788 -0.181634 -0.382608 0.132931 -0.914298 255 255 255 1.000000
-0.235489 0.129641 -0.192695 0.004723 -0.081805 0.996637 255 255 255 1.000000
0.033912 -0.043953 0.204274 0.034124 -0.999389 0.007628 255 255 255 1.000000
-0.298354 -0.138185 -0.077187 -0.787275 0.111211 -0.606489 255 255 255 1.000000
0.358222 0.584621 -0.200832 0.758615 0.201385 0.619635 255 255 255 1.000000
-0.283179 -0.035476 -0.159389 -0.019110 -0.678097 0.734724 255 255 255 1.000000
0.151320 0.539298 -0.238899 -0.172144 0.210759 0.962262 255 255 255 1.000000
0.046072 -0.065681 0.452196 0.000416 0.596264 0.802789 255 255 255 1.000000
-0.336043 -0.017089 0.152909 -0.189152 -0.936878 -0.294076 255 255 255 1.000000
-0.187244 -0.034562 0.224084 0.068056 0.993828 -0.087606 255 255 255 1.000000
0.334123 -0.282930 0.194564 0.331493 -0.733068 -0.593906 255 255 255 1.000000
0.276311 -0.030017 -0.036878 -0.193287 0.980947 0.019562 255 255 255 1.000000
0.143593 -0.012948 -0.160714 -0.181792 -0.094721 0.978764 255 255 255 1.000000
0.339241 0.592218 -0.220140 0.620735 -0.230569 -0.749350 255 255 255 1.000000
-0.366100 -0.045338 -0.093630 -0.996109 -0.052439 -0.070833 255 255 255 1.000000
0.417823 -0.673360 -0.313944 -0.404282 0.011167 0.914566 255 255 255 1.000000
-0.348107 -0.508421 0.401629 0.981653 0.127901 0.141419 255 255 255 1.000000
0.286457 -0.103161 -0.033401 0.239900 -0.835970 -0.493561 255 255 255 1.000000
0.021290 0.538425 -0.250323 -0.019846 0.193895 0.980822 255 255 255 1.000000
0.005051 0.128213 -0.169194 0.075028 -0.426778 0.901239 255 255 255 1.000000
0.304496 0.004430 -0.155329 -0.836264 0.069800 -0.543866 255 255 255 1.000000
-0.154260 0.103068 -0.148022 -0.052177 0.936922 -0.345622 255 255 255 1.000000
0.211202 0.379739 -0.179351 0.291565 -0.246729 -0.924183 255 255 255 1.000000
0.079302 -0.041899 0.226658 -0.054865 0.998399 -0.013738 255 255 255 1.000000
-0.217685 -0.026713 0.340672 0.109268 0.993573 0.029563 255 255 255 1.000000
0.315200 -0.381722 0.316580 -0.685683 -0.497865 -0.531009 255 255 255 1.000000
0.225280 -0.115102 -0.046386 -0.860069 0.485563 0.156556 255 255 255 1.000000
-0.148186 -0.035272 0.275233 0.061809 0.997206 -0.041944 255 255 255 1.000000
0.176371 0.614534 -0.245000 0.181021 -0.186798 -0.965576 255 255 255 1.000000
0.336683 -0.216241 0.170138 -0.389767 -0.748592 -0.536369 255 255 255 1.000000
0.356773 -0.561998 0.452649 0.964975 -0.138439 -0.222839 255 255 255 1.000000
-0.056363 -0.040176 0.372299 0.025934 0.994145 0.104892 255 255 255 1.000000
0.225812 0.149846 -0.184466 0.996220 -0.066913 0.055385 255 255 255 1.000000
-0.379074 -0.063191 0.154271 0.972338 0.228656 0.047693 255 255 255 1.000000
-0.312954 -0.123408 -0.069060 0.598291 -0.375328 0.707938 255 255 255 1.000000
0.180948 -0.029373 0.336200 -0.098811 0.994951 0.017548 255 255 255 1.000000
0.305398 0.462835 -0.163856 -0.372034 0.254310 0.892702 255 255 255 1.000000
-0.035513 0.408736 -0.217744 -0.051113 -0.232084 -0.971352 255 255 255 1.000000
-0.154761 0.737341 -0.292128 0.115848 0.724416 0.679559 255 255 255 1.000000
-0.115658 -0.050428 0.008818 -0.497799 0.548344 -0.671949 255 255 255 1.000000
-0.333343 0.693048 -0.263528 0.329558 0.324369 0.886666 255 255 255 1.000000
0.071290 -0.167813 0.051305 0.000000 -0.587945 0.808901 255 255 255 1.000000
-0.340502 -0.505436 0.445236 -0.520671 -0.461982 -0.717965 255 255 255 1.000000
-0.393752 -0.252120 -0.100391 -0.583169 0.569527 -0.579269 255 255 255 1.000000
0.379322 -0.176737 0.040026 0.000000 0.919346 -0.393451 255 255 255 1.000000
-0.275851 0.247533 -0.180339 -0.284487 -0.073338 -0.955871 255 255 255 1.000000
-0.328398 -0.319084 0.244958 0.329880 -0.703987 -0.628952 255 255 255 1.000000
-0.243165 -0.128041 -0.116313 0.674482 -0.686074 -0.272722 255 255 255 1.000000
-0.030477 -0.046362 0.167596 -0.215402 0.948370 -0.232799 255 255 255 1.000000
0.390350 -0.232809 -0.032684 -0.540507 0.531404 -0.652275 255 255 255 1.000000
0.101661 -0.044842 0.147075 0.067078 -0.997456 0.024138 255 255 255 1.000000
-0.056931 -0.158032 0.055446 0.000000 0.229550 -0.973297 255 255 255 1.000000
0.167098 -0.038987 0.161649 0.090063 -0.995482 0.030079 255 255 255 1.000000
-0.327635 -0.011537 0.337102 -0.141799 -0.987707 -0.065779 255 255 255 1.000000
0.319747 -0.306711 0.234587 -0.679654 -0.550135 -0.485202 255 255 255 1.000000
-0.321250 -0.699675 0.568157 0.097752 0.647436 0.755825 255 255 255 1.000000
0.214833 0.590434 -0.233043 -0.235540 0.202543 0.950525 255 255 255 1.000000
-0.282263 -0.103465 0.450921 0.262025 0.316159 -0.911804 255 255 255 1.000000
0.084291 0.549565 -0.248237 -0.081446 0.189966 0.978407 255 255 255 1.000000
0.343382 0.603482 -0.209351 0.955215 0.085424 0.283313 255 255 255 1.000000
0.105621 -0.047206 0.092834 0.070519 -0.997084 0.029176 255 255 255 1.000000
-0.301245 0.019184 -0.143802 0.719347 0.084692 -0.689468 255 255 255 1.000000
-0.010557 -0.050910 0.080504 0.025128 -0.999372 0.024987 255 255 255 1.000000
0.116983 -0.045956 0.415646 -0.051802 0.959503 0.276895 255 255 255 1.000000
-0.360858 -0.008665 0.282873 0.132998 -0.990917 -0.019863 255 255 255 1.000000
0.378913 -0.435608 -0.208011 0.986201 0.122782 -0.111052 255 255 255 1.000000
0.003678 -0.047767 0.138858 0.026052 -0.999541 0.015495 255 255 255 1.000000
0.124041 -0.049076 0.026866 -0.078118 0.996209 -0.038272 255 255 255 1.000000
0.125097 0.247904 -0.167270 0.197433 -0.202954 -0.959078 255 255 255 1.000000
0.263298 -0.148730 -0.034846 0.093623 -0.967184 0.236197 255 255 255 1.000000
-0.032760 -0.076877 -0.194725 -0.027610 0.310765 -0.950086 255 255 255 1.000000
0.235473 -0.176258 0.016975 0.000000 -0.890969 -0.454064 255 255 255 1.000000
0.340499 -0.433213 0.394200 0.675180 0.448844 0.585381 255 255 255 1.000000
-0.274477 -0.031847 -0.002140 0.165555 0.983390 0.074406 255 255 255 1.000000
-0.213044 0.523420 -0.221800 -0.296832 -0.245394 -0.922861 255 255 255 1.000000
0.300273 -0.125454 -0.092539 -0.457825 0.624735 -0.632536 255 255 255 1.000000
0.094341 0.405746 -0.211886 0.119657 -0.235964 -0.964367 255 255 255 1.000000
0.295519 -0.114220 -0.157101 0.646842 0.746963 -0.153755 255 255 255 1.000000
-0.109253 0.054976 -0.162259 0.221048 -0.711725 0.666772 255 255 255 1.000000
-0.164726 0.165623 -0.142436 0.305671 0.702585 0.642603 255 255 255 1.000000
0.360887 -0.694454 0.495647 -0.072261 -0.721379 0.688760 255 255 255 1.000000
-0.236302 -0.025662 0.303073 0.116711 0.992273 -0.042094 255 255 255 1.000000
0.158064 0.314106 -0.175195 -0.228452 0.234322 0.944936 255 255 255 1.000000
0.359816 -0.056735 -0.082277 -0.981035 0.171720 0.089907 255 255 255 1.000000
-0.290155 0.073249 -0.154565 -0.366916 -0.220764 -0.903679 255 255 255 1.000000
-0.108193 0.193492 -0.160211 0.171123 0.176473 0.969316 255 255 255 1.000000
0.341474 0.467847 -0.175316 0.982169 -0.020627 0.186864 255 255 255 1.000000
0.271433 -0.116506 0.439961 -0.159592 0.811336 -0.562374 255 255 255 1.000000
-0.363485 -0.606516 0.487241 -0.952388 0.148909 0.266053 255 255 255 1.000000
-0.249373 -0.124456 -0.141614 0.638056 -0.674758 -0.370927 255 255 255 1.000000
-0.310212 -0.137572 -0.021778 0.660874 0.703291 -0.261967 255 255 255 1.000000
0.350720 -0.708916 0.490797 0.215743 0.910871 -0.351807 255 255 255 1.000000
-0.198996 -0.036962 0.159021 -0.055215 -0.988971 0.137433 255 255 255 1.000000
-0.248532 0.187987 -0.187209 -0.116503 0.050316 -0.991915 255 255 255 1.000000
-0.311136 -0.119565 -0.034711 0.646692 -0.320047 0.692358 255 255 255 1.000000
-0.255105 0.283760 -0.165440 -0.954933 -0.241609 -0.172418 255 255 255 1.000000
0.238871 0.125197 -0.127124 0.368484 -0.928616 -0.043485 255 255 255 1.000000
0.398539 -0.407146 -0.166420 0.302423 -0.432270 0.849520 255 255 255 1.000000
-0.123835 -0.045469 0.102478 0.278533 -0.853110 0.441161 255 255 255 1.000000
0.382723 -0.180855 -0.027447 0.580274 0.614326 -0.534683 255 255 255 1.000000
-0.103560 0.022940 -0.165959 0.196460 -0.481416 0.854191 255 255 255 1.000000
0.235261 -0.120532 0.027274 -0.766545 0.623153 0.155206 255 255 255 1.000000
0.177600 0.454202 -0.210394 -0.241342 0.247218 0.938423 255 255 255 1.000000
0.319803 -0.014172 0.253526 0.763754 0.539665 -0.354177 255 255 255 1.000000
-0.181850 0.139083 -0.137755 0.140511 0.981029 -0.133559 255 255 255 1.000000
0.243521 -0.133200 0.048543 0.000000 0.698454 0.715655 255 255 255 1.000000
-0.341594 -0.179134 0.027697 0.000000 0.998068 0.062126 255 255 255 1.000000
0.303263 0.578816 -0.231544 -0.159088 0.236783 0.958449 255 255 255 1.000000
0.262099 0.090013 -0.152233 0.022715 0.119281 -0.992601 255 255 255 1.000000
0.016038 -0.061491 -0.178183 0.002350 -0.940597 0.339518 255 255 255 1.000000
0.326791 -0.508320 0.404703 -0.973010 -0.146197 -0.178542 255 255 255 1.000000
-0.023808 -0.116934 0.464264 -0.015959 -0.223303 0.974618 255 255 255 1.000000
0.166185 -0.054409 -0.175879 0.032085 0.597531 -0.801204 255 255 255 1.000000
0.186113 0.661211 -0.252392 0.173037 -0.234618 -0.956563 255 255 255 1.000000
-0.321942 -0.416753 0.363237 -0.960062 -0.176040 -0.217463 255 255 255 1.000000
-0.181001 -0.044704 -0.121762 -0.186547 -0.587363 -0.787531 255 255 255 1.000000
0.285471 0.163656 -0.118452 -0.585026 -0.331393 -0.740219 255 255 255 1.000000
-0.308299 -0.067303 -0.197329 0.799475 0.221530 0.558359 255 255 255 1.000000
-0.338334 0.457695 -0.190377 -0.607004 -0.212583 -0.765738 255 255 255 1.000000
0.188630 -0.036533 0.173194 0.101858 -0.994434 0.026932 255 255 255 1.000000
-0.079911 -0.171027 0.048091 0.000000 -0.715317 0.698800 255 255 255 1.000000
-0.348276 -0.567346 0.437978 0.819027 -0.287644 -0.496443 255 255 255 1.000000
-0.350411 0.608494 -0.215126 -0.961433 0.075711 0.264414 255 255 255 1.000000
0.384400 -0.466449 -0.233332 -0.692195 0.304025 -0.654550 255 255 255 1.000000
0.263302 -0.083372 -0.121174 -0.564816 -0.738861 -0.367515 255 255 255 1.000000
-0.397100 -0.358721 -0.165212 -0.979221 0.171047 -0.108944 255 255 255 1.000000
0.305204 0.026739 -0.179738 0.995497 -0.004034 0.094710 255 255 255 1.000000
-0.310817 -0.131917 0.027998 0.852560 -0.522559 0.008556 255 255 255 1.000000
-0.108291 -0.053109 -0.045428 0.333916 0.905667 0.261279 255 255 255 1.000000
-0.097447 -0.055414 0.438895 0.026698 0.830381 0.556557 255 255 255 1.000000
0.162162 -0.033733 0.270511 0.090561 -0.995793 0.013934 255 255 255 1.000000
0.372801 -0.132740 0.010704 0.000000 -0.715670 0.698439 255 255 255 1.000000
-0.259328 0.139495 -0.191086 0.151617 -0.092441 0.984107 255 255 255 1.000000
-0.077086 -0.051616 0.425552 0.036553 0.958992 0.281065 255 255 255 1.000000
-0.061205 -0.045017 0.178678 -0.400221 0.795705 -0.454617 255 255 255 1.000000
0.268206 -0.170988 0.048130 0.000000 -0.713877 0.700271 255 255 255 1.000000
-0.034487 -0.044295 0.401224 0.015661 0.977822 0.208852 255 255 255 1.000000
-0.037719 -0.125818 0.023316 0.000000 0.973900 -0.226977 255 255 255 1.000000
-0.335450 -0.013939 0.226623 0.162485 0.966215 -0.200067 255 255 255 1.000000
0.164544 0.133380 -0.142179 -0.293383 0.953901 0.063244 255 255 255 1.000000
0.143773 -0.041146 0.158717 -0.077548 0.996474 -0.032036 255 255 255 1.000000
-0.002627 -0.057249 -0.048673 0.038637 -0.998325 0.043059 255 255 255 1.000000
-0.322138 -0.022082 -0.014954 -0.208328 -0.977160 -0.041929 255 255 255 1.000000
-0.299371 -0.127639 0.042266 0.000000 0.883291 0.468825 255 255 255 1.000000
-0.049416 -0.057988 0.441177 -0.009635 -0.835645 -0.549186 255 255 255 1.000000
-0.230972 -0.137350 0.028309 -0.977677 0.199139 0.067017 255 255 255 1.000000
0.099367 0.147891 -0.155830 0.288818 -0.280954 -0.915232 255 255 255 1.000000
0.172394 0.566061 -0.238452 -0.190380 0.204438 0.960188 255 255 255 1.000000
0.334930 -0.042977 0.438559 -0.011145 0.571639 0.820430 255 255 255 1.000000
-0.355630 -0.337655 0.267897 0.659688 0.538587 0.524152 255 255 255 1.000000
-0.320746 0.557816 -0.187419 0.377520 0.272666 0.884947 255 255 255 1.000000
0.081578 -0.053145 0.006326 -0.068066 0.997210 -0.030640 255 255 255 1.000000
0.052432 -0.177706 0.036414 0.000000 0.964949 -0.262439 255 255 255 1.000000
-0.259303 0.725306 -0.261739 0.156342 0.463263 0.872321 255 255 255 1.000000
-0.456583 -0.709215 -0.273045 0.999832 -0.016613 0.007745 255 255 255 1.000000
0.290037 0.076670 -0.187979 0.337219 0.156706 -0.928292 255 255 255 1.000000
0.392241 -0.602413 -0.293296 0.738906 -0.201839 0.642868 255 255 255 1.000000
0.229242 0.363043 -0.168077 -0.311775 0.244676 0.918112 255 255 255 1.000000
0.061488 0.507547 -0.243454 0.062434 -0.199423 -0.977923 255 255 255 1.000000
0.369628 -0.318086 -0.129136 0.995716 -0.014206 0.091369 255 255 255 1.000000
0.354157 -0.334153 0.279975 0.999575 -0.027711 -0.009061 255 255 255 1.000000
0.106409 -0.125033 0.026248 0.000000 0.993213 -0.116310 255 255 255 1.000000
-0.043692 0.195673 -0.171619 -0.083988 -0.166682 -0.982427 255 255 255 1.000000
-0.204366 -0.043732 0.426014 0.083815 0.952011 0.294365 255 255 255 1.000000
0.104861 -0.051560 0.005063 -0.074281 0.996596 -0.035760 255 255 255 1.000000
-0.273234 0.629521 -0.228535 0.260968 0.267990 0.927403 255 255 255 1.000000
-0.455932 -0.728388 -0.254305 0.998958 0.042956 -0.015431 255 255 255 1.000000
-0.088368 -0.049649 0.063546 -0.577535 0.445142 -0.684326 255 255 255 1.000000
0.307188 -0.024753 0.014240 0.195770 -0.980435 -0.020520 255 255 255 1.000000
-0.342435 -0.063259 0.446347 0.219444 -0.075675 -0.972686 255 255 255 1.000000
-0.015162 -0.064824 -0.187391 -0.012153 0.764787 -0.644169 255 255 255 1.000000
-0.322348 -0.456822 0.396884 0.949046 0.189826 0.251552 255 255 255 1.000000
0.021900 0.524297 -0.248379 0.017194 -0.196572 -0.980339 255 255 255 1.000000
0.075624 -0.050093 0.068198 -0.061795 0.997776 -0.024987 255 255 255 1.000000
0.206604 -0.037607 0.110325 0.110196 -0.993383 0.032351 255 255 255 1.000000
-0.031409 0.172811 -0.168224 0.059628 0.157544 0.985710 255 255 255 1.000000
0.327311 -0.361796 0.334418 -0.992858 -0.076524 -0.091523 255 255 255 1.000000
-0.084828 0.602370 -0.255840 -0.080713 -0.200873 -0.976287 255 255 255 1.000000
-0.078397 -0.138682 0.440161 -0.034735 -0.990023 0.136557 255 255 255 1.000000
-0.384101 -0.394942 -0.169670 -0.837881 0.328845 -0.435679 255 255 255 1.000000
0.356216 -0.023785 -0.011272 -0.593632 -0.804397 0.023385 255 255 255 1.000000
0.425005 -0.599715 -0.284637 0.883193 0.214222 -0.417228 255 255 255 1.000000
0.109652 -0.026724 -0.168359 -0.170610 -0.089724 0.981245 255 255 255 1.000000
0.323826 -0.059550 -0.152166 0.190776 -0.255511 -0.947797 255 255 255 1.000000
-0.049225 -0.038645 0.312146 -0.050722 0.996757 -0.062466 255 255 255 1.000000
0.184043 -0.043093 -0.125108 0.158186 -0.986913 -0.031291 255 255 255 1.000000
0.007955 -0.118205 0.463926 -0.000521 -0.262291 0.964989 255 255 255 1.000000
-0.300077 -0.027844 0.063478 -0.157344 -0.971964 -0.174726 255 255 255 1.000000
-0.358759 -0.019451 -0.096739 0.416699 -0.909042 -0.001927 255 255 255 1.000000
-0.352102 -0.016588 0.391712 -0.127483 -0.964000 -0.233351 255 255 255 1.000000
-0.042688 -0.055497 -0.024183 0.529303 -0.609486 0.590225 255 255 255 1.000000
-0.337812 0.298795 -0.155812 -0.941805 -0.119960 0.314027 255 255 255 1.000000
0.274799 0.131778 -0.146424 0.009722 0.129870 -0.991483 255 255 255 1.000000
-0.125558 0.149697 -0.149633 0.025664 -0.999343 0.025580 255 255 255 1.000000
0.321517 -0.444087 0.360847 0.660770 0.476395 0.580026 255 255 255 1.000000
0.216973 0.112198 -0.132619 -0.366570 0.576205 0.730489 255 255 255 1.000000
-0.300630 -0.153467 -0.000961 0.764354 0.643235 0.044861 255 255 255 1.000000
-0.383148 -0.081107 0.359450 -0.628286 -0.237561 -0.740824 255 255 255 1.000000
-0.284646 0.201621 -0.178991 0.369604 -0.020555 0.928962 255 255 255 1.000000
-0.333710 -0.230801 0.187304 -0.648517 -0.609609 -0.455853 255 255 255 1.000000
-0.361523 -0.218582 0.130038 0.969411 0.204712 0.135408 255 255 255 1.000000
0.173766 0.374816 -0.187713 0.243539 -0.250419 -0.937005 255 255 255 1.000000
-0.264282 -0.058361 -0.211651 -0.960559 0.243776 -0.133792 255 255 255 1.000000
-0.152491 -0.045676 0.057967 -0.162073 0.913283 -0.373693 255 255 255 1.000000
-0.055538 -0.057481 -0.095606 -0.434632 -0.900606 0.002026 255 255 255 1.000000
0.420807 -0.531592 -0.258478 -0.979535 -0.152821 0.130987 255 255 255 1.000000
-0.068248 -0.014022 -0.175070 -0.123559 0.149921 -0.980947 255 255 255 1.000000
0.323058 -0.020716 0.085440 0.077301 -0.996491 0.032092 255 255 255 1.000000
0.315885 -0.178981 0.076811 0.995494 -0.085777 -0.040414 255 255 255 1.000000
0.017571 -0.059264 -0.142960 0.953296 -0.300853 0.026706 255 255 255 1.000000
-0.438469 -0.749789 -0.289662 0.001604 0.754025 0.656844 255 255 255 1.000000
0.373560 -0.085394 0.364449 -0.869644 0.406268 0.280475 255 255 255 1.000000
-0.385958 -0.308447 -0.100087 0.936260 -0.303023 0.177750 255 255 255 1.000000
-0.393337 -0.334416 -0.163788 -0.403134 -0.500540 0.766122 255 255 255 1.000000
0.255798 -0.164625 0.036565 -0.314616 0.936276 0.156218 255 255 255 1.000000
0.009573 -0.056266 -0.032847 -0.042180 0.998314 -0.039871 255 255 255 1.000000
0.051941 0.003333 -0.175088 0.039090 0.236309 -0.970891 255 255 255 1.000000
0.259851 0.159874 -0.185655 -0.229795 -0.086582 0.969380 255 255 255 1.000000
-0.328066 0.533556 -0.176964 0.162451 0.318026 0.934061 255 255 255 1.000000
-0.303020 -0.715064 0.562389 -0.999939 -0.004564 -0.010053 255 255 255 1.000000
0.110005 -0.099879 0.461242 0.038804 -0.110667 0.993100 255 255 255 1.000000
0.389136 -0.739777 -0.232455 -0.041236 0.841118 -0.539277 255 255 255 1.000000
-0.169814 -0.031523 -0.157536 -0.170222 0.108160 -0.979452 255 255 255 1.000000
0.351196 -0.465061 0.381163 0.860352 -0.306723 -0.407083 255 255 255 1.000000
-0.239833 -0.133880 -0.075885 0.735893 -0.635005 -0.235010 255 255 255 1.000000
-0.290454 -0.023970 -0.168087 -0.120309 -0.247326 0.961434 255 255 255 1.000000
-0.357320 -0.078336 -0.086471 0.082680 -0.983424 -0.161375 255 255 255 1.000000
-0.231797 0.074467 -0.177759 0.987730 0.067848 0.140661 255 255 255 1.000000
0.328214 -0.569134 0.484090 -0.638562 0.372827 0.673230 255 255 255 1.000000
0.070395 0.339814 -0.196622 0.098695 -0.238332 -0.966156 255 255 255 1.000000
-0.348629 -0.054789 -0.142219 0.848241 0.079344 0.523633 255 255 255 1.000000
-0.012392 -0.129779 0.045121 0.000000 -0.814884 -0.579624 255 255 255 1.000000
-0.249502 0.189987 -0.123571 0.285486 0.149142 0.946707 255 255 255 1.000000
-0.359978 -0.314354 0.275527 -0.872758 0.351896 0.338324 255 255 255 1.000000
-0.070067 0.700058 -0.277831 0.054606 0.282810 0.957620 255 255 255 1.000000
0.135462 -0.137332 0.006110 0.000000 0.530109 -0.847929 255 255 255 1.000000
-0.232621 -0.032267 -0.188505 0.992274 0.099243 0.074452 255 255 255 1.000000
-0.075563 0.298823 -0.186534 -0.114570 -0.219402 -0.968884 255 255 255 1.000000
-0.263032 0.664502 -0.241468 -0.231813 -0.289616 -0.928647 255 255 255 1.000000
0.036796 0.177621 -0.168977 0.100551 -0.164033 -0.981317 255 255 255 1.000000
-0.305427 -0.024368 0.117742 0.154929 0.963104 0.220064 255 255 255 1.000000
0.340725 -0.008449 0.337840 0.132321 -0.988220 -0.076894 255 255 255 1.000000
0.238251 -0.123763 -0.144223 0.635518 0.712800 0.296704 255 255 255 1.000000
0.092452 -0.054953 -0.138443 0.097425 -0.995234 -0.004185 255 255 255 1.000000
0.388079 -0.529123 -0.237603 -0.438565 -0.392081 0.808661 255 255 255 1.000000
0.375642 -0.027074 0.290625 0.959595 0.281382 -0.001160 255 255 255 1.000000
0.323221 -0.644051 0.515693 -0.837384 0.244540 0.488865 255 255 255 1.000000
0.102523 -0.049131 0.424278 -0.047115 0.954939 0.293037 255 255 255 1.000000
-0.452506 -0.741364 -0.232885 -0.165326 -0.892429 0.419806 255 255 255 1.000000
-0.267434 0.072605 -0.154654 0.384414 0.238954 0.891699 255 255 255 1.000000
0.013445 -0.043185 0.227224 0.022941 -0.999734 0.002391 255 255 255 1.000000
-0.306010 -0.150404 0.013591 -0.721186 -0.691658 0.038721 255 255 255 1.000000
-0.326817 -0.507210 0.410480 0.755553 -0.356925 -0.549313 255 255 255 1.000000
0.363401 -0.134540 0.049883 0.000000 0.646183 0.763183 255 255 255 1.000000
0.313642 0.693356 -0.236329 -0.192546 0.301584 0.933795 255 255 255 1.000000
-0.363648 -0.545706 0.446807 -0.992281 -0.075628 -0.098276 255 255 255 1.000000
0.354567 -0.716026 0.572691 0.058089 0.250083 -0.966480 255 255 255 1.000000
0.412658 -0.407647 -0.175889 0.646260 -0.382552 0.660305 255 255 255 1.000000
-0.143220 0.456992 -0.220403 0.180492 0.230250 0.956247 255 255 255 1.000000
0.365141 -0.038609 0.013764 -0.944184 -0.325073 0.053339 255 255 255 1.000000
0.344781 -0.014694 0.108607 0.251081 0.967960 0.003524 255 255 255 1.000000
0.389169 -0.709147 -0.301307 0.021959 -0.148919 0.988606 255 255 255 1.000000
0.075415 -0.049182 0.421105 0.036400 -0.958353 -0.283259 255 255 255 1.000000
0.350184 -0.217621 0.115297 -0.585872 0.671073 0.454330 255 255 255 1.000000
0.361872 0.599093 -0.211726 0.763890 0.206455 0.611432 255 255 255 1.000000
0.042545 -0.046012 0.160728 -0.040703 0.999095 -0.012377 255 255 255 1.000000
0.289172 0.522435 -0.208241 -0.830263 0.179991 0.527510 255 255 255 1.000000
-0.157531 -0.047510 -0.135918 0.173622 0.746001 0.642913 255 255 255 1.000000
0.203059 -0.061043 -0.174570 -0.098835 -0.295230 0.950300 255 255 255 1.000000
-0.283617 -0.021114 0.374305 -0.109584 -0.976126 -0.187537 255 255 255 1.000000
-0.367404 0.678141 -0.255980 0.998457 0.028263 0.047794 255 255 255 1.000000
-0.145450 0.120737 -0.148154 0.033714 -0.976279 0.213875 255 255 255 1.000000
0.182279 -0.036380 0.186606 -0.098864 0.994779 -0.025317 255 255 255 1.000000
-0.210319 -0.040124 0.066302 -0.003784 -0.964690 0.263361 255 255 255 1.000000
0.373204 -0.026789 0.233563 0.928734 0.370377 -0.016543 255 255 255 1.000000
-0.286002 0.263786 -0.126954 -0.290804 -0.192199 -0.937279 255 255 255 1.000000
0.246854 0.284273 -0.171313 -0.977303 0.211042 0.018455 255 255 255 1.000000
0.134448 0.092797 -0.152887 -0.193890 -0.076231 0.978057 255 255 255 1.000000
-0.353972 -0.018627 -0.004252 0.256991 -0.966361 0.010110 255 255 255 1.000000
-0.241580 0.066218 -0.157111 -0.993826 0.109748 0.016315 255 255 255 1.000000
0.353625 -0.180650 0.075047 0.923543 0.323133 0.206528 255 255 255 1.000000
-0.217371 -0.041310 -0.045487 -0.145533 -0.989295 -0.010735 255 255 255 1.000000
-0.337220 0.668291 -0.222834 -0.003233 0.380199 0.924899 255 255 255 1.000000
0.193431 0.159918 -0.135512 -0.249324 0.122669 0.960619 255 255 255 1.000000
-0.117792 -0.137734 0.431947 -0.038246 -0.998780 -0.031240 255 255 255 1.000000
-0.328081 -0.256310 0.214160 0.639695 0.592474 0.489658 255 255 255 1.000000
0.265826 0.156947 -0.142923 -0.001897 -0.136229 0.990676 255 255 255 1.000000
-0.329088 -0.252985 0.164744 0.689599 -0.587453 -0.423500 255 255 255 1.000000
0.234502 0.110818 -0.195317 0.029459 0.089916 -0.995514 255 255 255 1.000000
0.252924 0.482914 -0.194404 0.335782 -0.256230 -0.906420 255 255 255 1.000000
-0.361347 -0.327795 0.285109 -0.908121 0.289343 0.302651 255 255 255 1.000000
0.290772 -0.083911 -0.120507 -0.102341 0.557064 0.824139 255 255 255 1.000000
0.322692 0.314260 -0.151662 -0.992698 0.094755 -0.074645 255 255 255 1.000000
0.344063 0.406009 -0.155585 0.702545 0.040983 0.710458 255 255 255 1.000000
0.387260 -0.406010 -0.206641 -0.486424 0.424535 -0.763650 255 255 255 1.000000
0.382807 -0.702344 -0.310742 0.037728 -0.920057 -0.389963 255 255 255 1.000000
0.239920 -0.153046 0.002004 0.000000 0.042216 0.999108 255 255 255 1.000000
0.247258 -0.080955 0.453684 -0.262745 -0.215439 0.940506 255 255 255 1.000000
-0.382597 -0.039028 0.258426 0.995720 0.088484 0.026701 255 255 255 1.000000
0.283193 -0.053727 -0.160939 0.217418 -0.338011 -0.915684 255 255 255 1.000000
-0.190408 -0.139136 0.053676 0.000000 -0.464948 -0.885338 255 255 255 1.000000
0.297597 0.424838 -0.202787 -0.314538 0.176524 0.932687 255 255 255 1.000000
0.146481 0.697737 -0.269740 0.125508 -0.278417 -0.952225 255 255 255 1.000000
-0.310843 0.469523 -0.164155 0.390063 0.258008 0.883902 255 255 255 1.000000
0.072813 -0.047260 0.124573 0.057340 -0.998149 0.020280 255 255 255 1.000000
0.002106 0.026669 -0.177433 -0.011748 0.209647 -0.977707 255 255 255 1.000000
0.144862 -0.063217 0.450169 -0.004572 0.521009 0.853539 255 255 255 1.000000
-0.316840 0.211249 -0.154413 -0.605320 0.042724 -0.794835 255 255 255 1.000000
-0.254860 -0.030875 0.133924 0.169826 -0.591011 0.788584 255 255 255 1.000000
-0.399263 -0.205993 -0.044555 -0.608378 0.580469 -0.541232 255 255 255 1.000000
-0.392003 -0.527997 -0.249103 -0.994536 0.010145 0.103903 255 255 255 1.000000
0.213677 -0.038897 -0.095728 -0.168521 0.985077 0.034991 255 255 255 1.000000
-0.323181 -0.020694 -0.041215 0.221348 0.971298 0.087095 255 255 255 1.000000
-0.350339 0.571033 -0.208957 0.976267 -0.041628 -0.212532 255 255 255 1.000000
0.402045 -0.560075 -0.284864 -0.194088 0.361812 -0.911824 255 255 255 1.000000
-0.185375 -0.039195 0.407045 -0.073342 -0.960416 -0.268742 255 255 255 1.000000
-0.188679 0.389943 -0.188664 -0.263406 -0.259902 -0.929015 255 255 255 1.000000
0.317108 -0.162200 0.047988 -0.991612 0.114566 0.059843 255 255 255 1.000000
0.403980 -0.495215 -0.215003 -0.184910 0.402612 -0.896500 255 255 255 1.000000
0.211076 0.721781 -0.267127 0.485047 -0.434310 -0.759015 255 255 255 1.000000
0.225096 0.064537 -0.174804 0.977866 -0.096841 -0.185471 255 255 255 1.000000
-0.331142 -0.308428 0.279080 -0.479263 -0.627756 -0.613375 255 255 255 1.000000
0.238057 -0.030241 0.183399 -0.128716 0.991413 -0.023060 255 255 255 1.000000
0.241579 0.243445 -0.134264 0.282059 -0.198043 -0.938734 255 255 255 1.000000
-0.005648 0.000573 -0.179356 -0.001572 -0.149676 0.988734 255 255 255 1.000000
-0.056877 0.330712 -0.196455 -0.084067 -0.229772 -0.969607 255 255 255 1.000000
-0.309868 0.574423 -0.197046 0.353010 0.268215 0.896351 255 255 255 1.000000
-0.339301 -0.019133 0.011375 0.211063 0.975646 0.059724 255 255 255 1.000000
0.147468 -0.075038 -0.184060 -0.167143 0.252081 0.953162 255 255 255 1.000000
-0.363091 -0.580292 0.473735 0.942206 -0.168833 -0.289384 255 255 255 1.000000
-0.266091 -0.150492 -0.027045 0.151903 0.970996 -0.184642 255 255 255 1.000000
0.174043 0.591272 -0.241948 0.185003 -0.195201 -0.963157 255 255 255 1.000000
-0.255691 -0.031676 -0.107437 0.248953 0.645828 0.721754 255 255 255 1.000000
-0.141651 -0.170491 0.010159 0.000000 -0.695235 -0.718782 255 255 255 1.000000
0.300515 -0.127079 0.032960 -0.893624 -0.448765 0.006824 255 255 255 1.000000
0.306766 -0.675084 0.554699 -0.006379 0.936437 0.350779 255 255 255 1.000000
-0.414021 -0.337727 -0.153065 -0.713712 0.447139 -0.539149 255 255 255 1.000000
-0.183897 0.033824 -0.148632 -0.140061 0.540590 -0.829546 255 255 255 1.000000
0.028714 -0.038334 0.315942 0.025455 -0.999675 -0.001641 255 255 255 1.000000
-0.207070 0.049626 -0.141567 0.003637 0.638193 -0.769868 255 255 255 1.000000
-0.250539 -0.037842 0.418857 0.099413 0.954422 0.281419 255 255 255 1.000000
-0.282008 0.387905 -0.178439 -0.819407 -0.235943 -0.522401 255 255 255 1.000000
-0.291069 0.532790 -0.192816 0.373641 0.264812 0.888970 255 255 255 1.000000
-0.003367 0.286230 -0.188493 0.014987 0.208046 0.978004 255 255 255 1.000000
-0.218192 -0.028062 0.296379 -0.105856 -0.993513 0.041555 255 255 255 1.000000
-0.313126 0.147320 -0.160539 -0.773641 0.097741 -0.626040 255 255 255 1.000000
-0.361221 -0.396625 0.348480 -0.854852 0.332444 0.398383 255 255 255 1.000000
0.128764 0.636109 -0.256115 0.121916 -0.181679 -0.975771 255 255 255 1.000000
0.353582 -0.228477 0.163073 -0.982074 -0.152988 -0.110116 255 255 255 1.000000
-0.243553 -0.113958 -0.163612 0.589518 -0.739238 -0.325570 255 255 255 1.000000
0.265014 -0.027688 0.161643 0.062968 -0.995801 0.066445 255 255 255 1.000000
0.253514 0.406598 -0.170054 -0.334282 0.250676 0.908525 255 255 255 1.000000
0.028351 0.655805 -0.265907 0.036919 -0.221930 -0.974363 255 255 255 1.000000
0.325283 -0.269542 0.234229 -0.997919 0.057168 0.029840 255 255 255 1.000000
-0.222458 0.362644 -0.171965 -0.306860 -0.248799 -0.918660 255 255 255 1.000000
0.305087 -0.118180 -0.066794 0.589788 0.487392 -0.643894 255 255 255 1.000000
-0.269325 0.224379 -0.124674 0.273595 0.189645 0.942964 255 255 255 1.000000
0.419837 -0.459670 -0.214507 0.969311 0.155608 -0.190320 255 255 255 1.000000
-0.437725 -0.753464 -0.274995 -0.062526 0.879502 0.471771 255 255 255 1.000000
-0.375749 -0.057549 0.425810 -0.638990 0.025948 0.768778 255 255 255 1.000000
-0.339034 0.731107 -0.247173 -0.019016 0.503178 0.863974 255 255 255 1.000000
0.442871 -0.754340 -0.278112 -0.011419 -0.877811 -0.478872 255 255 255 1.000000
-0.287488 -0.029788 0.020009 0.163314 0.981118 0.103615 255 255 255 1.000000
0.039127 -0.037718 0.323905 -0.030062 0.999548 0.000450 255 255 255 1.000000
-0.333543 0.536628 -0.214099 -0.523173 -0.226143 -0.821675 255 255 255 1.000000
-0.417742 -0.371127 -0.175205 0.770843 -0.394178 0.500425 255 255 255 1.000000
0.081994 -0.040723 0.248563 -0.054962 0.998409 -0.012557 255 255 255 1.000000
-0.362683 -0.429580 0.364116 0.973581 -0.135588 -0.183729 255 255 255 1.000000
-0.356845 -0.467677 0.380570 0.787011 0.379693 0.486258 255 255 255 1.000000
-0.297734 0.578839 -0.230331 -0.834145 0.109583 0.540549 255 255 255 1.000000
-0.340516 -0.008655 0.322074 -0.153614 -0.987986 -0.016939 255 255 255 1.000000
-0.219163 -0.137671 0.053014 0.000000 -0.515685 -0.856778 255 255 255 1.000000
0.104286 0.720196 -0.283634 -0.092342 0.594669 0.798650 255 255 255 1.000000
0.038790 -0.175974 0.015917 0.000000 -0.872672 -0.488306 255 255 255 1.000000
-0.174370 0.084197 -0.145404 0.028117 -0.861404 0.507142 255 255 255 1.000000
-0.329996 -0.610242 0.499777 0.530810 0.378187 0.758430 255 255 255 1.000000
-0.060921 0.725199 -0.292124 0.031086 0.613477 0.789101 255 255 255 1.000000
0.085645 0.419969 -0.217000 -0.103439 0.232210 0.967150 255 255 255 1.000000
0.063953 0.072733 -0.168415 0.426091 -0.748822 -0.507653 255 255 255 1.000000
-0.354627 -0.045640 0.436920 0.223912 -0.474458 -0.851324 255 255 255 1.000000
-0.414927 -0.405135 -0.205472 -0.755912 0.380255 -0.532919 255 255 255 1.000000
-0.237177 -0.132463 0.052260 0.747308 0.646971 0.151521 255 255 255 1.000000
0.307276 -0.021838 0.126954 0.146248 0.980751 -0.129376 255 255 255 1.000000
-0.022912 0.743792 -0.319258 -0.023720 -0.879875 -0.474614 255 255 255 1.000000
0.229005 -0.037693 -0.002228 0.136626 -0.990489 0.016295 255 255 255 1.000000
0.396510 -0.694939 -0.225618 0.007591 -0.966668 -0.255922 255 255 255 1.000000
0.225777 -0.112029 -0.126363 -0.912085 -0.347242 -0.217998 255 255 255 1.000000
0.144701 0.033192 -0.156337 -0.188473 -0.087731 0.978152 255 255 255 1.000000
0.266357 -0.093922 -0.074487 -0.363435 -0.896854 -0.252129 255 255 255 1.000000
0.245390 0.076924 -0.200038 0.074579 0.104430 -0.991732 255 255 255 1.000000
-0.230520 -0.126539 0.038161 0.000000 -0.945085 -0.326825 255 255 255 1.000000
0.213207 -0.033998 0.167803 0.115394 -0.993052 0.023041 255 255 255 1.000000
-0.391247 -0.310098 -0.137818 0.991318 -0.036430 -0.126343 255 255 255 1.000000
0.389938 -0.163204 0.054060 0.000000 0.417036 -0.908890 255 255 255 1.000000
-0.085212 -0.045274 0.158073 -0.436972 0.735146 -0.518281 255 255 255 1.000000
-0.156376 0.352599 -0.186284 0.218415 0.255929 0.941698 255 255 255 1.000000
0.281367 -0.144693 0.055164 0.000000 -0.268914 -0.963164 255 255 255 1.000000
0.309390 0.700402 -0.271848 -0.242345 0.334724 0.910620 255 255 255 1.000000
0.047496 0.031043 -0.173177 -0.167599 0.522290 -0.836136 255 255 255 1.000000
-0.116372 -0.094881 0.461648 -0.036901 -0.009340 0.999275 255 255 255 1.000000
-0.382096 -0.066868 0.260560 0.924356 0.379241 0.041736 255 255 255 1.000000
0.117736 0.451771 -0.222473 -0.145385 0.229055 0.962495 255 255 255 1.000000
0.437952 -0.692898 -0.304631 0.002386 -0.929229 0.369496 255 255 255 1.000000
-0.359934 -0.378314 0.336108 0.881224 -0.314229 -0.353136 255 255 255 1.000000
0.429830 -0.734114 -0.298719 -0.004411 0.405359 0.914147 255 255 255 1.000000
0.325828 0.670489 -0.254795 0.383224 -0.307208 -0.871070 255 255 255 1.000000
0.059300 -0.044401 0.185626 -0.047445 0.998784 -0.013385 255 255 255 1.000000
-0.343925 -0.196213 0.071716 -0.337285 0.784805 0.519923 255 255 255 1.000000
-0.179811 -0.032595 0.273754 0.078552 0.995665 -0.049809 255 255 255 1.000000
-0.310390 0.548583 -0.189130 -0.376452 -0.269900 -0.886249 255 255 255 1.000000
0.206459 -0.028790 0.289032 0.114794 -0.993361 0.007510 255 255 255 1.000000
0.393308 -0.446300 -0.191009 0.418161 0.450857 -0.788587 255 255 255 1.000000
0.296928 0.688494 -0.269068 0.192463 -0.329436 -0.924354 255 255 255 1.000000
0.110639 -0.048244 0.064070 -0.073076 0.996797 -0.032484 255 255 255 1.000000
-0.243545 0.072221 -0.133808 0.224966 0.721532 -0.654814 255 255 255 1.000000
0.067220 -0.147178 0.055830 0.000000 -0.175395 -0.984498 255 255 255 1.000000
0.225715 0.405184 -0.183073 0.309801 -0.247380 -0.918056 255 255 255 1.000000
0.279344 0.491343 -0.184266 -0.359010 0.259705 0.896474 255 255 255 1.000000
0.370627 -0.080930 0.422572 0.653696 -0.076364 0.752894 255 255 255 1.000000
-0.151872 0.056000 -0.153650 0.211688 -0.708788 0.672909 255 255 255 1.000000
0.239035 0.438788 -0.187217 0.322433 -0.251411 -0.912595 255 255 255 1.000000
0.078342 -0.041911 0.396000 -0.033337 0.978505 0.203509 255 255 255 1.000000
-0.317407 -0.680774 0.527616 -0.083654 -0.993760 0.073772 255 255 255 1.000000
0.224417 -0.140494 0.032302 0.962625 0.259667 0.076981 255 255 255 1.000000
-0.378421 -0.723192 -0.233116 0.998912 -0.042282 0.019694 255 255 255 1.000000
0.030868 0.587810 -0.256893 -0.033450 0.205524 0.978080 255 255 255 1.000000
-0.356901 -0.018738 0.055459 -0.265221 0.964069 -0.015118 255 255 255 1.000000
0.232661 0.153055 -0.125617 0.369151 -0.540748 -0.755856 255 255 255 1.000000
0.208879 0.198349 -0.134832 0.272197 -0.196787 -0.941904 255 255 255 1.000000
0.264553 -0.064840 -0.208968 -0.969836 -0.153875 0.189054 255 255 255 1.000000
0.126453 -0.042485 0.157826 -0.072829 0.996931 -0.028727 255 255 255 1.000000
0.304555 -0.112422 -0.078362 -0.491603 -0.546317 0.678133 255 255 255 1.000000
0.288206 -0.123092 -0.148704 0.395575 0.568790 -0.721109 255 255 255 1.000000
-0.200582 0.078587 -0.139945 0.065032 0.816782 -0.573269 255 255 255 1.000000
-0.114144 -0.037805 0.278487 0.010994 -0.996343 0.084730 255 255 255 1.000000
-0.279373 0.385068 -0.196622 0.948763 0.127961 -0.288921 255 255 255 1.000000
-0.335083 -0.465723 0.419428 0.600316 0.465227 0.650526 255 255 255 1.000000
0.336264 -0.096693 0.442602 -0.173470 0.698049 -0.694720 255 255 255 1.000000
-0.135235 -0.085768 0.461457 -0.018547 0.355137 0.934630 255 255 255 1.000000
-0.044176 0.218951 -0.175303 -0.081827 -0.176795 -0.980840 255 255 255 1.000000
-0.061917 0.546203 -0.250031 0.067262 0.211527 0.975055 255 255 255 1.000000
-0.210925 -0.154620 0.056361 0.000000 0.100789 -0.994908 255 255 255 1.000000
-0.231795 0.122673 -0.155588 0.491206 -0.108341 0.864280 255 255 255 1.000000
0.306737 0.286186 -0.128085 -0.130967 -0.121244 -0.983945 255 255 255 1.000000
-0.278672 0.314129 -0.188053 0.219445 0.123916 0.967723 255 255 255 1.000000
-0.234368 0.275432 -0.144976 -0.280163 -0.210463 -0.936597 255 255 255 1.000000
-0.082422 -0.042466 0.215259 -0.275489 0.899639 -0.338756 255 255 255 1.000000
0.307120 -0.024943 0.053033 -0.178831 0.983856 0.006779 255 255 255 1.000000
0.300319 -0.014691 0.349842 0.121519 -0.988380 -0.091316 255 255 255 1.000000
0.151395 0.289672 -0.170936 0.224207 -0.222423 -0.948820 255 255 255 1.000000
-0.359367 -0.295973 0.254757 0.881804 -0.349273 -0.316908 255 255 255 1.000000
0.283499 0.154861 -0.180003 -0.410793 -0.097700 0.906479 255 255 255 1.000000
0.389658 -0.369945 -0.155344 0.994645 0.093366 0.044310 255 255 255 1.000000
0.256893 -0.104582 -0.027757 -0.272717 -0.956331 -0.105154 255 255 255 1.000000
0.156767 -0.032903 0.295323 -0.088398 0.996030 -0.010531 255 255 255 1.000000
0.367123 -0.084039 0.024442 -0.959572 0.273480 0.066555 255 255 255 1.000000
0.278703 -0.178984 0.027139 0.000000 -0.996557 -0.082908 255 255 255 1.000000
-0.176259 -0.170255 0.009923 0.000000 0.686234 0.727381 255 255 255 1.000000
-0.104525 0.537414 -0.244865 -0.119106 -0.212699 -0.969832 255 255 255 1.000000
-0.287310 0.507515 -0.186228 -0.379073 -0.264314 -0.886816 255 255 255 1.000000
0.338992 0.427717 -0.163825 -0.979713 0.057243 -0.192056 255 255 255 1.000000
-0.257574 0.303699 -0.175342 0.977841 0.209075 -0.010742 255 255 255 1.000000
0.073008 -0.057096 -0.154605 0.099777 -0.995009 -0.001499 255 255 255 1.000000
-0.201947 -0.033627 0.217510 -0.074108 -0.992664 0.095535 255 255 255 1.000000
0.290721 0.218149 -0.169303 -0.539431 0.001732 0.842028 255 255 255 1.000000
-0.328290 0.439902 -0.152949 -0.115236 0.194238 0.974162 255 255 255 1.000000
-0.406209 -0.405337 -0.195772 0.967261 -0.190992 0.167114 255 255 255 1.000000
0.128768 0.277748 -0.173949 0.196936 -0.218388 -0.955784 255 255 255 1.000000
-0.275140 0.083758 -0.196280 -0.237307 0.123858 -0.963507 255 255 255 1.000000
0.000355 -0.051499 0.422578 -0.005350 0.962063 0.272774 255 255 255 1.000000
-0.387931 -0.326476 -0.155577 -0.561328 -0.445152 0.697675 255 255 255 1.000000
-0.218195 -0.038954 -0.114966 -0.205984 -0.316439 -0.925979 255 255 255 1.000000
0.340508 -0.701247 0.577013 -0.208510 -0.905708 -0.369074 255 255 255 1.000000
0.141980 -0.110186 0.461048 -0.054244 0.260723 -0.963888 255 255 255 1.000000
0.449207 -0.726842 -0.263696 0.999216 -0.036896 0.014359 255 255 255 1.000000
0.358648 -0.089697 0.099878 0.495828 -0.868234 -0.017990 255 255 255 1.000000
-0.231403 0.301533 -0.152614 0.292350 0.222046 0.930176 255 255 255 1.000000
0.008483 0.599534 -0.258504 -0.015590 0.200298 0.979611 255 255 255 1.000000
-0.351815 -0.008780 0.343454 0.144258 0.984633 0.098425 255 255 255 1.000000
0.216823 -0.026634 -0.149240 0.796652 0.096374 -0.596706 255 255 255 1.000000
0.339347 -0.401738 0.368029 0.713164 0.453724 0.534351 255 255 255 1.000000
-0.229235 -0.171268 0.047849 0.000000 0.724169 -0.689622 255 255 255 1.000000
0.118386 -0.040216 0.216328 0.068162 -0.997421 0.022464 255 255 255 1.000000
-0.330757 0.627460 -0.239772 0.380665 0.269405 0.884599 255 255 255 1.000000
0.224011 0.161007 -0.149811 0.993826 0.109748 0.016315 255 255 255 1.000000
0.258432 -0.112706 0.008003 0.040295 0.985631 0.164034 255 255 255 1.000000
-0.175140 -0.045627 0.017215 0.245599 -0.814548 0.525541 255 255 255 1.000000
-0.142279 -0.071178 -0.184474 0.086052 -0.220180 0.971656 255 255 255 1.000000
0.254349 -0.093909 -0.192239 0.896336 0.412794 0.161811 255 255 255 1.000000
0.362902 -0.021827 0.120038 0.680825 0.732183 -0.019633 255 255 255 1.000000
-0.302911 -0.722498 0.517937 0.999173 0.004538 -0.040411 255 255 255 1.000000
-0.413973 -0.381283 -0.187860 0.736800 -0.407019 0.539871 255 255 255 1.000000
-0.333590 -0.675016 0.514862 -0.004758 -0.888561 0.458734 255 255 255 1.000000
-0.033608 -0.040832 0.372217 -0.010108 -0.994728 -0.102050 255 255 255 1.000000
0.343507 0.641819 -0.222280 -0.948326 -0.100815 -0.300854 255 255 255 1.000000
0.359805 -0.087948 0.124936 -0.499985 0.865860 0.017365 255 255 255 1.000000
-0.088957 0.198543 -0.164253 0.144460 0.175323 0.973855 255 255 255 1.000000
0.265437 -0.028765 0.137806 -0.023826 0.996584 -0.079073 255 255 255 1.000000
0.307764 -0.015064 0.276502 -0.536081 -0.791577 0.293296 255 255 255 1.000000
0.037474 0.415319 -0.219604 -0.039459 0.223146 0.973986 255 255 255 1.000000
0.017942 0.124844 -0.168294 -0.184345 0.597764 -0.780189 255 255 255 1.000000
0.122577 -0.125960 0.022788 0.000000 0.969062 -0.246818 255 255 255 1.000000
-0.315042 -0.024594 0.016433 0.193496 0.978464 0.071881 255 255 255 1.000000
-0.325570 -0.016835 0.201090 0.122576 0.724183 -0.678626 255 255 255 1.000000
0.250767 -0.025452 0.244661 -0.134692 0.990354 -0.032502 255 255 255 1.000000
-0.259043 0.615153 -0.229804 0.268256 0.248931 0.930630 255 255 255 1.000000
0.350714 -0.358469 0.286613 0.623107 -0.557588 -0.548484 255 255 255 1.000000
0.206952 0.134435 -0.132302 0.277597 -0.232554 -0.932126 255 255 255 1.000000
0.193832 -0.042270 0.045998 0.101353 -0.993884 0.043834 255 255 255 1.000000
-0.204231 0.623291 -0.244058 -0.208962 -0.232054 -0.949992 255 255 255 1.000000
0.358813 0.481780 -0.177833 0.804769 0.052489 0.591263 255 255 255 1.000000
0.356323 0.666336 -0.229453 -0.712791 -0.336466 -0.615402 255 255 255 1.000000
-0.307736 0.061698 -0.159922 0.437119 0.007917 -0.899369 255 255 255 1.000000
0.318661 -0.514250 0.417794 0.960622 0.159835 0.227284 255 255 255 1.000000
0.107800 -0.070153 0.456081 -0.002172 -0.448501 -0.893780 255 255 255 1.000000
-0.027283 0.224353 -0.176278 0.049102 0.180738 0.982305 255 255 255 1.000000
-0.312869 -0.037451 0.430814 0.045329 0.742999 0.667755 255 255 255 1.000000
-0.231062 0.127829 -0.174881 -0.996643 -0.011603 -0.081044 255 255 255 1.000000
-0.015446 -0.020960 -0.180214 -0.008823 0.110747 -0.993809 255 255 255 1.000000
0.326905 -0.137456 0.005987 0.000000 0.524861 -0.851188 255 255 255 1.000000
0.188185 0.027768 -0.147338 -0.067853 -0.425305 0.902503 255 255 255 1.000000
0.295737 -0.739200 0.538343 0.999651 0.014684 0.021950 255 255 255 1.000000
-0.382067 -0.709390 0.555862 -0.999928 0.010745 -0.005279 255 255 255 1.000000
0.086572 0.745110 -0.318093 -0.046577 0.893761 0.446119 255 255 255 1.000000
0.137355 -0.049815 -0.079692 0.105683 -0.994380 -0.006251 255 255 255 1.000000
-0.259047 -0.167911 0.007579 0.000000 0.592029 0.805917 255 255 255 1.000000
0.371619 -0.693733 -0.238988 0.111682 -0.724343 -0.680334 255 255 255 1.000000
-0.363724 -0.049963 -0.124229 0.969315 0.214098 0.120795 255 255 255 1.000000
0.283059 -0.040808 0.432828 0.024846 -0.668155 -0.743607 255 255 255 1.000000
0.185029 0.259963 -0.155656 -0.264017 0.215346 0.940171 255 255 255 1.000000
0.084624 0.359435 -0.199634 0.114684 -0.244224 -0.962913 255 255 255 1.000000
-0.313018 0.121959 -0.162952 -0.996613 -0.046133 0.068073 255 255 255 1.000000
0.131561 -0.033776 0.345249 -0.069277 0.996949 0.035952 255 255 255 1.000000
0.296406 0.364245 -0.190168 -0.407540 0.163459 0.898439 255 255 255 1.000000
-0.322354 -0.297687 0.245860 -0.980029 -0.146295 -0.134688 255 255 255 1.000000
-0.378428 -0.294315 -0.124153 -0.827003 -0.291418 0.480772 255 255 255 1.000000
0.305168 -0.015989 0.362125 -0.116740 0.984266 0.132635 255 255 255 1.000000
0.038254 0.327773 -0.197365 0.051685 -0.227468 -0.972413 255 255 255 1.000000
-0.378243 -0.066290 0.131021 0.971531 0.231398 0.050816 255 255 255 1.000000
0.321390 0.246969 -0.136686 -0.777537 0.067757 -0.625177 255 255 255 1.000000
-0.234182 -0.142595 -0.012442 0.828364 -0.533683 -0.170280 255 255 255 1.000000
0.399382 -0.335009 -0.160136 0.624764 0.487759 -0.609722 255 255 255 1.000000
-0.050216 -0.147198 0.002950 0.000000 0.174639 -0.984633 255 255 255 1.000000
0.144189 -0.035583 0.264671 -0.080818 0.996601 -0.015985 255 255 255 1.000000
-0.139435 0.167274 -0.149148 0.273217 0.520187 0.809171 255 255 255 1.000000
-0.337622 0.329986 -0.145991 -0.784805 -0.037359 0.618615 255 255 255 1.000000
0.408081 -0.319811 -0.128714 -0.971604 -0.183576 0.149285 255 255 255 1.000000
-0.339323 -0.183840 0.120709 0.345509 0.789410 0.507401 255 255 255 1.000000
0.403506 -0.640478 -0.274359 -0.335520 -0.339625 0.878681 255 255 255 1.000000
0.158841 0.216648 -0.152167 -0.235012 0.199547 0.951289 255 255 255 1.000000
0.325325 -0.639049 0.477461 0.999881 -0.011352 0.010420 255 255 255 1.000000
-0.197659 -0.132339 0.011105 0.000000 0.730304 -0.683122 255 255 255 1.000000
-0.040631 0.666451 -0.269623 -0.024632 -0.212529 -0.976844 255 255 255 1.000000
-0.034215 -0.050517 0.081009 -0.338599 0.863705 -0.373315 255 255 255 1.000000
0.105653 -0.052924 0.439913 0.016757 -0.722442 -0.691229 255 255 255 1.000000
0.332937 -0.019371 0.022070 -0.210171 0.977229 0.029187 255 255 255 1.000000
0.047525 -0.050510 0.070282 0.048872 -0.998559 0.022158 255 255 255 1.000000
0.045000 -0.058184 -0.146332 -0.591877 0.805889 -0.015018 255 255 255 1.000000
-0.230669 0.162447 -0.155179 -0.999760 0.012195 -0.018177 255 255 255 1.000000
-0.332517 -0.217519 0.109881 -0.447208 0.740702 0.501364 255 255 255 1.000000
-0.286192 -0.025038 -0.213232 0.094450 -0.211983 0.972699 255 255 255 1.000000
-0.431489 -0.587198 -0.265029 0.693497 0.286977 -0.660838 255 255 255 1.000000
0.351778 -0.293402 0.218374 -0.923868 0.291584 0.247885 255 255 255 1.000000
0.053848 0.179154 -0.166893 -0.125800 0.166438 0.977994 255 255 255 1.000000
0.093859 0.349068 -0.195607 0.130940 -0.246911 -0.960151 255 255 255 1.000000
0.127449 0.743251 -0.306353 -0.084919 0.859718 0.503661 255 255 255 1.000000
-0.309449 0.033086 -0.167089 -0.534457 0.087103 0.840695 255 255 255 1.000000
0.389048 -0.264036 -0.059812 0.463304 -0.551222 0.693905 255 255 255 1.000000
-0.175042 -0.083285 -0.179150 0.197009 0.412105 0.889582 255 255 255 1.000000
0.283146 0.326557 -0.188236 -0.320725 0.132159 0.937907 255 255 255 1.000000
-0.247566 -0.032267 -0.125691 0.227587 0.395580 0.889787 255 255 255 1.000000
-0.034323 0.448181 -0.228674 0.047952 0.225000 0.973178 255 255 255 1.000000
0.290907 0.513244 -0.185832 0.366457 -0.262836 -0.892539 255 255 255 1.000000
-0.150142 -0.162849 0.004630 0.000000 0.404807 0.914402 255 255 255 1.000000
0.354088 -0.231828 0.148297 -0.904276 0.346878 0.248919 255 255 255 1.000000
-0.220871 -0.000819 -0.144957 0.076824 -0.276972 0.957802 255 255 255 1.000000
0.289540 0.245666 -0.123112 0.004587 -0.131149 -0.991352 255 255 255 1.000000
-0.368941 -0.252004 -0.063657 0.990065 -0.130186 0.053139 255 255 255 1.000000
-0.230737 0.561748 -0.226491 0.298117 0.240665 0.923692 255 255 255 1.000000
0.319348 -0.228806 0.139929 0.917249 0.327982 0.226012 255 255 255 1.000000
0.017191 0.672990 -0.271365 0.022436 -0.242021 -0.970012 255 255 255 1.000000
-0.365796 -0.205116 -0.031721 -0.982785 0.019316 0.183738 255 255 255 1.000000
0.319309 -0.548171 0.435119 -0.979730 -0.109811 -0.167544 255 255 255 1.000000
0.272449 -0.125403 0.024867 0.000000 0.985715 -0.168421 255 255 255 1.000000
-0.311551 -0.024920 0.088490 0.151489 0.971909 0.180124 255 255 255 1.000000
-0.229650 0.462611 -0.199361 -0.323941 -0.259821 -0.909701 255 255 255 1.000000
0.240848 -0.086127 -0.109449 -0.791361 -0.609668 0.045310 255 255 255 1.000000
-0.231178 0.674315 -0.253154 -0.199020 -0.281979 -0.938551 255 255 255 1.000000
-0.107346 -0.044144 0.153651 0.299002 -0.858015 0.417622 255 255 255 1.000000
0.135490 -0.044931 0.094258 -0.077963 0.996321 -0.035591 255 255 255 1.000000
-0.223163 0.512100 -0.215796 0.314316 0.250821 0.915584 255 255 255 1.000000
-0.374556 -0.015707 0.261011 -0.698696 0.715245 0.015776 255 255 255 1.000000
0.413049 -0.520755 -0.226593 0.691533 -0.289584 0.661758 255 255 255 1.000000
0.368502 -0.017972 0.248750 0.769899 0.638128 0.006994 255 255 255 1.000000
-0.040051 0.579605 -0.255698 -0.035184 -0.202119 -0.978729 255 255 255 1.000000
0.003572 -0.042815 0.237865 0.018039 -0.999837 0.001183 255 255 255 1.000000
-0.128658 -0.053476 -0.173286 0.001092 -0.798207 0.602382 255 255 255 1.000000
0.368210 -0.098301 0.404532 0.662030 -0.681100 -0.312761 255 255 255 1.000000
-0.236927 -0.084362 0.454426 0.128162 0.025338 -0.991430 255 255 255 1.000000
0.208225 0.740966 -0.285090 0.155421 -0.709459 -0.687395 255 255 255 1.000000
0.282455 0.467084 -0.175109 -0.361079 0.258254 0.896062 255 255 255 1.000000
0.411326 -0.647684 -0.316969 0.362653 0.313046 -0.877773 255 255 255 1.000000
-0.027518 0.078426 -0.171294 0.080161 -0.291700 0.953145 255 255 255 1.000000
-0.182821 0.530068 -0.231236 -0.236848 -0.230860 -0.943720 255 255 255 1.000000
-0.265046 0.337397 -0.180813 0.976159 0.210841 -0.051566 255 255 255 1.000000
0.287905 -0.109584 -0.004984 -0.329233 0.855161 0.400381 255 255 255 1.000000
-0.348352 -0.536423 0.465829 0.893849 -0.210323 -0.395977 255 255 255 1.000000
0.282362 0.424363 -0.162955 0.350528 -0.248698 -0.902929 255 255 255 1.000000
0.327182 0.763501 -0.286509 0.131620 -0.960723 -0.244311 255 255 255 1.000000
-0.413373 -0.464357 -0.242895 0.640694 -0.381422 0.666354 255 255 255 1.000000
-0.294243 0.050115 -0.135431 -0.531189 -0.101804 0.841115 255 255 255 1.000000
-0.073664 0.081412 -0.166659 0.199587 -0.832725 0.516463 255 255 255 1.000000
-0.194711 -0.043563 -0.003282 0.119385 0.992823 -0.007034 255 255 255 1.000000
-0.380842 -0.371777 -0.171802 -0.998486 0.054852 -0.004018 255 255 255 1.000000
-0.145957 -0.043391 0.115549 0.099325 -0.955702 0.277070 255 255 255 1.000000
-0.053854 -0.043695 0.209524 0.317545 -0.878241 0.357573 255 255 255 1.000000
0.217321 -0.036375 -0.139042 0.184549 -0.981862 -0.043451 255 255 255 1.000000
-0.384281 -0.039400 0.372376 0.776464 0.107372 0.620947 255 255 255 1.000000
0.302538 -0.137922 -0.023996 0.651300 -0.707707 0.273787 255 255 255 1.000000
0.126679 0.518697 -0.239502 0.146718 -0.213109 -0.965950 255 255 255 1.000000
-0.149975 0.686310 -0.269456 0.113359 0.273306 0.955224 255 255 255 1.000000
0.303973 0.069051 -0.179233 0.746465 0.038355 -0.664319 255 255 255 1.000000
0.449581 -0.712618 -0.273192 -0.999991 -0.004219 0.000496 255 255 255 1.000000
0.355614 -0.257160 0.185251 0.979290 -0.163207 -0.119812 255 255 255 1.000000
-0.327997 0.593164 -0.197369 -0.193474 -0.323841 -0.926118 255 255 255 1.000000
-0.086680 0.233171 -0.170693 -0.138753 -0.191591 -0.971617 255 255 255 1.000000
0.066895 -0.053243 0.009590 -0.061378 0.997679 -0.029487 255 255 255 1.000000
0.312916 -0.021926 -0.033562 0.212060 -0.976795 -0.030021 255 255 255 1.000000
-0.234182 0.403997 -0.179918 -0.323663 -0.261219 -0.909399 255 255 255 1.000000
0.343623 0.666882 -0.235929 0.840427 -0.155955 -0.519000 255 255 255 1.000000
-0.307543 -0.028492 0.411842 -0.116237 -0.956730 -0.266751 255 255 255 1.000000
0.326651 0.526561 -0.211826 0.539316 -0.223685 -0.811852 255 255 255 1.000000
0.239309 -0.037125 0.417816 0.087968 -0.953123 -0.289514 255 255 255 1.000000
0.283344 0.479671 -0.204674 -0.922248 0.019945 -0.386085 255 255 255 1.000000
-0.208074 -0.035682 0.168317 0.062904 0.989169 -0.132617 255 255 255 1.000000
0.345697 -0.150386 0.061840 -0.251578 -0.829756 -0.498210 255 255 255 1.000000
-0.383162 -0.072153 0.327290 -0.837784 -0.379715 -0.392344 255 255 255 1.000000
0.363135 -0.020040 0.147282 0.651921 0.758197 -0.011710 255 255 255 1.000000
0.340544 0.570818 -0.188407 0.092548 0.321565 0.942354 255 255 255 1.000000
-0.177513 -0.131461 0.046804 0.000000 -0.761095 -0.648640 255 255 255 1.000000
-0.379084 -0.074636 0.171221 -0.934636 -0.351809 -0.051821 255 255 255 1.000000
0.242516 0.513340 -0.209104 -0.326677 0.257375 0.909418 255 255 255 1.000000
-0.139468 0.138522 -0.147620 -0.007176 0.995105 -0.098563 255 255 255 1.000000
0.120418 0.540941 -0.243363 0.131798 -0.202947 -0.970279 255 255 255 1.000000
0.176938 0.281746 -0.162515 -0.256156 0.219002 0.941500 255 255 255 1.000000
0.284501 0.268859 -0.127506 -0.279966 0.189101 0.941201 255 255 255 1.000000
-0.366328 0.607113 -0.232737 -0.996003 -0.041938 -0.078860 255 255 255 1.000000
-0.039666 0.141850 -0.164903 -0.137695 0.798125 -0.586546 255 255 255 1.000000
-0.322771 -0.614973 0.478909 0.888465 -0.224400 -0.400343 255 255 255 1.000000
0.301107 -0.150635 0.026060 0.737380 -0.675057 -0.023872 255 255 255 1.000000
0.299486 0.128935 -0.174333 0.407699 0.149524 -0.900791 255 255 255 1.000000
0.289319 0.235173 -0.168963 -0.528964 0.036008 0.847880 255 255 255 1.000000
0.360495 -0.038088 -0.069222 0.944245 0.325186 -0.051531 255 255 255 1.000000
0.315523 -0.534547 0.431226 0.900835 0.232561 0.366622 255 255 255 1.000000
-0.034960 -0.155829 0.002749 0.000000 0.146315 0.989238 255 255 255 1.000000
0.162172 -0.130232 0.427619 -0.086805 0.994808 0.053122 255 255 255 1.000000
-0.345938 -0.621804 0.510637 0.329776 0.420126 0.845424 255 255 255 1.000000
-0.406730 -0.727488 -0.218979 0.005497 0.069066 0.997597 255 255 255 1.000000
0.163502 -0.042428 0.101620 -0.086413 0.995481 -0.039387 255 255 255 1.000000
0.064991 -0.056938 -0.110238 -0.281351 0.959526 -0.012325 255 255 255 1.000000
-0.074987 -0.052452 0.022865 -0.649899 0.202051 -0.732671 255 255 255 1.000000
-0.314282 -0.067151 0.448345 0.195641 -0.067149 -0.978374 255 255 255 1.000000
-0.295495 -0.016363 0.301772 -0.140465 -0.989726 0.026701 255 255 255 1.000000
-0.365175 -0.750040 0.511360 0.067452 0.513869 0.855213 255 255 255 1.000000
0.282216 0.576505 -0.209310 -0.330750 0.251918 0.909473 255 255 255 1.000000
-0.361530 -0.639703 0.505942 -0.952114 0.136372 0.273646 255 255 255 1.000000
-0.264586 -0.005677 -0.211040 -0.106328 0.145391 -0.983644 255 255 255 1.000000
0.139973 -0.036835 0.383800 0.062510 -0.983998 -0.166854 255 255 255 1.000000
-0.280152 0.003929 -0.135730 -0.112296 -0.153191 0.981795 255 255 255 1.000000
0.355462 -0.023558 0.047738 -0.613881 -0.788787 0.031071 255 255 255 1.000000
-0.408514 -0.359187 -0.133346 -0.496283 -0.480764 0.722889 255 255 255 1.000000
0.400327 -0.683496 -0.280788 0.487863 0.035323 -0.872205 255 255 255 1.000000
-0.245215 0.239810 -0.164072 0.976746 0.206336 0.058246 255 255 255 1.000000
0.317071 0.709548 -0.241807 -0.183635 0.311329 0.932391 255 255 255 1.000000
-0.030524 -0.043861 0.218911 0.179528 -0.965051 0.190906 255 255 255 1.000000
-0.276646 0.482508 -0.183578 0.367977 0.265672 0.891073 255 255 255 1.000000
0.349813 -0.285897 0.247604 -0.665383 -0.557567 -0.496371 255 255 255 1.000000
0.363703 -0.019420 0.161701 0.652561 0.757689 -0.008397 255 255 255 1.000000
0.379367 -0.428830 -0.196915 0.898773 0.269328 -0.345933 255 255 255 1.000000
0.073755 -0.176340 0.017281 0.000000 -0.896067 -0.443919 255 255 255 1.000000
-0.243274 -0.163134 0.042508 0.778973 0.612903 0.132476 255 255 255 1.000000
0.243436 0.205995 -0.187257 0.141059 0.026876 -0.989636 255 255 255 1.000000
-0.394719 -0.708827 -0.301393 0.028435 0.166438 -0.985642 255 255 255 1.000000
0.133066 0.394512 -0.204162 0.180476 -0.241660 -0.953430 255 255 255 1.000000
0.293735 0.460988 -0.167735 0.370590 -0.258917 -0.891978 255 255 255 1.000000
-0.125719 -0.039243 0.231803 0.021644 -0.991692 0.126799 255 255 255 1.000000
-0.206714 0.401555 -0.187294 0.289189 0.262543 0.920565 255 255 255 1.000000
0.335029 0.424932 -0.149564 -0.408487 -0.126591 -0.903943 255 255 255 1.000000
0.047143 -0.039478 0.286437 0.036009 -0.999344 0.003736 255 255 255 1.000000
-0.145167 0.474653 -0.225073 -0.180401 -0.226815 -0.957084 255 255 255 1.000000
0.154063 -0.048048 -0.096962 -0.125233 0.992024 0.014309 255 255 255 1.000000
-0.078020 -0.042596 0.400560 -0.032867 -0.975876 -0.215838 255 255 255 1.000000
-0.366533 -0.075194 -0.065925 -0.893237 -0.424998 -0.146643 255 255 255 1.000000
0.030047 -0.136982 0.452785 0.013127 -0.850610 0.525633 255 255 255 1.000000
0.189062 -0.045839 -0.162073 -0.050310 0.829840 -0.555728 255 255 255 1.000000
-0.059821 -0.177466 0.037308 0.000000 0.955299 -0.295642 255 255 255 1.000000
0.290879 0.174483 -0.173061 0.451613 0.091878 -0.887471 255 255 255 1.000000
-0.322056 -0.213245 0.119943 0.996060 -0.062630 -0.062781 255 255 255 1.000000
0.101890 -0.154183 0.056478 0.000000 0.084424 -0.996430 255 255 255 1.000000
0.235179 0.096207 -0.131033 0.207734 -0.827494 0.521632 255 255 255 1.000000
-0.272293 0.458631 -0.178237 0.362209 0.267858 0.892780 255 255 255 1.000000
-0.302626 0.102973 -0.150430 0.080134 -0.062701 0.994810 255 255 255 1.000000
-0.321869 -0.437803 0.378632 0.975588 0.138977 0.170039 255 255 255 1.000000
-0.337792 -0.202613 0.149635 -0.461062 -0.733725 -0.499069 255 255 255 1.000000
0.314075 -0.491247 0.410285 -0.926661 -0.204082 -0.315673 255 255 255 1.000000
-0.400940 -0.387928 -0.172234 0.991604 -0.126312 0.027686 255 255 255 1.000000
-0.164360 0.434804 -0.208284 -0.217655 -0.242227 -0.945491 255 255 255 1.000000
0.346954 0.455237 -0.160460 0.655509 0.085752 0.750303 255 255 255 1.000000
-0.072910 -0.075553 0.457101 0.004715 -0.553393 -0.832907 255 255 255 1.000000
0.137273 0.465575 -0.224183 -0.171943 0.228075 0.958341 255 255 255 1.000000
-0.197911 -0.058823 0.448221 0.010150 0.655546 0.755087 255 255 255 1.000000
-0.296410 0.516836 -0.206142 0.831646 0.180786 0.525054 255 255 255 1.000000
-0.412103 -0.286030 -0.103346 -0.986716 0.148746 -0.065317 255 255 255 1.000000
0.377526 -0.160973 -0.008626 -0.557735 -0.634352 0.535284 255 255 255 1.000000
0.172878 -0.160624 0.004034 0.000000 -0.325768 -0.945450 255 255 255 1.000000
-0.061698 0.206417 -0.170243 0.106913 0.174340 0.978864 255 255 255 1.000000
-0.281637 0.100947 -0.191656 -0.303889 0.118519 -0.945307 255 255 255 1.000000
-0.280509 -0.123207 0.054703 -0.312817 -0.927037 -0.206758 255 255 255 1.000000
-0.292920 -0.123638 0.057042 -0.423078 -0.884364 -0.197244 255 255 255 1.000000
0.374668 -0.056860 0.417521 -0.427085 -0.152303 -0.891292 255 255 255 1.000000
-0.087351 0.643041 -0.262239 0.065456 0.205275 0.976513 255 255 255 1.000000
-0.096062 0.742232 -0.309751 -0.073304 -0.836829 -0.542535 255 255 255 1.000000
0.381564 -0.186877 0.013612 -0.489798 0.577071 -0.653519 255 255 255 1.000000
-0.410216 -0.272705 -0.105807 -0.631707 0.523454 -0.571788 255 255 255 1.000000
0.394102 -0.199470 -0.030927 0.993074 0.116879 0.011950 255 255 255 1.000000
0.397513 -0.260747 -0.099660 0.615324 0.543026 -0.571401 255 255 255 1.000000
-0.298724 0.315601 -0.132684 -0.123687 -0.160620 -0.979236 255 255 255 1.000000
-0.310159 -0.102058 -0.090544 -0.276646 -0.113287 0.954271 255 255 255 1.000000
-0.357137 -0.527238 0.423600 -0.997209 -0.052269 -0.053311 255 255 255 1.000000
0.343191 0.504466 -0.169198 -0.369151 -0.184966 -0.910777 255 255 255 1.000000
0.236890 0.028326 -0.203753 0.459288 -0.129743 0.878761 255 255 255 1.000000
-0.343508 0.506529 -0.173618 -0.065794 0.266428 0.961607 255 255 255 1.000000
-0.362123 -0.013265 0.191231 -0.282698 0.959089 0.015194 255 255 255 1.000000
0.356173 -0.693154 0.507180 -0.132336 0.390946 -0.910850 255 255 255 1.000000
0.114368 0.062932 -0.159372 -0.184291 -0.076682 0.979876 255 255 255 1.000000
-0.050684 -0.058068 -0.133680 -0.554387 -0.832229 -0.006992 255 255 255 1.000000
-0.409238 -0.147472 0.002877 0.000000 -0.164290 0.986412 255 255 255 1.000000
-0.105904 0.507600 -0.239446 0.127238 0.218451 0.967517 255 255 255 1.000000
-0.366626 -0.087898 0.126365 -0.496425 -0.867919 -0.016692 255 255 255 1.000000
-0.399525 -0.273482 -0.116083 -0.596132 0.544253 -0.590267 255 255 255 1.000000
-0.164453 0.647182 -0.256098 0.138479 0.234827 0.962123 255 255 255 1.000000
0.437450 -0.726776 -0.219020 -0.001176 0.044961 0.998988 255 255 255 1.000000
-0.312345 0.664626 -0.227407 -0.267137 -0.310917 -0.912123 255 255 255 1.000000
0.277990 -0.017614 0.345466 0.119704 -0.990227 -0.071563 255 255 255 1.000000
-0.383574 -0.081936 0.393850 -0.072931 -0.037312 -0.996639 255 255 255 1.000000
0.282300 -0.021547 0.229623 -0.112987 -0.983564 0.140837 255 255 255 1.000000
0.416771 -0.672172 -0.258687 0.028379 0.986465 -0.161496 255 255 255 1.000000
-0.071239 -0.039095 0.289019 -0.085524 0.989292 -0.118270 255 255 255 1.000000
-0.180933 -0.037945 0.170249 0.048720 0.990904 -0.125445 255 255 255 1.000000
0.007929 -0.040874 0.382598 -0.004042 0.989533 0.144252 255 255 255 1.000000
-0.014559 0.508208 -0.245288 0.024081 0.209471 0.977518 255 255 255 1.000000
0.240370 -0.120797 0.042911 0.040322 0.977495 0.207071 255 255 255 1.000000
-0.220118 -0.126285 0.438522 0.133683 0.920678 -0.366716 255 255 255 1.000000
-0.270630 0.168375 -0.117381 0.275528 0.416774 -0.866247 255 255 255 1.000000
0.304451 -0.682149 0.523162 -0.143190 0.983555 -0.110069 255 255 255 1.000000
-0.313508 0.173288 -0.155276 -0.996196 -0.070952 0.050597 255 255 255 1.000000
0.114804 -0.053687 -0.172753 -0.040993 0.850050 -0.525104 255 255 255 1.000000
0.377162 -0.068688 0.381402 -0.949097 -0.007730 0.314888 255 255 255 1.000000
0.042771 -0.056077 -0.039474 -0.055802 0.997705 -0.038364 255 255 255 1.000000
-0.017156 0.573958 -0.255032 -0.012379 -0.197179 -0.980289 255 255 255 1.000000
-0.357013 -0.198549 0.082382 -0.897223 -0.374836 -0.233428 255 255 255 1.000000
-0.127286 0.039049 -0.160056 -0.222271 0.596059 -0.771563 255 255 255 1.000000
-0.215599 -0.028518 0.362833 0.098385 0.988142 0.117881 255 255 255 1.000000
-0.110324 -0.002249 -0.166690 0.174970 -0.296659 0.938818 255 255 255 1.000000
-0.307641 -0.021784 -0.087266 0.232027 0.937512 0.259296 255 255 255 1.000000
-0.159564 -0.047638 -0.119917 0.156236 0.930310 0.331834 255 255 255 1.000000
-0.180206 -0.121788 0.454565 -0.103571 -0.610624 0.785119 255 255 255 1.000000
-0.269031 -0.046367 0.438905 0.028128 0.731083 0.681708 255 255 255 1.000000
0.420872 -0.557370 -0.273866 -0.908694 -0.218634 0.355632 255 255 255 1.000000
-0.014455 -0.049793 0.102759 -0.043947 0.997993 -0.045582 255 255 255 1.000000
0.248710 -0.128236 0.015208 0.000000 -0.857633 0.514262 255 255 255 1.000000
-0.243660 0.745914 -0.279209 0.093768 0.771120 0.629748 255 255 255 1.000000
-0.382116 -0.722121 0.535296 -0.999629 0.001960 -0.027178 255 255 255 1.000000
-0.307453 0.068634 -0.147812 -0.816210 -0.069387 0.573574 255 255 255 1.000000
0.354714 -0.654446 0.503404 -0.907454 0.199105 0.369979 255 255 255 1.000000
-0.024889 -0.039125 0.318083 -0.042364 0.998458 -0.035869 255 255 255 1.000000
-0.380867 -0.066689 0.219241 -0.941818 -0.333132 -0.044745 255 255 255 1.000000
0.014693 0.327962 -0.197431 -0.010506 0.226471 0.973961 255 255 255 1.000000
0.374568 -0.052319 0.221621 0.978517 -0.202463 -0.038889 255 255 255 1.000000
-0.381290 -0.046687 0.204394 0.990934 0.129496 0.035774 255 255 255 1.000000
-0.197773 -0.028354 0.346869 0.097983 0.994029 0.048010 255 255 255 1.000000
-0.368796 -0.163953 0.004926 0.000000 -0.442330 -0.896852 255 255 255 1.000000
-0.342635 0.608536 -0.200211 -0.124349 0.324062 0.937828 255 255 255 1.000000
-0.242360 -0.127613 0.042167 0.000000 -0.884981 -0.465627 255 255 255 1.000000
-0.299997 -0.093471 -0.192741 0.841170 0.291306 0.455603 255 255 255 1.000000
0.394727 -0.642885 -0.306826 -0.737681 0.193473 -0.646834 255 255 255 1.000000
-0.349451 0.547898 -0.205301 -0.713721 -0.202071 -0.670649 255 255 255 1.000000
-0.237327 0.431198 -0.186549 0.330335 0.265477 0.905760 255 255 255 1.000000
0.049989 -0.127124 0.018444 0.000000 0.914622 -0.404309 255 255 255 1.000000
0.377062 -0.396450 -0.174236 -0.887343 -0.279446 0.366785 255 255 255 1.000000
0.375660 -0.022313 0.319019 -0.945902 -0.324277 -0.010638 255 255 255 1.000000
-0.168732 -0.045842 -0.142247 -0.167711 -0.341498 -0.924798 255 255 255 1.000000
0.359569 -0.014335 0.376341 -0.295224 -0.929723 -0.220131 255 255 255 1.000000
0.052681 -0.099986 0.462881 0.023194 -0.071361 0.997181 255 255 255 1.000000
0.223733 -0.034094 0.141121 0.120566 -0.992399 0.024663 255 255 255 1.000000
-0.328149 0.547377 -0.218732 0.418929 0.229060 0.878652 255 255 255 1.000000
0.345041 0.387230 -0.157712 0.753134 0.011810 0.657761 255 255 255 1.000000
0.377320 -0.404349 -0.185322 -0.929161 -0.234193 0.286032 255 255 255 1.000000
0.042750 -0.056492 -0.056161 0.055238 -0.997733 0.038450 255 255 255 1.000000
-0.219382 -0.141161 0.004568 0.000000 -0.396664 0.917964 255 255 255 1.000000
-0.300755 -0.150797 0.056800 0.000000 0.039777 0.999209 255 255 255 1.000000
0.326839 -0.033236 -0.152853 0.056204 0.470776 -0.880461 255 255 255 1.000000
0.314887 -0.017637 0.194150 0.566512 0.772445 -0.287040 255 255 255 1.000000
0.002929 -0.060072 -0.160319 -0.996418 0.080593 -0.025607 255 255 255 1.000000
0.126075 -0.066425 -0.184196 0.040640 0.482640 -0.874876 255 255 255 1.000000
-0.188175 -0.042674 0.068389 -0.022427 -0.979491 0.200235 255 255 255 1.000000
-0.240776 0.338380 -0.158250 0.313344 0.232779 0.920668 255 255 255 1.000000
0.405610 -0.455068 -0.238823 0.631693 0.391785 -0.668931 255 255 255 1.000000
0.387605 -0.428817 -0.184761 0.585215 0.434752 -0.684481 255 255 255 1.000000
-0.009185 -0.127731 0.461393 0.009994 0.469389 -0.882935 255 255 255 1.000000
-0.242748 0.226916 -0.160941 0.974205 0.209353 0.084239 255 255 255 1.000000
-0.383153 -0.041713 0.290571 -0.990211 -0.137252 -0.025380 255 255 255 1.000000
0.395645 -0.385359 -0.184757 -0.967811 -0.192181 0.162507 255 255 255 1.000000
0.323680 0.751187 -0.267924 -0.281015 -0.955000 0.094901 255 255 255 1.000000
-0.276940 0.094166 -0.151655 0.115852 -0.028703 0.992852 255 255 255 1.000000
-0.361863 -0.709864 0.499652 0.070318 0.365468 -0.928164 255 255 255 1.000000
0.051210 -0.058173 -0.168764 0.434507 -0.900652 0.005448 255 255 255 1.000000
-0.359985 -0.451933 0.396452 0.872920 -0.284578 -0.396265 255 255 255 1.000000
-0.237159 -0.037964 -0.038841 0.157016 0.987334 0.022728 255 255 255 1.000000
-0.162660 -0.043951 0.080296 -0.059512 0.962416 -0.264979 255 255 255 1.000000
0.062871 -0.054398 -0.012228 0.061540 -0.997561 0.032937 255 255 255 1.000000
-0.194773 0.028390 -0.146702 -0.109642 0.494860 -0.862028 255 255 255 1.000000
-0.358802 0.449015 -0.171811 -0.931749 -0.033265 0.361576 255 255 255 1.000000
-0.189887 0.327671 -0.170750 -0.257408 -0.241201 -0.935715 255 255 255 1.000000
-0.329509 -0.394348 0.356441 0.566624 0.524529 0.635458 255 255 255 1.000000
0.208771 -0.166848 0.006515 0.000000 0.547332 0.836915 255 255 255 1.000000
-0.306131 0.046846 -0.190592 0.996918 0.071350 -0.032624 255 255 255 1.000000
0.254228 -0.022356 0.296091 -0.136524 0.989998 -0.035570 255 255 255 1.000000
-0.277352 -0.146907 -0.042824 0.020498 -0.962104 0.271913 255 255 255 1.000000
0.241043 -0.034967 0.082771 -0.128682 0.991252 -0.029342 255 255 255 1.000000
0.227738 -0.075552 -0.162891 -0.970167 0.136093 0.200634 255 255 255 1.000000
-0.303055 0.094236 -0.182930 0.325079 -0.172721 0.929780 255 255 255 1.000000
-0.366639 0.553179 -0.205896 -0.962656 0.065498 0.262685 255 255 255 1.000000
-0.352481 -0.540724 0.426486 0.980479 -0.085709 -0.176958 255 255 255 1.000000
-0.219118 -0.036096 0.127566 0.032812 0.976803 -0.211609 255 255 255 1.000000
0.168435 -0.031386 0.362542 -0.079981 0.992174 0.095883 255 255 255 1.000000
0.356456 -0.093667 0.016418 0.521136 -0.852916 -0.030836 255 255 255 1.000000
0.240212 0.250125 -0.166419 0.978057 -0.204524 -0.039676 255 255 255 1.000000
0.292117 0.051963 -0.135191 -0.699028 0.112570 -0.706178 255 255 255 1.000000
0.281299 0.197451 -0.177338 -0.409413 -0.030852 0.911827 255 255 255 1.000000
0.355719 -0.248141 0.173913 0.973853 -0.182114 -0.135809 255 255 255 1.000000
0.436672 -0.709334 -0.302361 0.046976 0.198016 -0.979073 255 255 255 1.000000
-0.021859 -0.045438 0.189558 0.081073 -0.993213 0.083403 255 255 255 1.000000
0.026239 -0.100680 0.463302 0.011227 -0.060343 0.998115 255 255 255 1.000000
-0.384208 -0.348147 -0.164321 -0.691707 -0.362007 0.624895 255 255 255 1.000000
0.319780 0.608837 -0.204627 -0.337454 0.276122 0.899934 255 255 255 1.000000
0.232778 -0.035022 0.101075 -0.124558 0.991805 -0.028438 255 255 255 1.000000
0.273088 0.721563 -0.254542 0.157495 -0.312408 -0.936801 255 255 255 1.000000
0.283149 0.459477 -0.203169 0.924993 -0.042989 0.377545 255 255 255 1.000000
-0.381263 -0.046161 0.414564 -0.200103 0.146994 0.968686 255 255 255 1.000000
0.216719 -0.125495 0.034264 0.000000 0.983400 0.181453 255 255 255 1.000000
0.268244 -0.099404 -0.050222 -0.234204 -0.953575 -0.189322 255 255 255 1.000000
-0.048451 -0.050592 0.420828 0.020643 0.963656 0.266346 255 255 255 1.000000
-0.402117 -0.488042 -0.253980 0.394692 0.392767 -0.830633 255 255 255 1.000000
-0.301394 0.159426 -0.172741 0.431929 -0.120496 0.893822 255 255 255 1.000000
0.324718 -0.241225 0.199411 -0.833155 0.444047 0.329659 255 255 255 1.000000
-0.362463 -0.440369 0.374976 0.953222 -0.173700 -0.247379 255 255 255 1.000000
-0.120115 0.526987 -0.241958 0.139698 0.214305 0.966725 255 255 255 1.000000
-0.133356 -0.046223 0.073166 -0.266741 0.850512 -0.453299 255 255 255 1.000000
-0.105818 -0.037383 0.370757 -0.053685 -0.992483 -0.109981 255 255 255 1.000000
0.358218 -0.207764 -0.030457 -0.987190 -0.052458 -0.150681 255 255 255 1.000000
-0.357268 0.734471 -0.258077 -0.477589 0.564815 0.672973 255 255 255 1.000000
0.315581 -0.688061 0.571391 0.031666 0.851040 0.524146 255 255 255 1.000000
-0.285359 -0.019096 0.361673 0.116327 0.983744 0.136809 255 255 255 1.000000
-0.191671 0.504393 -0.221685 0.257945 0.239302 0.936055 255 255 255 1.000000
-0.174104 -0.034851 0.388603 0.071494 0.975912 0.206116 255 255 255 1.000000
-0.193608 0.548760 -0.232733 0.237986 0.228711 0.943957 255 255 255 1.000000
-0.093065 0.259501 -0.175173 0.144391 0.205162 0.968018 255 255 255 1.000000
-0.232167 -0.055492 -0.188386 -0.995902 -0.086168 0.027474 255 255 255 1.000000
0.080932 0.274590 -0.180808 0.133594 -0.213548 -0.967755 255 255 255 1.000000
-0.422709 -0.518373 -0.260204 0.864353 -0.258440 0.431397 255 255 255 1.000000
-0.244338 0.626927 -0.237778 -0.248441 -0.249218 -0.936038 255 255 255 1.000000
-0.107028 0.320585 -0.187223 -0.154093 -0.237501 -0.959087 255 255 255 1.000000
-0.327386 -0.416756 0.341998 -0.770478 0.407154 0.490498 255 255 255 1.000000
-0.117289 -0.046389 0.092146 -0.348188 0.789546 -0.505353 255 255 255 1.000000
0.331836 0.435661 -0.183908 -0.620549 0.205572 0.756742 255 255 255 1.000000
0.388489 -0.348028 -0.159067 0.984422 0.156333 -0.080454 255 255 255 1.000000
-0.378295 -0.021239 0.244515 0.836333 -0.548219 0.001425 255 255 255 1.000000
-0.264156 -0.033309 -0.041053 0.178611 0.983588 0.025536 255 255 255 1.000000
-0.310374 0.697385 -0.271656 0.218979 0.336783 0.915765 255 255 255 1.000000
0.296023 -0.026629 -0.005969 0.195931 -0.980394 -0.020925 255 255 255 1.000000
0.376069 -0.034340 0.369078 0.981274 0.190506 0.028453 255 255 255 1.000000
0.203693 0.394071 -0.185617 -0.281993 0.248918 0.926563 255 255 255 1.000000
0.314688 -0.459804 0.387799 0.999970 -0.007040 0.003093 255 255 255 1.000000
0.194928 0.606444 -0.239771 0.206380 -0.193144 -0.959220 255 255 255 1.000000
0.315042 -0.283002 0.216242 -0.999563 -0.026984 0.012079 255 255 255 1.000000
0.380744 -0.460598 -0.217256 -0.987798 -0.113512 0.106628 255 255 255 1.000000
-0.144814 -0.050165 -0.054022 0.097544 0.994939 -0.024129 255 255 255 1.000000
-0.318776 0.254710 -0.146338 -0.717774 -0.058194 -0.693840 255 255 255 1.000000
-0.210436 0.062744 -0.139550 -0.059061 -0.720253 0.691193 255 255 255 1.000000
-0.353626 -0.175309 0.100208 -0.784223 0.527533 0.326654 255 255 255 1.000000
0.204998 -0.027630 0.341302 -0.108575 0.993380 0.037520 255 255 255 1.000000
0.237333 -0.124474 0.054520 -0.730597 0.665394 0.153228 255 255 255 1.000000
-0.397959 -0.449855 -0.232898 -0.457097 -0.404447 0.792139 255 255 255 1.000000
0.003810 0.059661 -0.174689 0.035376 -0.284326 0.958075 255 255 255 1.000000
-0.038627 0.560246 -0.253038 0.038206 0.205588 0.977892 255 255 255 1.000000
-0.036908 0.508820 -0.245482 -0.047767 -0.215230 -0.975394 255 255 255 1.000000
-0.380356 -0.050578 0.178809 0.989731 0.137372 0.039516 255 255 255 1.000000
0.303038 0.664062 -0.257806 -0.188916 0.323524 0.927170 255 255 255 1.000000
0.080914 -0.045056 0.164431 0.059065 -0.998079 0.018679 255 255 255 1.000000
0.267248 -0.022932 0.252511 0.141991 -0.988902 0.043715 255 255 255 1.000000
-0.349898 -0.354535 0.328723 0.989274 0.096145 0.109972 255 255 255 1.000000
0.295982 -0.120761 -0.131964 -0.970808 -0.196288 0.137848 255 255 255 1.000000
-0.264748 -0.079180 -0.141132 0.369036 -0.899416 -0.234228 255 255 255 1.000000
0.230272 0.288514 -0.148753 0.293630 -0.218703 -0.930564 255 255 255 1.000000
0.314813 -0.291897 0.225135 -0.999690 -0.022133 0.011448 255 255 255 1.000000
0.370345 -0.015410 0.310320 0.779015 0.626611 0.022221 255 255 255 1.000000
0.357914 -0.091433 0.073444 -0.498785 0.866525 0.018629 255 255 255 1.000000
0.224606 -0.063976 -0.190957 0.964016 0.062088 0.258492 255 255 255 1.000000
-0.302157 -0.053561 -0.170384 0.444241 -0.330061 -0.832892 255 255 255 1.000000
-0.393007 -0.166507 -0.006823 0.593558 -0.611669 0.523020 255 255 255 1.000000
0.370069 -0.069795 0.099965 0.972204 -0.227585 -0.055003 255 255 255 1.000000
0.010096 0.313673 -0.194361 -0.002432 0.219987 0.975500 255 255 255 1.000000
-0.254541 0.490240 -0.196646 -0.350165 -0.261232 -0.899523 255 255 255 1.000000
0.224199 -0.132469 0.001762 -0.973438 -0.210812 -0.089309 255 255 255 1.000000
-0.237950 -0.027347 0.261451 -0.100161 -0.991174 0.086843 255 255 255 1.000000
-0.351588 -0.298909 0.270143 0.999798 0.019411 0.005291 255 255 255 1.000000
0.280877 -0.024043 0.182679 -0.169033 -0.973172 0.156092 255 255 255 1.000000
-0.295173 -0.176552 0.018071 0.000000 -0.908796 -0.417241 255 255 255 1.000000
0.018274 -0.041459 0.389564 0.006929 -0.985255 -0.170949 255 255 255 1.000000
-0.322546 -0.568583 0.467658 0.951368 0.137793 0.275522 255 255 255 1.000000
-0.302647 -0.723447 0.544610 -0.999803 0.000873 0.019819 255 255 255 1.000000
-0.372775 -0.060507 0.003468 -0.990487 -0.122011 -0.063630 255 255 255 1.000000
0.085504 -0.054774 -0.055484 -0.067467 0.997283 -0.029573 255 255 255 1.000000
-0.329990 -0.351697 0.276922 0.673757 -0.534410 -0.510351 255 255 255 1.000000
-0.143286 0.613503 -0.254287 0.124684 0.228450 0.965538 255 255 255 1.000000
0.133057 0.077485 -0.154532 -0.191403 -0.078339 0.978380 255 255 255 1.000000
0.167296 0.294057 -0.167836 0.244006 -0.223100 -0.943762 255 255 255 1.000000
-0.360400 -0.247934 0.196373 -0.828223 0.439623 0.347530 255 255 255 1.000000
0.224917 -0.114296 -0.090617 0.978821 0.177360 0.102245 255 255 255 1.000000
0.413880 -0.409247 -0.201835 0.818622 0.337746 -0.464528 255 255 255 1.000000
-0.352440 -0.721683 0.582219 0.442942 -0.841638 0.308946 255 255 255 1.000000
-0.200302 -0.081760 -0.169059 0.280009 0.782708 0.555844 255 255 255 1.000000
0.322719 -0.401124 0.361890 0.984877 -0.115019 -0.129570 255 255 255 1.000000
-0.128295 0.321001 -0.184557 0.182639 0.242976 0.952683 255 255 255 1.000000
-0.195431 0.095848 -0.139275 -0.092863 -0.892945 0.440483 255 255 255 1.000000
-0.322445 0.362596 -0.176544 0.612180 0.153516 0.775673 255 255 255 1.000000
0.271895 0.317391 -0.188549 0.213698 -0.125085 -0.968858 255 255 255 1.000000
0.419221 -0.701321 -0.310639 0.019184 -0.995850 0.088964 255 255 255 1.000000
-0.139454 0.388745 -0.201359 0.186734 0.244727 0.951441 255 255 255 1.000000
0.238757 0.739505 -0.276201 0.186906 -0.660362 -0.727316 255 255 255 1.000000
0.342018 -0.185296 0.120747 0.399924 0.768542 0.499404 255 255 255 1.000000
0.302382 -0.023653 0.104871 0.024218 0.996399 -0.081253 255 255 255 1.000000
-0.160796 -0.132425 0.011018 0.000000 -0.727176 0.686451 255 255 255 1.000000
-0.368609 -0.692796 0.561929 0.131158 -0.658604 -0.740971 255 255 255 1.000000
-0.200487 -0.125595 0.034636 0.000000 0.980696 0.195540 255 255 255 1.000000
0.397070 -0.222465 -0.035353 -0.990889 -0.134119 0.012318 255 255 255 1.000000
0.066231 0.596657 -0.256232 -0.064483 0.202724 0.977111 255 255 255 1.000000
0.357059 -0.618534 0.492521 -0.999959 0.007638 0.004760 255 255 255 1.000000
0.110938 0.122545 -0.155262 0.063201 0.446795 -0.892401 255 255 255 1.000000
-0.315524 0.235858 -0.129170 -0.642144 -0.017553 0.766383 255 255 255 1.000000
0.324317 -0.205378 0.087363 0.823673 0.473699 0.311724 255 255 255 1.000000
-0.063726 -0.135367 0.008075 0.000000 -0.612583 0.790406 255 255 255 1.000000
0.316931 -0.019401 -0.059979 -0.217816 0.974518 0.053587 255 255 255 1.000000
-0.109856 -0.036091 0.320831 0.030490 0.999284 -0.022383 255 255 255 1.000000
0.097031 -0.060734 -0.182432 0.011856 0.702974 -0.711116 255 255 255 1.000000
0.317552 0.575858 -0.226484 0.310660 -0.231727 -0.921842 255 255 255 1.000000
0.348658 -0.140076 0.004858 0.000000 -0.433799 0.901010 255 255 255 1.000000
0.039075 0.568982 -0.254377 -0.038798 0.203714 0.978261 255 255 255 1.000000
0.338614 0.297837 -0.154751 0.852371 -0.076948 0.517245 255 255 255 1.000000
0.201563 0.349026 -0.172684 -0.279280 0.245045 0.928416 255 255 255 1.000000
-0.304925 0.080197 -0.142889 0.769445 0.076280 -0.634142 255 255 255 1.000000
0.311044 -0.023208 -0.009460 -0.206121 0.978156 0.026934 255 255 255 1.000000
-0.149211 -0.032145 0.350372 -0.076496 -0.996008 -0.045996 255 255 255 1.000000
0.282315 0.591336 -0.213162 0.313937 -0.244592 -0.917398 255 255 255 1.000000
0.232846 -0.111995 -0.021220 0.823701 -0.544564 -0.158009 255 255 255 1.000000
0.181063 -0.044244 -0.100341 0.146009 -0.988986 -0.024261 255 255 255 1.000000
0.129813 -0.176425 0.017599 0.000000 -0.901272 -0.433253 255 255 255 1.000000
-0.106465 0.396728 -0.207391 0.146187 0.242950 0.958960 255 255 255 1.000000
0.372688 -0.058739 0.169470 -0.978058 0.203362 0.045248 255 255 255 1.000000
0.321715 -0.196022 0.130145 0.791150 -0.508928 -0.339227 255 255 255 1.000000
0.324667 -0.175197 0.101251 0.773252 -0.539343 -0.333453 255 255 255 1.000000
0.370787 -0.738400 0.564018 0.132996 -0.647329 0.750518 255 255 255 1.000000
-0.209249 0.452353 -0.201607 -0.287596 -0.253318 -0.923644 255 255 255 1.000000
-0.212586 -0.047147 -0.166665 0.054877 -0.517395 0.853985 255 255 255 1.000000
-0.123147 0.463607 -0.225005 -0.154557 -0.227868 -0.961347 255 255 255 1.000000
-0.298255 0.115282 -0.130330 -0.629289 -0.092627 0.771632 255 255 255 1.000000
-0.329290 -0.016213 -0.098261 0.245597 0.907112 0.341805 255 255 255 1.000000
-0.318955 0.221535 -0.132293 -0.828156 -0.081472 0.554545 255 255 255 1.000000
0.243055 0.128842 -0.146832 -0.010636 -0.129127 0.991571 255 255 255 1.000000
0.320411 -0.011870 0.299267 0.714779 0.606858 -0.347583 255 255 255 1.000000
0.421908 -0.612186 -0.269199 -0.706633 0.199615 -0.678840 255 255 255 1.000000
-0.023496 -0.041650 0.381754 0.008005 0.990357 0.138311 255 255 255 1.000000
0.086557 0.237406 -0.171086 0.148413 -0.195170 -0.969475 255 255 255 1.000000
-0.409036 -0.329688 -0.116131 0.598236 0.455809 -0.659054 255 255 255 1.000000
0.042097 -0.049032 0.101521 0.044220 -0.998859 0.018045 255 255 255 1.000000
-0.369353 -0.086715 0.430888 -0.379568 -0.076151 0.922024 255 255 255 1.000000
-0.305657 0.740221 -0.279903 0.027220 0.915724 -0.400885 255 255 255 1.000000
0.257728 -0.169721 0.009389 0.000000 0.665484 0.746412 255 255 255 1.000000
0.097419 -0.048387 0.081081 -0.068986 0.997216 -0.028288 255 255 255 1.000000
0.383008 -0.197328 -0.047055 0.581893 0.607300 -0.540913 255 255 255 1.000000
0.004744 0.621431 -0.261415 -0.014245 0.204520 0.978759 255 255 255 1.000000
-0.313207 0.315048 -0.170540 0.615236 0.118212 0.779429 255 255 255 1.000000
0.299805 -0.108206 -0.047093 -0.653557 -0.512627 0.556845 255 255 255 1.000000
0.242758 0.551048 -0.218401 -0.298842 0.235588 0.924766 255 255 255 1.000000
-0.171230 0.028954 -0.152088 0.204450 -0.510113 0.835455 255 255 255 1.000000
-0.413581 -0.702318 -0.220961 0.011967 -0.884851 0.465720 255 255 255 1.000000
-0.430193 -0.528615 -0.251555 -0.920370 0.204428 -0.333359 255 255 255 1.000000
0.296409 -0.098007 -0.079427 -0.482327 -0.029588 0.875492 255 255 255 1.000000
0.043103 0.607326 -0.259446 -0.045329 0.214950 0.975573 255 255 255 1.000000
-0.278079 -0.176351 0.041464 0.000000 0.896743 -0.442551 255 255 255 1.000000
-0.278248 0.198742 -0.117379 0.268570 0.182584 0.945798 255 255 255 1.000000
-0.397498 -0.221178 -0.022485 -0.556400 -0.528468 0.641202 255 255 255 1.000000
0.449164 -0.694500 -0.250432 -0.998883 -0.044670 0.015387 255 255 255 1.000000
0.365461 -0.277534 -0.102592 0.960013 -0.116887 0.254388 255 255 255 1.000000
-0.231421 -0.075964 -0.176612 -0.992821 -0.085187 0.083956 255 255 255 1.000000
0.185939 -0.019547 -0.153185 -0.203666 -0.187027 0.961010 255 255 255 1.000000
0.352640 -0.078710 -0.085248 -0.087076 -0.983036 -0.161428 255 255 255 1.000000
0.287693 -0.021811 0.381099 -0.104746 0.976262 0.189580 255 255 255 1.000000
-0.387930 -0.322073 -0.128145 0.993726 -0.091169 -0.064788 255 255 255 1.000000
-0.159849 -0.037860 0.206751 -0.048039 -0.994377 0.094372 255 255 255 1.000000
-0.038155 -0.045057 0.191686 -0.319928 0.881442 -0.347427 255 255 255 1.000000
0.364859 0.542814 -0.203654 0.843846 0.150736 0.514978 255 255 255 1.000000
0.358450 -0.046583 0.428483 0.817160 0.503011 0.281478 255 255 255 1.000000
0.008460 -0.051844 0.055873 -0.034615 0.999032 -0.027139 255 255 255 1.000000
-0.284710 0.732582 -0.259667 -0.058575 -0.506093 -0.860487 255 255 255 1.000000
-0.380340 -0.023259 0.268578 0.868495 -0.495685 0.003557 255 255 255 1.000000
-0.178316 -0.045739 -0.094940 0.149831 0.971046 0.186066 255 255 255 1.000000
0.350493 -0.423558 0.378012 0.721225 0.412544 0.556454 255 255 255 1.000000
0.260071 0.736120 -0.265709 0.521776 0.390059 -0.758686 255 255 255 1.000000
0.184093 0.464386 -0.211739 0.249846 -0.247641 -0.936083 255 255 255 1.000000
0.322873 0.442442 -0.152438 0.027551 -0.202706 -0.978852 255 255 255 1.000000
-0.175314 -0.049144 0.434780 -0.040915 -0.818433 -0.573143 255 255 255 1.000000
-0.091699 -0.039750 0.384599 0.044182 0.986391 0.158368 255 255 255 1.000000
0.444763 -0.747030 -0.249427 0.262546 -0.898232 0.352489 255 255 255 1.000000
0.031918 -0.058835 -0.155248 0.799933 -0.599762 0.019831 255 255 255 1.000000
0.372868 -0.750752 -0.270575 -0.388677 -0.885907 0.253178 255 255 255 1.000000
0.150277 -0.046390 0.423267 0.063760 -0.953795 -0.293616 255 255 255 1.000000
-0.259130 0.284866 -0.188840 -0.199350 -0.077950 -0.976823 255 255 255 1.000000
-0.404118 -0.223890 -0.042441 -0.991182 0.132383 -0.005669 255 255 255 1.000000
0.100070 -0.136692 0.052035 0.000000 0.557294 0.830315 255 255 255 1.000000
0.097544 -0.131497 0.011947 0.000000 -0.759888 0.650055 255 255 255 1.000000
0.405215 -0.412844 -0.212343 -0.697261 -0.402084 0.593428 255 255 255 1.000000
0.314518 0.526113 -0.216880 -0.338396 0.224349 0.913869 255 255 255 1.000000
0.286229 -0.029256 0.037897 -0.158033 0.987418 -0.005597 255 255 255 1.000000
-0.259566 -0.033811 0.043832 -0.145221 -0.983180 -0.110761 255 255 255 1.000000
-0.147786 -0.040188 0.180871 0.016654 0.991547 -0.128674 255 255 255 1.000000
-0.160805 -0.043614 0.415710 0.065824 0.957098 0.282189 255 255 255 1.000000
-0.369441 -0.135384 0.008059 0.000000 0.611917 -0.790922 255 255 255 1.000000
-0.330320 -0.346602 0.317102 0.508921 0.588003 0.628691 255 255 255 1.000000
-0.276063 -0.141365 -0.067837 0.076397 -0.902396 0.424081 255 255 255 1.000000
-0.352012 -0.014618 0.148669 0.039121 -0.998601 0.035574 255 255 255 1.000000
0.291977 0.417395 -0.157669 -0.347119 0.241275 0.906253 255 255 255 1.000000
0.325771 -0.446217 0.403154 0.999451 0.032891 0.003963 255 255 255 1.000000
0.226352 -0.110434 0.455133 0.108480 -0.342425 0.933262 255 255 255 1.000000
0.336548 -0.016865 0.001006 -0.203671 -0.979017 0.006623 255 255 255 1.000000
0.236657 0.752383 -0.293419 0.151229 -0.856725 -0.493104 255 255 255 1.000000
0.183741 0.186221 -0.139425 0.261213 -0.196997 -0.944966 255 255 255 1.000000
-0.241409 0.696095 -0.258447 0.217319 0.304045 0.927539 255 255 255 1.000000
-0.200632 -0.040108 0.095728 0.036013 0.981962 -0.185616 255 255 255 1.000000
0.338573 -0.322551 0.244043 0.491448 -0.650656 -0.578901 255 255 255 1.000000
0.293503 -0.116194 0.011601 0.680667 -0.622269 -0.386618 255 255 255 1.000000
0.304910 -0.132714 -0.034692 -0.623392 0.700092 -0.348214 255 255 255 1.000000
0.351277 -0.176596 0.051691 -0.498465 0.730985 0.466040 255 255 255 1.000000
0.021310 0.483537 -0.238413 0.012840 -0.204070 -0.978872 255 255 255 1.000000
-0.015887 -0.052195 0.052966 -0.089290 0.991202 -0.097699 255 255 255 1.000000
0.159740 -0.075843 -0.182672 0.177598 -0.265082 -0.947729 255 255 255 1.000000
-0.293040 0.495326 -0.213644 -0.894572 0.007400 0.446863 255 255 255 1.000000
0.367462 -0.031355 0.094277 0.870181 0.490648 -0.045281 255 255 255 1.000000
-0.244009 -0.023735 0.349830 0.112941 0.990557 0.077725 255 255 255 1.000000
0.068651 0.217890 -0.170830 0.131610 -0.184879 -0.973909 255 255 255 1.000000
0.303811 0.512568 -0.218934 -0.229533 0.202092 0.952089 255 255 255 1.000000
-0.290951 -0.125549 0.024323 0.000000 0.981976 -0.189004 255 255 255 1.000000
-0.077365 -0.055250 -0.048524 0.637419 0.440138 0.632436 255 255 255 1.000000
-0.334093 -0.021364 0.060875 0.188199 0.975515 0.113809 255 255 255 1.000000
0.037687 -0.160279 0.054844 0.000000 -0.313152 0.949703 255 255 255 1.000000
-0.396958 -0.346872 -0.162443 -0.990917 0.128023 -0.041158 255 255 255 1.000000
-0.024516 -0.059031 -0.127533 0.934661 0.355124 0.017177 255 255 255 1.000000
-0.004513 0.575695 -0.255333 -0.001355 0.193430 0.981113 255 255 255 1.000000
0.408306 -0.342506 -0.131444 -0.694640 0.388663 -0.605323 255 255 255 1.000000
-0.002613 -0.055964 0.434962 0.006231 -0.951957 -0.306169 255 255 255 1.000000
0.133463 -0.089196 -0.184952 0.140071 -0.247730 -0.958650 255 255 255 1.000000
0.229051 0.070302 -0.191377 -0.883342 0.054586 -0.465540 255 255 255 1.000000
0.087932 0.031722 -0.167427 0.143242 0.154273 -0.977590 255 255 255 1.000000
-0.301638 0.132566 -0.133277 0.693272 0.085159 -0.715627 255 255 255 1.000000
0.122363 -0.051578 -0.127367 0.114727 -0.993337 -0.010889 255 255 255 1.000000
-0.349871 -0.013387 0.172102 0.341192 0.821815 0.456298 255 255 255 1.000000
0.193670 0.739430 -0.287871 0.146741 -0.705227 -0.693630 255 255 255 1.000000
0.225861 0.175228 -0.187137 -0.015199 -0.061402 0.997997 255 255 255 1.000000
0.152268 0.411958 -0.204397 -0.208569 0.245922 0.946584 255 255 255 1.000000
0.081882 -0.028680 -0.173773 0.162733 0.084169 -0.983073 255 255 255 1.000000
-0.235398 -0.111851 -0.044294 -0.853464 -0.496743 -0.157628 255 255 255 1.000000
0.287134 0.507271 -0.206883 0.822314 -0.190052 -0.536357 255 255 255 1.000000
-0.123942 -0.041951 0.176895 -0.129250 0.957379 -0.258302 255 255 255 1.000000
-0.109308 -0.105844 -0.184818 -0.196994 -0.576430 -0.793046 255 255 255 1.000000
0.258650 -0.023186 0.268992 -0.138309 0.989654 -0.038161 255 255 255 1.000000
0.366836 -0.101384 0.416157 0.522725 -0.749499 -0.406214 255 255 255 1.000000
-0.105196 0.622231 -0.257840 0.089551 0.211442 0.973279 255 255 255 1.000000
-0.360806 0.653296 -0.225956 0.617471 -0.358023 -0.700392 255 255 255 1.000000
-0.289608 -0.034921 0.425586 -0.111965 -0.950870 -0.288636 255 255 255 1.000000
0.304593 0.074670 -0.146062 -0.806901 0.072414 -0.586231 255 255 255 1.000000
0.295155 0.636581 -0.236014 0.829418 -0.175536 -0.530333 255 255 255 1.000000
0.112599 -0.137590 0.436525 0.081016 -0.990782 0.108572 255 255 255 1.000000
0.236961 -0.078419 -0.149855 0.932721 0.340657 -0.118258 255 255 255 1.000000
0.354586 -0.380105 0.319330 0.914190 -0.265484 -0.306227 255 255 255 1.000000
-0.236018 -0.122067 0.445283 -0.145656 -0.826026 0.544486 255 255 255 1.000000
0.302943 0.216792 -0.161295 0.569981 0.025878 -0.821251 255 255 255 1.000000
-0.149267 -0.044380 0.089952 -0.124358 0.940059 -0.317528 255 255 255 1.000000
0.372544 -0.075451 0.202723 0.897760 -0.437907 -0.047590 255 255 255 1.000000
0.178031 0.394966 -0.192628 -0.249038 0.251822 0.935182 255 255 255 1.000000
0.324648 0.328067 -0.152282 0.991113 -0.091160 0.096878 255 255 255 1.000000
-0.434060 -0.601440 -0.284549 -0.909641 0.195824 -0.366341 255 255 255 1.000000
0.247357 0.358266 -0.159710 -0.313271 0.236593 0.919720 255 255 255 1.000000
-0.289049 -0.145490 0.055378 0.000000 0.239091 0.970997 255 255 255 1.000000
0.049520 -0.140156 0.434620 0.042678 -0.999032 0.010632 255 255 255 1.000000
0.335511 0.718785 -0.242275 0.372191 0.499175 0.782495 255 255 255 1.000000
-0.104770 0.474746 -0.230072 0.131432 0.225792 0.965269 255 255 255 1.000000
0.344147 -0.345371 0.318588 0.499104 0.597959 0.627169 255 255 255 1.000000
0.287722 -0.022038 -0.131594 0.214654 -0.975211 -0.053735 255 255 255 1.000000
-0.090276 -0.133640 0.009803 0.000000 -0.681621 0.731705 255 255 255 1.000000
0.299333 0.758416 -0.280255 0.170049 -0.873870 -0.455450 255 255 255 1.000000
0.059793 -0.052773 0.021218 0.057647 -0.997935 0.028336 255 255 255 1.000000
-0.259517 0.372661 -0.159522 0.334696 0.239262 0.911445 255 255 255 1.000000
0.310054 0.222987 -0.127297 -0.613371 0.019911 -0.789544 255 255 255 1.000000
-0.051129 0.422054 -0.221048 -0.068105 -0.233300 -0.970017 255 255 255 1.000000
-0.293720 0.449081 -0.166150 -0.373557 -0.256443 -0.891455 255 255 255 1.000000
0.058970 0.585763 -0.255403 -0.057282 0.203449 0.977408 255 255 255 1.000000
-0.298513 0.213775 -0.169158 0.537864 -0.008757 0.842986 255 255 255 1.000000
-0.267164 -0.038300 -0.160812 -0.004368 0.621233 -0.783614 255 255 255 1.000000
0.018066 -0.127223 0.461064 -0.003753 0.482513 -0.875881 255 255 255 1.000000
-0.047317 0.535139 -0.249536 -0.053207 -0.212807 -0.975644 255 255 255 1.000000
-0.365545 0.533031 -0.211917 -0.998201 -0.037948 -0.046412 255 255 255 1.000000
0.090617 -0.112850 0.462801 -0.040787 0.259467 -0.964890 255 255 255 1.000000
0.356306 -0.034697 -0.125084 0.941843 0.332216 -0.050635 255 255 255 1.000000
-0.321426 -0.700865 0.490972 -0.040332 0.785130 -0.618017 255 255 255 1.000000
-0.219511 0.233913 -0.140640 -0.263682 -0.201862 -0.943251 255 255 255 1.000000
-0.232764 -0.119460 -0.093842 0.905561 -0.372741 -0.202540 255 255 255 1.000000
0.010842 -0.037968 0.358091 -0.009866 0.998508 0.053702 255 255 255 1.000000
-0.288047 -0.056633 -0.211172 -0.782867 0.123113 -0.609887 255 255 255 1.000000
0.111680 -0.040196 0.226852 0.066000 -0.997615 0.020189 255 255 255 1.000000
0.301771 0.745622 -0.267775 0.027220 -0.915724 0.400885 255 255 255 1.000000
-0.071398 0.246512 -0.175740 -0.116199 -0.194704 -0.973955 255 255 255 1.000000
-0.281183 0.029058 -0.160711 0.219737 0.334927 -0.916264 255 255 255 1.000000
0.134422 -0.050290 0.434218 -0.058665 0.947566 0.314130 255 255 255 1.000000
-0.298591 0.605535 -0.231004 -0.825174 -0.174498 -0.537250 255 255 255 1.000000
0.244961 -0.034710 -0.057684 0.176545 -0.983591 -0.037162 255 255 255 1.000000
0.275763 0.735650 -0.262178 0.902800 0.404497 -0.146062 255 255 255 1.000000
0.014069 0.248286 -0.180368 -0.031136 0.194524 0.980403 255 255 255 1.000000
0.315000 -0.258404 0.184323 0.924048 0.296702 0.241045 255 255 255 1.000000
0.210877 0.299185 -0.158303 -0.292223 0.229832 0.928323 255 255 255 1.000000
0.047800 -0.036855 0.341341 -0.032454 0.999444 0.007625 255 255 255 1.000000
0.216563 0.222879 -0.137527 -0.279527 0.201663 0.938721 255 255 255 1.000000
-0.356478 -0.641264 0.481743 -0.979292 -0.091282 -0.180704 255 255 255 1.000000
0.254505 0.317194 -0.172627 0.964305 -0.238487 -0.115063 255 255 255 1.000000
0.180942 -0.033385 0.246226 -0.099863 0.994866 -0.016386 255 255 255 1.000000
0.376156 -0.076435 0.330228 0.933436 -0.300067 -0.196612 255 255 255 1.000000
0.270122 0.361783 -0.152116 0.315995 -0.227536 -0.921072 255 255 255 1.000000
-0.455556 -0.710429 -0.231829 -0.999512 -0.021540 0.022624 255 255 255 1.000000
-0.026120 -0.059463 -0.167664 0.926883 0.374675 0.022515 255 255 255 1.000000
-0.383934 -0.045538 0.352143 0.952060 0.055940 0.300755 255 255 255 1.000000
0.279974 0.150833 -0.143773 0.003797 0.134686 -0.990881 255 255 255 1.000000
-0.201234 -0.029054 0.360333 -0.094668 -0.990283 -0.101865 255 255 255 1.000000
-0.322291 -0.427402 0.356475 0.895293 -0.280451 -0.346119 255 255 255 1.000000
-0.294517 0.741253 -0.263039 0.048245 -0.602563 -0.796612 255 255 255 1.000000
0.135312 0.209582 -0.157049 -0.216557 0.191094 0.957385 255 255 255 1.000000
0.167767 0.475480 -0.219248 -0.220496 0.238716 0.945725 255 255 255 1.000000
0.389063 -0.163846 0.015523 0.992380 0.122478 0.013478 255 255 255 1.000000
0.354574 -0.007278 0.325013 -0.178439 -0.980118 -0.086762 255 255 255 1.000000
-0.267534 -0.029441 -0.102641 -0.251697 -0.760136 -0.599034 255 255 255 1.000000
-0.293567 0.005728 -0.141060 0.512953 0.103689 -0.852131 255 255 255 1.000000
0.304162 -0.020333 0.176294 0.457742 0.852729 -0.251646 255 255 255 1.000000
0.026090 0.698114 -0.278422 -0.020109 0.275373 0.961127 255 255 255 1.000000
0.231911 0.024769 -0.140421 0.432086 0.665426 -0.608696 255 255 255 1.000000
-0.348272 0.660759 -0.238361 0.770057 0.190250 0.608948 255 255 255 1.000000
-0.261071 0.040025 -0.134668 -0.174628 -0.440744 0.880482 255 255 255 1.000000
-0.118010 0.510593 -0.239091 -0.140762 -0.217555 -0.965845 255 255 255 1.000000
-0.410254 -0.542253 -0.279300 0.084231 0.380061 -0.921118 255 255 255 1.000000
0.223514 -0.036271 -0.116958 -0.182693 0.982259 0.042315 255 255 255 1.000000
0.368236 -0.076965 0.050479 0.969282 -0.238145 -0.061473 255 255 255 1.000000
0.060803 0.535032 -0.248478 -0.054732 0.189132 0.980425 255 255 255 1.000000
-0.379454 -0.748112 -0.260036 0.337843 -0.893775 0.295005 255 255 255 1.000000
-0.330974 -0.523385 0.415415 0.482402 -0.467695 -0.740642 255 255 255 1.000000
-0.084209 0.164652 -0.160495 0.054233 0.554108 0.830677 255 255 255 1.000000
-0.240830 -0.034607 0.094814 -0.096343 0.832489 -0.545600 255 255 255 1.000000
-0.338609 -0.020318 0.040255 0.203816 0.975814 0.079032 255 255 255 1.000000
-0.387525 -0.459224 -0.217745 0.991584 -0.101886 0.079873 255 255 255 1.000000
0.404499 -0.434572 -0.212072 0.965909 0.190166 -0.175661 255 255 255 1.000000
0.299471 0.196459 -0.165940 0.513273 0.064561 -0.855794 255 255 255 1.000000
-0.252326 0.116127 -0.126933 -0.259025 -0.628456 0.733450 255 255 255 1.000000
-0.355303 -0.180386 0.048326 0.884195 0.398804 0.243219 255 255 255 1.000000
-0.232468 -0.093001 -0.170251 -0.960756 0.199495 0.192743 255 255 255 1.000000
-0.167159 0.286288 -0.166555 -0.221368 -0.226344 -0.948559 255 255 255 1.000000
-0.359963 -0.010576 0.239209 0.153789 -0.988038 -0.011401 255 255 255 1.000000
0.006200 -0.041758 0.257892 -0.017740 0.999842 0.001154 255 255 255 1.000000
0.296790 -0.023504 0.132618 0.182506 0.972029 -0.147819 255 255 255 1.000000
-0.115113 -0.094740 -0.188208 -0.167676 -0.425657 -0.889214 255 255 255 1.000000
0.099947 -0.122572 0.462425 -0.043929 0.398555 -0.916092 255 255 255 1.000000
-0.339694 -0.323162 0.244394 0.505113 -0.644718 -0.573759 255 255 255 1.000000
-0.057378 0.485664 -0.238096 0.073272 0.223264 0.972000 255 255 255 1.000000
-0.168600 -0.044699 0.056132 -0.065146 0.955952 -0.286201 255 255 255 1.000000
-0.227522 -0.030591 0.222163 0.081338 0.990213 -0.113414 255 255 255 1.000000
0.044321 -0.058078 -0.134330 0.625863 -0.779707 0.018766 255 255 255 1.000000
-0.086671 -0.104375 -0.187799 -0.148320 -0.485323 -0.861663 255 255 255 1.000000
0.049726 0.412566 -0.218395 -0.055795 0.224911 0.972781 255 255 255 1.000000
-0.115839 -0.126430 0.037751 0.000000 0.950121 0.311881 255 255 255 1.000000
0.245667 -0.141177 -0.067751 0.922890 -0.200444 0.328780 255 255 255 1.000000
-0.377205 -0.708045 -0.286459 0.997768 0.057302 -0.034278 255 255 255 1.000000
0.306112 0.145869 -0.156417 0.997070 -0.058951 0.048740 255 255 255 1.000000
0.018311 -0.058141 -0.087678 -0.943965 0.329304 -0.022097 255 255 255 1.000000
0.268324 0.467146 -0.181973 0.348810 -0.256758 -0.901336 255 255 255 1.000000
-0.375337 -0.054634 0.051288 0.994824 0.084956 0.055754 255 255 255 1.000000
0.066824 -0.074490 0.457685 -0.000079 0.423802 0.905755 255 255 255 1.000000
0.392032 -0.210783 -0.015050 -0.594924 0.512466 -0.619228 255 255 255 1.000000
-0.367997 -0.233798 -0.060443 0.950856 0.143797 -0.274218 255 255 255 1.000000
0.370880 -0.078331 0.190270 0.811981 -0.582552 -0.036322 255 255 255 1.000000
-0.086225 0.693723 -0.275131 0.065902 0.276077 0.958874 255 255 255 1.000000
-0.408607 -0.389058 -0.153403 -0.385250 -0.499935 0.775659 255 255 255 1.000000
0.375978 -0.085319 0.377880 0.914495 -0.161350 -0.371031 255 255 255 1.000000
0.318049 -0.570415 0.446784 0.928620 0.190801 0.318215 255 255 255 1.000000
0.413396 -0.502290 -0.255484 -0.749730 -0.308159 0.585614 255 255 255 1.000000
0.252378 0.149821 -0.143914 -0.004112 -0.134430 0.990915 255 255 255 1.000000
-0.418474 -0.567488 -0.289235 0.652270 -0.308923 0.692178 255 255 255 1.000000
-0.333848 0.430238 -0.186573 0.593784 0.205030 0.778064 255 255 255 1.000000
0.393586 -0.394188 -0.203201 0.316410 -0.479984 0.818230 255 255 255 1.000000
0.234891 0.212161 -0.149263 0.911804 -0.249028 -0.326493 255 255 255 1.000000
0.354302 -0.520396 0.442545 -0.868413 -0.255249 -0.425097 255 255 255 1.000000
0.302041 -0.143225 0.004015 0.000000 -0.323062 0.946378 255 255 255 1.000000
0.403504 -0.324169 -0.114589 0.637655 -0.435275 0.635556 255 255 255 1.000000
-0.287998 0.093544 -0.126680 -0.331862 -0.117226 0.936016 255 255 255 1.000000
-0.377334 -0.046227 0.098194 -0.997814 -0.046661 -0.046806 255 255 255 1.000000
-0.244243 0.093265 -0.197759 0.036024 -0.096300 0.994700 255 255 255 1.000000
-0.013007 0.461944 -0.232465 0.024667 0.217052 0.975848 255 255 255 1.000000
0.204950 0.468578 -0.207597 0.283051 -0.254833 -0.924631 255 255 255 1.000000
0.160206 0.016730 -0.154895 0.190254 0.093987 -0.977226 255 255 255 1.000000
-0.347257 -0.601554 0.457355 -0.846866 0.271026 0.457562 255 255 255 1.000000
-0.339924 -0.214974 0.167998 0.414119 0.740911 0.528732 255 255 255 1.000000
0.053304 0.393420 -0.212783 -0.062384 0.231708 0.970783 255 255 255 1.000000
-0.232707 -0.151464 0.050471 -0.890102 0.444238 0.101837 255 255 255 1.000000
-0.400037 -0.300503 -0.139198 0.596674 -0.524728 0.607158 255 255 255 1.000000
-0.311546 0.635163 -0.248042 0.183487 0.292583 0.938471 255 255 255 1.000000
-0.242367 0.708057 -0.262053 0.221996 0.315461 0.922606 255 255 255 1.000000
-0.287339 -0.093999 -0.075868 0.243700 0.916006 0.318659 255 255 255 1.000000
0.374861 -0.071280 0.262558 0.902396 -0.428539 -0.045113 255 255 255 1.000000
0.024702 -0.161746 0.054451 0.000000 -0.366146 0.930558 255 255 255 1.000000
0.321632 -0.109348 0.431364 0.162351 -0.977585 0.134049 255 255 255 1.000000
-0.296769 0.184267 -0.172841 -0.471762 0.068525 -0.879059 255 255 255 1.000000
0.293594 -0.057572 -0.165678 0.270616 0.302750 0.913843 255 255 255 1.000000
0.217288 -0.123056 0.446842 0.143076 -0.781180 0.607689 255 255 255 1.000000
0.296250 -0.092643 -0.102276 0.300794 0.009552 -0.953641 255 255 255 1.000000
-0.000243 -0.163122 0.054082 0.000000 -0.414198 0.910187 255 255 255 1.000000
-0.239324 -0.070681 -0.160279 0.961588 -0.249553 0.114336 255 255 255 1.000000
-0.375160 -0.739573 0.505958 0.071965 0.516465 0.853279 255 255 255 1.000000
0.306244 -0.673110 0.533450 0.015557 -0.995093 0.097714 255 255 255 1.000000
0.233244 0.488410 -0.205669 0.318665 -0.254404 -0.913089 255 255 255 1.000000
0.325566 -0.363261 0.284941 0.578273 0.561954 0.591445 255 255 255 1.000000
0.198218 -0.033616 0.210769 0.108153 -0.993932 0.020038 255 255 255 1.000000
0.330604 0.651973 -0.245354 -0.463375 0.285580 0.838885 255 255 255 1.000000
0.423918 -0.649252 -0.281274 0.882006 -0.107793 0.458745 255 255 255 1.000000
-0.437535 -0.683176 -0.289379 -0.051610 0.518686 -0.853406 255 255 255 1.000000
0.365991 -0.020133 0.183505 -0.735008 -0.678019 0.007309 255 255 255 1.000000
-0.237394 -0.113355 -0.153359 0.807991 -0.520108 -0.276837 255 255 255 1.000000
0.330035 -0.579545 0.490376 0.264559 0.462405 0.846280 255 255 255 1.000000
0.190478 -0.036595 0.406276 -0.071131 0.962180 0.262962 255 255 255 1.000000
0.356337 -0.028659 -0.084411 0.946382 0.318697 -0.052857 255 255 255 1.000000
0.130700 -0.024444 -0.164184 0.176680 0.093804 -0.979788 255 255 255 1.000000
0.097147 0.627787 -0.257725 0.093875 -0.195484 -0.976204 255 255 255 1.000000
-0.277378 -0.054085 -0.167627 0.391080 -0.456929 -0.798919 255 255 255 1.000000
0.315928 -0.680177 0.509094 0.004346 -0.844087 0.536188 255 255 255 1.000000
-0.249824 -0.033826 -0.093280 0.250281 0.732642 0.632926 255 255 255 1.000000
0.204785 -0.031029 0.247666 -0.112783 0.993527 -0.013599 255 255 255 1.000000
0.344048 -0.676797 0.552984 0.017073 0.920789 0.389688 255 255 255 1.000000
0.021373 -0.102440 -0.192340 0.026171 -0.244882 -0.969200 255 255 255 1.000000
-0.056399 0.556630 -0.252010 -0.058337 -0.209592 -0.976047 255 255 255 1.000000
0.262369 0.431384 -0.173581 -0.342680 0.253482 0.904609 255 255 255 1.000000
0.340951 -0.269002 0.234596 0.804697 0.455765 0.380448 255 255 255 1.000000
0.332261 -0.126483 0.020837 0.000000 0.947714 -0.319120 255 255 255 1.000000
-0.030048 -0.178780 0.032408 0.000000 0.993774 -0.111417 255 255 255 1.000000
0.114355 -0.044413 0.136699 -0.070739 0.997110 -0.027710 255 255 255 1.000000
-0.148142 -0.139663 0.004969 0.000000 0.447614 -0.894227 255 255 255 1.000000
0.244357 -0.154598 0.056367 0.000000 0.099953 -0.994992 255 255 255 1.000000
0.295226 0.015818 -0.164668 0.341537 -0.020081 0.939654 255 255 255 1.000000
0.391574 -0.661805 -0.287943 -0.911191 0.014298 0.411736 255 255 255 1.000000
-0.014603 -0.129891 0.013553 0.000000 -0.811526 0.584316 255 255 255 1.000000
-0.094143 0.144474 -0.157464 -0.141189 0.989664 -0.025102 255 255 255 1.000000
-0.362064 0.543398 -0.188995 0.707304 -0.205736 -0.676308 255 255 255 1.000000
0.273690 0.234992 -0.179353 0.327401 -0.047230 -0.943705 255 255 255 1.000000
0.376683 -0.054759 0.331616 0.980420 -0.168612 -0.101717 255 255 255 1.000000
0.100535 0.433025 -0.219048 0.123293 -0.231137 -0.965078 255 255 255 1.000000
0.232775 -0.080643 0.454673 0.168172 0.123439 -0.977998 255 255 255 1.000000
-0.063353 -0.038647 0.302954 -0.059759 0.994725 -0.083372 255 255 255 1.000000
-0.043260 -0.109071 0.463705 -0.020307 -0.136572 0.990422 255 255 255 1.000000
-0.258067 0.546890 -0.212620 0.343244 0.256295 0.903602 255 255 255 1.000000
0.347286 -0.622926 0.505487 0.480695 0.381045 0.789770 255 255 255 1.000000
0.331350 0.552932 -0.215605 0.573895 -0.226504 -0.786982 255 255 255 1.000000
0.166025 0.698489 -0.266469 0.134159 -0.281079 -0.950261 255 255 255 1.000000
-0.292466 -0.060297 -0.163045 -0.369832 0.486739 0.791397 255 255 255 1.000000
-0.293805 0.051339 -0.157612 0.470447 0.541162 -0.697010 255 255 255 1.000000
-0.115156 -0.048878 0.042384 -0.452311 0.641349 -0.619747 255 255 255 1.000000
-0.418884 -0.612301 -0.305338 0.554593 -0.306738 0.773523 255 255 255 1.000000
0.014461 -0.149023 0.056325 0.000000 0.105800 0.994387 255 255 255 1.000000
-0.250349 -0.026238 0.248397 0.094515 0.985317 -0.142186 255 255 255 1.000000
0.402958 -0.313623 -0.107597 -0.646789 0.434724 -0.626641 255 255 255 1.000000
0.340625 -0.017448 0.087338 -0.074873 0.996822 -0.027216 255 255 255 1.000000
-0.284225 0.054692 -0.198766 0.288244 -0.140202 0.947237 255 255 255 1.000000
0.353246 -0.322719 0.261738 -0.988075 0.121402 0.094710 255 255 255 1.000000
-0.075762 0.388701 -0.208794 0.104122 0.241482 0.964803 255 255 255 1.000000
0.302169 0.109261 -0.175658 -0.317150 -0.195292 0.928050 255 255 255 1.000000
-0.173545 0.404099 -0.196832 -0.237425 -0.252112 -0.938120 255 255 255 1.000000
-0.343897 -0.167791 0.007459 0.000000 0.587040 0.809558 255 255 255 1.000000
-0.294655 -0.019009 0.253507 0.131367 0.985237 -0.109772 255 255 255 1.000000
0.078161 -0.052615 0.432198 0.038921 -0.950859 -0.307168 255 255 255 1.000000
0.137882 -0.048685 -0.163661 0.083220 -0.929011 0.360574 255 255 255 1.000000
0.225550 0.090725 -0.184266 0.955910 -0.053730 0.288702 255 255 255 1.000000
0.369705 -0.264807 -0.081085 0.989690 0.125963 0.068171 255 255 255 1.000000
0.396982 -0.565025 -0.250286 0.260656 0.378901 -0.887971 255 255 255 1.000000
0.199747 -0.128004 0.015440 0.000000 0.863491 -0.504365 255 255 255 1.000000
0.015862 -0.050727 0.075875 -0.035929 0.999073 -0.023699 255 255 255 1.000000
-0.301231 0.369391 -0.192307 0.373859 0.160567 0.913481 255 255 255 1.000000
0.391973 -0.454014 -0.235930 -0.439884 0.407250 -0.800406 255 255 255 1.000000
-0.079067 -0.178298 0.024581 0.000000 0.983797 0.179288 255 255 255 1.000000
-0.377093 -0.145209 0.003484 0.000000 -0.249649 0.968336 255 255 255 1.000000
0.172184 0.156497 -0.140055 0.259893 -0.162527 -0.951862 255 255 255 1.000000
-0.337282 -0.138488 0.053502 0.000000 -0.485829 -0.874054 255 255 255 1.000000
-0.359174 -0.374336 0.306681 0.570971 0.560506 0.599854 255 255 255 1.000000
-0.257913 -0.031934 0.101720 0.315597 0.157560 0.935721 255 255 255 1.000000
-0.149946 -0.117791 0.460136 -0.076765 -0.329011 0.941201 255 255 255 1.000000
-0.305545 0.040607 -0.147640 -0.790055 -0.074099 0.608541 255 255 255 1.000000
0.339161 0.337045 -0.150294 -0.734737 0.024584 -0.677906 255 255 255 1.000000
0.369810 -0.032725 0.128574 -0.906841 -0.419095 0.044703 255 255 255 1.000000
-0.144775 0.720820 -0.283555 0.112811 0.545484 0.830494 255 255 255 1.000000
-0.102214 -0.136486 0.051829 0.000000 -0.565969 -0.824427 255 255 255 1.000000
-0.101386 -0.050649 0.024126 0.554886 -0.455774 0.695968 255 255 255 1.000000
-0.131293 0.697528 -0.274366 0.098992 0.285031 0.953393 255 255 255 1.000000
-0.315277 0.525234 -0.219570 0.259635 0.213310 0.941854 255 255 255 1.000000
-0.404915 -0.342608 -0.120421 -0.433956 -0.513632 0.740178 255 255 255 1.000000
-0.367085 0.578525 -0.207924 -0.904112 0.118774 0.410457 255 255 255 1.000000
0.248705 -0.025559 -0.214185 0.039235 0.138761 -0.989548 255 255 255 1.000000
-0.310785 -0.127009 0.006743 -0.832181 0.530574 -0.161140 255 255 255 1.000000
0.369005 0.584558 -0.223154 -0.890059 -0.141448 -0.433344 255 255 255 1.000000
-0.217587 0.133401 -0.130890 -0.254004 -0.946928 0.197002 255 255 255 1.000000
-0.422844 -0.569444 -0.249101 -0.100345 -0.375789 0.921257 255 255 255 1.000000
0.402026 -0.153476 0.056667 0.000000 0.058108 -0.998310 255 255 255 1.000000
0.087642 0.606043 -0.255642 0.083847 -0.194510 -0.977310 255 255 255 1.000000
0.168967 0.332052 -0.176744 -0.239317 0.242441 0.940186 255 255 255 1.000000
-0.100746 -0.138159 0.435885 0.037864 0.998067 -0.049277 255 255 255 1.000000
0.413918 -0.474315 -0.208259 0.560014 -0.395058 0.728226 255 255 255 1.000000
0.151152 -0.048281 -0.073584 -0.113256 0.993524 0.009112 255 255 255 1.000000
-0.262195 -0.032491 0.076731 -0.301186 -0.650900 -0.696862 255 255 255 1.000000
-0.232303 -0.070997 -0.189172 0.931649 -0.190085 -0.309675 255 255 255 1.000000
0.133908 0.304175 -0.179100 0.198856 -0.231471 -0.952301 255 255 255 1.000000
0.030513 -0.047849 0.128807 0.037454 -0.999186 0.014959 255 255 255 1.000000
-0.321601 0.280689 -0.149543 0.721740 0.086419 0.686749 255 255 255 1.000000
-0.334474 -0.558775 0.474946 0.481299 0.435664 0.760624 255 255 255 1.000000
-0.392023 -0.536053 -0.258000 -0.958536 -0.065626 0.277313 255 255 255 1.000000
0.235978 0.398128 -0.175877 -0.318656 0.248057 0.914837 255 255 255 1.000000
0.313493 -0.618210 0.489435 -0.994921 0.035340 0.094246 255 255 255 1.000000
-0.369509 -0.062252 -0.045602 -0.986172 -0.150256 -0.069912 255 255 255 1.000000
0.047515 0.480567 -0.237336 0.046367 -0.203655 -0.977944 255 255 255 1.000000
0.425299 -0.724383 -0.219159 -0.005697 0.007236 0.999958 255 255 255 1.000000
0.235560 -0.028624 0.387276 -0.091151 0.975404 0.200693 255 255 255 1.000000
0.354891 0.469000 -0.171688 -0.766762 -0.059016 -0.639212 255 255 255 1.000000
-0.292367 -0.023378 0.176536 0.175730 0.783161 0.596471 255 255 255 1.000000
-0.328271 -0.026658 0.415240 -0.122205 -0.954868 -0.270727 255 255 255 1.000000
0.207580 -0.043797 0.426585 -0.082668 0.949267 0.303411 255 255 255 1.000000
-0.304123 -0.103002 0.446478 -0.291376 -0.465265 0.835840 255 255 255 1.000000
0.317139 -0.267647 0.219239 -0.839045 0.417369 0.349008 255 255 255 1.000000
-0.062017 0.576749 -0.254329 -0.060123 -0.205802 -0.976745 255 255 255 1.000000
0.158260 0.387099 -0.195467 0.223444 -0.253076 -0.941289 255 255 255 1.000000
0.404824 -0.435028 -0.226690 -0.652432 -0.401477 0.642767 255 255 255 1.000000
-0.070637 0.659651 -0.266263 0.046833 0.206778 0.977266 255 255 255 1.000000
-0.307270 -0.117945 -0.006212 0.939973 -0.320729 0.116552 255 255 255 1.000000
0.248385 -0.080563 -0.201665 -0.936800 -0.247521 -0.247265 255 255 255 1.000000
-0.281054 -0.030973 0.029940 -0.152993 -0.981603 -0.114232 255 255 255 1.000000
-0.311464 -0.001375 -0.181395 -0.995456 0.000860 0.095220 255 255 255 1.000000
-0.058535 0.048555 -0.170820 0.143681 -0.438306 0.887267 255 255 255 1.000000
-0.105788 0.103438 -0.159002 -0.215045 0.932771 -0.289298 255 255 255 1.000000
-0.324513 -0.195039 0.104635 0.893572 0.371837 0.251529 255 255 255 1.000000
-0.425400 -0.687650 -0.299982 -0.004697 -0.894060 0.447923 255 255 255 1.000000
-0.232735 -0.052071 -0.202158 0.930217 -0.078866 -0.358436 255 255 255 1.000000
0.336444 0.593956 -0.195156 -0.013342 -0.329301 -0.944131 255 255 255 1.000000
0.003407 -0.044788 0.405916 -0.001104 0.972905 0.231202 255 255 255 1.000000
-0.325207 -0.147046 0.002991 0.000000 -0.180393 0.983595 255 255 255 1.000000
0.248731 -0.159436 0.012929 0.351287 -0.935459 -0.038916 255 255 255 1.000000
0.304015 0.601899 -0.237162 -0.167919 0.257916 0.951463 255 255 255 1.000000
-0.380458 -0.149884 0.056555 0.000000 -0.073611 -0.997287 255 255 255 1.000000
-0.303798 0.351562 -0.187123 0.434539 0.160524 0.886232 255 255 255 1.000000
-0.289112 -0.141507 -0.066768 0.213282 -0.895656 0.390270 255 255 255 1.000000
-0.354376 -0.220954 0.171062 -0.737498 0.546551 0.396710 255 255 255 1.000000
0.173459 -0.045813 -0.081576 -0.132962 0.990973 0.017152 255 255 255 1.000000
0.215112 0.654250 -0.245250 0.193472 -0.229118 -0.953978 255 255 255 1.000000
-0.400312 -0.555667 -0.277224 -0.630309 -0.264373 0.729943 255 255 255 1.000000
-0.284831 -0.061610 0.448059 0.007609 -0.468877 -0.883231 255 255 255 1.000000
0.302813 0.028074 -0.148377 -0.787856 0.074983 -0.611277 255 255 255 1.000000
0.232785 0.044864 -0.137760 -0.162060 -0.747027 0.644738 255 255 255 1.000000
0.081389 -0.053839 -0.007143 -0.068713 0.997135 -0.031617 255 255 255 1.000000
0.109703 0.519322 -0.241294 0.124197 -0.208495 -0.970106 255 255 255 1.000000
-0.326136 0.581905 -0.194096 -0.217406 -0.321822 -0.921502 255 255 255 1.000000
0.313298 0.423082 -0.194985 -0.494376 0.203341 0.845130 255 255 255 1.000000
0.178336 0.088637 -0.143516 -0.022527 -0.552907 0.832939 255 255 255 1.000000
0.225995 -0.028302 -0.185117 0.970699 -0.147870 -0.189415 255 255 255 1.000000
-0.235486 -0.025968 0.359667 0.105570 0.988066 0.112167 255 255 255 1.000000
-0.234137 0.000163 -0.197847 -0.907515 0.018019 0.419634 255 255 255 1.000000
0.262354 0.290869 -0.186723 0.235253 -0.102882 -0.966474 255 255 255 1.000000
0.273829 -0.142422 -0.062926 0.102469 0.913337 -0.394100 255 255 255 1.000000
0.271854 0.055825 -0.130266 -0.461212 -0.701315 -0.543545 255 255 255 1.000000
-0.155497 -0.041247 0.147629 0.006871 0.987203 -0.159319 255 255 255 1.000000
-0.291343 -0.018385 0.275572 0.135048 0.988937 -0.061366 255 255 255 1.000000
0.361468 -0.057315 -0.059691 -0.990211 0.120802 0.069925 255 255 255 1.000000
0.139173 -0.045950 0.067896 0.080074 -0.996048 0.038422 255 255 255 1.000000
-0.265912 0.685759 -0.247512 0.241443 0.310696 0.919333 255 255 255 1.000000
0.271876 -0.110862 0.000383 -0.068391 0.986273 0.150295 255 255 255 1.000000
-0.438861 -0.692859 -0.228641 0.017946 -0.890311 0.454998 255 255 255 1.000000
0.139960 0.192832 -0.152621 -0.224800 0.186962 0.956300 255 255 255 1.000000
0.269259 0.255858 -0.180111 -0.287385 0.088054 0.953759 255 255 255 1.000000
0.237260 0.023080 -0.164023 -0.504076 -0.007440 0.863627 255 255 255 1.000000
0.264763 -0.128758 0.044100 0.000000 0.843898 0.536504 255 255 255 1.000000
-0.367988 -0.042905 -0.065024 0.997426 0.026476 0.066642 255 255 255 1.000000
0.314214 -0.419832 0.350050 -0.992682 -0.051245 -0.109345 255 255 255 1.000000
-0.043644 0.376518 -0.208823 -0.061267 -0.239678 -0.968917 255 255 255 1.000000
-0.338364 -0.629914 0.473641 0.736514 -0.331224 -0.589778 255 255 255 1.000000
0.251094 0.207154 -0.125304 -0.262878 0.182884 0.947338 255 255 255 1.000000
0.122413 -0.037983 0.254557 -0.068917 0.997443 -0.018927 255 255 255 1.000000
-0.174040 -0.046219 -0.021497 -0.109497 -0.993892 0.013766 255 255 255 1.000000
0.199977 0.508684 -0.220785 -0.266437 0.244518 0.932321 255 255 255 1.000000
-0.194672 0.415026 -0.194441 0.268337 0.256026 0.928680 255 255 255 1.000000
0.337867 0.675964 -0.251706 0.458592 -0.288122 -0.840642 255 255 255 1.000000
-0.361710 -0.197248 0.101558 0.997947 0.048918 0.041340 255 255 255 1.000000
0.373793 -0.313415 -0.139310 -0.784415 0.315221 -0.534162 255 255 255 1.000000
0.326255 -0.218244 0.106768 -0.775484 -0.520403 -0.357499 255 255 255 1.000000
0.030763 -0.155824 0.002748 0.000000 0.146152 0.989262 255 255 255 1.000000
0.371461 -0.340323 -0.146100 0.998839 0.014352 0.045987 255 255 255 1.000000
0.219678 0.494343 -0.211441 0.301474 -0.254986 -0.918747 255 255 255 1.000000
-0.090710 -0.035816 0.341075 -0.038225 -0.999255 -0.005361 255 255 255 1.000000
0.259413 -0.124561 0.028011 0.000000 -0.998724 0.050511 255 255 255 1.000000
0.019797 -0.169815 0.009483 0.000000 -0.669171 -0.743109 255 255 255 1.000000
0.371298 -0.738398 -0.245258 0.997909 0.062965 -0.014627 255 255 255 1.000000
-0.120753 -0.043073 0.408450 -0.049616 -0.966570 -0.251557 255 255 255 1.000000
0.295683 -0.709709 0.542039 0.999631 -0.012534 0.024115 255 255 255 1.000000
-0.444603 -0.702353 -0.220458 0.029202 -0.397357 0.917199 255 255 255 1.000000
0.021254 -0.040609 0.274453 0.024124 -0.999709 0.000189 255 255 255 1.000000
-0.145591 -0.049135 -0.135292 0.154164 0.908631 0.388101 255 255 255 1.000000
0.023914 -0.037424 0.351719 -0.017673 0.999228 0.035075 255 255 255 1.000000
0.119058 0.435771 -0.217699 -0.150751 0.232350 0.960878 255 255 255 1.000000
0.255464 0.253212 -0.184317 0.229196 -0.056261 -0.971753 255 255 255 1.000000
-0.317544 0.294129 -0.159214 0.675943 0.098038 0.730403 255 255 255 1.000000
-0.234008 -0.089545 -0.148139 0.976779 0.168007 0.132951 255 255 255 1.000000
0.063413 -0.042772 0.215810 -0.047775 0.998788 -0.011826 255 255 255 1.000000
0.352745 -0.480754 0.421562 0.791807 0.347238 0.502462 255 255 255 1.000000
-0.053885 0.010480 -0.174396 -0.103431 0.169229 -0.980135 255 255 255 1.000000
-0.120841 0.181548 -0.156072 -0.189296 -0.173105 -0.966541 255 255 255 1.000000
-0.242613 -0.110980 -0.013309 -0.875389 -0.462557 -0.140483 255 255 255 1.000000
0.250495 0.317051 -0.148331 0.300597 -0.219530 -0.928142 255 255 255 1.000000
-0.273713 0.067485 -0.129120 -0.180394 -0.289776 0.939940 255 255 255 1.000000
-0.204124 -0.040991 -0.129393 -0.162821 -0.054511 -0.985149 255 255 255 1.000000
-0.317456 0.378388 -0.185302 -0.548249 -0.172389 -0.818355 255 255 255 1.000000
0.349837 -0.422257 0.345926 -0.774224 0.401643 0.489142 255 255 255 1.000000
-0.301066 0.526995 -0.186116 -0.382929 -0.266631 -0.884462 255 255 255 1.000000
0.259226 -0.123998 0.057661 0.199172 -0.955613 -0.217105 255 255 255 1.000000
-0.069712 -0.041826 0.236125 -0.226331 0.935139 -0.272561 255 255 255 1.000000
-0.033158 -0.125979 0.036069 0.000000 0.968377 0.249492 255 255 255 1.000000
0.357400 -0.680915 0.526661 0.068534 0.995560 -0.064525 255 255 255 1.000000
-0.395386 -0.469610 -0.206318 -0.474777 0.431491 -0.767074 255 255 255 1.000000
0.298346 -0.022503 0.149735 0.288756 0.938490 -0.189358 255 255 255 1.000000
0.015754 -0.045512 0.180129 0.027498 -0.999585 0.008630 255 255 255 1.000000
0.329913 -0.177760 0.036210 0.000000 -0.966988 0.254823 255 255 255 1.000000
-0.317493 0.403838 -0.192115 0.495754 0.194838 0.846325 255 255 255 1.000000
-0.301044 0.632965 -0.236541 -0.824874 -0.176602 -0.537024 255 255 255 1.000000
-0.315227 -0.023136 -0.029290 -0.208079 -0.977580 -0.032260 255 255 255 1.000000
-0.071000 0.736351 -0.301257 -0.047893 -0.764346 -0.643025 255 255 255 1.000000
0.220768 0.741345 -0.282092 0.165751 -0.701855 -0.692767 255 255 255 1.000000
-0.055382 -0.171412 0.011081 0.000000 0.729392 0.684096 255 255 255 1.000000
0.110302 0.253190 -0.170916 0.176810 -0.204733 -0.962716 255 255 255 1.000000
-0.148996 0.306556 -0.176345 -0.204316 -0.236936 -0.949798 255 255 255 1.000000
-0.343262 -0.287393 0.200209 -0.348104 0.725310 0.593927 255 255 255 1.000000
0.301919 -0.714742 0.498567 0.060050 -0.306698 0.949911 255 255 255 1.000000
0.402072 -0.576183 -0.290680 0.234923 -0.350022 0.906805 255 255 255 1.000000
0.101516 0.533193 -0.244131 0.109198 -0.200975 -0.973491 255 255 255 1.000000
0.304808 0.580994 -0.201828 0.357324 -0.268585 -0.894529 255 255 255 1.000000
-0.302889 0.412455 -0.152178 -0.369179 -0.237936 -0.898384 255 255 255 1.000000
0.057073 -0.043539 0.203318 0.045394 -0.998901 0.011676 255 255 255 1.000000
-0.359067 -0.011511 0.218307 -0.151197 0.988492 0.004829 255 255 255 1.000000
-0.292276 -0.079147 -0.137789 0.149911 0.858253 0.490844 255 255 255 1.000000
0.000522 0.104568 -0.171460 0.040642 -0.344890 0.937763 255 255 255 1.000000
-0.359718 -0.548495 0.436026 0.946539 0.171623 0.273147 255 255 255 1.000000
0.407511 -0.613394 -0.304808 0.109200 0.347734 -0.931212 255 255 255 1.000000
-0.291170 0.440798 -0.205492 0.916395 0.059663 -0.395804 255 255 255 1.000000
0.326769 -0.160525 0.079780 0.741839 -0.576338 -0.342797 255 255 255 1.000000
-0.270503 -0.099896 -0.048115 -0.182733 0.970080 0.159856 255 255 255 1.000000
0.152683 0.118148 -0.146536 0.177526 0.141737 -0.973856 255 255 255 1.000000
0.338787 0.522215 -0.172633 -0.047864 -0.313652 -0.948331 255 255 255 1.000000
0.304276 -0.042117 -0.189613 0.993845 0.021222 0.108726 255 255 255 1.000000
0.301986 0.145946 -0.135501 -0.785201 0.098235 -0.611399 255 255 255 1.000000
-0.126727 0.001803 -0.163183 0.187195 -0.321874 0.928092 255 255 255 1.000000
0.354279 -0.178800 0.032334 0.000000 0.994079 -0.108660 255 255 255 1.000000
0.314550 -0.699380 0.567938 -0.097472 0.647337 0.755946 255 255 255 1.000000
-0.296697 -0.019313 0.241441 0.127917 0.979786 -0.153808 255 255 255 1.000000
0.326238 -0.337199 0.260475 0.647726 0.544080 0.533317 255 255 255 1.000000
0.342707 -0.629265 0.473572 0.629498 -0.377334 -0.679229 255 255 255 1.000000
-0.361228 -0.015403 0.379239 0.172012 -0.951139 -0.256413 255 255 255 1.000000
0.178905 0.111756 -0.141080 0.162459 -0.884907 0.436517 255 255 255 1.000000
0.258955 0.134757 -0.190128 0.202335 0.097425 -0.974458 255 255 255 1.000000
0.227375 -0.024354 0.337858 -0.114361 0.992870 0.033640 255 255 255 1.000000
-0.324256 -0.021273 0.112066 -0.165463 -0.967662 -0.190401 255 255 255 1.000000
0.125166 0.678645 -0.265585 -0.123202 0.258509 0.958120 255 255 255 1.000000
0.097680 -0.099859 0.461591 0.035419 -0.101658 0.994189 255 255 255 1.000000
-0.351875 0.388393 -0.160045 0.890266 0.056697 -0.451897 255 255 255 1.000000
0.356007 -0.417041 0.361294 -0.978751 -0.133832 -0.155355 255 255 255 1.000000
-0.308433 -0.142425 -0.009449 0.686896 0.704094 -0.180070 255 255 255 1.000000
0.106284 -0.037359 0.292908 0.061660 -0.998000 0.013926 255 255 255 1.000000
0.022261 -0.048721 0.113972 0.035391 -0.999216 0.017716 255 255 255 1.000000
0.396106 -0.140843 0.004653 0.000000 -0.407671 0.913129 255 255 255 1.000000
0.245234 -0.027461 0.219466 0.132102 -0.990829 0.028413 255 255 255 1.000000
-0.362219 -0.248362 0.171789 -0.938041 -0.274464 -0.211539 255 255 255 1.000000
0.061935 -0.049046 0.093974 0.053762 -0.998339 0.020710 255 255 255 1.000000
-0.174236 0.512215 -0.228548 0.226683 0.230921 0.946198 255 255 255 1.000000
-0.074081 0.412086 -0.215534 0.100507 0.237390 0.966201 255 255 255 1.000000
0.331746 0.479622 -0.160350 0.100947 0.211252 0.972205 255 255 255 1.000000
0.146270 -0.149026 0.056325 0.000000 0.105682 0.994400 255 255 255 1.000000
-0.165981 0.220043 -0.151728 0.225199 0.197753 0.954033 255 255 255 1.000000
0.072041 0.640081 -0.261525 0.073081 -0.211302 -0.974685 255 255 255 1.000000
-0.325264 -0.011283 0.308679 0.151576 0.988361 -0.012895 255 255 255 1.000000
0.229821 -0.133454 -0.063881 0.794756 0.567417 0.215410 255 255 255 1.000000
-0.264125 -0.003809 -0.165283 -0.308182 -0.146522 -0.939976 255 255 255 1.000000
0.121703 -0.049785 -0.012251 -0.087298 0.995789 -0.027973 255 255 255 1.000000
-0.313503 0.651545 -0.222198 -0.274510 -0.305395 -0.911799 255 255 255 1.000000
0.188911 0.747415 -0.304310 0.124375 -0.858454 -0.497581 255 255 255 1.000000
-0.333386 0.495066 -0.204587 -0.568066 -0.218141 -0.793546 255 255 255 1.000000
0.342460 0.314825 -0.157995 0.851811 -0.071311 0.518974 255 255 255 1.000000
0.415185 -0.520958 -0.262592 -0.763310 -0.297986 0.573203 255 255 255 1.000000
-0.346203 -0.676129 0.551981 0.013461 -0.931353 -0.363870 255 255 255 1.000000
-0.246740 -0.158363 0.055358 0.000000 -0.242001 0.970276 255 255 255 1.000000
0.027252 -0.127784 0.015978 0.000000 0.873826 -0.486238 255 255 255 1.000000
-0.273568 0.112837 -0.149058 0.054297 -0.087086 0.994720 255 255 255 1.000000
-0.257561 -0.131490 0.011953 0.000000 0.760113 -0.649791 255 255 255 1.000000
0.422888 -0.632387 -0.300186 0.713323 0.264037 -0.649196 255 255 255 1.000000
0.294073 -0.100549 -0.059631 -0.508377 0.384986 0.770284 255 255 255 1.000000
0.187127 0.710765 -0.266560 -0.129013 0.294223 0.946989 255 255 255 1.000000
-0.022440 -0.053424 0.025453 -0.195729 0.956340 -0.217035 255 255 255 1.000000
0.015789 -0.047637 0.137666 -0.030930 0.999412 -0.014769 255 255 255 1.000000
0.306337 0.281681 -0.159600 0.663680 -0.089668 -0.742623 255 255 255 1.000000
0.356338 -0.009653 0.275929 -0.215169 -0.976386 -0.019314 255 255 255 1.000000
0.237086 -0.145787 -0.039495 0.984084 0.121224 0.129938 255 255 255 1.000000
0.319650 -0.215980 0.159368 0.794051 -0.494811 -0.353050 255 255 255 1.000000
0.337347 0.387616 -0.145910 -0.604412 -0.049688 -0.795121 255 255 255 1.000000
0.088271 0.734264 -0.296708 -0.070367 0.738347 0.670740 255 255 255 1.000000
-0.284685 0.365313 -0.195483 0.112339 0.135249 0.984422 255 255 255 1.000000
-0.338416 -0.323649 0.299061 -0.714994 -0.490310 -0.498376 255 255 255 1.000000
-0.085580 -0.038398 0.293473 0.063182 -0.992443 0.105190 255 255 255 1.000000
0.362603 -0.172589 0.046529 0.000000 -0.770328 0.637648 255 255 255 1.000000
0.298859 -0.015032 0.307889 -0.293054 -0.931405 0.215881 255 255 255 1.000000
0.136164 -0.037897 0.233534 0.075646 -0.996909 0.021216 255 255 255 1.000000
-0.422458 -0.535168 -0.234878 0.693308 0.287901 -0.660634 255 255 255 1.000000
-0.034113 -0.065224 0.451770 0.002416 0.688076 0.725635 255 255 255 1.000000
0.220433 0.081030 -0.135449 -0.216058 0.849204 -0.481841 255 255 255 1.000000
0.294943 -0.023629 -0.170471 -0.367452 -0.097707 -0.924896 255 255 255 1.000000
-0.131121 0.262922 -0.170360 -0.195386 -0.215064 -0.956855 255 255 255 1.000000
-0.375251 -0.022943 0.172889 -0.824919 0.565065 -0.014530 255 255 255 1.000000
-0.124510 0.612640 -0.255193 -0.109731 -0.219503 -0.969421 255 255 255 1.000000
0.315721 -0.328158 0.279549 0.947953 -0.218475 -0.231632 255 255 255 1.000000
-0.043145 0.619282 -0.261151 0.029175 0.195044 0.980361 255 255 255 1.000000
-0.232011 0.053934 -0.179396 0.986230 0.080901 0.144240 255 255 255 1.000000
-0.078585 0.459683 -0.228360 -0.103535 -0.229540 -0.967777 255 255 255 1.000000
-0.106206 -0.151334 0.056944 0.000000 0.020126 0.999797 255 255 255 1.000000
0.292716 0.103972 -0.128513 -0.688390 0.130718 -0.713465 255 255 255 1.000000
-0.125260 -0.037649 0.386826 -0.055815 -0.982196 -0.179374 255 255 255 1.000000
0.395377 -0.246162 -0.050365 -0.611960 0.487260 -0.622963 255 255 255 1.000000
0.390326 -0.726243 -0.302864 0.003592 0.191118 0.981561 255 255 255 1.000000
-0.324538 -0.443381 0.391677 0.840121 0.321570 0.436794 255 255 255 1.000000
0.236441 -0.148190 -0.026047 -0.991718 -0.075892 -0.103609 255 255 255 1.000000
-0.280356 0.149850 -0.183751 -0.331889 0.095905 -0.938430 255 255 255 1.000000
-0.066753 -0.040771 0.378664 -0.033479 -0.991073 -0.129046 255 255 255 1.000000
-0.169597 0.746160 -0.305293 -0.127965 -0.848382 -0.513686 255 255 255 1.000000
-0.238467 -0.099659 -0.082756 0.946856 0.292022 0.134858 255 255 255 1.000000
-0.322060 -0.324348 0.280045 0.960654 0.204250 0.188218 255 255 255 1.000000
0.269101 -0.025831 0.393295 -0.094108 0.968280 0.231469 255 255 255 1.000000
0.346993 0.580682 -0.193884 -0.254029 -0.310780 -0.915907 255 255 255 1.000000
0.042595 -0.176043 0.042614 0.000000 0.877184 -0.480154 255 255 255 1.000000
0.362156 0.644807 -0.228028 -0.759621 -0.257526 -0.597207 255 255 255 1.000000
0.316345 -0.338670 0.298676 -0.887390 0.322085 0.329849 255 255 255 1.000000
-0.172366 0.687494 -0.266284 -0.137290 -0.282441 -0.949410 255 255 255 1.000000
-0.107207 0.446396 -0.221640 -0.139002 -0.232047 -0.962721 255 255 255 1.000000
-0.044500 -0.053943 0.007098 0.534676 -0.600323 0.594756 255 255 255 1.000000
0.330581 -0.288073 0.262562 0.962750 0.206839 0.174156 255 255 255 1.000000
-0.042369 -0.040303 0.283875 -0.122096 0.983327 -0.134760 255 255 255 1.000000
-0.179955 -0.031081 0.364758 -0.085088 -0.990098 -0.111650 255 255 255 1.000000
-0.095029 0.219384 -0.166912 -0.151238 -0.186543 -0.970736 255 255 255 1.000000
0.077443 0.000999 -0.172116 -0.143768 -0.132798 0.980661 255 255 255 1.000000
0.366084 0.521733 -0.200855 0.871144 0.128397 0.473943 255 255 255 1.000000
0.248421 -0.049887 0.440828 -0.012821 0.599345 0.800388 255 255 255 1.000000
-0.308892 0.131681 -0.143299 -0.822006 -0.066466 0.565587 255 255 255 1.000000
0.358854 -0.028939 -0.040807 0.931253 0.360532 -0.052762 255 255 255 1.000000
-0.254917 0.260150 -0.135420 -0.280017 -0.199942 -0.938943 255 255 255 1.000000
0.431983 -0.680904 -0.279102 -0.021732 0.999562 -0.020098 255 255 255 1.000000
-0.352314 -0.715479 0.488549 0.269072 -0.947271 0.174005 255 255 255 1.000000
-0.308051 0.402721 -0.147265 0.369722 0.231938 0.899728 255 255 255 1.000000
-0.191972 -0.028923 0.323401 -0.099452 -0.994908 0.016345 255 255 255 1.000000
0.379610 -0.314932 -0.123831 0.993494 0.089569 0.070339 255 255 255 1.000000
-0.090809 0.286144 -0.181360 0.137506 0.216837 0.966475 255 255 255 1.000000
0.356881 -0.476806 0.399695 -0.985268 0.087433 0.146978 255 255 255 1.000000
0.201089 -0.150849 0.056814 0.000000 0.037874 0.999283 255 255 255 1.000000
0.304671 0.168683 -0.165301 -0.459207 -0.135535 0.877929 255 255 255 1.000000
-0.366997 -0.218303 -0.046634 0.944253 0.161122 -0.287098 255 255 255 1.000000
0.191531 0.483414 -0.215466 0.257990 -0.246550 -0.934160 255 255 255 1.000000
0.309026 -0.017485 -0.124742 0.219618 -0.974054 -0.054655 255 255 255 1.000000
0.156781 -0.025170 -0.159331 -0.183696 -0.099407 0.977944 255 255 255 1.000000
-0.291670 -0.136923 -0.087349 0.288444 -0.823772 0.488056 255 255 255 1.000000
0.226248 -0.006806 -0.176425 -0.648952 -0.119878 0.751326 255 255 255 1.000000
-0.166282 -0.073004 -0.182415 -0.127829 -0.180302 -0.975270 255 255 255 1.000000
0.287424 -0.078699 -0.141566 -0.017718 -0.561135 -0.827534 255 255 255 1.000000
-0.195985 -0.042927 0.048313 -0.016170 -0.974439 0.224071 255 255 255 1.000000
0.225714 0.145345 -0.148185 -0.993826 -0.109748 -0.016315 255 255 255 1.000000
-0.359089 -0.325756 0.259183 0.667533 0.545396 0.506895 255 255 255 1.000000
0.252064 -0.151839 -0.020819 0.382486 -0.916685 0.115729 255 255 255 1.000000
-0.214667 -0.038478 0.089069 -0.012386 -0.968110 0.250219 255 255 255 1.000000
0.293179 -0.025033 -0.057661 0.205212 -0.977474 -0.049316 255 255 255 1.000000
0.323962 0.499233 -0.167098 -0.068125 0.239909 0.968402 255 255 255 1.000000
0.046615 0.286085 -0.188031 -0.080034 0.212031 0.973980 255 255 255 1.000000
0.349198 -0.233415 0.187886 -0.663345 -0.592486 -0.457093 255 255 255 1.000000
-0.157838 -0.071314 0.454595 -0.000826 0.540956 0.841051 255 255 255 1.000000
0.083872 0.680612 -0.269972 -0.072365 0.255066 0.964212 255 255 255 1.000000
-0.258359 -0.084668 -0.198736 -0.939699 0.273276 0.205635 255 255 255 1.000000
0.225275 0.014251 -0.183859 -0.991111 0.084701 0.102593 255 255 255 1.000000
-0.383039 -0.065590 0.299246 -0.918190 -0.390427 -0.067036 255 255 255 1.000000
0.335226 -0.671205 0.523684 0.004239 0.976094 -0.217306 255 255 255 1.000000
0.385593 -0.149971 0.002208 0.000000 0.070352 -0.997522 255 255 255 1.000000
0.040488 0.109451 -0.167465 0.491564 -0.818001 -0.298729 255 255 255 1.000000
0.399805 -0.427606 -0.186605 0.989863 0.141343 -0.013885 255 255 255 1.000000
-0.127219 -0.037987 0.256320 0.023527 0.997113 -0.072192 255 255 255 1.000000
0.036919 0.255403 -0.181882 -0.072795 0.198799 0.977333 255 255 255 1.000000
0.397504 -0.671803 -0.264565 -0.015906 -0.979258 0.201993 255 255 255 1.000000
0.352615 -0.168766 0.062425 0.948971 0.269466 0.163833 255 255 255 1.000000
0.018944 0.648896 -0.265016 0.028445 -0.216745 -0.975814 255 255 255 1.000000
0.273125 -0.027617 -0.168594 -0.316357 0.409582 -0.855664 255 255 255 1.000000
-0.314189 -0.019517 0.184235 0.101705 0.527167 0.843654 255 255 255 1.000000
-0.401487 -0.598092 -0.293311 0.649247 0.240449 -0.721570 255 255 255 1.000000
-0.373482 -0.268360 -0.100466 -0.895453 -0.230461 0.380857 255 255 255 1.000000
0.365561 -0.079283 0.248988 -0.520881 0.853510 0.014264 255 255 255 1.000000
0.305357 0.325901 -0.174457 -0.593007 0.128963 0.794803 255 255 255 1.000000
0.319738 -0.607170 0.493508 0.866046 -0.237861 -0.439757 255 255 255 1.000000
-0.335965 0.630460 -0.208766 0.026828 0.339267 0.940308 255 255 255 1.000000
-0.116337 -0.145587 0.055404 0.000000 -0.235447 -0.971887 255 255 255 1.000000
-0.021032 0.281393 -0.187481 0.043139 0.205110 0.977788 255 255 255 1.000000
-0.206177 0.105624 -0.135735 0.159556 0.912320 -0.377114 255 255 255 1.000000
-0.163830 0.322555 -0.176359 0.220127 0.243377 0.944622 255 255 255 1.000000
0.147734 0.678687 -0.263658 -0.147662 0.259321 0.954436 255 255 255 1.000000
-0.197351 0.365687 -0.179378 0.274386 0.254359 0.927369 255 255 255 1.000000
-0.305508 0.334803 -0.181447 -0.493019 -0.144102 -0.858001 255 255 255 1.000000
0.302045 0.041373 -0.145817 -0.777641 0.080562 -0.623526 255 255 255 1.000000
0.368481 -0.048725 0.055354 -0.997441 0.047472 0.053460 255 255 255 1.000000
0.074252 -0.111094 -0.184170 -0.008147 -0.990427 0.137799 255 255 255 1.000000
0.182062 -0.035085 0.211796 0.099473 -0.994808 0.021521 255 255 255 1.000000
-0.381104 -0.366030 -0.157699 0.972159 -0.156337 0.174544 255 255 255 1.000000
-0.400976 -0.138782 0.053581 0.000000 0.476420 0.879218 255 255 255 1.000000
-0.165845 0.557350 -0.240514 0.183718 0.221900 0.957605 255 255 255 1.000000
0.150070 -0.118570 0.460093 0.070332 -0.384731 0.920345 255 255 255 1.000000
-0.043877 -0.015064 -0.177287 0.070546 -0.122443 0.989965 255 255 255 1.000000
0.199101 0.222919 -0.143917 -0.277648 0.209160 0.937637 255 255 255 1.000000
0.416545 -0.487257 -0.244342 0.809332 0.293584 -0.508714 255 255 255 1.000000
0.172441 -0.042064 0.093860 -0.090950 0.995053 -0.039979 255 255 255 1.000000
0.401258 -0.127625 0.042214 0.000000 0.884181 0.467145 255 255 255 1.000000
0.374768 -0.290537 -0.107355 0.991530 0.075693 0.105538 255 255 255 1.000000
0.262845 0.170855 -0.118896 -0.421439 0.906279 -0.032357 255 255 255 1.000000
0.252435 -0.030123 -0.149325 -0.089175 0.891877 -0.443401 255 255 255 1.000000
0.248703 0.619976 -0.231622 0.241298 -0.221606 -0.944810 255 255 255 1.000000
0.329198 -0.622377 0.511473 0.674706 -0.339493 -0.655375 255 255 255 1.000000
-0.001347 -0.055747 -0.019053 0.036764 -0.998575 0.038689 255 255 255 1.000000
0.346894 -0.281052 0.196438 0.357852 -0.728709 -0.583888 255 255 255 1.000000
-0.248242 0.031042 -0.137639 -0.124545 -0.472828 0.872309 255 255 255 1.000000
-0.013902 0.703818 -0.281463 0.013924 0.282150 0.959269 255 255 255 1.000000
-0.329240 -0.015384 -0.113852 0.248555 0.879760 0.405269 255 255 255 1.000000
0.179652 0.010746 -0.150972 0.150770 0.213345 -0.965273 255 255 255 1.000000
-0.444313 -0.695710 -0.307308 -0.005492 -0.927363 0.374121 255 255 255 1.000000
-0.253281 -0.097066 -0.061172 0.388740 -0.909691 -0.146095 255 255 255 1.000000
-0.128267 -0.036330 -0.165976 -0.148008 0.087200 -0.985134 255 255 255 1.000000
-0.376092 -0.035248 0.101985 0.919220 -0.390939 0.046917 255 255 255 1.000000
-0.383268 -0.048125 0.300355 -0.976409 -0.214073 -0.028264 255 255 255 1.000000
-0.090899 0.458849 -0.226879 0.117995 0.229566 0.966114 255 255 255 1.000000
0.257617 0.171426 -0.184698 -0.217712 -0.076369 0.973021 255 255 255 1.000000
-0.342823 -0.015873 -0.056482 -0.150360 0.988600 0.007848 255 255 255 1.000000
0.243755 0.218007 -0.129165 -0.270044 0.189205 0.944075 255 255 255 1.000000
-0.352146 0.523538 -0.178376 0.465827 -0.259618 -0.845934 255 255 255 1.000000
-0.381496 -0.706089 0.568874 0.999571 -0.012327 -0.026572 255 255 255 1.000000
0.092311 -0.050693 0.041679 0.069477 -0.997126 0.030203 255 255 255 1.000000
0.245995 0.502192 -0.203839 -0.330225 0.256873 0.908277 255 255 255 1.000000
0.396552 -0.618228 -0.270699 -0.412147 -0.346024 0.842853 255 255 255 1.000000
0.069839 -0.049690 0.078319 -0.058444 0.998020 -0.023238 255 255 255 1.000000
0.304163 0.376868 -0.143177 0.325424 -0.218204 -0.920047 255 255 255 1.000000
-0.371135 -0.009766 0.328060 -0.468551 0.882445 0.041840 255 255 255 1.000000
-0.325433 -0.248885 0.198759 -0.824586 -0.450532 -0.342167 255 255 255 1.000000
0.202882 -0.040509 -0.002201 -0.124211 0.992075 -0.018926 255 255 255 1.000000
-0.233437 -0.114759 -0.129219 0.869538 -0.430599 -0.241842 255 255 255 1.000000
-0.224363 0.107013 -0.132789 -0.234746 -0.895054 0.379173 255 255 255 1.000000
0.306092 -0.699842 0.491745 0.026161 0.792813 -0.608903 255 255 255 1.000000
0.336741 -0.128118 0.043460 0.000000 -0.860632 -0.509227 255 255 255 1.000000
0.292652 0.293808 -0.174253 0.506751 -0.111878 -0.854802 255 255 255 1.000000
-0.032994 -0.058055 -0.089330 -0.853258 -0.521389 -0.010181 255 255 255 1.000000
0.299276 0.334797 -0.135357 0.304583 -0.203866 -0.930413 255 255 255 1.000000
-0.327206 -0.202903 0.140383 0.772226 0.516045 0.370627 255 255 255 1.000000
0.063409 -0.127188 0.040582 0.000000 -0.910931 -0.412559 255 255 255 1.000000
-0.341877 0.428030 -0.151127 0.373480 -0.153862 -0.914789 255 255 255 1.000000
-0.068016 0.481553 -0.235740 0.087560 0.224735 0.970478 255 255 255 1.000000
0.226377 0.120649 -0.129940 -0.396757 0.756846 0.519392 255 255 255 1.000000
-0.432630 -0.698525 -0.309636 0.014531 0.966203 -0.257371 255 255 255 1.000000
0.370929 -0.050811 0.112167 -0.995274 0.085446 0.046143 255 255 255 1.000000
0.338978 0.637743 -0.236042 -0.554155 0.257231 0.791672 255 255 255 1.000000
-0.307623 0.445819 -0.205912 0.312619 0.185870 0.931516 255 255 255 1.000000
-0.371283 -0.755203 0.531793 0.040610 0.996577 -0.072012 255 255 255 1.000000
-0.302719 -0.706704 0.536374 -0.999447 -0.016329 0.028963 255 255 255 1.000000
0.034570 -0.053697 0.010667 -0.048549 0.998317 -0.031734 255 255 255 1.000000
0.288066 0.234220 -0.121591 0.012459 0.127620 0.991745 255 255 255 1.000000
0.249644 -0.030333 0.152781 0.133650 -0.990561 0.030431 255 255 255 1.000000
-0.208834 -0.014265 -0.148114 -0.151309 0.198859 -0.968277 255 255 255 1.000000
-0.374017 -0.035139 0.065523 -0.905647 0.421299 -0.048061 255 255 255 1.000000
0.375409 -0.044352 0.249985 -0.989907 0.138664 0.029268 255 255 255 1.000000
-0.377373 -0.694234 -0.272693 -0.995088 -0.087070 0.047100 255 255 255 1.000000
-0.328047 -0.153634 0.056625 0.000000 -0.063984 0.997951 255 255 255 1.000000
-0.356580 -0.162757 0.073046 0.849603 -0.453331 -0.269566 255 255 255 1.000000
-0.248630 -0.030477 0.161288 0.012924 -0.914807 0.403684 255 255 255 1.000000
0.050210 -0.141062 0.054192 0.000000 0.400115 0.916465 255 255 255 1.000000
-0.307231 0.015541 -0.154797 0.839436 0.068786 -0.539088 255 255 255 1.000000
-0.240116 0.079098 -0.153751 -0.026142 0.116473 -0.992850 255 255 255 1.000000
-0.319469 -0.679081 0.510367 0.006768 0.858085 -0.513462 255 255 255 1.000000
0.376237 -0.040654 0.293634 0.993036 -0.116335 -0.018583 255 255 255 1.000000
0.123488 -0.143245 0.004010 0.000000 0.322349 -0.946621 255 255 255 1.000000
0.326795 -0.021237 0.056854 0.193673 -0.980899 -0.018084 255 255 255 1.000000
0.142456 0.555550 -0.243278 0.156346 -0.202971 -0.966622 255 255 255 1.000000
-0.066857 0.038853 -0.170829 -0.162777 0.477352 -0.863504 255 255 255 1.000000
-0.410587 -0.376797 -0.146461 -0.499187 -0.468739 0.728764 255 255 255 1.000000
0.107135 -0.053314 -0.130288 -0.104791 0.994470 0.006921 255 255 255 1.000000
-0.218720 0.744891 -0.285194 0.130859 0.781233 0.610370 255 255 255 1.000000
-0.260959 -0.093348 0.453835 -0.146064 -0.148314 0.978094 255 255 255 1.000000
0.369798 -0.729641 -0.301317 0.999704 0.023782 -0.005216 255 255 255 1.000000
-0.361092 0.458037 -0.180478 0.968901 0.034654 -0.245008 255 255 255 1.000000
-0.269599 -0.097668 -0.189850 -0.951100 0.308780 0.007952 255 255 255 1.000000
0.443033 -0.729988 -0.301551 -0.076057 0.351513 0.933088 255 255 255 1.000000
-0.304265 -0.743291 0.509359 0.997073 -0.056496 -0.051518 255 255 255 1.000000
0.088399 -0.055264 -0.102196 -0.079115 0.996858 -0.003747 255 255 255 1.000000
0.054572 -0.149569 0.002316 0.000000 -0.085363 0.996350 255 255 255 1.000000
-0.400066 -0.639642 -0.302306 -0.814812 -0.159994 0.557210 255 255 255 1.000000
-0.354411 -0.287109 0.206338 0.668670 0.571973 0.475108 255 255 255 1.000000
0.257481 0.333102 -0.176319 0.966976 -0.235708 -0.096949 255 255 255 1.000000
0.110007 -0.035716 0.360654 0.052589 -0.995324 -0.081018 255 255 255 1.000000
-0.333724 -0.294064 0.212213 -0.271767 0.736869 0.619005 255 255 255 1.000000
-0.373943 -0.085526 0.016642 0.956701 0.283020 0.067992 255 255 255 1.000000
0.239798 0.330345 -0.155614 -0.302583 0.229140 0.925169 255 255 255 1.000000
-0.287995 -0.027180 -0.068965 0.221338 0.957700 0.183904 255 255 255 1.000000
0.194667 0.133694 -0.135231 0.299734 -0.340001 -0.891380 255 255 255 1.000000
0.120691 0.151268 -0.151267 -0.279736 0.242328 0.928991 255 255 255 1.000000
-0.245421 0.164840 -0.187812 -0.081823 0.075204 -0.993806 255 255 255 1.000000
-0.381907 -0.039376 0.220540 -0.997088 -0.069966 -0.030351 255 255 255 1.000000
0.368115 -0.161992 0.004401 0.000000 -0.374851 -0.927085 255 255 255 1.000000
-0.167610 0.120076 -0.143099 -0.047497 -0.969452 0.240637 255 255 255 1.000000
0.439911 -0.733752 -0.231154 -0.058823 0.125172 -0.990390 255 255 255 1.000000
-0.378050 -0.281430 -0.114704 0.814447 0.313707 -0.488124 255 255 255 1.000000
-0.177202 -0.042234 0.414991 0.071767 0.957214 0.280340 255 255 255 1.000000
0.023788 0.398210 -0.214870 0.023300 -0.229152 -0.973112 255 255 255 1.000000
-0.268912 0.394991 -0.162067 -0.344115 -0.244283 -0.906593 255 255 255 1.000000
0.025938 -0.039273 0.298683 0.025060 -0.999686 -0.000823 255 255 255 1.000000
0.370733 -0.731512 -0.264405 0.998925 0.044421 -0.013239 255 255 255 1.000000
-0.001080 0.588116 -0.257016 -0.006606 0.193834 0.981012 255 255 255 1.000000
0.169616 0.034716 -0.150916 0.169361 0.160105 -0.972462 255 255 255 1.000000
-0.371685 -0.725590 0.486753 0.380068 -0.912238 -0.152874 255 255 255 1.000000
-0.003732 0.115337 -0.170428 0.047374 -0.355887 0.933327 255 255 255 1.000000
-0.150392 0.144686 -0.144428 -0.044875 -0.996255 0.073903 255 255 255 1.000000
0.282135 -0.064698 -0.207467 0.826019 0.034364 -0.562594 255 255 255 1.000000
-0.254366 0.216669 -0.127573 0.267181 0.191636 0.944399 255 255 255 1.000000
0.250771 0.663920 -0.240076 -0.198357 0.255680 0.946193 255 255 255 1.000000
-0.335069 -0.125587 0.034606 0.000000 0.980924 0.194391 255 255 255 1.000000
-0.125045 -0.049916 -0.012124 0.581805 0.585348 0.564686 255 255 255 1.000000
0.404777 -0.280730 -0.092348 0.987256 0.146195 -0.062869 255 255 255 1.000000
-0.003194 -0.041545 0.265363 0.013154 -0.999911 -0.002292 255 255 255 1.000000
-0.148539 0.268031 -0.167002 0.208723 0.217393 0.953507 255 255 255 1.000000
-0.358411 0.626975 -0.212829 0.565548 -0.301989 -0.767436 255 255 255 1.000000
-0.157644 -0.042067 0.127255 -0.012566 0.981613 -0.190466 255 255 255 1.000000
-0.127074 0.238609 -0.165248 -0.194085 -0.202346 -0.959889 255 255 255 1.000000
0.080195 0.141294 -0.160288 0.311577 -0.392581 -0.865332 255 255 255 1.000000
0.201339 -0.041340 -0.157587 0.073800 -0.877693 0.473508 255 255 255 1.000000
-0.192344 0.620168 -0.245907 0.192894 0.231493 0.953521 255 255 255 1.000000
0.193039 -0.042971 -0.029341 -0.124341 0.991989 -0.022288 255 255 255 1.000000
-0.079054 -0.062541 0.448188 0.009564 0.759146 0.650850 255 255 255 1.000000
-0.385791 -0.436550 -0.210072 -0.992822 0.100773 -0.064420 255 255 255 1.000000
-0.325873 -0.020097 0.132008 -0.161225 -0.958523 -0.235031 255 255 255 1.000000
0.410236 -0.474940 -0.224573 0.985424 0.143179 -0.091870 255 255 255 1.000000
-0.327069 -0.020966 0.395063 -0.120714 -0.963249 -0.239956 255 255 255 1.000000
-0.150511 0.329346 -0.181548 -0.204789 -0.247936 -0.946884 255 255 255 1.000000
-0.328372 0.649796 -0.217723 0.185205 0.350904 0.917913 255 255 255 1.000000
-0.051759 -0.005560 -0.175851 -0.091400 0.139951 -0.985931 255 255 255 1.000000
-0.014200 0.437741 -0.225759 0.027103 0.221544 0.974774 255 255 255 1.000000
-0.370011 -0.037282 -0.016448 0.947749 -0.314564 0.053113 255 255 255 1.000000
-0.237319 0.025427 -0.166947 -0.865539 -0.049776 -0.498362 255 255 255 1.000000
0.199320 0.325843 -0.167240 -0.279468 0.236000 0.930699 255 255 255 1.000000
0.326393 -0.714520 0.488739 0.216775 0.972546 -0.084639 255 255 255 1.000000
-0.347995 -0.365113 0.285671 0.986005 -0.158597 -0.051391 255 255 255 1.000000
-0.256975 -0.099691 -0.049505 0.311934 -0.937078 -0.156785 255 255 255 1.000000
0.068504 0.556671 -0.250702 -0.063179 0.191006 0.979554 255 255 255 1.000000
0.204176 -0.075407 0.455144 -0.023646 -0.331641 -0.943109 255 255 255 1.000000
-0.232486 0.176709 -0.182475 0.994078 0.089191 -0.062073 255 255 255 1.000000
-0.363572 -0.094213 0.031688 -0.499451 -0.866123 -0.019465 255 255 255 1.000000
-0.310037 0.111675 -0.147332 -0.846585 -0.062928 0.528520 255 255 255 1.000000
-0.234700 -0.047659 -0.180273 -0.944794 -0.149820 -0.291407 255 255 255 1.000000
0.074606 0.235951 -0.172793 0.132983 -0.193623 -0.972021 255 255 255 1.000000
-0.137952 0.217653 -0.158589 -0.203653 -0.193944 -0.959641 255 255 255 1.000000
-0.052801 -0.058161 -0.155703 -0.533444 -0.845771 -0.010450 255 255 255 1.000000
-0.345978 -0.029950 -0.146190 0.790326 0.014308 0.612520 255 255 255 1.000000
0.366044 -0.704930 0.571627 0.118040 0.654307 0.746960 255 255 255 1.000000
0.345017 -0.376052 0.299742 -0.888432 0.315846 0.333061 255 255 255 1.000000
0.290251 0.560766 -0.218015 -0.836926 0.169940 0.520265 255 255 255 1.000000
-0.053199 -0.093142 -0.192236 -0.042936 -0.208317 -0.977118 255 255 255 1.000000
-0.184493 0.311179 -0.168103 -0.243488 -0.235856 -0.940790 255 255 255 1.000000
-0.171876 -0.045412 0.002019 0.254930 0.954675 0.153641 255 255 255 1.000000
0.373713 -0.053324 0.195067 -0.982494 0.181760 0.040856 255 255 255 1.000000
0.260287 0.013531 -0.208259 0.133621 0.143129 -0.980642 255 255 255 1.000000
0.204083 -0.039586 0.018802 -0.120928 0.992476 -0.019171 255 255 255 1.000000
-0.100614 -0.175233 0.014902 0.000000 -0.849599 -0.527430 255 255 255 1.000000
0.111222 -0.052741 -0.096249 0.093428 -0.995624 -0.001760 255 255 255 1.000000
0.396604 -0.550033 -0.244428 -0.235477 -0.388607 0.890806 255 255 255 1.000000
-0.414440 -0.451597 -0.220850 0.966987 -0.186418 0.173739 255 255 255 1.000000
0.224080 0.214955 -0.133792 0.274845 -0.196007 -0.941298 255 255 255 1.000000
0.321760 -0.016217 -0.095579 0.221664 -0.973577 -0.054892 255 255 255 1.000000
-0.162627 0.176818 -0.144300 0.236870 0.182901 0.954170 255 255 255 1.000000
0.041626 -0.045432 0.172409 -0.039615 0.999151 -0.011343 255 255 255 1.000000
-0.193571 -0.043345 -0.108431 0.194049 0.633601 0.748929 255 255 255 1.000000
-0.195482 -0.039038 0.125402 0.043322 0.986006 -0.160985 255 255 255 1.000000
-0.200336 -0.043397 -0.069753 0.148476 0.983383 0.104462 255 255 255 1.000000
0.063636 -0.038283 0.303312 -0.043067 0.999058 -0.005302 255 255 255 1.000000
0.266467 -0.163600 0.032306 -0.208369 0.967716 0.141803 255 255 255 1.000000
-0.146614 0.443592 -0.215568 -0.188226 -0.234464 -0.953728 255 255 255 1.000000
0.299160 0.725448 -0.251090 0.165324 -0.318396 -0.933430 255 255 255 1.000000
0.355388 -0.536522 0.445766 -0.985665 -0.064228 -0.156010 255 255 255 1.000000
0.097388 -0.052908 -0.011203 -0.073135 0.996694 -0.035379 255 255 255 1.000000
-0.447644 -0.712096 -0.303990 0.061193 -0.182621 0.981277 255 255 255 1.000000
0.203515 0.408856 -0.190092 -0.281762 0.250290 0.926264 255 255 255 1.000000
-0.358332 -0.493626 0.432370 0.912891 -0.215043 -0.346967 255 255 255 1.000000
-0.078476 0.565501 -0.251226 0.082040 0.207816 0.974721 255 255 255 1.000000
-0.300804 -0.022559 0.166568 0.162480 0.878286 0.449681 255 255 255 1.000000
0.075863 -0.054793 -0.025475 0.067427 -0.997161 0.033525 255 255 255 1.000000
-0.194847 -0.035518 0.193341 0.063123 0.991744 -0.111624 255 255 255 1.000000
-0.212888 0.154932 -0.129093 -0.259565 -0.958282 0.119670 255 255 255 1.000000
-0.394926 -0.637067 -0.286683 -0.993811 0.005070 0.110969 255 255 255 1.000000
0.386511 -0.126072 0.036418 0.000000 -0.964920 -0.262545 255 255 255 1.000000
0.145850 -0.179156 0.031007 0.000000 0.998253 -0.059078 255 255 255 1.000000
-0.300624 0.621382 -0.233197 0.828671 0.174640 0.531794 255 255 255 1.000000
0.334566 0.612909 -0.228595 -0.549298 0.244171 0.799157 255 255 255 1.000000
-0.340774 0.670822 -0.251458 0.438810 0.296630 0.848208 255 255 255 1.000000
-0.444130 -0.683657 -0.247632 0.101192 -0.720161 -0.686388 255 255 255 1.000000
-0.403164 -0.240873 -0.079799 -0.615102 0.556388 -0.558643 255 255 255 1.000000
-0.420926 -0.558881 -0.244918 -0.101363 -0.380385 0.919257 255 255 255 1.000000
-0.217928 -0.029181 0.275545 -0.099707 -0.993403 0.056652 255 255 255 1.000000
0.363648 0.702543 -0.254128 -0.781282 -0.333111 -0.527859 255 255 255 1.000000
0.215164 -0.038576 0.416237 0.080855 -0.955177 -0.284781 255 255 255 1.000000
-0.350512 0.672056 -0.237402 0.842729 0.155003 0.515541 255 255 255 1.000000
0.015296 -0.053157 0.027505 -0.039593 0.998743 -0.030731 255 255 255 1.000000
0.354904 0.703921 -0.244429 -0.719445 -0.404665 -0.564487 255 255 255 1.000000
-0.091146 -0.055617 -0.139699 -0.090799 -0.995869 -0.000315 255 255 255 1.000000
-0.055419 -0.047657 0.412142 0.025104 0.970210 0.240962 255 255 255 1.000000
0.251427 0.050164 -0.134176 0.379854 0.917735 -0.116077 255 255 255 1.000000
0.347930 -0.047850 -0.131194 -0.869492 0.109246 0.481715 255 255 255 1.000000
-0.423432 -0.508203 -0.244521 -0.982085 0.149055 -0.115289 255 255 255 1.000000
0.095076 -0.101523 -0.186852 0.093777 -0.259017 -0.961310 255 255 255 1.000000
0.201929 0.181100 -0.134542 -0.403472 0.105557 0.908883 255 255 255 1.000000
-0.279849 0.547771 -0.203244 -0.358380 -0.263205 -0.895705 255 255 255 1.000000
-0.057859 -0.125889 0.035732 0.000000 0.971548 0.236843 255 255 255 1.000000
-0.309162 -0.019524 -0.118452 -0.250783 -0.835981 -0.488101 255 255 255 1.000000
-0.299313 -0.084263 -0.124420 -0.445363 -0.772921 -0.451934 255 255 255 1.000000
-0.225109 0.659123 -0.249621 -0.196111 -0.265244 -0.944027 255 255 255 1.000000
-0.315760 0.494863 -0.168863 0.400077 0.266287 0.876943 255 255 255 1.000000
-0.345162 -0.016194 0.128762 0.218326 0.962205 0.162775 255 255 255 1.000000
-0.290086 -0.169384 0.049734 0.000000 -0.652142 0.758097 255 255 255 1.000000
0.157808 0.717527 -0.276457 0.137526 -0.578267 -0.804173 255 255 255 1.000000
-0.224067 -0.111061 0.457524 0.108480 0.291145 -0.950509 255 255 255 1.000000
-0.309909 0.708855 -0.244634 -0.242449 -0.329665 -0.912436 255 255 255 1.000000
0.332545 0.704845 -0.265502 0.349062 -0.316796 -0.881927 255 255 255 1.000000
-0.357160 0.683933 -0.235869 -0.506738 0.442336 0.739970 255 255 255 1.000000
-0.135887 -0.097972 -0.183668 0.223473 0.595503 0.771645 255 255 255 1.000000
0.277223 -0.028794 0.091198 -0.035202 0.997293 -0.064552 255 255 255 1.000000
-0.204329 0.479774 -0.211058 0.279790 0.247726 0.927550 255 255 255 1.000000
-0.308820 0.154663 -0.140958 0.815826 0.066988 -0.574404 255 255 255 1.000000
-0.240030 -0.025950 0.285628 0.111873 0.991792 -0.061911 255 255 255 1.000000
-0.364436 0.528633 -0.193275 0.891536 -0.115539 -0.437967 255 255 255 1.000000
0.334353 0.466784 -0.157807 0.222882 0.186519 0.956835 255 255 255 1.000000
-0.064602 0.370958 -0.205157 -0.089609 -0.243328 -0.965796 255 255 255 1.000000
-0.339227 -0.015588 0.382230 0.123301 0.967789 0.219502 255 255 255 1.000000
-0.338939 0.316206 -0.151002 0.898644 0.082810 -0.430791 255 255 255 1.000000
-0.103122 0.279416 -0.177985 -0.155440 -0.216351 -0.963862 255 255 255 1.000000
0.299900 0.544029 -0.223939 0.133292 -0.209917 -0.968591 255 255 255 1.000000
0.233706 -0.092077 0.455375 -0.001537 -0.159511 0.987195 255 255 255 1.000000
-0.281352 0.415116 -0.162383 0.356184 0.247423 0.901063 255 255 255 1.000000
0.278555 -0.021418 0.245234 0.022855 0.993848 -0.108371 255 255 255 1.000000
0.350453 -0.022439 0.022892 -0.510758 -0.859298 0.027070 255 255 255 1.000000
-0.127217 0.585243 -0.250560 0.124313 0.217515 0.968108 255 255 255 1.000000
-0.324829 -0.725710 0.488198 -0.131093 0.224669 0.965577 255 255 255 1.000000
0.057474 0.314464 -0.192787 0.087342 -0.225570 -0.970304 255 255 255 1.000000
-0.147689 -0.037227 0.238901 -0.050892 -0.996365 0.068317 255 255 255 1.000000
-0.344878 -0.687032 0.571834 0.034891 -0.794654 -0.606059 255 255 255 1.000000
0.169107 0.733286 -0.287408 -0.141221 0.646957 0.749336 255 255 255 1.000000
0.375805 -0.031252 0.272679 -0.972442 -0.232998 0.008263 255 255 255 1.000000
-0.125484 -0.036920 0.281367 0.050078 0.998175 -0.033734 255 255 255 1.000000
0.022085 0.746189 -0.324498 0.000488 -0.907171 -0.420761 255 255 255 1.000000
-0.310221 -0.714775 0.498365 -0.050172 -0.311396 0.948955 255 255 255 1.000000
0.301946 -0.088541 -0.140644 0.047266 0.570605 -0.819864 255 255 255 1.000000
0.223709 0.154358 -0.173494 -0.998603 -0.016601 0.050165 255 255 255 1.000000
-0.011404 0.404211 -0.216488 0.023095 0.229052 0.973140 255 255 255 1.000000
-0.233489 -0.149667 0.024012 -0.838640 0.526268 0.140448 255 255 255 1.000000
0.330619 -0.180793 0.120671 -0.230360 -0.823592 -0.518296 255 255 255 1.000000
-0.363044 -0.556483 0.458688 0.975149 -0.110009 -0.192309 255 255 255 1.000000
-0.278813 -0.148353 0.002641 0.000000 -0.131001 0.991382 255 255 255 1.000000
0.305215 -0.754331 0.522844 0.018682 0.998955 0.041719 255 255 255 1.000000
-0.352871 -0.548365 0.469919 0.692659 -0.359331 -0.625384 255 255 255 1.000000
-0.259142 -0.043843 0.433658 -0.043970 -0.775146 -0.630250 255 255 255 1.000000
-0.399080 -0.511637 -0.260435 0.590001 0.317717 -0.742263 255 255 255 1.000000
-0.394662 -0.125525 0.034374 0.000000 -0.982623 -0.185613 255 255 255 1.000000
0.266188 0.211940 -0.122189 0.260261 -0.178416 -0.948911 255 255 255 1.000000
0.083253 0.445517 -0.224317 0.097371 -0.224264 -0.969652 255 255 255 1.000000
0.354892 -0.497302 0.426334 0.929461 0.202414 0.308433 255 255 255 1.000000
0.375116 -0.377440 -0.178747 -0.744861 0.311822 -0.589872 255 255 255 1.000000
0.158374 0.003757 -0.156418 -0.188133 -0.095216 0.977517 255 255 255 1.000000
-0.377625 -0.714032 -0.260354 -0.999739 0.015916 -0.016373 255 255 255 1.000000
0.006272 -0.058362 -0.079637 -0.989245 0.144874 -0.020166 255 255 255 1.000000
0.270255 0.013726 -0.135805 0.695924 0.200601 0.689528 255 255 255 1.000000
-0.359911 -0.021503 0.039790 -0.428155 0.903333 -0.025949 255 255 255 1.000000
-0.213747 -0.037511 0.112889 -0.030515 -0.977248 0.209894 255 255 255 1.000000
0.140979 0.137623 -0.146993 -0.322547 0.464407 0.824797 255 255 255 1.000000
-0.109701 -0.118273 0.462350 0.055008 0.271995 -0.960725 255 255 255 1.000000
0.388773 -0.415678 -0.175533 0.535925 0.463677 -0.705541 255 255 255 1.000000
-0.216487 0.284040 -0.152968 -0.275515 -0.220357 -0.935700 255 255 255 1.000000
0.287545 0.401348 -0.201662 0.215783 -0.153391 -0.964318 255 255 255 1.000000
-0.388343 -0.413307 -0.205522 0.619713 0.364856 -0.694863 255 255 255 1.000000
0.308934 0.202310 -0.145705 -0.989007 0.078769 -0.125139 255 255 255 1.000000
-0.272901 0.132983 -0.146256 -0.023405 0.116012 -0.992972 255 255 255 1.000000
-0.408788 -0.256012 -0.077791 0.991402 -0.129968 0.015155 255 255 255 1.000000
0.289907 -0.094747 -0.070571 0.202845 -0.719356 -0.664365 255 255 255 1.000000
0.318322 -0.010807 0.320001 -0.132959 0.990461 0.036188 255 255 255 1.000000
-0.258251 0.149445 -0.143966 0.008610 -0.129778 0.991506 255 255 255 1.000000
0.180294 0.497258 -0.222477 -0.236513 0.239153 0.941736 255 255 255 1.000000
0.430485 -0.694064 -0.237182 0.008626 0.678139 0.734883 255 255 255 1.000000
0.390488 -0.635921 -0.283239 0.542857 0.326781 -0.773641 255 255 255 1.000000
0.145220 0.516562 -0.236738 0.171266 -0.218226 -0.960752 255 255 255 1.000000
-0.048949 -0.042638 0.233562 -0.252005 0.925827 -0.281671 255 255 255 1.000000
-0.322698 -0.189870 0.081602 0.986178 0.146207 0.077954 255 255 255 1.000000
-0.310508 -0.023029 -0.179866 -0.995989 -0.001722 0.089456 255 255 255 1.000000
-0.406563 -0.578714 -0.253886 0.242114 -0.372662 0.895826 255 255 255 1.000000
0.257571 0.078237 -0.129687 0.077504 0.987216 -0.139279 255 255 255 1.000000
0.383381 -0.139219 0.053698 0.000000 0.462236 0.886757 255 255 255 1.000000
-0.288910 -0.132568 -0.107079 -0.305987 0.752734 -0.582892 255 255 255 1.000000
0.306112 -0.020842 -0.078308 0.212794 -0.975719 -0.051885 255 255 255 1.000000
0.170087 0.227197 -0.151848 0.247250 -0.204408 -0.947145 255 255 255 1.000000
-0.235448 0.082874 -0.189629 0.902864 0.061572 -0.425495 255 255 255 1.000000
0.247534 0.054721 -0.203107 -0.075209 -0.112372 0.990816 255 255 255 1.000000
-0.303407 0.266482 -0.164343 0.607040 0.082711 0.790355 255 255 255 1.000000
-0.352249 0.438528 -0.161476 -0.750154 0.047225 0.659575 255 255 255 1.000000
0.113457 -0.050117 0.021568 0.075698 -0.996467 0.036368 255 255 255 1.000000
-0.386874 -0.172686 0.012355 0.000000 -0.773558 -0.633725 255 255 255 1.000000
-0.349026 0.705422 -0.238316 -0.253913 0.495266 0.830807 255 255 255 1.000000
0.302831 -0.023314 0.399228 0.098126 -0.960730 -0.259555 255 255 255 1.000000
-0.104128 -0.054351 -0.146604 0.101311 0.994846 0.004203 255 255 255 1.000000
0.062816 0.038530 -0.171314 0.168940 -0.672647 0.720420 255 255 255 1.000000
0.378803 -0.323980 -0.110021 0.566968 0.518332 -0.640218 255 255 255 1.000000
-0.248766 0.654551 -0.243161 0.222238 0.272370 0.936176 255 255 255 1.000000
-0.377838 -0.682426 -0.252783 -0.178316 -0.748493 -0.638719 255 255 255 1.000000
0.318364 -0.298810 0.258190 -0.884593 0.343816 0.315098 255 255 255 1.000000
0.192390 -0.043195 -0.079425 0.145762 -0.989050 -0.023105 255 255 255 1.000000
-0.082882 -0.056584 -0.151034 -0.089138 -0.996019 0.000003 255 255 255 1.000000
0.375883 -0.060336 0.284803 0.942228 -0.332886 -0.037329 255 255 255 1.000000
-0.164766 -0.047381 -0.028642 -0.104742 -0.994360 0.016659 255 255 255 1.000000
0.175778 -0.038058 0.405176 0.068946 -0.964353 -0.255478 255 255 255 1.000000
-0.315911 0.615931 -0.209647 0.299964 0.285930 0.910091 255 255 255 1.000000
-0.024606 -0.082251 0.460680 -0.006835 0.384715 0.923010 255 255 255 1.000000
0.305908 0.299763 -0.166342 -0.634628 0.104418 0.765731 255 255 255 1.000000
0.145243 -0.156140 0.002833 0.000000 -0.158082 -0.987426 255 255 255 1.000000
0.429798 -0.642396 -0.301536 0.924354 0.185402 -0.333459 255 255 255 1.000000
-0.300212 0.716860 -0.250161 -0.235418 -0.331309 -0.913681 255 255 255 1.000000
0.069099 0.731414 -0.296632 0.059101 -0.712565 -0.699113 255 255 255 1.000000
-0.356032 -0.018069 0.068323 -0.224533 0.974288 -0.018656 255 255 255 1.000000
0.332435 0.460975 -0.190360 0.611809 -0.213004 -0.761787 255 255 255 1.000000
0.350902 0.416156 -0.165749 0.785005 0.021348 0.619122 255 255 255 1.000000
-0.422508 -0.460863 -0.204818 -0.619434 -0.371678 0.691489 255 255 255 1.000000
0.346412 -0.510526 0.445395 0.486409 0.473912 0.734040 255 255 255 1.000000
0.224786 -0.007504 -0.191128 -0.994360 0.002606 -0.106027 255 255 255 1.000000
-0.320583 -0.651178 0.511104 0.998885 -0.021877 -0.041845 255 255 255 1.000000
-0.244308 0.008463 -0.140639 0.040449 0.323899 -0.945227 255 255 255 1.000000
-0.231739 -0.101344 -0.135342 -0.999847 -0.017435 0.001637 255 255 255 1.000000
0.332900 -0.688206 0.500402 0.012087 0.753025 -0.657881 255 255 255 1.000000
0.243547 -0.136542 0.006901 0.000000 -0.563621 0.826034 255 255 255 1.000000
0.304204 0.260802 -0.125051 0.179946 0.104102 0.978153 255 255 255 1.000000
0.230805 -0.036419 -0.080319 -0.175127 0.983831 0.037515 255 255 255 1.000000
-0.152896 0.514159 -0.234675 -0.187890 -0.221340 -0.956925 255 255 255 1.000000
0.314253 -0.546067 0.448853 0.999769 0.018935 0.010160 255 255 255 1.000000
-0.067306 -0.153302 0.056714 0.000000 0.051687 -0.998663 255 255 255 1.000000
-0.323726 -0.383603 0.318331 0.856112 -0.342881 -0.386659 255 255 255 1.000000
-0.374192 -0.089469 0.355343 0.848825 0.217193 0.482000 255 255 255 1.000000
-0.025823 0.416972 -0.220016 -0.040443 -0.228165 -0.972782 255 255 255 1.000000
0.089746 0.717800 -0.282676 -0.081464 0.600476 0.795482 255 255 255 1.000000
-0.405378 -0.711412 -0.220227 -0.013051 0.526994 -0.849769 255 255 255 1.000000
-0.343795 -0.229023 0.122563 -0.288400 0.781429 0.553348 255 255 255 1.000000
0.266856 0.456136 -0.179213 -0.347243 0.255791 0.902216 255 255 255 1.000000
0.032726 0.148157 -0.165127 -0.403929 0.897637 -0.176320 255 255 255 1.000000
0.266412 0.408484 -0.164977 -0.341346 0.249319 0.906269 255 255 255 1.000000
0.347270 -0.608053 0.462726 0.480511 -0.434130 -0.761998 255 255 255 1.000000
0.161841 0.515806 -0.232390 -0.198855 0.225380 0.953761 255 255 255 1.000000
-0.363771 -0.491427 0.409213 0.897350 0.239636 0.370590 255 255 255 1.000000
-0.264987 -0.159101 0.011732 -0.252176 -0.966892 -0.039081 255 255 255 1.000000
-0.157109 -0.032299 0.358719 -0.077532 -0.993711 -0.080788 255 255 255 1.000000
0.314552 -0.022673 0.075603 -0.117010 0.992965 -0.018149 255 255 255 1.000000
-0.212890 -0.035704 0.402048 0.082604 0.961999 0.260257 255 255 255 1.000000
0.289443 -0.165956 0.053163 0.000000 -0.509376 0.860544 255 255 255 1.000000
-0.181128 -0.039066 0.148624 0.042412 0.989077 -0.141167 255 255 255 1.000000
-0.347818 0.466678 -0.172785 0.977418 0.021392 -0.210227 255 255 255 1.000000
0.282798 -0.024311 -0.213145 -0.023920 -0.236345 0.971375 255 255 255 1.000000
-0.005484 -0.043454 0.398663 0.003128 0.979204 0.202856 255 255 255 1.000000
0.299784 0.590573 -0.235352 0.148793 -0.254028 -0.955683 255 255 255 1.000000
0.262074 0.195718 -0.120383 -0.254271 0.174916 0.951184 255 255 255 1.000000
0.178987 -0.032357 0.269163 0.099479 -0.994954 0.013044 255 255 255 1.000000
0.022528 -0.013840 -0.178894 0.015463 0.149324 -0.988667 255 255 255 1.000000
-0.335633 0.601080 -0.227418 -0.462290 -0.238429 -0.854072 255 255 255 1.000000
0.178186 -0.159568 0.055035 0.000000 -0.286950 0.957946 255 255 255 1.000000
0.345167 -0.071598 -0.124528 -0.087076 -0.983036 -0.161428 255 255 255 1.000000
-0.379681 -0.033193 0.180369 -0.928505 0.369216 -0.039471 255 255 255 1.000000
0.145201 -0.132972 0.430452 -0.086715 0.996229 0.002887 255 255 255 1.000000
0.123659 0.607430 -0.252703 0.115977 -0.178075 -0.977158 255 255 255 1.000000
-0.310236 -0.105178 -0.078355 0.138210 0.198856 -0.970234 255 255 255 1.000000
0.250331 -0.097187 -0.060496 0.531392 0.846155 0.040565 255 255 255 1.000000
-0.027844 0.601563 -0.258784 0.017194 0.194518 0.980748 255 255 255 1.000000
0.169416 -0.047666 0.431292 0.070768 -0.948013 -0.310264 255 255 255 1.000000
-0.369227 -0.730181 0.500150 -0.033906 -0.494111 -0.868737 255 255 255 1.000000
-0.135330 -0.051741 0.435433 -0.039035 -0.836837 -0.546059 255 255 255 1.000000
-0.418422 -0.633054 -0.312228 -0.370307 0.321271 -0.871584 255 255 255 1.000000
-0.041763 -0.026521 -0.178377 0.060718 -0.101520 0.992979 255 255 255 1.000000
-0.195065 0.573495 -0.237410 0.219124 0.224539 0.949509 255 255 255 1.000000
0.316959 0.369309 -0.177228 0.612572 -0.158389 -0.774382 255 255 255 1.000000
-0.233795 -0.038491 -0.006556 -0.139605 -0.988978 -0.049324 255 255 255 1.000000
0.046752 -0.037409 0.357399 -0.025348 0.997992 0.058040 255 255 255 1.000000
-0.276054 0.603247 -0.219898 0.293033 0.254356 0.921648 255 255 255 1.000000
0.257527 0.073299 -0.154558 0.027914 0.115032 -0.992969 255 255 255 1.000000
-0.322028 0.394720 -0.186295 -0.560360 -0.183115 -0.807754 255 255 255 1.000000
0.361572 -0.011612 0.258905 -0.461807 -0.886639 -0.024616 255 255 255 1.000000
-0.308749 0.017489 -0.192523 0.710451 -0.019198 0.703484 255 255 255 1.000000
-0.237822 -0.096970 -0.097751 0.962833 0.236788 0.129940 255 255 255 1.000000
-0.247910 0.411395 -0.176099 0.333608 0.258812 0.906489 255 255 255 1.000000
0.026066 0.293551 -0.190048 -0.039435 0.213225 0.976207 255 255 255 1.000000
-0.280256 -0.118001 0.431335 0.203226 0.931128 -0.302819 255 255 255 1.000000
0.307776 -0.680758 0.543424 0.040543 -0.998052 0.047420 255 255 255 1.000000
-0.249052 0.260739 -0.174280 -0.982543 -0.177725 0.054983 255 255 255 1.000000
-0.289888 0.545999 -0.197905 -0.365489 -0.265306 -0.892206 255 255 255 1.000000
-0.023906 0.147522 -0.165937 0.105501 -0.659821 0.743980 255 255 255 1.000000
0.272885 -0.135455 -0.094135 -0.142498 -0.795476 0.588992 255 255 255 1.000000
-0.202335 0.221043 -0.142585 -0.253290 -0.198561 -0.946793 255 255 255 1.000000
-0.192210 -0.037025 0.169070 0.054505 0.990184 -0.128704 255 255 255 1.000000
0.324224 -0.481554 0.387492 -0.878555 -0.296765 -0.374261 255 255 255 1.000000
-0.260857 -0.026816 0.204275 0.006519 0.877253 -0.479984 255 255 255 1.000000
-0.074447 -0.053610 -0.000915 0.656820 -0.140414 0.740859 255 255 255 1.000000
0.353363 -0.072169 0.439598 0.878413 0.232304 0.417642 255 255 255 1.000000
0.290485 0.351368 -0.190165 0.362194 -0.150348 -0.919897 255 255 255 1.000000
0.287359 -0.151262 -0.022608 0.131690 0.981485 -0.139086 255 255 255 1.000000
0.239133 0.591004 -0.228285 0.258963 -0.211461 -0.942456 255 255 255 1.000000
0.367318 -0.058165 0.028391 -0.993134 0.100513 0.059849 255 255 255 1.000000
-0.195540 -0.074840 0.455668 -0.010677 0.420257 0.907342 255 255 255 1.000000
-0.241310 -0.034303 -0.150942 -0.104919 0.251688 -0.962104 255 255 255 1.000000
0.297918 0.571970 -0.202382 -0.355732 0.269214 0.894974 255 255 255 1.000000
0.024252 -0.076719 -0.193408 -0.008349 -0.393128 0.919446 255 255 255 1.000000
0.448848 -0.724211 -0.248498 0.999123 -0.038191 0.017192 255 255 255 1.000000
0.237593 -0.098610 -0.187278 -0.562100 -0.737094 -0.375148 255 255 255 1.000000
0.303672 -0.122814 -0.009008 -0.733990 -0.645482 0.211213 255 255 255 1.000000
0.284264 -0.167853 0.007521 0.000000 0.589612 0.807686 255 255 255 1.000000
-0.168288 -0.047101 -0.083478 -0.122127 -0.992463 -0.010087 255 255 255 1.000000
-0.321097 0.499909 -0.211314 0.373359 0.220729 0.901045 255 255 255 1.000000
0.003702 0.473635 -0.235688 -0.006347 -0.210568 -0.977559 255 255 255 1.000000
0.224921 0.076654 -0.171650 0.983161 -0.083342 -0.162630 255 255 255 1.000000
-0.405017 -0.315664 -0.102867 0.533266 0.492832 -0.687563 255 255 255 1.000000
-0.014617 0.739316 -0.309146 0.014880 0.818875 0.573779 255 255 255 1.000000
0.073905 0.065167 -0.167725 0.338703 -0.938173 0.071491 255 255 255 1.000000
0.002089 0.224857 -0.176346 0.007676 -0.183630 -0.982965 255 255 255 1.000000
0.180703 0.135487 -0.138263 -0.330684 0.532509 0.779155 255 255 255 1.000000
-0.381553 -0.216195 -0.008956 0.269196 0.635205 -0.723911 255 255 255 1.000000
0.338485 0.492137 -0.172982 0.115261 -0.254912 -0.960070 255 255 255 1.000000
-0.395724 -0.454328 -0.197886 -0.502831 0.435934 -0.746407 255 255 255 1.000000
-0.333639 -0.010934 0.289874 0.155193 0.987506 -0.027338 255 255 255 1.000000
0.062638 -0.047944 0.115201 0.052934 -0.998413 0.019239 255 255 255 1.000000
-0.171782 0.145411 -0.139402 0.118329 0.989011 -0.088633 255 255 255 1.000000
-0.374243 -0.038966 0.048182 -0.929605 0.365000 -0.051090 255 255 255 1.000000
-0.086103 -0.052170 0.013277 -0.623355 0.277430 -0.731068 255 255 255 1.000000
0.326454 -0.177621 0.022057 0.000000 0.961678 0.274180 255 255 255 1.000000
-0.161443 0.391477 -0.196333 -0.220737 -0.251202 -0.942429 255 255 255 1.000000
0.355607 -0.581543 0.474206 -0.973934 -0.100480 -0.203365 255 255 255 1.000000
-0.395756 -0.594803 -0.267223 -0.496998 0.349347 -0.794324 255 255 255 1.000000
0.215236 -0.032399 0.195381 -0.117248 0.992925 -0.018800 255 255 255 1.000000
0.226573 -0.143088 -0.006926 -0.839530 -0.518171 -0.163366 255 255 255 1.000000
0.225280 -0.098693 -0.116072 -0.916379 0.367840 0.157933 255 255 255 1.000000
-0.412707 -0.293497 -0.111863 -0.984683 0.155253 -0.079341 255 255 255 1.000000
-0.370365 -0.034576 0.005463 -0.925872 0.374294 -0.051621 255 255 255 1.000000
0.169344 -0.088346 0.458659 -0.047842 0.007232 -0.998829 255 255 255 1.000000
0.284698 0.097948 -0.187951 -0.352228 -0.132334 0.926511 255 255 255 1.000000
-0.080297 -0.056451 -0.111857 -0.074929 -0.997171 0.005962 255 255 255 1.000000
-0.406734 -0.322128 -0.149365 0.624709 -0.496137 0.602982 255 255 255 1.000000
0.262936 0.337098 -0.193762 -0.945731 0.163718 -0.280693 255 255 255 1.000000
-0.378826 -0.342602 -0.145144 0.998751 -0.049015 0.009746 255 255 255 1.000000
0.000758 -0.103432 -0.192990 0.006026 -0.249039 -0.968475 255 255 255 1.000000
0.303167 0.486621 -0.171239 -0.379437 0.261794 0.887407 255 255 255 1.000000
0.376469 -0.078134 0.341429 -0.939612 0.239868 0.244117 255 255 255 1.000000
-0.233368 -0.041991 0.427005 0.094712 0.951038 0.294204 255 255 255 1.000000
0.373419 -0.076669 0.316151 0.838937 -0.535228 -0.098565 255 255 255 1.000000
-0.099627 -0.005182 -0.169000 0.166785 -0.278448 0.945859 255 255 255 1.000000
-0.000912 -0.108046 0.463790 -0.003348 -0.131490 0.991312 255 255 255 1.000000
-0.311669 0.759987 -0.281894 0.053356 0.908003 0.415553 255 255 255 1.000000
0.382737 -0.332208 -0.133548 0.993902 0.089903 0.063851 255 255 255 1.000000
-0.161205 -0.039353 0.176137 0.039720 0.992343 -0.116948 255 255 255 1.000000
-0.329992 -0.170106 0.009774 0.000000 -0.680486 -0.732761 255 255 255 1.000000
-0.311319 0.135820 -0.165155 0.740318 -0.128153 0.659928 255 255 255 1.000000
-0.165163 -0.042659 0.104181 0.008180 -0.979459 0.201479 255 255 255 1.000000
0.164403 0.048237 -0.150780 -0.176250 -0.139961 0.974344 255 255 255 1.000000
-0.414351 -0.679443 -0.292385 -0.000625 -0.873024 0.487676 255 255 255 1.000000
-0.270092 -0.129442 -0.120363 0.231602 0.272898 -0.933749 255 255 255 1.000000
0.229363 -0.121508 0.001517 0.805784 -0.571459 -0.155390 255 255 255 1.000000
-0.377207 -0.062825 0.093821 0.985639 0.160692 0.051903 255 255 255 1.000000
0.220621 0.023589 -0.142337 0.237588 0.551187 -0.799840 255 255 255 1.000000
-0.307205 -0.003155 -0.157369 -0.848319 -0.068390 0.525049 255 255 255 1.000000
-0.274619 -0.126324 -0.134337 0.040552 0.251932 -0.966895 255 255 255 1.000000
-0.410391 -0.267496 -0.093004 -0.991620 0.128292 -0.015187 255 255 255 1.000000
0.314019 -0.472131 0.393480 -0.937185 -0.185734 -0.295274 255 255 255 1.000000
0.022493 0.040649 -0.174493 -0.202545 0.452495 -0.868460 255 255 255 1.000000
0.360618 -0.084318 -0.028633 -0.805547 0.581295 0.114850 255 255 255 1.000000
-0.231553 -0.113034 -0.084609 -0.996134 0.078194 0.040033 255 255 255 1.000000
-0.424881 -0.726391 -0.219042 -0.004315 -0.044518 -0.998999 255 255 255 1.000000
0.282993 0.079376 -0.153712 -0.030610 -0.112238 0.993210 255 255 255 1.000000
0.206158 -0.042101 -0.049017 0.137090 -0.990376 0.019000 255 255 255 1.000000
-0.155106 -0.058753 0.448316 -0.009817 -0.708635 -0.705507 255 255 255 1.000000
-0.315031 0.363146 -0.137977 -0.001393 -0.160700 -0.987002 255 255 255 1.000000
0.326204 -0.149423 0.002355 0.000000 -0.090811 0.995868 255 255 255 1.000000
0.347017 -0.164851 0.084599 -0.342402 -0.797620 -0.496551 255 255 255 1.000000
-0.360158 -0.018029 0.095811 -0.345669 0.938313 -0.009041 255 255 255 1.000000
0.319934 -0.018020 0.163185 -0.374179 -0.902366 0.213834 255 255 255 1.000000
-0.389205 -0.209901 -0.062816 0.578198 -0.604350 0.548132 255 255 255 1.000000
-0.254913 -0.154529 -0.008753 0.474375 0.880088 -0.020318 255 255 255 1.000000
-0.238623 0.162445 -0.142158 0.000329 -0.137458 0.990508 255 255 255 1.000000
-0.143683 -0.042956 0.127959 -0.091495 0.960909 -0.261309 255 255 255 1.000000
-0.044768 -0.053945 0.430980 0.017944 0.955049 0.295906 255 255 255 1.000000
-0.394472 -0.180909 -0.021917 0.597342 -0.602474 0.529346 255 255 255 1.000000
-0.224572 -0.034293 0.150427 -0.041324 -0.978772 0.200742 255 255 255 1.000000
0.173859 -0.019173 -0.155300 -0.178594 -0.128347 0.975516 255 255 255 1.000000
0.236498 -0.056902 -0.210057 0.848641 0.159138 0.504464 255 255 255 1.000000
-0.378008 -0.028170 0.390538 -0.741705 0.614055 0.269835 255 255 255 1.000000
-0.261279 0.248243 -0.131383 -0.278373 -0.196096 -0.940242 255 255 255 1.000000
-0.303286 -0.080022 0.450112 -0.189651 -0.054346 0.980346 255 255 255 1.000000
0.321744 -0.377173 0.303798 0.551336 0.565818 0.613090 255 255 255 1.000000
0.097211 -0.043210 0.187095 -0.064153 0.997738 -0.020086 255 255 255 1.000000
0.345248 -0.207576 0.154662 0.562709 0.677911 0.473070 255 255 255 1.000000
-0.002137 0.237206 -0.178278 -0.001233 0.188692 0.982036 255 255 255 1.000000
0.290918 -0.037993 -0.158467 0.048330 0.501581 -0.863760 255 255 255 1.000000
-0.382049 -0.711538 0.527934 0.999314 -0.013197 0.034609 255 255 255 1.000000
-0.026854 0.298211 -0.191125 -0.048419 -0.212746 -0.975907 255 255 255 1.000000
-0.343391 0.351625 -0.151974 -0.843509 -0.049895 0.534792 255 255 255 1.000000
0.000474 -0.059357 -0.120423 -0.998048 0.058323 -0.022351 255 255 255 1.000000
-0.299265 -0.009911 -0.145913 -0.678781 -0.089818 0.728827 255 255 255 1.000000
-0.029069 0.260374 -0.182971 0.056079 0.195462 0.979107 255 255 255 1.000000
0.146724 -0.087769 0.459257 -0.041270 -0.015682 -0.999025 255 255 255 1.000000
0.054291 0.055432 -0.170622 -0.450465 0.886416 -0.106528 255 255 255 1.000000
0.287744 -0.025579 0.122307 0.123781 0.984111 -0.127291 255 255 255 1.000000
-0.102435 0.605911 -0.255324 0.094668 0.208210 0.973492 255 255 255 1.000000
-0.342858 -0.011465 0.362772 0.130139 0.977855 0.163903 255 255 255 1.000000
-0.342082 -0.293756 0.266899 0.878095 0.352560 0.323498 255 255 255 1.000000
-0.156328 -0.124651 0.031113 0.000000 -0.998012 -0.063018 255 255 255 1.000000
-0.389775 -0.280681 -0.073568 -0.085216 -0.626692 0.774594 255 255 255 1.000000
0.134811 -0.043802 0.118348 0.076708 -0.996488 0.033590 255 255 255 1.000000
0.011618 -0.039611 0.297669 -0.018176 0.999830 0.003206 255 255 255 1.000000
0.348140 -0.006490 0.315402 -0.910871 -0.161627 0.379725 255 255 255 1.000000
0.287881 -0.022461 0.191388 0.292468 0.934849 -0.201295 255 255 255 1.000000
-0.256019 0.282590 -0.139233 -0.287313 -0.203802 -0.935904 255 255 255 1.000000
0.203277 -0.051616 0.439937 0.017499 -0.636159 -0.771360 255 255 255 1.000000
0.238858 -0.011290 -0.143862 -0.983464 -0.173394 -0.052278 255 255 255 1.000000
-0.232081 0.064210 -0.173062 0.978750 0.097222 0.180542 255 255 255 1.000000
0.095643 -0.045751 0.137572 -0.065992 0.997542 -0.023554 255 255 255 1.000000
-0.345039 0.464249 -0.161714 -0.279697 0.203409 0.938293 255 255 255 1.000000
-0.282400 0.432138 -0.166539 0.361618 0.253964 0.897070 255 255 255 1.000000
-0.243903 -0.141800 -0.056987 -0.924297 0.332460 0.187473 255 255 255 1.000000
0.254959 -0.094644 -0.071508 -0.562111 -0.826914 -0.015647 255 255 255 1.000000
0.272694 0.443186 -0.172302 0.351987 -0.255468 -0.900467 255 255 255 1.000000
-0.422409 -0.631019 -0.270501 -0.270233 -0.314522 0.909973 255 255 255 1.000000
0.342621 0.525211 -0.186605 0.970590 0.037364 0.237822 255 255 255 1.000000
0.263986 0.520892 -0.201363 0.342309 -0.260642 -0.902713 255 255 255 1.000000
-0.347803 -0.011899 0.217819 -0.117132 -0.977582 0.174968 255 255 255 1.000000
-0.234167 -0.030166 0.211453 -0.073189 -0.986785 0.144565 255 255 255 1.000000
0.339627 -0.521730 0.412261 0.834977 -0.262725 -0.483517 255 255 255 1.000000
-0.377678 -0.736532 -0.282786 -0.998447 0.054892 -0.009499 255 255 255 1.000000
0.264727 0.551886 -0.210329 0.328159 -0.254789 -0.909612 255 255 255 1.000000
0.396284 -0.269594 -0.109201 0.609112 0.539570 -0.581246 255 255 255 1.000000
0.001860 -0.060295 -0.172586 0.996831 -0.075629 0.024664 255 255 255 1.000000
0.073840 0.256795 -0.177604 -0.127298 0.203942 0.970671 255 255 255 1.000000
-0.059789 -0.046783 0.144771 0.490209 -0.675566 0.550732 255 255 255 1.000000
0.034537 0.314091 -0.194440 -0.049017 0.221860 0.973846 255 255 255 1.000000
0.375110 -0.374015 -0.156071 0.868875 0.312804 -0.383679 255 255 255 1.000000
-0.076934 0.717524 -0.284947 -0.056094 -0.590398 -0.805161 255 255 255 1.000000
0.213048 0.260471 -0.148183 0.286930 -0.216662 -0.933129 255 255 255 1.000000
0.375212 -0.718092 0.542873 -0.999747 -0.004480 0.022054 255 255 255 1.000000
-0.342080 0.436450 -0.181349 -0.643518 -0.202916 -0.738045 255 255 255 1.000000
-0.035013 -0.140338 0.053998 0.000000 0.424938 0.905222 255 255 255 1.000000
-0.341775 -0.088081 0.446660 0.409601 0.120650 -0.904252 255 255 255 1.000000
0.317389 0.283325 -0.130419 -0.458465 -0.039287 -0.887844 255 255 255 1.000000
-0.128669 -0.051595 -0.124145 -0.109817 -0.993929 -0.006685 255 255 255 1.000000
-0.437690 -0.643197 -0.296539 0.968426 -0.144863 0.202892 255 255 255 1.000000
0.109971 -0.129625 0.044967 0.000000 -0.819449 -0.573152 255 255 255 1.000000
0.044106 0.741579 -0.314117 -0.022628 0.858859 0.511713 255 255 255 1.000000
0.211318 -0.027764 0.360595 -0.100933 0.990105 0.097489 255 255 255 1.000000
0.351663 -0.440952 0.362491 0.828514 -0.349304 -0.437666 255 255 255 1.000000
0.189896 -0.147140 0.002966 0.000000 0.176831 -0.984241 255 255 255 1.000000
-0.192389 0.649865 -0.252353 -0.168547 -0.246446 -0.954388 255 255 255 1.000000
0.267456 -0.088115 -0.197456 0.996927 -0.032103 -0.071456 255 255 255 1.000000
-0.294895 0.226073 -0.120547 -0.083366 0.112554 0.990142 255 255 255 1.000000
0.305987 -0.016855 0.245423 -0.558097 -0.775120 0.296169 255 255 255 1.000000
-0.088688 -0.090419 0.461699 0.025209 -0.043273 -0.998745 255 255 255 1.000000
-0.344361 -0.472558 0.375919 -0.803644 -0.382705 -0.455734 255 255 255 1.000000
-0.258911 -0.021913 0.306586 0.126974 0.991378 -0.032363 255 255 255 1.000000
0.284983 -0.027822 0.080806 0.084529 -0.995573 0.041112 255 255 255 1.000000
-0.249127 -0.116133 0.022475 0.087697 -0.974865 -0.204809 255 255 255 1.000000
-0.346197 -0.133484 0.009959 0.000000 0.687646 -0.726046 255 255 255 1.000000
0.000262 0.151768 -0.167924 0.058533 -0.427436 0.902149 255 255 255 1.000000
0.184792 -0.124838 0.031810 0.000000 -0.996034 -0.088975 255 255 255 1.000000
0.270763 -0.074775 0.451631 0.564370 0.354208 -0.745670 255 255 255 1.000000
0.329845 0.662730 -0.221729 -0.100110 0.312117 0.944754 255 255 255 1.000000
-0.201004 -0.129748 0.045090 0.000000 -0.815818 -0.578309 255 255 255 1.000000
-0.117138 -0.071383 -0.187149 -0.069290 0.273465 -0.959383 255 255 255 1.000000
0.336962 -0.591106 0.452328 0.654880 -0.378615 -0.654051 255 255 255 1.000000
0.307983 -0.168004 0.051115 0.000000 0.595881 -0.803073 255 255 255 1.000000
0.333684 -0.471760 0.375290 0.794351 0.390578 0.465247 255 255 255 1.000000
-0.018726 -0.110515 -0.185501 0.008147 0.990427 -0.137799 255 255 255 1.000000
-0.170724 0.606191 -0.247858 0.167543 0.229111 0.958873 255 255 255 1.000000
-0.055720 0.741289 -0.313731 -0.040954 -0.846903 -0.530168 255 255 255 1.000000
0.354007 -0.271288 0.218255 0.942802 0.259680 0.209022 255 255 255 1.000000
-0.301254 -0.088594 -0.112548 0.448877 0.715117 0.535833 255 255 255 1.000000
0.369919 -0.027264 0.402973 0.611881 0.702774 0.362920 255 255 255 1.000000
-0.371282 -0.013152 0.355987 -0.485846 0.862996 0.138533 255 255 255 1.000000
-0.235920 0.551358 -0.222912 0.319567 0.246678 0.914892 255 255 255 1.000000
-0.377863 -0.052373 0.109895 0.994399 0.094718 0.046890 255 255 255 1.000000
-0.344681 0.416845 -0.170924 0.993053 0.052726 -0.105196 255 255 255 1.000000
-0.324585 -0.128866 0.044208 0.000000 0.840954 0.541106 255 255 255 1.000000
0.320626 -0.531568 0.456812 -0.762708 0.332481 0.554737 255 255 255 1.000000
0.112760 0.097533 -0.156880 0.152968 0.184786 -0.970801 255 255 255 1.000000
0.383703 -0.516675 -0.249957 0.967378 -0.048674 0.248619 255 255 255 1.000000
0.305929 0.677920 -0.263079 -0.210858 0.328003 0.920844 255 255 255 1.000000
-0.084401 -0.177528 0.037077 0.000000 -0.957903 0.287093 255 255 255 1.000000
0.016284 -0.037631 0.334490 -0.018410 0.999817 0.005166 255 255 255 1.000000
-0.349630 -0.167392 0.051726 0.000000 -0.570335 0.821412 255 255 255 1.000000
0.269613 -0.024880 0.204127 0.054722 -0.995759 0.073955 255 255 255 1.000000
-0.130275 0.106903 -0.153157 0.133585 -0.947516 0.290461 255 255 255 1.000000
0.196706 0.000221 -0.149016 0.163946 0.305365 -0.938016 255 255 255 1.000000
-0.027069 -0.038308 0.333144 -0.023962 0.999565 -0.017219 255 255 255 1.000000
0.220638 0.235122 -0.139056 0.282260 -0.204150 -0.937364 255 255 255 1.000000
-0.384477 -0.045373 0.402335 0.250378 0.171924 0.952761 255 255 255 1.000000
-0.453348 -0.684345 -0.282159 0.961131 -0.241370 0.134046 255 255 255 1.000000
-0.147969 -0.178500 0.025334 0.000000 -0.988565 -0.150793 255 255 255 1.000000
0.024335 -0.043125 0.224147 -0.028388 0.999587 -0.004492 255 255 255 1.000000
0.176065 -0.038568 0.154895 0.094644 -0.995043 0.030517 255 255 255 1.000000
-0.053188 0.259857 -0.181527 0.089026 0.196832 0.976387 255 255 255 1.000000
-0.436679 -0.681094 -0.269407 -0.036796 -0.999264 0.010795 255 255 255 1.000000
0.306974 0.259311 -0.151035 -0.696888 0.071109 0.713646 255 255 255 1.000000
-0.264140 -0.029224 0.142002 0.282847 0.285364 0.915732 255 255 255 1.000000
0.190038 0.554190 -0.232842 -0.215627 0.211969 0.953192 255 255 255 1.000000
-0.374597 -0.754201 0.521026 0.029794 0.998071 0.054476 255 255 255 1.000000
-0.086127 -0.134398 0.453705 -0.049883 -0.772283 0.633317 255 255 255 1.000000
0.037972 -0.052486 0.427229 -0.022701 0.956282 0.291563 255 255 255 1.000000
-0.028852 -0.047206 0.150832 0.202766 -0.954300 0.219540 255 255 255 1.000000
-0.360297 -0.518204 0.446479 0.810784 -0.309730 -0.496686 255 255 255 1.000000
-0.306122 -0.177802 0.036056 0.000000 0.968490 -0.249052 255 255 255 1.000000
-0.184936 0.010091 -0.150951 -0.192224 0.367865 -0.909794 255 255 255 1.000000
-0.084864 -0.038022 0.363234 0.045415 0.996124 0.075334 255 255 255 1.000000
0.319491 0.393470 -0.182128 0.594957 -0.178218 -0.783750 255 255 255 1.000000
0.280004 -0.016270 0.322363 0.126914 -0.991658 -0.022540 255 255 255 1.000000
0.350267 -0.721025 0.487530 0.330715 0.942146 0.054670 255 255 255 1.000000
0.089186 -0.044172 0.178445 -0.062292 0.997876 -0.019046 255 255 255 1.000000
0.319981 0.297620 -0.142764 0.983693 -0.101717 0.148330 255 255 255 1.000000
0.222049 0.177088 -0.129340 -0.483728 0.481142 0.731102 255 255 255 1.000000
-0.327719 0.439766 -0.194353 -0.547610 -0.210292 -0.809877 255 255 255 1.000000
0.253711 0.385172 -0.163965 0.328212 -0.245229 -0.912217 255 255 255 1.000000
-0.021857 0.484928 -0.238845 0.032955 0.215420 0.975965 255 255 255 1.000000
-0.302828 -0.710183 0.525550 -0.999217 -0.014876 0.036665 255 255 255 1.000000
-0.205640 0.343517 -0.170844 -0.282571 -0.244527 -0.927556 255 255 255 1.000000
-0.343049 0.623172 -0.231284 0.565969 0.251909 0.784997 255 255 255 1.000000
0.373101 -0.016848 0.328477 -0.866776 -0.498271 -0.020640 255 255 255 1.000000
0.123195 -0.046593 0.078859 -0.075566 0.996558 -0.034090 255 255 255 1.000000
-0.235153 -0.052841 -0.169606 -0.079870 0.380580 -0.921292 255 255 255 1.000000
0.092978 -0.161238 0.054587 0.000000 0.347983 -0.937501 255 255 255 1.000000
0.298717 0.178773 -0.129832 0.535465 -0.805007 0.255422 255 255 255 1.000000
0.278740 0.010211 -0.163333 -0.672564 0.546184 0.499340 255 255 255 1.000000
-0.210068 0.264898 -0.149937 0.259196 0.214222 0.941768 255 255 255 1.000000
0.298088 -0.046813 -0.210264 0.642984 0.019302 -0.765636 255 255 255 1.000000
0.352159 -0.100897 0.434661 0.175766 -0.690400 0.701751 255 255 255 1.000000
0.017622 -0.174944 0.044173 0.000000 -0.841843 0.539722 255 255 255 1.000000
0.277420 -0.067733 -0.156169 0.118460 0.522509 0.844364 255 255 255 1.000000
0.314488 -0.520671 0.434302 -0.996779 -0.048450 -0.063913 255 255 255 1.000000
-0.313769 -0.720328 0.580933 -0.054034 0.103389 -0.993172 255 255 255 1.000000
-0.436080 -0.713561 -0.227947 0.059763 0.124652 -0.990399 255 255 255 1.000000
0.264284 -0.160001 0.016004 0.200668 -0.977729 -0.061472 255 255 255 1.000000
0.370659 -0.696949 -0.254571 -0.999076 0.040440 -0.014554 255 255 255 1.000000
0.046807 -0.043362 0.210782 -0.040012 0.999155 -0.009354 255 255 255 1.000000
-0.399713 -0.503909 -0.222408 -0.326250 0.423807 -0.844955 255 255 255 1.000000
-0.154838 0.622466 -0.253814 -0.136088 -0.231036 -0.963381 255 255 255 1.000000
-0.022482 0.317388 -0.195250 -0.039960 -0.221556 -0.974329 255 255 255 1.000000
-0.138944 -0.050131 -0.084262 -0.103641 -0.994608 -0.003545 255 255 255 1.000000
-0.106573 -0.041439 0.212063 0.181804 -0.944215 0.274600 255 255 255 1.000000
-0.322232 0.569452 -0.226066 0.280509 0.229594 0.931988 255 255 255 1.000000
0.355338 -0.466331 0.404043 -0.955299 -0.177359 -0.236531 255 255 255 1.000000
0.124346 -0.065582 0.452088 -0.002203 0.507606 0.861587 255 255 255 1.000000
-0.083950 0.208544 -0.166749 -0.136584 -0.178903 -0.974340 255 255 255 1.000000
-0.353888 0.713907 -0.245849 -0.393562 0.517864 0.759556 255 255 255 1.000000
0.253571 0.310540 -0.182229 -0.974507 0.203963 -0.093460 255 255 255 1.000000
-0.111625 -0.039906 0.237491 -0.096683 0.978017 -0.184758 255 255 255 1.000000
-0.310260 -0.134727 0.053465 -0.804278 0.581025 0.124685 255 255 255 1.000000
-0.032575 -0.128883 0.461137 -0.021891 -0.486263 0.873538 255 255 255 1.000000
0.394207 -0.579275 -0.256688 -0.369819 -0.366021 0.853968 255 255 255 1.000000
0.097733 -0.039451 0.263070 -0.060854 0.998043 -0.014354 255 255 255 1.000000
0.026075 -0.138732 0.053567 0.000000 -0.478028 -0.878345 255 255 255 1.000000
-0.320595 -0.594696 0.476909 -0.997621 0.040412 0.055856 255 255 255 1.000000
0.401565 -0.344717 -0.165258 0.655234 0.469428 -0.591866 255 255 255 1.000000
0.336517 -0.542159 0.424510 0.772560 -0.318381 -0.549349 255 255 255 1.000000
-0.168502 -0.033766 0.270222 0.071386 0.996197 -0.049956 255 255 255 1.000000
-0.050458 0.443038 -0.226997 -0.066018 -0.229692 -0.971022 255 255 255 1.000000
0.317270 -0.243827 0.191212 -0.832732 0.435954 0.341324 255 255 255 1.000000
-0.426892 -0.484957 -0.239233 -0.855346 0.274882 -0.439116 255 255 255 1.000000
0.324719 -0.039966 0.434721 -0.019081 0.616165 0.787386 255 255 255 1.000000
0.103129 -0.053704 -0.117006 -0.096235 0.995353 0.003284 255 255 255 1.000000
0.312285 -0.017356 0.373368 0.112755 -0.978555 -0.172387 255 255 255 1.000000
-0.342974 -0.310247 0.285784 -0.876278 -0.344356 -0.336980 255 255 255 1.000000
0.241345 -0.025461 0.267934 0.130673 -0.991072 0.026485 255 255 255 1.000000
0.291095 0.349858 -0.141391 -0.310112 0.212599 0.926624 255 255 255 1.000000
-0.335279 -0.054979 0.444034 -0.008420 0.480254 0.877089 255 255 255 1.000000
0.033263 0.133354 -0.166241 0.420636 -0.891551 0.167936 255 255 255 1.000000
-0.058338 0.239137 -0.176269 0.098946 0.188450 0.977086 255 255 255 1.000000
0.094706 0.159403 -0.156869 0.230600 -0.195692 -0.953167 255 255 255 1.000000
-0.293907 -0.028142 -0.023175 -0.194823 -0.980108 -0.037857 255 255 255 1.000000
-0.103124 -0.127377 0.041286 0.000000 -0.899721 -0.436466 255 255 255 1.000000
0.294713 0.066124 -0.188996 -0.994693 0.102771 0.004947 255 255 255 1.000000
0.374953 -0.709576 0.559048 -0.999945 -0.010188 -0.002434 255 255 255 1.000000
0.051851 0.228535 -0.175289 -0.105239 0.188427 0.976432 255 255 255 1.000000
-0.022007 -0.041007 0.280470 -0.030757 0.999226 -0.024541 255 255 255 1.000000
0.314438 0.310244 -0.132133 -0.241953 -0.101751 -0.964938 255 255 255 1.000000
-0.136863 -0.034390 0.310729 0.065980 0.997727 -0.013713 255 255 255 1.000000
-0.365988 -0.062596 0.434573 -0.610799 -0.005985 0.791763 255 255 255 1.000000
0.117982 0.179861 -0.155894 0.209427 -0.176903 -0.961689 255 255 255 1.000000
0.243917 0.106421 -0.149951 0.017610 0.123446 -0.992195 255 255 255 1.000000
0.249369 -0.014918 -0.166828 -0.055326 -0.092532 0.994172 255 255 255 1.000000
0.031507 -0.178393 0.024934 0.000000 -0.986139 -0.165922 255 255 255 1.000000
0.376032 -0.066683 0.297366 0.920484 -0.387241 -0.052476 255 255 255 1.000000
0.243738 0.186707 -0.124491 -0.875536 0.270209 0.400529 255 255 255 1.000000
0.081192 -0.083446 0.460239 0.009736 0.335280 0.942068 255 255 255 1.000000
-0.336710 -0.682069 0.565083 -0.019224 0.850493 0.525634 255 255 255 1.000000
-0.340448 -0.459011 0.365635 -0.653420 -0.486340 -0.580100 255 255 255 1.000000
-0.323278 -0.681229 0.551840 -0.043325 0.999053 0.004013 255 255 255 1.000000
-0.007706 -0.036910 -0.182148 -0.014455 -0.081449 0.996573 255 255 255 1.000000
0.188396 0.411547 -0.194871 0.262385 -0.252233 -0.931414 255 255 255 1.000000
0.087610 -0.045855 0.146228 0.063300 -0.997770 0.021190 255 255 255 1.000000
-0.233622 -0.138675 -0.026811 -0.842366 0.508948 0.177175 255 255 255 1.000000
-0.368172 -0.080256 -0.039901 0.897565 0.419853 0.134535 255 255 255 1.000000
0.182593 -0.044542 -0.037957 -0.120900 0.992372 -0.024093 255 255 255 1.000000
-0.200579 0.184265 -0.135727 -0.251362 -0.187591 -0.949540 255 255 255 1.000000
0.220646 -0.029833 0.384384 0.089931 -0.978407 -0.186095 255 255 255 1.000000
-0.426988 -0.462501 -0.215160 0.972340 -0.148817 0.180025 255 255 255 1.000000
0.122140 0.168871 -0.151229 -0.203251 0.112370 0.972657 255 255 255 1.000000
-0.042883 -0.044434 0.202051 -0.348749 0.856217 -0.381138 255 255 255 1.000000
-0.171029 -0.030435 0.329348 -0.089842 -0.995927 0.007554 255 255 255 1.000000
0.349788 0.514085 -0.174031 0.265743 0.293160 0.918388 255 255 255 1.000000
0.243294 -0.063669 -0.159005 -0.678470 -0.603662 -0.418652 255 255 255 1.000000
0.364289 0.565274 -0.208198 0.824676 0.168473 0.539932 255 255 255 1.000000
0.144324 -0.132532 0.010911 0.000000 0.723293 -0.690541 255 255 255 1.000000
0.231677 -0.037963 -0.013063 0.139808 -0.990033 0.016971 255 255 255 1.000000
0.275515 -0.027457 0.403133 -0.092228 0.959873 0.264834 255 255 255 1.000000
-0.188609 -0.035090 0.211799 -0.065180 -0.993162 0.096851 255 255 255 1.000000
0.264689 -0.039344 -0.161505 0.026954 0.572832 -0.819229 255 255 255 1.000000
-0.163593 -0.168656 0.050462 0.000000 0.622742 -0.782427 255 255 255 1.000000
0.275661 0.294875 -0.134459 -0.294267 0.200709 0.934410 255 255 255 1.000000
-0.008084 0.257089 -0.182260 -0.014550 -0.196210 -0.980454 255 255 255 1.000000
0.079777 -0.048434 0.098950 0.062113 -0.997795 0.023393 255 255 255 1.000000
-0.267431 0.150748 -0.187035 -0.227442 0.090907 -0.969539 255 255 255 1.000000
0.194301 -0.167046 0.052073 0.000000 -0.555725 0.831366 255 255 255 1.000000
0.261762 -0.138953 -0.078223 0.205584 -0.794883 0.570873 255 255 255 1.000000
-0.168986 0.310467 -0.172016 -0.222219 -0.238003 -0.945501 255 255 255 1.000000
0.237000 -0.032969 0.132679 -0.127739 0.991536 -0.023201 255 255 255 1.000000
-0.338740 0.712684 -0.269266 -0.315592 -0.329789 -0.889742 255 255 255 1.000000
-0.084038 -0.050441 0.052819 -0.605849 0.369437 -0.704601 255 255 255 1.000000
0.268068 0.249561 -0.128390 0.276507 -0.189526 -0.942138 255 255 255 1.000000
0.217530 0.561238 -0.227769 -0.249681 0.215243 0.944103 255 255 255 1.000000
0.336378 0.687742 -0.230143 -0.248847 -0.437759 -0.863969 255 255 255 1.000000
0.382940 -0.218137 -0.014962 0.467762 -0.572654 0.673250 255 255 255 1.000000
-0.322023 -0.493711 0.420052 0.988361 0.086786 0.124941 255 255 255 1.000000
0.022045 0.182157 -0.169683 -0.063820 0.165549 0.984134 255 255 255 1.000000
-0.276592 0.294008 -0.135222 0.297052 0.200127 0.933654 255 255 255 1.000000
-0.080564 0.502689 -0.240580 -0.098620 -0.219892 -0.970527 255 255 255 1.000000
0.329036 -0.016832 -0.055962 -0.224031 0.972989 0.055695 255 255 255 1.000000
-0.357542 -0.151972 0.052439 -0.870615 0.427053 0.244245 255 255 255 1.000000
-0.245393 0.721935 -0.263125 -0.150712 -0.473013 -0.868070 255 255 255 1.000000
-0.095514 -0.054623 -0.086196 0.076452 0.997055 -0.006034 255 255 255 1.000000
-0.212434 0.323459 -0.163765 -0.285906 -0.235811 -0.928790 255 255 255 1.000000
-0.295712 -0.043154 -0.159406 -0.103130 0.310835 -0.944852 255 255 255 1.000000
-0.274832 0.583800 -0.213770 0.318054 0.249230 0.914727 255 255 255 1.000000
0.419082 -0.581485 -0.287883 0.776320 0.273779 -0.567779 255 255 255 1.000000
-0.208197 0.686370 -0.260501 -0.176412 -0.289887 -0.940662 255 255 255 1.000000
-0.267999 -0.019994 -0.212875 -0.120169 0.154617 -0.980639 255 255 255 1.000000
0.345504 0.548098 -0.183100 -0.187400 -0.309091 -0.932386 255 255 255 1.000000
-0.080138 0.270200 -0.179549 -0.124978 -0.207353 -0.970250 255 255 255 1.000000
0.246651 -0.028513 0.195528 0.132584 -0.990747 0.029026 255 255 255 1.000000
-0.304741 -0.752198 0.516287 -0.995269 0.084407 0.048105 255 255 255 1.000000
0.359421 -0.072584 -0.074202 0.893787 -0.427735 -0.134859 255 255 255 1.000000
-0.380322 -0.717112 0.498540 0.102152 -0.286227 0.952701 255 255 255 1.000000
0.167213 -0.131978 0.437813 0.115292 -0.966156 0.230761 255 255 255 1.000000
0.159086 0.192630 -0.147363 -0.240029 0.192258 0.951537 255 255 255 1.000000
-0.299386 0.552762 -0.195750 -0.367442 -0.267755 -0.890670 255 255 255 1.000000
0.416335 -0.632066 -0.309874 -0.621017 -0.289855 0.728232 255 255 255 1.000000
0.005905 -0.038751 0.316688 -0.014360 0.999881 0.005613 255 255 255 1.000000
0.092164 0.118091 -0.159606 0.355189 -0.855689 -0.376348 255 255 255 1.000000
0.348602 -0.159477 0.055059 0.000000 0.283586 -0.958947 255 255 255 1.000000
-0.140205 0.526353 -0.240202 -0.161354 -0.216415 -0.962875 255 255 255 1.000000
0.330583 0.369510 -0.156152 0.986323 -0.078077 0.145159 255 255 255 1.000000
0.250529 -0.034668 -0.028708 0.164834 -0.986321 0.000170 255 255 255 1.000000
0.263039 0.111596 -0.149231 -0.016000 -0.124758 0.992058 255 255 255 1.000000
0.114064 0.695654 -0.272186 0.089940 -0.272304 -0.957999 255 255 255 1.000000
0.293082 -0.056920 -0.210005 -0.640559 -0.037978 0.766969 255 255 255 1.000000
0.284427 0.434293 -0.188942 -0.817149 0.219998 0.532793 255 255 255 1.000000
0.385215 -0.350368 -0.138986 0.992248 0.102196 0.070705 255 255 255 1.000000
0.234831 0.167809 -0.187396 -0.062383 -0.072907 0.995386 255 255 255 1.000000
0.303815 -0.697890 0.565426 0.137028 -0.660525 -0.738194 255 255 255 1.000000
-0.344446 -0.415363 0.381837 -0.904528 -0.273831 -0.326871 255 255 255 1.000000
0.278293 0.004594 -0.135693 -0.651786 -0.070474 -0.755122 255 255 255 1.000000
0.255514 0.527287 -0.207609 0.333559 -0.260323 -0.906074 255 255 255 1.000000
0.242054 -0.034882 0.027660 -0.137471 0.990415 -0.013421 255 255 255 1.000000
0.357105 -0.009245 0.353542 0.241262 0.960233 0.140517 255 255 255 1.000000
-0.337700 0.575156 -0.188827 0.011557 -0.324131 -0.945942 255 255 255 1.000000
0.393942 -0.200836 -0.019637 0.991491 0.130155 0.002227 255 255 255 1.000000
0.094592 0.442305 -0.222364 0.112764 -0.228284 -0.967042 255 255 255 1.000000
0.029914 -0.037052 0.342367 0.024175 -0.999684 -0.006915 255 255 255 1.000000
-0.254409 -0.126727 -0.131766 0.659613 -0.561577 -0.499542 255 255 255 1.000000
-0.143354 0.422645 -0.210281 -0.186831 -0.238215 -0.953073 255 255 255 1.000000
-0.268018 -0.022417 0.269163 0.120135 0.989193 -0.084052 255 255 255 1.000000
0.146364 -0.043184 0.113553 0.079827 -0.996141 0.036482 255 255 255 1.000000
-0.354645 -0.010216 0.252157 -0.011978 0.999249 0.036845 255 255 255 1.000000
0.259975 0.316438 -0.191290 0.202329 -0.116651 -0.972345 255 255 255 1.000000
-0.347905 -0.371374 0.345371 0.965586 0.173470 0.193782 255 255 255 1.000000
-0.221644 0.064578 -0.137768 0.114763 0.719850 -0.684577 255 255 255 1.000000
-0.257030 0.439464 -0.179697 -0.347356 -0.266775 -0.898985 255 255 255 1.000000
-0.374098 -0.081555 0.312214 0.707463 0.682172 0.184763 255 255 255 1.000000
-0.268147 -0.134430 0.049773 0.000000 0.650592 0.759428 255 255 255 1.000000
-0.160973 -0.033972 0.376878 -0.072926 -0.985489 -0.153275 255 255 255 1.000000
0.369305 -0.041755 0.074441 0.998775 -0.008225 -0.048799 255 255 255 1.000000
0.346063 -0.313806 0.285757 0.474970 0.624962 0.619537 255 255 255 1.000000
-0.152771 0.156728 -0.143853 -0.142332 -0.974574 -0.173052 255 255 255 1.000000
0.025932 -0.050221 0.082833 -0.039344 0.998985 -0.021946 255 255 255 1.000000
0.292192 0.139321 -0.123516 0.677020 -0.143451 0.721849 255 255 255 1.000000
0.121761 0.077956 -0.156620 -0.188382 -0.075885 0.979160 255 255 255 1.000000
0.306144 0.128793 -0.142898 0.826324 -0.072920 0.558455 255 255 255 1.000000
0.374533 -0.353343 -0.163790 -0.761905 0.311678 -0.567766 255 255 255 1.000000
-0.259450 -0.135256 -0.094221 -0.740198 -0.138433 0.657984 255 255 255 1.000000
0.154501 0.734300 -0.289460 -0.124333 0.668691 0.733071 255 255 255 1.000000
0.304617 0.669203 -0.230301 -0.208624 0.276903 0.937977 255 255 255 1.000000
0.004399 -0.050250 0.089000 -0.030349 0.999283 -0.022651 255 255 255 1.000000
-0.298550 0.155210 -0.126839 0.621987 0.092372 -0.777560 255 255 255 1.000000
-0.060503 0.409011 -0.216287 0.081831 0.236508 0.968177 255 255 255 1.000000
0.397757 -0.296654 -0.091076 -0.575306 0.484196 -0.659224 255 255 255 1.000000
0.038045 0.096475 -0.168704 0.506899 -0.852282 -0.129108 255 255 255 1.000000
-0.018835 -0.038270 0.353553 -0.000770 -0.999419 -0.034083 255 255 255 1.000000
-0.268809 0.747579 -0.273563 -0.064566 -0.773557 -0.630429 255 255 255 1.000000
0.299286 -0.006072 -0.200447 0.662701 0.049170 -0.747268 255 255 255 1.000000
-0.295018 0.648486 -0.226369 -0.262452 -0.295888 -0.918460 255 255 255 1.000000
-0.065265 -0.110041 -0.184851 -0.008147 -0.990427 0.137799 255 255 255 1.000000
-0.178780 0.714901 -0.274860 0.127418 0.520358 0.844389 255 255 255 1.000000
0.321795 0.258014 -0.135727 0.744345 -0.053977 0.665610 255 255 255 1.000000
0.082197 0.581312 -0.252811 -0.077093 0.190691 0.978618 255 255 255 1.000000
-0.325074 -0.487078 0.399430 -0.886538 0.265563 0.378850 255 255 255 1.000000
-0.252571 -0.034549 -0.060220 -0.193561 -0.973608 -0.120916 255 255 255 1.000000
-0.414313 -0.599508 -0.300234 0.103021 -0.356116 0.928746 255 255 255 1.000000
-0.371034 -0.066604 -0.023578 -0.982706 -0.172065 -0.068428 255 255 255 1.000000
0.378371 -0.748770 -0.249790 -0.240841 -0.898007 0.368211 255 255 255 1.000000
0.376603 -0.178077 0.023758 0.000000 -0.977619 -0.210385 255 255 255 1.000000
0.053398 -0.045912 0.158441 -0.046084 0.998834 -0.014411 255 255 255 1.000000
0.362670 -0.052543 -0.041195 -0.994280 0.083627 0.066439 255 255 255 1.000000
0.329630 0.409862 -0.145992 0.267675 0.141229 0.953103 255 255 255 1.000000
-0.306422 -0.022300 0.154433 0.155845 0.925000 0.346536 255 255 255 1.000000
0.351077 -0.010419 0.252530 0.077413 0.996726 0.023349 255 255 255 1.000000
-0.338636 -0.239276 0.199865 0.622915 0.623910 0.471926 255 255 255 1.000000
0.122982 0.134369 -0.151467 -0.321866 0.920750 0.220505 255 255 255 1.000000
-0.356730 -0.365256 0.329940 -0.958732 0.203294 0.198758 255 255 255 1.000000
0.328128 -0.380108 0.351111 -0.985312 -0.110014 -0.130604 255 255 255 1.000000
0.298183 -0.697604 0.505396 0.992927 -0.077310 0.090109 255 255 255 1.000000
0.315887 -0.604151 0.472771 -0.988581 -0.085238 -0.124265 255 255 255 1.000000
0.375395 -0.045524 0.413336 0.455275 0.201566 0.867235 255 255 255 1.000000
0.305191 0.213557 -0.124084 0.502779 0.010603 0.864350 255 255 255 1.000000
-0.112933 0.355084 -0.194976 -0.157355 -0.250425 -0.955263 255 255 255 1.000000
0.252292 -0.108198 -0.012034 0.221336 0.966064 0.133157 255 255 255 1.000000
-0.001835 0.557015 -0.252772 -0.000185 -0.196453 -0.980513 255 255 255 1.000000
-0.351728 -0.487103 0.389801 0.910478 0.259496 0.322011 255 255 255 1.000000
0.385391 -0.508424 -0.227975 -0.544304 -0.388515 0.743498 255 255 255 1.000000
-0.239495 0.010926 -0.203389 0.763560 0.017985 -0.645486 255 255 255 1.000000
-0.355491 0.571399 -0.194273 0.524888 -0.263643 -0.809311 255 255 255 1.000000
0.147106 -0.048312 -0.122264 -0.130479 0.991287 0.018048 255 255 255 1.000000
0.067478 0.491929 -0.238587 0.071921 -0.205855 -0.975936 255 255 255 1.000000
0.340798 0.453175 -0.171004 0.981437 -0.035235 0.188520 255 255 255 1.000000
0.304223 0.761623 -0.291552 0.128385 -0.957083 -0.259824 255 255 255 1.000000
0.193039 -0.033948 0.391097 -0.080643 0.975300 0.205635 255 255 255 1.000000
-0.363245 0.474174 -0.192883 0.984070 0.029989 -0.175235 255 255 255 1.000000
0.210081 0.091931 -0.136149 0.380145 -0.719946 -0.580661 255 255 255 1.000000
-0.145022 -0.049123 -0.026238 -0.182018 -0.980201 -0.077943 255 255 255 1.000000
0.229045 -0.038354 -0.031508 0.147274 -0.989020 0.012212 255 255 255 1.000000
0.448157 -0.690063 -0.281589 0.979519 0.176318 -0.097235 255 255 255 1.000000
-0.391611 -0.517189 -0.240955 -0.997771 0.063903 -0.019206 255 255 255 1.000000
0.168082 0.682530 -0.260838 0.153063 -0.268036 -0.951172 255 255 255 1.000000
0.246173 0.174488 -0.187189 0.133055 0.069992 -0.988634 255 255 255 1.000000
0.138912 0.482022 -0.228641 0.171074 -0.225216 -0.959172 255 255 255 1.000000
0.095887 0.598839 -0.253972 -0.090410 0.188457 0.977911 255 255 255 1.000000
0.116586 0.197967 -0.159337 -0.201623 0.182866 0.962241 255 255 255 1.000000
0.267070 0.113129 -0.191618 0.251832 0.110335 -0.961461 255 255 255 1.000000
0.118375 -0.051490 -0.150260 0.121138 -0.992521 -0.015069 255 255 255 1.000000
0.155884 0.145733 -0.143007 -0.278539 0.235302 0.931155 255 255 255 1.000000
0.259465 -0.124497 -0.142103 0.394014 0.279855 0.875462 255 255 255 1.000000
-0.254351 -0.103754 -0.031743 -0.260075 0.950471 0.170192 255 255 255 1.000000
-0.230883 -0.035436 0.106623 0.014220 -0.941501 0.336711 255 255 255 1.000000
0.415578 -0.684765 -0.235411 0.011665 -0.873348 -0.486957 255 255 255 1.000000
0.291558 -0.148306 -0.032600 -0.851077 0.279477 0.444478 255 255 255 1.000000
0.320242 -0.698217 0.492156 -0.026132 -0.751238 0.659513 255 255 255 1.000000
0.032735 -0.037851 0.362354 -0.017535 0.997282 0.071557 255 255 255 1.000000
-0.345595 0.370140 -0.152749 0.804781 0.032068 -0.592705 255 255 255 1.000000
0.139539 0.268247 -0.168781 0.212653 -0.212531 -0.953734 255 255 255 1.000000
0.024456 0.095696 -0.169994 -0.269998 0.666939 -0.694474 255 255 255 1.000000
0.261146 0.112240 -0.124857 -0.166107 0.957946 -0.233984 255 255 255 1.000000
0.298136 -0.113412 0.427050 -0.149487 0.979730 -0.133352 255 255 255 1.000000
0.253615 -0.119895 0.039426 -0.069151 0.976859 0.202397 255 255 255 1.000000
0.370590 -0.712062 -0.262002 -0.999924 -0.006744 0.010326 255 255 255 1.000000
-0.349604 0.485063 -0.181704 0.985243 0.003592 -0.171124 255 255 255 1.000000
-0.377019 -0.321009 -0.120366 -0.910846 0.298202 -0.285368 255 255 255 1.000000
-0.106810 -0.037274 -0.170209 0.138159 -0.084552 0.986794 255 255 255 1.000000
0.258669 -0.023889 0.374081 0.102977 -0.982297 -0.156488 255 255 255 1.000000
-0.325982 0.601492 -0.233006 -0.309103 -0.244954 -0.918941 255 255 255 1.000000
-0.350687 -0.257659 0.222389 -0.943599 0.269163 0.192798 255 255 255 1.000000
0.296238 -0.740638 0.525603 -0.999072 -0.026628 -0.033868 255 255 255 1.000000
0.099853 0.701394 -0.274665 -0.076446 0.279040 0.957232 255 255 255 1.000000
-0.314866 -0.680754 0.542144 -0.044692 -0.997751 0.049958 255 255 255 1.000000
0.241863 0.008211 -0.209499 -0.997112 -0.074961 -0.012186 255 255 255 1.000000
-0.146615 -0.032647 0.327705 0.076164 0.997089 -0.003510 255 255 255 1.000000
0.296361 -0.160428 0.044600 0.742353 -0.658716 -0.122496 255 255 255 1.000000
-0.333279 0.366631 -0.141596 0.437282 -0.074609 -0.896224 255 255 255 1.000000
0.040059 -0.039863 0.381575 0.016688 -0.989532 -0.143348 255 255 255 1.000000
0.085095 -0.042814 0.206538 0.058772 -0.998139 0.016239 255 255 255 1.000000
0.253440 0.121614 -0.193575 0.148437 0.099797 -0.983873 255 255 255 1.000000
0.305100 -0.109388 -0.110679 -0.294341 -0.475983 0.828736 255 255 255 1.000000
-0.009275 -0.039111 0.363149 -0.001098 0.997503 0.070612 255 255 255 1.000000
0.104253 0.215714 -0.164613 0.179672 -0.187009 -0.965788 255 255 255 1.000000
0.315067 -0.193402 0.100489 -0.998889 0.044899 0.014313 255 255 255 1.000000
-0.065888 0.619213 -0.259961 -0.054553 -0.197808 -0.978722 255 255 255 1.000000
0.117527 -0.075214 0.457417 -0.007988 -0.396762 -0.917887 255 255 255 1.000000
-0.287979 -0.028654 0.082875 -0.178412 -0.951007 -0.252497 255 255 255 1.000000
0.285110 0.137936 -0.181612 -0.395569 -0.110942 0.911711 255 255 255 1.000000
0.322898 -0.498230 0.402474 -0.924541 -0.224825 -0.307697 255 255 255 1.000000
-0.033743 -0.048596 0.120598 -0.301616 0.894335 -0.330442 255 255 255 1.000000
-0.072810 -0.142065 0.004326 0.000000 0.364870 -0.931058 255 255 255 1.000000
-0.361641 -0.395103 0.326740 0.670885 0.497323 0.550075 255 255 255 1.000000
0.142079 -0.036545 0.249702 -0.079264 0.996684 -0.018387 255 255 255 1.000000
0.190796 0.287956 -0.160589 0.270917 -0.223250 -0.936356 255 255 255 1.000000
0.294006 -0.119641 0.024900 0.755588 -0.578402 -0.307470 255 255 255 1.000000
-0.354950 -0.195169 0.130750 -0.774536 0.527456 0.349120 255 255 255 1.000000
0.332498 -0.009235 0.329449 0.132979 -0.989372 -0.058822 255 255 255 1.000000
-0.177708 -0.145209 0.003484 0.000000 -0.249648 0.968337 255 255 255 1.000000
0.323500 -0.483826 0.428551 -0.988376 0.073975 0.132819 255 255 255 1.000000
-0.398237 -0.427190 -0.181845 -0.509083 0.449826 -0.733819 255 255 255 1.000000
-0.152349 -0.015625 -0.159631 0.180111 -0.202517 0.962573 255 255 255 1.000000
0.341625 -0.014597 0.150955 0.292013 0.940566 -0.173391 255 255 255 1.000000
-0.282376 0.696446 -0.247147 0.241658 0.319213 0.916354 255 255 255 1.000000
0.401782 -0.255444 -0.074889 0.991275 0.130605 -0.017809 255 255 255 1.000000
-0.299050 -0.026201 0.101960 0.157007 0.967860 0.196460 255 255 255 1.000000
0.019450 0.111848 -0.169178 -0.197356 0.596973 -0.777608 255 255 255 1.000000
-0.200016 0.612262 -0.243023 -0.207998 -0.230380 -0.950611 255 255 255 1.000000
-0.188708 -0.044876 -0.071406 0.131291 0.991258 0.013056 255 255 255 1.000000
0.171312 -0.031794 0.292594 0.096064 -0.995325 0.009999 255 255 255 1.000000
-0.096276 0.512435 -0.241812 0.115251 0.217522 0.969227 255 255 255 1.000000
-0.231342 -0.126424 -0.026525 0.979926 -0.181892 -0.081613 255 255 255 1.000000
-0.317286 -0.728791 0.571400 0.048835 -0.413200 0.909330 255 255 255 1.000000
-0.290008 -0.133907 0.049250 0.000000 0.671250 0.741231 255 255 255 1.000000
0.224364 0.115991 -0.174414 0.991001 -0.039543 -0.127884 255 255 255 1.000000
0.021018 -0.040056 0.378657 -0.009877 0.991348 0.130886 255 255 255 1.000000
0.395572 -0.427511 -0.222695 0.313327 -0.458139 0.831826 255 255 255 1.000000
0.300266 0.463404 -0.209915 -0.276568 0.187869 0.942452 255 255 255 1.000000
-0.246792 -0.088634 -0.195076 -0.736141 0.565613 0.371723 255 255 255 1.000000
0.085254 -0.055997 0.442873 -0.012489 0.700095 0.713941 255 255 255 1.000000
0.316678 -0.260506 0.205366 0.921457 -0.293306 -0.254734 255 255 255 1.000000
0.420345 -0.593112 -0.292134 -0.786635 -0.266557 0.556913 255 255 255 1.000000
-0.381331 -0.064174 0.231100 -0.945270 -0.323479 -0.042725 255 255 255 1.000000
0.193569 -0.062191 0.451151 -0.001608 -0.472670 -0.881238 255 255 255 1.000000
-0.328398 -0.263700 0.223208 0.621559 0.597448 0.506676 255 255 255 1.000000
-0.117480 -0.048956 0.424012 0.051271 0.955577 0.290248 255 255 255 1.000000
0.276505 -0.019109 0.360613 0.112343 -0.986659 -0.117824 255 255 255 1.000000
0.331165 -0.018048 0.113952 0.064630 0.994059 -0.087578 255 255 255 1.000000
-0.043270 -0.105151 -0.190807 0.056990 0.327747 0.943045 255 255 255 1.000000
-0.134157 -0.044610 0.106236 -0.195694 0.908821 -0.368439 255 255 255 1.000000
-0.042113 -0.133417 0.048760 0.000000 -0.690209 -0.723610 255 255 255 1.000000
-0.285119 -0.130176 0.013268 0.000000 0.802843 -0.596190 255 255 255 1.000000
0.347385 -0.369729 0.336675 0.510608 0.569345 0.644302 255 255 255 1.000000
0.031348 0.074902 -0.171003 0.426302 -0.791858 0.437296 255 255 255 1.000000
0.122567 0.656074 -0.260444 -0.120177 0.214549 0.969292 255 255 255 1.000000
-0.390375 -0.498311 -0.232409 -0.993895 0.087758 -0.066865 255 255 255 1.000000
-0.105779 -0.163180 0.004719 0.000000 0.416190 0.909278 255 255 255 1.000000
0.305466 0.530719 -0.184787 -0.373523 0.266231 0.888595 255 255 255 1.000000
-0.284219 0.401599 -0.182373 0.818242 0.234534 0.524857 255 255 255 1.000000
0.078572 0.179634 -0.162689 -0.158119 0.170693 0.972555 255 255 255 1.000000
0.298004 0.342372 -0.183845 0.470175 -0.151364 -0.869497 255 255 255 1.000000
-0.272341 -0.027198 0.161496 0.228028 0.751252 0.619374 255 255 255 1.000000
-0.177821 0.287065 -0.163922 0.229781 0.226528 0.946512 255 255 255 1.000000
0.358372 -0.020646 0.108259 -0.598302 -0.801100 0.016572 255 255 255 1.000000
-0.382621 -0.084756 0.377201 -0.502504 -0.122559 -0.855844 255 255 255 1.000000
-0.403448 -0.560533 -0.248941 -0.258661 0.381176 -0.887581 255 255 255 1.000000
0.100214 0.477706 -0.231588 0.116899 -0.219106 -0.968673 255 255 255 1.000000
-0.297499 0.062757 -0.156024 -0.720063 -0.643956 -0.258516 255 255 255 1.000000
0.153044 -0.032519 0.308817 -0.086800 0.996187 -0.008732 255 255 255 1.000000
-0.255110 -0.091708 -0.084658 0.467408 -0.875046 -0.125798 255 255 255 1.000000
-0.336535 -0.490018 0.434927 0.451579 0.497364 0.740747 255 255 255 1.000000
0.238374 -0.083411 -0.125771 -0.945040 -0.305090 0.117555 255 255 255 1.000000
0.235732 -0.032493 0.406552 -0.082771 0.959785 0.268256 255 255 255 1.000000
0.053966 0.633943 -0.262261 -0.056871 0.218643 0.974146 255 255 255 1.000000
0.316135 -0.436726 0.379494 0.863667 -0.300022 -0.405052 255 255 255 1.000000
-0.141099 -0.041199 0.168812 -0.037364 0.982101 -0.184610 255 255 255 1.000000
-0.355428 -0.456628 0.406774 0.976533 -0.108687 -0.185932 255 255 255 1.000000
-0.356973 -0.015773 0.120960 0.195621 -0.980614 0.011303 255 255 255 1.000000
-0.139007 -0.039302 0.400756 0.054955 0.969772 0.237744 255 255 255 1.000000
-0.219782 0.473734 -0.205241 -0.307009 -0.254602 -0.917019 255 255 255 1.000000
-0.274584 -0.025094 0.389046 -0.102034 -0.966386 -0.235981 255 255 255 1.000000
0.364186 0.497478 -0.190390 0.891954 0.025077 0.451430 255 255 255 1.000000
-0.282031 0.167692 -0.180322 -0.358791 0.088011 -0.929259 255 255 255 1.000000
0.196491 -0.073895 -0.175511 0.191087 -0.294827 -0.936249 255 255 255 1.000000
0.378880 -0.746388 -0.290364 -0.035385 -0.716406 -0.696786 255 255 255 1.000000
0.320080 0.333048 -0.162331 0.686414 -0.125427 -0.716312 255 255 255 1.000000
0.285728 -0.147577 0.002849 0.000000 -0.160326 0.987064 255 255 255 1.000000
-0.353572 -0.439275 0.395167 0.996118 -0.038870 -0.078981 255 255 255 1.000000
0.148954 -0.046510 -0.005752 -0.099147 0.994767 -0.024667 255 255 255 1.000000
0.009342 -0.059673 -0.150467 -0.984921 0.171034 -0.026037 255 255 255 1.000000
0.225134 0.053040 -0.178731 -0.980772 0.093574 0.171261 255 255 255 1.000000
-0.393461 -0.397204 -0.201339 -0.492961 -0.428192 0.757391 255 255 255 1.000000
-0.236267 -0.093092 -0.122139 0.974958 0.182011 0.127787 255 255 255 1.000000
0.350366 -0.011293 0.232693 0.055731 0.998436 0.004439 255 255 255 1.000000
-0.083252 -0.048185 0.101742 0.561777 -0.511580 0.650148 255 255 255 1.000000
0.306417 0.363677 -0.184017 0.529918 -0.162966 -0.832243 255 255 255 1.000000
0.167128 0.451468 -0.212286 -0.224636 0.243580 0.943508 255 255 255 1.000000
0.392494 -0.190106 -0.008241 0.991612 0.129166 0.004605 255 255 255 1.000000
-0.378143 -0.127219 0.018090 0.000000 0.909141 -0.416489 255 255 255 1.000000
-0.329329 0.654606 -0.250462 0.352144 0.297502 0.887405 255 255 255 1.000000
-0.430670 -0.587220 -0.285277 -0.838370 0.249367 -0.484719 255 255 255 1.000000
0.397739 -0.684517 -0.236776 -0.022410 0.863463 0.503914 255 255 255 1.000000
-0.270609 -0.160967 0.054660 0.000000 -0.338185 0.941079 255 255 255 1.000000
-0.288547 0.116980 -0.124044 0.365667 0.128974 -0.921766 255 255 255 1.000000
-0.272981 -0.037374 0.426245 -0.107355 -0.950811 -0.290575 255 255 255 1.000000
-0.220926 -0.131802 0.011642 0.000000 -0.749363 0.662160 255 255 255 1.000000
-0.246642 -0.166336 0.006003 0.000000 -0.525589 -0.850739 255 255 255 1.000000
0.320491 -0.190849 0.119046 0.820279 -0.477463 -0.314915 255 255 255 1.000000
0.350547 0.361793 -0.167012 0.862843 -0.047373 0.503247 255 255 255 1.000000
0.385384 -0.213441 -0.062620 -0.587216 -0.595054 0.548715 255 255 255 1.000000
-0.286352 -0.044595 -0.171902 -0.421050 -0.091485 0.902412 255 255 255 1.000000
0.366388 -0.017000 0.232984 -0.690646 -0.723157 -0.007262 255 255 255 1.000000
-0.378299 -0.732077 -0.241751 0.998415 -0.053799 0.016504 255 255 255 1.000000
-0.038450 -0.047316 0.145221 0.359472 -0.846143 0.393474 255 255 255 1.000000
-0.156317 0.007762 -0.156967 -0.208069 0.358466 -0.910060 255 255 255 1.000000
0.266729 -0.027350 -0.124013 0.207103 -0.976954 -0.051659 255 255 255 1.000000
0.397052 -0.126488 0.020815 0.000000 0.947447 -0.319914 255 255 255 1.000000
0.134969 0.016843 -0.159650 0.183559 0.088242 -0.979040 255 255 255 1.000000
-0.383715 -0.689257 -0.290773 -0.155767 -0.528179 0.834723 255 255 255 1.000000
-0.326094 0.634348 -0.212469 -0.287175 -0.300122 -0.909647 255 255 255 1.000000
0.290159 0.088612 -0.186087 -0.350447 -0.150360 0.924434 255 255 255 1.000000
-0.246621 -0.027426 0.233716 -0.083427 -0.984367 0.155115 255 255 255 1.000000
0.056735 -0.063570 -0.185790 0.002206 -0.772264 0.635298 255 255 255 1.000000
0.373193 -0.702775 -0.228646 0.111860 0.095631 -0.989112 255 255 255 1.000000
0.342206 0.691305 -0.246547 0.846451 -0.159009 -0.508169 255 255 255 1.000000
-0.324347 -0.186079 0.067742 0.542443 -0.706121 -0.455136 255 255 255 1.000000
-0.234148 -0.122161 -0.006846 0.818339 0.553381 0.155215 255 255 255 1.000000
0.353548 -0.393434 0.348207 0.885636 0.286580 0.365406 255 255 255 1.000000
0.385909 -0.318131 -0.102494 -0.046566 -0.620961 0.782457 255 255 255 1.000000
-0.267158 -0.042701 -0.213589 -0.975666 0.037965 -0.215950 255 255 255 1.000000
-0.248303 -0.022636 0.325873 -0.126480 -0.991837 0.016199 255 255 255 1.000000
-0.311398 -0.078793 -0.171146 -0.682390 -0.007595 0.730949 255 255 255 1.000000
0.238781 -0.038487 -0.159544 -0.025046 0.740764 -0.671298 255 255 255 1.000000
-0.272821 0.367642 -0.181785 0.921942 0.247657 0.297808 255 255 255 1.000000
-0.102066 -0.047267 0.094851 0.453762 -0.673831 0.583140 255 255 255 1.000000
0.386656 -0.318873 -0.146249 -0.993225 -0.041764 -0.108446 255 255 255 1.000000
0.232590 -0.049972 -0.174826 -0.967024 -0.218647 -0.130608 255 255 255 1.000000
-0.281484 -0.017952 0.340000 -0.128265 -0.990068 -0.057568 255 255 255 1.000000
-0.253114 0.293717 -0.143061 -0.292241 -0.209465 -0.933123 255 255 255 1.000000
0.251939 0.022447 -0.137577 0.784275 0.576178 0.230068 255 255 255 1.000000
0.298109 0.207544 -0.165767 0.534932 0.037433 -0.844065 255 255 255 1.000000
-0.293265 0.137329 -0.123255 0.495601 0.103010 -0.862420 255 255 255 1.000000
-0.413290 -0.526156 -0.229801 -0.163000 -0.388616 0.906868 255 255 255 1.000000
-0.362405 -0.606137 0.475566 -0.993217 -0.069775 -0.093008 255 255 255 1.000000
0.382527 -0.482864 -0.224112 -0.981868 -0.128221 0.139620 255 255 255 1.000000
-0.252154 -0.061951 0.449383 0.004933 0.534608 0.845086 255 255 255 1.000000
0.343266 0.561065 -0.197996 -0.966868 -0.059748 -0.248185 255 255 255 1.000000
-0.373806 -0.085926 0.068623 -0.840218 -0.540238 -0.046659 255 255 255 1.000000
-0.359904 -0.450750 0.370734 -0.675294 -0.454467 -0.580894 255 255 255 1.000000
-0.294742 -0.113333 0.010847 0.411129 0.879420 0.239986 255 255 255 1.000000
-0.099643 0.245791 -0.171137 -0.155404 -0.200243 -0.967343 255 255 255 1.000000
0.253873 0.007450 -0.163717 -0.048383 -0.098247 0.993985 255 255 255 1.000000
0.349926 0.716277 -0.246189 -0.714987 -0.463216 -0.523664 255 255 255 1.000000
-0.340721 0.489121 -0.168242 0.137610 -0.242082 -0.960448 255 255 255 1.000000
-0.275060 -0.031388 0.062128 0.220984 0.899079 0.377918 255 255 255 1.000000
-0.228170 0.354306 -0.167748 0.312013 0.244231 0.918150 255 255 255 1.000000
-0.263173 -0.145168 0.003494 0.000000 0.251179 -0.967941 255 255 255 1.000000
0.324895 -0.218194 0.169019 -0.714626 0.568491 0.407589 255 255 255 1.000000
-0.152895 0.201301 -0.151549 -0.215109 -0.188418 -0.958242 255 255 255 1.000000
-0.354999 0.414738 -0.162946 -0.872906 -0.033596 0.486731 255 255 255 1.000000
0.209333 -0.026501 0.330077 -0.114689 0.993390 0.004811 255 255 255 1.000000
0.323208 0.429689 -0.149026 -0.007561 0.193326 0.981105 255 255 255 1.000000
0.306060 0.056787 -0.178547 0.995414 -0.007936 0.095333 255 255 255 1.000000
0.294782 0.162152 -0.124007 0.703220 -0.138656 0.697320 255 255 255 1.000000
-0.423488 -0.672641 -0.264232 -0.024159 0.979913 -0.197956 255 255 255 1.000000
0.070607 0.170023 -0.161168 0.111878 -0.088026 -0.989815 255 255 255 1.000000
0.307215 0.048879 -0.154941 0.866563 -0.062899 0.495088 255 255 255 1.000000
-0.317274 -0.151750 0.057055 0.000000 0.005024 0.999987 255 255 255 1.000000
-0.321657 -0.125029 0.032525 0.000000 0.993271 0.115814 255 255 255 1.000000
0.046334 0.525434 -0.248443 0.041363 -0.193731 -0.980182 255 255 255 1.000000
0.393107 -0.494927 -0.217374 0.334558 0.428860 -0.839136 255 255 255 1.000000
-0.134396 -0.136904 0.442972 0.075281 0.970897 -0.227358 255 255 255 1.000000
-0.105447 -0.038758 0.385413 0.049479 0.984880 0.166023 255 255 255 1.000000
-0.299469 -0.162433 0.032623 -0.737318 -0.668519 -0.097185 255 255 255 1.000000
-0.275298 -0.097360 -0.059846 -0.062875 0.974588 0.215000 255 255 255 1.000000
0.358861 -0.718136 0.496137 -0.003451 0.336204 -0.941783 255 255 255 1.000000
0.089269 0.250479 -0.173607 -0.149167 0.201897 0.967981 255 255 255 1.000000
-0.021605 0.167757 -0.166386 -0.013744 0.303983 0.952578 255 255 255 1.000000
-0.070452 -0.057456 -0.166041 -0.230305 -0.973107 -0.004804 255 255 255 1.000000
0.065852 -0.050944 0.055413 -0.057775 0.998035 -0.024272 255 255 255 1.000000
-0.135974 0.575412 -0.248464 0.135886 0.220442 0.965888 255 255 255 1.000000
-0.282392 0.402277 -0.196634 0.953339 0.117907 -0.277926 255 255 255 1.000000
-0.325447 -0.021582 0.098778 0.171255 0.971119 0.166131 255 255 255 1.000000
-0.084036 0.141272 -0.160148 0.182800 -0.982606 0.032700 255 255 255 1.000000
0.038044 0.541899 -0.250792 -0.035704 0.196420 0.979869 255 255 255 1.000000
0.420527 -0.477627 -0.229366 -0.920276 -0.220143 0.323465 255 255 255 1.000000
0.079270 0.379440 -0.206031 -0.102319 0.239658 0.965451 255 255 255 1.000000
0.221395 -0.053828 -0.171133 -0.075577 -0.400647 0.913110 255 255 255 1.000000
-0.084351 -0.054413 -0.034844 -0.656217 -0.306895 -0.689344 255 255 255 1.000000
0.018140 -0.093339 0.463223 0.008237 0.036104 0.999314 255 255 255 1.000000
0.019925 -0.055929 -0.029357 0.045983 -0.998196 0.038600 255 255 255 1.000000
-0.044684 -0.043177 0.390857 -0.018569 -0.985217 -0.170302 255 255 255 1.000000
0.237973 0.267483 -0.140660 0.289860 -0.207692 -0.934262 255 255 255 1.000000
-0.331016 -0.020736 0.003707 0.208561 0.976489 0.054512 255 255 255 1.000000
0.290885 -0.010583 -0.142969 0.709272 -0.090934 0.699045 255 255 255 1.000000
-0.064703 0.339231 -0.197140 0.093663 0.235450 0.967363 255 255 255 1.000000
0.175528 -0.141208 0.054231 0.000000 -0.395040 -0.918664 255 255 255 1.000000
0.310640 0.223105 -0.140964 0.979835 -0.086238 0.180239 255 255 255 1.000000
0.208531 0.676622 -0.251071 0.170859 -0.269482 -0.947727 255 255 255 1.000000
-0.408855 -0.415216 -0.206898 0.950690 -0.215637 0.222911 255 255 255 1.000000
0.296299 -0.016795 0.280098 -0.294141 -0.931765 0.212828 255 255 255 1.000000
-0.188836 0.706492 -0.270056 0.160359 0.305135 0.938711 255 255 255 1.000000
0.372794 -0.349817 -0.139843 0.891093 0.304765 -0.336261 255 255 255 1.000000
0.416430 -0.511678 -0.242272 -0.988622 -0.129582 0.076382 255 255 255 1.000000
-0.104933 -0.038687 0.272687 0.074977 -0.987291 0.140127 255 255 255 1.000000
0.360014 -0.126625 0.038480 0.000000 0.941003 0.338398 255 255 255 1.000000
0.217801 0.009752 -0.144516 0.359707 0.454008 -0.815161 255 255 255 1.000000
0.305134 -0.136912 0.020342 0.921419 0.378343 -0.088562 255 255 255 1.000000
-0.383724 -0.043079 0.323823 0.985789 0.163789 0.037324 255 255 255 1.000000
-0.221950 -0.032886 0.188922 -0.066817 -0.988012 0.139169 255 255 255 1.000000
-0.221533 0.724429 -0.270135 0.144575 0.491114 0.859014 255 255 255 1.000000
0.257357 0.755634 -0.292348 0.153970 -0.885483 -0.438422 255 255 255 1.000000
-0.298223 0.098988 -0.131876 -0.634077 -0.092539 0.767713 255 255 255 1.000000
-0.456508 -0.690672 -0.266825 -0.995613 0.082771 -0.043640 255 255 255 1.000000
-0.131775 0.457469 -0.222363 -0.165525 -0.228999 -0.959250 255 255 255 1.000000
-0.314497 -0.012609 0.316008 -0.147982 -0.988938 0.010141 255 255 255 1.000000
-0.382974 -0.362944 -0.143586 0.765860 -0.405731 0.498839 255 255 255 1.000000
-0.155068 -0.134085 0.443911 -0.088327 -0.950140 0.299053 255 255 255 1.000000
0.144101 -0.136625 0.051969 0.000000 0.560105 0.828421 255 255 255 1.000000
0.300079 -0.070240 -0.197362 -0.811410 0.237070 0.534239 255 255 255 1.000000
-0.367611 -0.688650 0.497868 -0.017643 0.642265 -0.766280 255 255 255 1.000000
-0.382830 -0.315480 -0.143137 0.729362 0.354992 -0.584818 255 255 255 1.000000
0.233562 0.201355 -0.187220 0.080024 0.029438 -0.996358 255 255 255 1.000000
-0.333705 0.732562 -0.278099 -0.290821 -0.336790 -0.895542 255 255 255 1.000000
0.184580 -0.029720 0.350735 0.093466 -0.993670 -0.062314 255 255 255 1.000000
-0.051776 0.513451 -0.246348 -0.063186 -0.217689 -0.973971 255 255 255 1.000000
-0.383614 -0.027408 0.334223 0.952069 -0.305714 -0.010210 255 255 255 1.000000
-0.375677 -0.069345 0.057884 0.979957 0.190390 0.058623 255 255 255 1.000000
0.112844 -0.039159 0.386349 -0.048763 0.983998 0.171379 255 255 255 1.000000
0.283164 0.501630 -0.185659 0.362583 -0.260857 -0.894700 255 255 255 1.000000
-0.338665 -0.264450 0.173201 0.277677 -0.759817 -0.587855 255 255 255 1.000000
-0.319418 0.416307 -0.193918 -0.495950 -0.200563 -0.844871 255 255 255 1.000000
0.087291 0.513928 -0.242756 -0.096212 0.204635 0.974098 255 255 255 1.000000
0.287874 0.477361 -0.175725 0.366032 -0.259569 -0.893669 255 255 255 1.000000
-0.382722 -0.704468 -0.301356 0.083478 0.331912 -0.939609 255 255 255 1.000000
-0.277534 -0.000220 -0.209716 0.190501 -0.161274 0.968349 255 255 255 1.000000
-0.301382 0.039438 -0.161165 0.303028 0.133374 -0.943602 255 255 255 1.000000
0.385382 -0.179098 0.031225 0.000000 0.997740 -0.067194 255 255 255 1.000000
-0.256365 0.003046 -0.210190 0.058995 -0.130977 0.989628 255 255 255 1.000000
0.373728 -0.038196 0.177075 0.999072 -0.026876 -0.033659 255 255 255 1.000000
-0.341200 -0.170930 0.101062 0.245802 0.823522 0.511265 255 255 255 1.000000
-0.293559 0.287047 -0.176463 0.443612 0.110944 0.889326 255 255 255 1.000000
-0.162921 0.081564 -0.148337 0.084588 -0.853900 0.513517 255 255 255 1.000000
0.375780 -0.047211 0.271966 0.983062 -0.181101 -0.028142 255 255 255 1.000000
0.066754 -0.042466 0.398199 0.028348 -0.977191 -0.210460 255 255 255 1.000000
0.233319 -0.025044 0.295981 -0.127294 0.991633 -0.021475 255 255 255 1.000000
-0.324905 -0.174114 0.070552 -0.935169 -0.299897 -0.188470 255 255 255 1.000000
-0.411440 -0.447619 -0.203811 0.992621 -0.117457 0.030122 255 255 255 1.000000
-0.401398 -0.688101 -0.300103 0.017176 0.942024 -0.335106 255 255 255 1.000000
0.407436 -0.465628 -0.242557 0.661293 0.372750 -0.650960 255 255 255 1.000000
-0.273378 -0.027716 -0.168608 -0.470308 -0.527706 0.707345 255 255 255 1.000000
0.223838 0.167463 -0.163643 -0.988459 0.147158 -0.035971 255 255 255 1.000000
0.282618 -0.095875 0.451839 -0.399605 -0.391181 0.829032 255 255 255 1.000000
-0.286385 0.043144 -0.132567 0.270413 0.114625 -0.955896 255 255 255 1.000000
0.304523 0.400072 -0.148748 0.338145 -0.228031 -0.913050 255 255 255 1.000000
-0.274697 0.380594 -0.185916 0.938071 0.240232 0.249621 255 255 255 1.000000
-0.327033 0.506517 -0.171327 -0.013377 -0.263620 -0.964534 255 255 255 1.000000
-0.309266 -0.020167 -0.164203 0.893166 0.061538 -0.445498 255 255 255 1.000000
0.365436 -0.029591 0.067947 -0.828625 -0.557992 0.045015 255 255 255 1.000000
0.214920 -0.069605 0.452937 -0.016041 -0.384302 -0.923068 255 255 255 1.000000
-0.341290 -0.644736 0.519845 -0.363087 -0.393980 -0.844362 255 255 255 1.000000
0.045929 -0.126939 0.460550 -0.017756 0.504828 -0.863037 255 255 255 1.000000
0.266124 0.700508 -0.248390 0.173119 -0.296742 -0.939135 255 255 255 1.000000
-0.040518 -0.039369 0.303517 0.076870 -0.993477 0.084228 255 255 255 1.000000
0.325015 0.724521 -0.275487 0.292790 -0.329348 -0.897666 255 255 255 1.000000
-0.105512 -0.051466 0.001021 -0.558321 0.427751 -0.710849 255 255 255 1.000000
-0.171351 -0.031138 0.315456 -0.086032 -0.996135 0.017684 255 255 255 1.000000
-0.374744 -0.058108 0.037293 0.992931 0.103173 0.058685 255 255 255 1.000000
0.237228 0.479467 -0.200919 0.321929 -0.254204 -0.911999 255 255 255 1.000000
0.045797 -0.051638 0.048289 -0.049957 0.998427 -0.025465 255 255 255 1.000000
0.362038 0.727179 -0.260574 0.745786 0.380623 0.546744 255 255 255 1.000000
0.230707 -0.157393 0.038218 -0.956447 -0.282241 -0.074488 255 255 255 1.000000
-0.190194 -0.044349 -0.086580 -0.159334 -0.960807 -0.226855 255 255 255 1.000000
-0.165983 -0.175142 0.014812 0.000000 -0.847207 -0.531263 255 255 255 1.000000
0.109961 0.299351 -0.182211 -0.167984 0.228212 0.959010 255 255 255 1.000000
0.383274 -0.395587 -0.163467 0.596304 0.475563 -0.646731 255 255 255 1.000000
-0.354402 -0.236057 0.191160 -0.809913 0.470473 0.350279 255 255 255 1.000000
0.424778 -0.688668 -0.300841 -0.003238 0.906527 -0.422135 255 255 255 1.000000
-0.101480 0.547711 -0.246598 0.113125 0.210847 0.970951 255 255 255 1.000000
0.235530 -0.177726 0.036339 0.000000 -0.965702 0.259653 255 255 255 1.000000
-0.393664 -0.344823 -0.151423 -0.988761 0.142444 -0.045395 255 255 255 1.000000
-0.347875 -0.016473 -0.100554 -0.242285 0.970131 0.011963 255 255 255 1.000000
0.211409 -0.027421 0.304409 0.117635 -0.993033 0.006824 255 255 255 1.000000
-0.305193 0.515842 -0.219332 0.094214 0.194574 0.976353 255 255 255 1.000000
0.300178 -0.717288 0.573545 0.095479 0.341761 -0.934924 255 255 255 1.000000
-0.314746 -0.750520 0.512380 -0.082912 0.522704 0.848472 255 255 255 1.000000
0.201577 0.664236 -0.250023 -0.182988 0.245519 0.951964 255 255 255 1.000000
-0.212444 0.205298 -0.136768 -0.257792 -0.193271 -0.946673 255 255 255 1.000000
-0.234980 -0.047051 0.436868 -0.034257 -0.769055 -0.638264 255 255 255 1.000000
0.203952 -0.034566 0.402864 -0.075785 0.964467 0.253101 255 255 255 1.000000
-0.202301 -0.169490 0.049628 0.000000 0.656362 -0.754446 255 255 255 1.000000
-0.146902 -0.034413 0.293672 -0.066482 -0.997388 0.028253 255 255 255 1.000000
-0.386770 -0.383608 -0.155328 -0.666118 0.449281 -0.595343 255 255 255 1.000000
-0.365353 -0.751271 0.551953 0.043195 0.897546 -0.438799 255 255 255 1.000000
0.037101 -0.144932 0.055229 0.000000 0.259983 0.965613 255 255 255 1.000000
-0.343381 0.502310 -0.198239 -0.625338 -0.218539 -0.749129 255 255 255 1.000000
-0.341692 0.694061 -0.232426 -0.076442 0.457048 0.886151 255 255 255 1.000000
0.375256 -0.744055 0.548892 0.999694 -0.021045 -0.013038 255 255 255 1.000000
0.226961 -0.149209 0.056374 0.000000 0.098830 0.995104 255 255 255 1.000000
-0.377602 -0.082619 0.335396 0.909348 0.264889 0.320812 255 255 255 1.000000
0.371197 -0.060510 0.123219 -0.984640 0.167688 0.048621 255 255 255 1.000000
0.353932 -0.624241 0.480837 0.807008 -0.285606 -0.516882 255 255 255 1.000000
0.099223 0.497245 -0.237064 -0.113733 0.212936 0.970424 255 255 255 1.000000
-0.350116 0.495361 -0.186409 -0.987081 0.002013 0.160211 255 255 255 1.000000
-0.408703 -0.369496 -0.184830 -0.671365 0.446554 -0.591488 255 255 255 1.000000
-0.075652 -0.124270 0.029690 0.000000 -0.999942 -0.010751 255 255 255 1.000000
-0.183693 0.266245 -0.157252 0.237009 0.215809 0.947234 255 255 255 1.000000
-0.184081 -0.175000 0.044117 0.000000 0.843376 -0.537324 255 255 255 1.000000
-0.035685 0.014337 -0.175666 0.067450 -0.175948 0.982086 255 255 255 1.000000
-0.175144 -0.039046 0.158894 -0.042201 -0.990291 0.132450 255 255 255 1.000000
0.205523 -0.031071 0.381535 -0.088624 0.981177 0.171576 255 255 255 1.000000
0.162475 -0.036341 0.387648 0.073699 -0.979839 -0.185701 255 255 255 1.000000
0.004954 -0.154091 0.002284 0.000000 -0.080987 -0.996715 255 255 255 1.000000
-0.395465 -0.440721 -0.225980 0.501292 0.395256 -0.769727 255 255 255 1.000000
0.174855 -0.177413 0.021279 0.000000 0.952995 0.302988 255 255 255 1.000000
-0.080344 0.058766 -0.167553 -0.206008 0.743227 -0.636533 255 255 255 1.000000
0.352633 -0.267033 0.188969 0.916120 -0.314526 -0.248591 255 255 255 1.000000
-0.352233 -0.308011 0.279707 0.999763 -0.002166 -0.021675 255 255 255 1.000000
-0.055588 -0.072502 -0.192544 -0.032121 0.444351 -0.895277 255 255 255 1.000000
0.201949 0.013097 -0.146578 -0.115709 -0.383061 0.916447 255 255 255 1.000000
-0.060596 -0.110356 0.463579 0.026612 0.153850 -0.987736 255 255 255 1.000000
-0.188770 0.239509 -0.149740 0.243119 0.203882 0.948328 255 255 255 1.000000
0.334253 -0.421961 0.338832 -0.517137 -0.550798 -0.655127 255 255 255 1.000000
-0.422829 -0.458856 -0.231113 0.819142 -0.299414 0.489242 255 255 255 1.000000
-0.321058 -0.557738 0.454688 -0.997988 0.042755 0.046816 255 255 255 1.000000
0.024947 -0.056207 0.435810 0.020059 -0.950368 -0.310479 255 255 255 1.000000
-0.382836 -0.066195 0.286245 -0.916534 -0.398012 -0.039392 255 255 255 1.000000
-0.309848 -0.090719 -0.134439 -0.538169 0.070724 0.839864 255 255 255 1.000000
-0.195465 0.271673 -0.155467 -0.245705 -0.218309 -0.944442 255 255 255 1.000000
-0.365601 -0.018921 0.130795 -0.532903 0.846137 -0.008178 255 255 255 1.000000
-0.395603 -0.622085 -0.278921 0.547554 -0.332083 0.768053 255 255 255 1.000000
0.045908 -0.053889 0.003273 0.053613 -0.998050 0.031960 255 255 255 1.000000
0.082432 0.711591 -0.277531 0.078323 -0.605895 -0.791680 255 255 255 1.000000
-0.059241 0.108908 -0.165760 0.172297 -0.827120 0.534964 255 255 255 1.000000
0.312000 0.418381 -0.149084 -0.197633 0.209166 0.957701 255 255 255 1.000000
0.007351 0.739427 -0.309365 -0.001022 0.826060 0.563581 255 255 255 1.000000
0.282309 0.447917 -0.200090 0.932363 -0.058775 0.356713 255 255 255 1.000000
-0.218738 0.088785 -0.135558 -0.170280 -0.843158 0.509989 255 255 255 1.000000
-0.377697 -0.693593 -0.251188 -0.998637 -0.048901 0.018216 255 255 255 1.000000
0.318308 -0.589744 0.457745 -0.950612 -0.158167 -0.267057 255 255 255 1.000000
-0.139350 -0.034190 0.364307 0.068919 0.992957 0.096369 255 255 255 1.000000
0.018596 0.350445 -0.202271 0.018814 -0.236641 -0.971415 255 255 255 1.000000
0.173353 -0.030526 0.313539 -0.097748 0.995189 -0.006698 255 255 255 1.000000
0.368462 -0.294314 -0.098022 -0.857226 -0.370083 0.358054 255 255 255 1.000000
0.146507 -0.167559 0.007227 0.000000 0.577329 0.816511 255 255 255 1.000000
0.369817 0.631042 -0.238543 0.888990 0.173749 0.423685 255 255 255 1.000000
-0.324956 0.272231 -0.134721 -0.711582 -0.032374 0.701856 255 255 255 1.000000
-0.395450 -0.598729 -0.284341 0.897753 0.119379 -0.424015 255 255 255 1.000000
0.303091 0.102748 -0.154392 0.454322 -0.056533 0.889042 255 255 255 1.000000
-0.141835 -0.048254 -0.003797 0.552263 0.639534 0.534792 255 255 255 1.000000
0.042145 -0.066264 -0.187908 -0.003260 0.769256 -0.638933 255 255 255 1.000000
0.100051 0.183812 -0.159702 0.184814 -0.175519 -0.966973 255 255 255 1.000000
-0.288001 0.337181 -0.191552 0.276791 0.129686 0.952139 255 255 255 1.000000
0.219173 -0.028641 0.261420 0.120822 -0.992608 0.011444 255 255 255 1.000000
0.018722 0.022223 -0.176281 0.129952 -0.325950 0.936413 255 255 255 1.000000
-0.300086 0.621519 -0.217345 -0.283151 -0.277458 -0.918064 255 255 255 1.000000
0.185425 -0.127252 0.427077 -0.096211 0.994781 0.033984 255 255 255 1.000000
-0.339561 0.383770 -0.156148 0.981830 0.074636 -0.174466 255 255 255 1.000000
0.230559 0.019469 -0.199783 -0.827460 0.016043 -0.561296 255 255 255 1.000000
0.325884 -0.464485 0.416445 -0.999774 -0.021204 -0.001306 255 255 255 1.000000
-0.019814 0.019266 -0.176649 0.036654 -0.184491 0.982150 255 255 255 1.000000
-0.027909 -0.137832 0.005610 0.000000 0.508803 -0.860883 255 255 255 1.000000
0.238168 0.098008 -0.197101 -0.043899 -0.095245 0.994485 255 255 255 1.000000
0.270424 0.024872 -0.161294 0.068274 0.079397 -0.994502 255 255 255 1.000000
0.316812 -0.204768 0.134940 -0.856506 0.421742 0.297541 255 255 255 1.000000
-0.180312 -0.033810 0.249849 -0.071849 -0.995140 0.067337 255 255 255 1.000000
0.228603 -0.134903 0.054550 0.747717 -0.646651 -0.150870 255 255 255 1.000000
0.346488 0.750587 -0.272370 -0.505551 -0.652528 -0.564469 255 255 255 1.000000
-0.136231 -0.003160 -0.161744 -0.186411 0.285988 -0.939927 255 255 255 1.000000
0.297803 0.549624 -0.194902 0.362119 -0.267393 -0.892956 255 255 255 1.000000
-0.076338 -0.006610 -0.173628 0.154122 -0.272625 0.949696 255 255 255 1.000000
-0.100076 -0.048341 0.074865 -0.498813 0.596338 -0.628941 255 255 255 1.000000
-0.247536 0.537512 -0.214950 0.344432 0.255502 0.903374 255 255 255 1.000000
0.186321 -0.033600 0.233236 -0.102353 0.994585 -0.018001 255 255 255 1.000000
-0.417001 -0.339411 -0.136355 -0.975345 0.170147 -0.140541 255 255 255 1.000000
0.121896 -0.050727 -0.163946 0.088348 -0.960610 0.263481 255 255 255 1.000000
0.350087 -0.011863 0.220009 0.046299 0.998890 -0.008696 255 255 255 1.000000
0.231885 0.639583 -0.238950 0.209449 -0.214850 -0.953924 255 255 255 1.000000
-0.052318 0.631833 -0.262835 -0.035902 -0.194963 -0.980153 255 255 255 1.000000
0.266033 -0.030573 -0.066825 0.194726 -0.979775 -0.046074 255 255 255 1.000000
0.062913 0.419346 -0.219021 0.072737 -0.226571 -0.971275 255 255 255 1.000000
-0.324706 0.618035 -0.239749 -0.285230 -0.262022 -0.921948 255 255 255 1.000000
-0.285312 -0.021682 0.230610 0.106906 0.966924 -0.231581 255 255 255 1.000000
0.126789 -0.149967 0.056577 0.000000 -0.070499 -0.997512 255 255 255 1.000000
-0.318723 0.737569 -0.254327 0.013668 -0.525072 -0.850948 255 255 255 1.000000
0.195389 -0.041893 -0.102011 0.157293 -0.987103 -0.029786 255 255 255 1.000000
-0.221951 0.705843 -0.265119 0.198192 0.308407 0.930379 255 255 255 1.000000
0.280674 0.610991 -0.220462 -0.276625 0.247298 0.928613 255 255 255 1.000000
-0.092223 -0.040990 0.238032 -0.200748 0.943069 -0.265180 255 255 255 1.000000
0.223018 0.139042 -0.128514 0.327088 -0.385532 -0.862774 255 255 255 1.000000
-0.338303 -0.016131 0.164440 -0.200770 -0.898639 -0.390051 255 255 255 1.000000
-0.109451 -0.039434 0.250527 0.086641 -0.982220 0.166545 255 255 255 1.000000
-0.139695 -0.177313 0.037877 0.000000 -0.948574 0.316555 255 255 255 1.000000
0.054391 -0.041425 0.391796 0.022751 -0.982616 -0.184250 255 255 255 1.000000
0.253478 0.339056 -0.152694 -0.305175 0.225946 0.925104 255 255 255 1.000000
0.292564 0.649251 -0.253467 -0.142054 0.316870 0.937771 255 255 255 1.000000
0.065885 -0.055459 -0.047355 -0.062618 0.997452 -0.034193 255 255 255 1.000000
0.292891 -0.083265 -0.131158 -0.102627 0.353121 0.929932 255 255 255 1.000000
0.168618 -0.002514 -0.154858 -0.182872 -0.116114 0.976256 255 255 255 1.000000
-0.058762 -0.028904 -0.177095 0.094647 -0.097619 0.990713 255 255 255 1.000000
-0.089389 -0.040501 0.249509 -0.171293 0.958080 -0.229656 255 255 255 1.000000
0.354934 -0.574820 0.453299 -0.854069 0.260034 0.450498 255 255 255 1.000000
0.316290 -0.297909 0.247382 0.951105 -0.207967 -0.228361 255 255 255 1.000000
-0.324365 -0.594811 0.459715 -0.712016 0.343712 0.612287 255 255 255 1.000000
0.373608 -0.752270 0.526069 -0.996585 0.073210 0.038181 255 255 255 1.000000
0.341293 0.740979 -0.252339 0.677065 0.577499 0.456155 255 255 255 1.000000
-0.363331 -0.041213 0.432323 0.438457 -0.539733 -0.718640 255 255 255 1.000000
-0.316071 -0.022186 -0.145464 0.104546 -0.205383 0.973082 255 255 255 1.000000
0.227490 0.307288 -0.154456 0.297216 -0.226631 -0.927524 255 255 255 1.000000
-0.306166 0.698887 -0.241869 0.246857 0.324676 0.913043 255 255 255 1.000000
0.095015 0.271277 -0.177756 0.153099 -0.212910 -0.965003 255 255 255 1.000000
-0.415510 -0.470899 -0.215959 0.993129 -0.113259 0.029460 255 255 255 1.000000
0.335043 0.400802 -0.158402 0.979848 -0.068699 0.187559 255 255 255 1.000000
-0.161514 0.520643 -0.234367 -0.203826 -0.224284 -0.952970 255 255 255 1.000000
0.089505 -0.047812 0.104743 0.065929 -0.997518 0.024739 255 255 255 1.000000
0.370478 -0.695140 -0.277567 0.992736 -0.105553 0.057741 255 255 255 1.000000
0.311702 0.341451 -0.134978 -0.027212 -0.153639 -0.987752 255 255 255 1.000000
-0.447495 -0.753411 -0.267580 0.327613 0.894888 -0.303059 255 255 255 1.000000
-0.008618 0.298981 -0.191242 -0.024310 -0.213255 -0.976694 255 255 255 1.000000
0.302601 0.601091 -0.208643 -0.326211 0.261799 0.908322 255 255 255 1.000000
0.347879 -0.547656 0.466862 0.548130 0.425173 0.720265 255 255 255 1.000000
0.172121 0.603726 -0.244264 -0.178943 0.190135 0.965312 255 255 255 1.000000
0.281657 -0.089762 -0.092711 0.016524 0.758871 0.651031 255 255 255 1.000000
-0.335610 -0.022828 0.405482 0.123707 0.958883 0.255422 255 255 255 1.000000
-0.349616 -0.527302 0.459520 -0.928674 0.175794 0.326590 255 255 255 1.000000
-0.292199 0.507631 -0.209855 0.820854 0.201407 0.534447 255 255 255 1.000000
-0.389159 -0.416170 -0.179459 0.671428 -0.431092 0.602780 255 255 255 1.000000
0.130638 -0.040487 0.192324 0.072327 -0.997016 0.026988 255 255 255 1.000000
0.336006 -0.261755 0.228331 -0.843165 -0.424824 -0.329540 255 255 255 1.000000
0.258931 -0.117313 0.423121 0.119741 -0.992283 -0.032206 255 255 255 1.000000
-0.015921 0.005189 -0.178101 0.021957 -0.158573 0.987103 255 255 255 1.000000
0.396280 -0.677412 -0.309265 0.747234 0.020971 0.664230 255 255 255 1.000000
-0.240387 0.291629 -0.146974 0.289072 0.214219 0.933032 255 255 255 1.000000
0.375478 -0.056723 0.260523 -0.958413 0.282784 0.038427 255 255 255 1.000000
0.365723 -0.018645 0.384196 0.465241 0.849960 0.247221 255 255 255 1.000000
-0.291662 0.067917 -0.131794 -0.448104 -0.106782 0.887581 255 255 255 1.000000
0.134920 0.733009 -0.290511 -0.109127 0.664226 0.739524 255 255 255 1.000000
-0.296707 0.650149 -0.248886 -0.834929 0.134964 0.533552 255 255 255 1.000000
0.309396 -0.178202 0.034562 0.000000 -0.981240 0.192789 255 255 255 1.000000
-0.375060 -0.076486 0.268350 0.617125 0.786637 0.018959 255 255 255 1.000000
0.142295 0.502894 -0.233962 -0.172144 0.222143 0.959697 255 255 255 1.000000
-0.258247 -0.109800 -0.174769 0.379269 -0.706396 -0.597628 255 255 255 1.000000
0.277780 -0.083751 -0.119335 0.181281 0.710539 0.679905 255 255 255 1.000000
-0.271520 -0.110564 -0.001189 -0.031704 -0.981213 -0.190307 255 255 255 1.000000
-0.324976 0.516158 -0.213234 0.413959 0.223865 0.882339 255 255 255 1.000000
-0.377414 -0.267518 -0.081178 -0.987498 0.154916 0.029121 255 255 255 1.000000
-0.345766 -0.009971 0.271434 -0.162100 -0.985699 0.046060 255 255 255 1.000000
0.009107 -0.048744 0.117625 -0.029904 0.999388 -0.018163 255 255 255 1.000000
0.241014 -0.004097 -0.166733 -0.329589 -0.037133 0.943394 255 255 255 1.000000
0.170411 0.741741 -0.294325 -0.121418 0.764911 0.632589 255 255 255 1.000000
0.337647 -0.137937 0.005505 0.000000 0.504328 -0.863512 255 255 255 1.000000
0.229855 0.126686 -0.193107 -0.010974 -0.083251 0.996468 255 255 255 1.000000
-0.123679 -0.046508 0.080685 0.323129 -0.807182 0.494009 255 255 255 1.000000
0.218910 0.364456 -0.172748 -0.301349 0.244406 0.921659 255 255 255 1.000000
-0.322163 -0.233470 0.158038 -0.981114 0.153832 0.117265 255 255 255 1.000000
-0.373258 -0.080143 0.300419 -0.602871 -0.790685 -0.106600 255 255 255 1.000000
-0.317079 0.258480 -0.128274 -0.781120 -0.084828 0.618591 255 255 255 1.000000
-0.391346 -0.378658 -0.189776 -0.516797 -0.431988 0.739126 255 255 255 1.000000
-0.319322 0.464372 -0.204419 -0.414699 -0.210855 -0.885192 255 255 255 1.000000
0.400557 -0.504891 -0.218643 0.187506 0.422449 -0.886780 255 255 255 1.000000
-0.374219 -0.028260 0.112561 -0.859012 0.510726 -0.035468 255 255 255 1.000000
0.256368 -0.085486 -0.111904 -0.682309 -0.717673 -0.139283 255 255 255 1.000000
0.278940 -0.137049 0.006393 0.000000 -0.542145 0.840285 255 255 255 1.000000
0.223732 0.543161 -0.222310 0.276385 -0.230752 -0.932933 255 255 255 1.000000
-0.338272 -0.428477 0.390607 0.716926 0.428258 0.550101 255 255 255 1.000000
-0.187860 -0.036648 0.183425 0.056391 0.991489 -0.117348 255 255 255 1.000000
0.390034 -0.693245 -0.237917 -0.009537 0.678553 0.734490 255 255 255 1.000000
0.064915 -0.055349 -0.035166 0.063440 -0.997365 0.035183 255 255 255 1.000000
-0.448886 -0.691306 -0.239927 0.087092 -0.714315 -0.694384 255 255 255 1.000000
0.303233 -0.037490 -0.157108 0.059257 0.463349 -0.884193 255 255 255 1.000000
0.180483 -0.076489 -0.178808 0.185254 -0.283586 -0.940883 255 255 255 1.000000
-0.386297 -0.287354 -0.126440 -0.522487 -0.492884 0.695753 255 255 255 1.000000
0.114383 0.549641 -0.245232 -0.121219 0.198012 0.972675 255 255 255 1.000000
-0.140288 0.258533 -0.166854 0.203276 0.212694 0.955741 255 255 255 1.000000
-0.368018 0.569439 -0.213664 0.985699 -0.038007 -0.164171 255 255 255 1.000000
-0.367430 -0.679746 0.510768 -0.020387 0.864505 -0.502211 255 255 255 1.000000
0.284296 -0.124215 0.029488 0.000000 0.999994 0.003417 255 255 255 1.000000
0.304997 -0.021064 -0.159992 0.858526 -0.067672 0.508285 255 255 255 1.000000
-0.339552 -0.393696 0.312584 0.985256 0.098540 0.139856 255 255 255 1.000000
-0.361056 -0.007582 0.307505 0.120865 -0.991375 -0.050668 255 255 255 1.000000
0.228055 -0.101498 -0.090089 0.893815 -0.419353 -0.158866 255 255 255 1.000000
0.147779 -0.048146 -0.035014 0.103795 -0.994223 0.027341 255 255 255 1.000000
-0.036990 -0.139250 0.438692 -0.006053 -0.994799 0.101682 255 255 255 1.000000
0.383907 -0.423213 -0.212891 0.578847 -0.376495 0.723318 255 255 255 1.000000
-0.016640 -0.055271 -0.010443 0.138361 -0.978230 0.154671 255 255 255 1.000000
0.148491 -0.033967 0.288559 0.083795 -0.996410 0.012092 255 255 255 1.000000
-0.329365 0.259423 -0.146209 0.917989 0.113520 -0.380013 255 255 255 1.000000
-0.243773 -0.036112 0.035368 0.134164 0.988636 0.067816 255 255 255 1.000000
0.428929 -0.666170 -0.293821 0.988825 0.005149 0.148990 255 255 255 1.000000
-0.343321 0.408771 -0.163974 -0.986316 -0.061334 0.153035 255 255 255 1.000000
0.395525 -0.303339 -0.138813 0.606479 0.517879 -0.603311 255 255 255 1.000000
-0.236656 -0.035951 -0.104329 -0.238626 -0.517458 -0.821764 255 255 255 1.000000
0.403133 -0.689106 -0.301191 0.013627 -0.922030 0.386879 255 255 255 1.000000
-0.176179 -0.151544 0.057000 0.000000 0.012495 0.999922 255 255 255 1.000000
-0.401314 -0.201414 -0.031857 0.992917 -0.118338 -0.010559 255 255 255 1.000000
0.357653 -0.011872 0.365949 0.251366 0.949501 0.187785 255 255 255 1.000000
-0.262855 -0.163601 0.031949 0.306274 0.942092 0.136595 255 255 255 1.000000
-0.135191 -0.043080 0.137224 0.129061 -0.948977 0.287727 255 255 255 1.000000
0.315423 -0.449635 0.384445 -0.928513 0.209359 0.306648 255 255 255 1.000000
0.142992 -0.033285 0.362366 -0.067797 0.993500 0.091446 255 255 255 1.000000
0.225368 -0.049912 0.439331 0.016937 -0.632705 -0.774208 255 255 255 1.000000
0.085338 -0.054570 -0.038250 0.068972 -0.997145 0.030722 255 255 255 1.000000
-0.274582 -0.021023 0.364427 0.112438 0.983104 0.144446 255 255 255 1.000000
-0.295023 -0.012842 -0.167356 0.198340 0.174195 -0.964530 255 255 255 1.000000
0.060424 -0.169545 0.009213 0.000000 -0.658537 -0.752549 255 255 255 1.000000
0.304566 -0.744358 0.562870 -0.112975 -0.680415 0.724066 255 255 255 1.000000
0.063975 0.061440 -0.169340 -0.423678 0.891055 0.162843 255 255 255 1.000000
-0.098716 0.715462 -0.282155 -0.072430 -0.575816 -0.814365 255 255 255 1.000000
-0.394012 -0.425039 -0.216485 0.514329 0.401305 -0.757905 255 255 255 1.000000
-0.227643 0.740734 -0.280335 0.076199 0.694547 0.715401 255 255 255 1.000000
0.413219 -0.683350 -0.314513 0.143934 -0.035630 -0.988946 255 255 255 1.000000
0.328878 -0.200248 0.075665 0.271530 -0.798180 -0.537754 255 255 255 1.000000
-0.124292 -0.035996 0.301015 -0.056336 -0.998249 0.018060 255 255 255 1.000000
-0.017765 -0.052946 0.036899 -0.123086 0.983054 -0.135847 255 255 255 1.000000
0.358859 -0.059409 -0.094226 -0.959705 0.256351 0.115108 255 255 255 1.000000
-0.269328 0.570674 -0.213162 -0.327404 -0.251933 -0.910679 255 255 255 1.000000
0.255103 -0.020240 0.333555 0.120952 -0.992201 -0.030128 255 255 255 1.000000
0.418805 -0.546855 -0.273564 -0.820103 -0.270597 0.504191 255 255 255 1.000000
0.203139 0.544566 -0.227909 0.241148 -0.221507 -0.944871 255 255 255 1.000000
0.006469 0.354226 -0.203119 0.003378 -0.238416 -0.971157 255 255 255 1.000000
-0.023771 -0.044171 0.401277 0.011001 0.977539 0.210469 255 255 255 1.000000
-0.456230 -0.724324 -0.264216 0.999361 0.032527 -0.014820 255 255 255 1.000000
0.040792 0.582660 -0.256185 -0.041364 0.207828 0.977290 255 255 255 1.000000
-0.362407 -0.569398 0.453147 -0.959778 -0.154719 -0.234284 255 255 255 1.000000
0.328892 -0.189836 0.059514 0.289295 -0.799270 -0.526760 255 255 255 1.000000
0.216681 -0.040268 -0.049872 0.147028 -0.989057 0.012181 255 255 255 1.000000
0.354556 0.737702 -0.258539 -0.722212 -0.455579 -0.520440 255 255 255 1.000000
-0.198015 -0.050550 -0.172330 0.031899 -0.621773 0.782548 255 255 255 1.000000
-0.161979 -0.047215 -0.016154 0.136936 0.990282 0.024291 255 255 255 1.000000
-0.388882 -0.691923 -0.229531 0.020489 0.923721 0.382518 255 255 255 1.000000
0.328864 -0.430548 0.346801 0.521636 0.551742 0.650751 255 255 255 1.000000
0.349360 -0.440729 0.394224 0.641512 0.451771 0.619972 255 255 255 1.000000
0.260145 0.321847 -0.145936 -0.302151 0.216796 0.928280 255 255 255 1.000000
0.191416 -0.042723 0.420873 -0.076173 0.953496 0.291622 255 255 255 1.000000
0.384981 -0.466615 -0.206472 0.571299 0.415454 -0.707824 255 255 255 1.000000
0.272072 -0.013148 -0.138896 0.706712 -0.027138 0.706981 255 255 255 1.000000
0.411059 -0.493240 -0.222794 0.986403 0.074086 0.146699 255 255 255 1.000000
0.272776 -0.036407 0.427527 0.035361 -0.719863 -0.693214 255 255 255 1.000000
0.385130 -0.529702 -0.249910 -0.993966 -0.007420 -0.109433 255 255 255 1.000000
-0.178147 -0.045073 0.034841 -0.045764 0.958449 -0.281569 255 255 255 1.000000
-0.160902 0.142137 -0.142272 0.074968 0.992412 -0.097462 255 255 255 1.000000
0.308909 -0.023666 -0.149675 0.037064 -0.746190 0.664701 255 255 255 1.000000
0.341660 -0.702105 0.492247 -0.114646 -0.825918 0.552011 255 255 255 1.000000
0.048129 -0.052871 0.022917 0.052912 -0.998179 0.028957 255 255 255 1.000000
0.120441 0.476265 -0.229235 -0.144310 0.224437 0.963744 255 255 255 1.000000
-0.062301 -0.048585 0.107589 0.566031 -0.526237 0.634574 255 255 255 1.000000
0.223741 -0.139301 0.042916 -0.983675 -0.172972 -0.049646 255 255 255 1.000000
0.114577 -0.045907 0.105859 0.072184 -0.996936 0.030131 255 255 255 1.000000
0.148481 -0.048533 -0.107497 -0.125487 0.991983 0.014945 255 255 255 1.000000
-0.314568 -0.024810 0.076169 0.159543 0.974076 0.160379 255 255 255 1.000000
-0.265274 0.423197 -0.171654 0.348126 0.256956 0.901544 255 255 255 1.000000
-0.042385 -0.047919 0.131474 -0.431533 0.767442 -0.474143 255 255 255 1.000000
-0.275706 -0.027746 0.139456 -0.209746 -0.871473 -0.443329 255 255 255 1.000000
-0.266850 0.124626 -0.123364 0.245083 0.431943 -0.867963 255 255 255 1.000000
-0.222092 -0.124554 0.030753 0.000000 0.998765 0.049677 255 255 255 1.000000
0.050852 0.549161 -0.251219 -0.047231 0.197784 0.979107 255 255 255 1.000000
-0.398230 -0.180838 0.001428 0.991722 -0.128232 -0.006679 255 255 255 1.000000
0.322394 0.687736 -0.263145 -0.314501 0.323373 0.892479 255 255 255 1.000000
0.350884 -0.707369 0.578270 0.307949 0.924848 0.223213 255 255 255 1.000000
-0.118620 -0.043969 0.141584 0.237780 -0.895127 0.377106 255 255 255 1.000000
0.278088 0.750640 -0.273204 0.189726 -0.754406 -0.628391 255 255 255 1.000000
0.006361 0.278152 -0.186761 -0.006451 0.205708 0.978592 255 255 255 1.000000
-0.305345 -0.141544 -0.030433 0.629810 0.714359 -0.305010 255 255 255 1.000000
0.370249 0.648850 -0.247497 -0.908844 -0.153733 -0.387775 255 255 255 1.000000
-0.378545 -0.337262 -0.133734 -0.939308 0.242605 -0.242576 255 255 255 1.000000
0.129322 -0.039647 0.211263 -0.071357 0.997137 -0.025027 255 255 255 1.000000
-0.393037 -0.723396 -0.229498 0.057963 -0.125672 0.990377 255 255 255 1.000000
-0.243664 -0.035010 0.077535 0.178510 -0.670404 0.720203 255 255 255 1.000000
-0.209239 -0.041634 0.000375 0.126288 0.991939 0.010402 255 255 255 1.000000
-0.328450 -0.031584 0.425583 0.053458 0.750086 0.659177 255 255 255 1.000000
0.069542 -0.052361 0.026323 -0.061156 0.997761 -0.027084 255 255 255 1.000000
-0.198197 -0.041731 -0.139485 0.135493 -0.104547 0.985247 255 255 255 1.000000
-0.285787 -0.024853 0.168243 -0.182507 -0.868263 -0.461314 255 255 255 1.000000
-0.299606 0.338122 -0.136972 -0.325854 -0.207583 -0.922349 255 255 255 1.000000
0.230835 0.131659 -0.146440 -0.009759 -0.129839 0.991487 255 255 255 1.000000
0.244131 -0.024168 0.286078 -0.132012 0.990835 -0.028622 255 255 255 1.000000
-0.411996 -0.407362 -0.166726 -0.441949 -0.469985 0.764064 255 255 255 1.000000
-0.424049 -0.417509 -0.193974 0.961734 -0.180526 0.206101 255 255 255 1.000000
-0.006910 -0.139360 0.434016 0.015084 -0.999883 0.002526 255 255 255 1.000000
-0.304724 0.277909 -0.166561 0.600035 0.092054 0.794660 255 255 255 1.000000
-0.302189 -0.067215 -0.161252 0.460717 -0.530250 -0.711740 255 255 255 1.000000
-0.064950 0.141670 -0.162506 0.173457 -0.961801 0.211781 255 255 255 1.000000
-0.300546 -0.121320 -0.140327 0.673230 -0.509614 0.535775 255 255 255 1.000000
0.345137 -0.017017 0.076424 -0.312453 -0.949916 0.005699 255 255 255 1.000000
-0.304664 -0.034854 -0.175332 -0.473192 0.157993 0.866676 255 255 255 1.000000
-0.290252 0.463721 -0.199592 -0.817309 -0.221556 -0.531902 255 255 255 1.000000
0.236090 0.063297 -0.134927 -0.010068 -0.796546 0.604494 255 255 255 1.000000
0.005570 0.694243 -0.278526 0.005474 -0.270040 -0.962834 255 255 255 1.000000
0.364048 -0.058278 -0.021351 0.991192 -0.114970 -0.065735 255 255 255 1.000000
0.391394 -0.491541 -0.252622 -0.574134 0.342750 -0.743567 255 255 255 1.000000
-0.086816 0.730359 -0.294196 0.054547 0.676765 0.734175 255 255 255 1.000000
-0.024772 -0.041774 0.263759 0.072454 -0.994840 0.071024 255 255 255 1.000000
-0.289410 0.113359 -0.186969 -0.365350 0.118417 -0.923308 255 255 255 1.000000
0.286039 0.271504 -0.172613 -0.470618 0.097261 0.876960 255 255 255 1.000000
0.155352 0.639571 -0.253598 0.144589 -0.177908 -0.973367 255 255 255 1.000000
-0.190818 -0.040787 0.099885 0.033206 0.983410 -0.178331 255 255 255 1.000000
-0.367753 0.699173 -0.256867 0.995225 0.036255 0.090620 255 255 255 1.000000
-0.356751 -0.076564 -0.096981 0.082680 -0.983424 -0.161375 255 255 255 1.000000
-0.080379 -0.049282 0.082135 0.594847 -0.426229 0.681532 255 255 255 1.000000
-0.084216 -0.055221 -0.063915 -0.263722 -0.954506 -0.139174 255 255 255 1.000000
-0.248333 -0.127817 0.015857 0.000000 0.871668 -0.490097 255 255 255 1.000000
-0.254657 -0.035145 -0.015383 -0.157709 -0.985982 -0.054481 255 255 255 1.000000
-0.081443 -0.041795 0.229133 0.235912 -0.926207 0.294087 255 255 255 1.000000
-0.322351 -0.023709 0.055739 -0.176605 -0.976340 -0.124782 255 255 255 1.000000
-0.325903 -0.164056 0.061053 0.953780 0.257453 0.154987 255 255 255 1.000000
0.318962 -0.650678 0.493252 0.997535 0.031776 0.062558 255 255 255 1.000000
